"ID","Name","Type","Num_Parties","Is_Switcher"
"Noor_Hussain","Noor Hussain","Candidate",1,FALSE
"Rashida_Naeem","Rashida Naeem","Candidate",1,FALSE
"Waqar_Ahmed","Waqar Ahmed","Candidate",1,FALSE
"Jawad_Aziz","Jawad Aziz","Candidate",1,FALSE
"M_iqbal_Haider","M.iqbal Haider","Candidate",1,FALSE
"Molvi_Iqbal_Haider_Advocate","Molvi Iqbal Haider Advocate","Candidate",1,FALSE
"Moulvi_Iqbal_Haider","Moulvi Iqbal Haider","Candidate",1,FALSE
"Tahir_Iqbal","Tahir Iqbal","Candidate",3,TRUE
"Engineer_Usman_Khan_Tarrakai","Engineer Usman Khan Tarrakai","Candidate",1,FALSE
"Arslan_Khan_Manj","Arslan Khan Manj","Candidate",1,FALSE
"Ghulam_Mustafa","Ghulam Mustafa","Candidate",3,TRUE
"Mirza_Tariq_Mehmood","Mirza Tariq Mehmood","Candidate",1,FALSE
"Muhammad_Ali_Khan_Yousafzai","Muhammad Ali Khan Yousafzai","Candidate",1,FALSE
"Muhammad_Amin_Watoo","Muhammad Amin Watoo","Candidate",1,FALSE
"Muhammad_Kashif","Muhammad Kashif","Candidate",2,TRUE
"Mahr_Ghulam_Mustafa_Mangan_Advocate","Mahr Ghulam Mustafa Mangan Advocate","Candidate",1,FALSE
"Mohtarma_Nazish_Aslam_Advocate","Mohtarma Nazish Aslam Advocate","Candidate",1,FALSE
"Muhammad_Zafar_Iqbal_Gujjar","Muhammad Zafar Iqbal Gujjar","Candidate",1,FALSE
"Mushtaq_Ahmad_Bhatti","Mushtaq Ahmad Bhatti","Candidate",1,FALSE
"Qari_Nasir_Mahmood_Mughal","Qari Nasir Mahmood Mughal","Candidate",1,FALSE
"Rana_Akbar_Abbas","Rana Akbar Abbas","Candidate",1,FALSE
"Rana_Basharat_Ali","Rana Basharat Ali","Candidate",1,FALSE
"Sayyeda_Nighat_Ishfaq","Sayyeda Nighat Ishfaq","Candidate",1,FALSE
"Nawab_Amber_Shahzada","Nawab Amber Shahzada","Candidate",1,FALSE
"Nawab_Doctor_Amber_Shahzada","Nawab Doctor Amber Shahzada","Candidate",1,FALSE
"Nawab_Dr__Amber_Shehzada","Nawab Dr. Amber Shehzada","Candidate",1,FALSE
"Mirza_Zulfiqar_Ahmed","Mirza Zulfiqar Ahmed","Candidate",1,FALSE
"Syed_Muhammad_Hussain","Syed Muhammad Hussain","Candidate",1,FALSE
"Sadeed_Anver_Malik_Kashir","Sadeed Anver Malik Kashir","Candidate",1,FALSE
"Zain_Ul_Abideen","Zain Ul Abideen","Candidate",1,FALSE
"Muhammad_Naseem_Sadiq","Muhammad Naseem Sadiq","Candidate",1,FALSE
"Abdul_Khaliq_Shamas","Abdul Khaliq Shamas","Candidate",1,FALSE
"Abdul_Qadir","Abdul Qadir","Candidate",5,TRUE
"Abdul_Razaque","Abdul Razaque","Candidate",1,FALSE
"Begum_Shahmeem_Arshad_Minhas","Begum Shahmeem Arshad Minhas","Candidate",1,FALSE
"Ch_Dilbar_Hussain_Ghaffari","Ch Dilbar Hussain Ghaffari","Candidate",1,FALSE
"Chaudhary_Muhammad_Iqbal_Gujjar","Chaudhary Muhammad Iqbal Gujjar","Candidate",1,FALSE
"Gulana_Bibi","Gulana Bibi","Candidate",1,FALSE
"Kanwar_Aamir_Sami","Kanwar Aamir Sami","Candidate",1,FALSE
"Mahboob_Aftab_Khan","Mahboob Aftab Khan","Candidate",1,FALSE
"Malik_Tariq_Mehmood","Malik Tariq Mehmood","Candidate",2,TRUE
"Muhammad_Nasrullah_Arain","Muhammad Nasrullah Arain","Candidate",1,FALSE
"Muhammad_Rashid","Muhammad Rashid","Candidate",1,FALSE
"Muhammad_Usama_Nawaz","Muhammad Usama Nawaz","Candidate",1,FALSE
"Nawab_Imran_Khan_Khilji","Nawab Imran Khan Khilji","Candidate",1,FALSE
"Sheikh_Rasheed_Ahmed","Sheikh Rasheed Ahmed","Candidate",2,TRUE
"Sheikh_Rashid_Ahmed","Sheikh Rashid Ahmed","Candidate",1,FALSE
"Sheikh_Rashid_Shafiq","Sheikh Rashid Shafiq","Candidate",1,FALSE
"Syed_Mustafsir_Hussain_Bukhari","Syed Mustafsir Hussain Bukhari","Candidate",1,FALSE
"Syed_Rehan_Ali","Syed Rehan Ali","Candidate",1,FALSE
"Zafar_Ahmed_Ghori","Zafar Ahmed Ghori","Candidate",1,FALSE
"Abdul_Matin_Khan","Abdul Matin Khan","Candidate",1,FALSE
"Abdul_Qayyum","Abdul Qayyum","Candidate",4,TRUE
"Abdul_Rasheed_Nasir","Abdul Rasheed Nasir","Candidate",1,FALSE
"Abdul_Rashid","Abdul Rashid","Candidate",2,TRUE
"Abdul_Rauf","Abdul Rauf","Candidate",4,TRUE
"Abdul_Rehman_Khan_Yousufzai","Abdul Rehman Khan Yousufzai","Candidate",1,FALSE
"Abdur_Rauf","Abdur Rauf","Candidate",1,FALSE
"Ahmad_Ali","Ahmad Ali","Candidate",1,FALSE
"Ahmad_Khan","Ahmad Khan","Candidate",1,FALSE
"Ahmadullah","Ahmadullah","Candidate",1,FALSE
"Ahmed_Zaman","Ahmed Zaman","Candidate",1,FALSE
"Aimal_Wali_Khan","Aimal Wali Khan","Candidate",1,FALSE
"Alhaj_Ghulam_Ahmad_Bilour","Alhaj Ghulam Ahmad Bilour","Candidate",1,FALSE
"Aman_Masood","Aman Masood","Candidate",1,FALSE
"Ameer_Haider_Azam_Khan","Ameer Haider Azam Khan","Candidate",1,FALSE
"Amir_Haider_Khan","Amir Haider Khan","Candidate",1,FALSE
"Amir_Nawab","Amir Nawab","Candidate",1,FALSE
"Anwar_Zaib","Anwar Zaib","Candidate",1,FALSE
"Arbab_Inam_Ullah_Khan","Arbab Inam Ullah Khan","Candidate",1,FALSE
"Arbab_Mohammad_Ayub_Jan","Arbab Mohammad Ayub Jan","Candidate",1,FALSE
"Arbab_Muhammad_Zahir_Khan","Arbab Muhammad Zahir Khan","Candidate",1,FALSE
"Arbab_Najeeb_Ullah_Khan","Arbab Najeeb Ullah Khan","Candidate",1,FALSE
"Arbab_Najeeb_Ullah_Khan_Khalil","Arbab Najeeb Ullah Khan Khalil","Candidate",1,FALSE
"Arshad_Mansoor_Shah","Arshad Mansoor Shah","Candidate",1,FALSE
"Arshad_Sohail","Arshad Sohail","Candidate",1,FALSE
"Asfandiyar_Wali_Khan","Asfandiyar Wali Khan","Candidate",1,FALSE
"Asfandyar_Wali_Khan","Asfandyar Wali Khan","Candidate",1,FALSE
"Asghar_Khan","Asghar Khan","Candidate",1,FALSE
"Ashraf_Ullah","Ashraf Ullah","Candidate",1,FALSE
"Asif_Ali","Asif Ali","Candidate",1,FALSE
"Aurang_Zeb_Khan","Aurang Zeb Khan","Candidate",2,TRUE
"Aziz_Ur_Rehman","Aziz Ur Rehman","Candidate",3,TRUE
"Bahadar_Khan","Bahadar Khan","Candidate",1,FALSE
"Bashir_Khan_Umerzai","Bashir Khan Umerzai","Candidate",1,FALSE
"Bismillah_Jan","Bismillah Jan","Candidate",1,FALSE
"Bismillah_Jan_Luni","Bismillah Jan Luni","Candidate",1,FALSE
"Ch__Ghulam_Mustafa","Ch. Ghulam Mustafa","Candidate",1,FALSE
"Dost_Muhammad","Dost Muhammad","Candidate",1,FALSE
"Doulat_Ali","Doulat Ali","Candidate",1,FALSE
"Dr_Sherbaz_Khan","Dr Sherbaz Khan","Candidate",1,FALSE
"Engineer_Noor_Ahmed_Khan","Engineer Noor Ahmed Khan","Candidate",1,FALSE
"Faisal_Imran_Khan_Niazi","Faisal Imran Khan Niazi","Candidate",1,FALSE
"Farid_Ullah_Dumar","Farid Ullah Dumar","Candidate",1,FALSE
"Gul_Afzal","Gul Afzal","Candidate",1,FALSE
"Habib_Ullah_Khan","Habib Ullah Khan","Candidate",1,FALSE
"Hafiz_Zardullah_Khan_Hassan_Zai_","Hafiz Zardullah Khan Hassan Zai.","Candidate",1,FALSE
"Haji_Ghulam_Ahmad_Bilour","Haji Ghulam Ahmad Bilour","Candidate",1,FALSE
"Haji_Naseem-Ur-Rehman","Haji Naseem-Ur-Rehman","Candidate",1,FALSE
"Haji_Nizamuddin_Kakar","Haji Nizamuddin Kakar","Candidate",1,FALSE
"Haji_Rehmanullah","Haji Rehmanullah","Candidate",1,FALSE
"Hameed_Ullah","Hameed Ullah","Candidate",1,FALSE
"Hamid_Khan_Toofan","Hamid Khan Toofan","Candidate",1,FALSE
"Hamidullah_Khan","Hamidullah Khan","Candidate",1,FALSE
"Imtiaz_Hussain","Imtiaz Hussain","Candidate",2,TRUE
"Inayat_Khan","Inayat Khan","Candidate",1,FALSE
"Iqbal_Zaib_Khan","Iqbal Zaib Khan","Candidate",1,FALSE
"Irfan_Ali","Irfan Ali","Candidate",1,FALSE
"Irshad_Khan","Irshad Khan","Candidate",1,FALSE
"Jumma_Khan_Babar","Jumma Khan Babar","Candidate",1,FALSE
"Kabir_Ahmed_Sher","Kabir Ahmed Sher","Candidate",1,FALSE
"Khadija_Bibi","Khadija Bibi","Candidate",1,FALSE
"Khan_Parvez","Khan Parvez","Candidate",1,FALSE
"Khan_Zeb","Khan Zeb","Candidate",1,FALSE
"Khudai_Dad","Khudai Dad","Candidate",1,FALSE
"Khursheed_Begum_Saeed","Khursheed Begum Saeed","Candidate",1,FALSE
"Khurshid","Khurshid","Candidate",1,FALSE
"m_Shafi","m Shafi","Candidate",1,FALSE
"Maj_r__Mahr_Muhammad_Ramzan","Maj(r) Mahr Muhammad Ramzan","Candidate",1,FALSE
"Majid_Khan","Majid Khan","Candidate",2,TRUE
"Malik_Dad_Muhammad_Tareen","Malik Dad Muhammad Tareen","Candidate",1,FALSE
"Malik_Darya_Khan","Malik Darya Khan","Candidate",1,FALSE
"Malik_Muhammad_Usman_Achakzai_","Malik Muhammad Usman Achakzai.","Candidate",1,FALSE
"Mamoon_Khan_Kakar","Mamoon Khan Kakar","Candidate",1,FALSE
"Masood_Abbas","Masood Abbas","Candidate",1,FALSE
"Masood_Abbas_Khattak","Masood Abbas Khattak","Candidate",1,FALSE
"Mian_Babar_Shah_Kaka_Khel","Mian Babar Shah Kaka Khel","Candidate",1,FALSE
"Mohammad_Ayub_Khan_Advocate","Mohammad Ayub Khan Advocate","Candidate",1,FALSE
"Mohammad_Farooq_Khan","Mohammad Farooq Khan","Candidate",1,FALSE
"Muhammad_Ayaz_Khan","Muhammad Ayaz Khan","Candidate",1,FALSE
"Muhammad_Ayub_Khan","Muhammad Ayub Khan","Candidate",1,FALSE
"Muhammad_Azam_Khan","Muhammad Azam Khan","Candidate",1,FALSE
"Muhammad_Daud_Khan_Khattak","Muhammad Daud Khan Khattak","Candidate",1,FALSE
"Muhammad_Farooq_Bangsh","Muhammad Farooq Bangsh","Candidate",1,FALSE
"Muhammad_Farooq_Khan","Muhammad Farooq Khan","Candidate",1,FALSE
"Muhammad_Fayaz_Khan","Muhammad Fayaz Khan","Candidate",1,FALSE
"Muhammad_Hashim_Babar","Muhammad Hashim Babar","Candidate",1,FALSE
"Muhammad_Ishaq","Muhammad Ishaq","Candidate",4,TRUE
"Muhammad_Ismail","Muhammad Ismail","Candidate",3,TRUE
"Muhammad_Kamal","Muhammad Kamal","Candidate",1,FALSE
"Muhammad_Khan_Afridi","Muhammad Khan Afridi","Candidate",1,FALSE
"Muhammad_Riaz_Khan","Muhammad Riaz Khan","Candidate",1,FALSE
"Muhammad_Sajid_Taheem_Advocate","Muhammad Sajid Taheem Advocate","Candidate",1,FALSE
"Muhammad_Saleem_Khan","Muhammad Saleem Khan","Candidate",3,TRUE
"Muhammad_Sharif_Khattak","Muhammad Sharif Khattak","Candidate",1,FALSE
"Muhammad_Taimoor_Khan","Muhammad Taimoor Khan","Candidate",1,FALSE
"Muhammad_Younus_Khan","Muhammad Younus Khan","Candidate",1,FALSE
"Muhammad_Zahid_Khan","Muhammad Zahid Khan","Candidate",1,FALSE
"Muhibullah_Kakar","Muhibullah Kakar","Candidate",1,FALSE
"Munir_Shah","Munir Shah","Candidate",1,FALSE
"Muzafer_Ul_Mulk","Muzafer Ul Mulk","Candidate",1,FALSE
"Muzaffar-Ul-Mulk","Muzaffar-Ul-Mulk","Candidate",1,FALSE
"Naik_Muhammad_Kakar","Naik Muhammad Kakar","Candidate",1,FALSE
"Naimat_Khalil","Naimat Khalil","Candidate",1,FALSE
"Naveed_Anjum_Khan","Naveed Anjum Khan","Candidate",2,TRUE
"Nawabzada_Khawaja_Muhammad_Khan_Hoti_Alias_Toti_Khan","Nawabzada Khawaja Muhammad Khan Hoti Alias Toti Khan","Candidate",1,FALSE
"Nawabzada_Mohamamd_Amin_Khan_Jogezai","Nawabzada Mohamamd Amin Khan Jogezai","Candidate",1,FALSE
"Nawaz_Ali_Burfat","Nawaz Ali Burfat","Candidate",1,FALSE
"Nisar_Ahmed","Nisar Ahmed","Candidate",1,FALSE
"Noor_Ahmed","Noor Ahmed","Candidate",1,FALSE
"Noor_Aslam","Noor Aslam","Candidate",1,FALSE
"Owais_Khan","Owais Khan","Candidate",1,FALSE
"Perviz_Khan_Advocate","Perviz Khan Advocate","Candidate",1,FALSE
"Pir_Dilawar_Shah","Pir Dilawar Shah","Candidate",2,TRUE
"Qalandar_Bux","Qalandar Bux","Candidate",1,FALSE
"Rahmat_Shah_Sael","Rahmat Shah Sael","Candidate",1,FALSE
"Rana_Mushtaq_Ahmad","Rana Mushtaq Ahmad","Candidate",1,FALSE
"Sadeed_Ur_Rehman","Sadeed Ur Rehman","Candidate",1,FALSE
"Sadid_Ur_Rahman","Sadid Ur Rahman","Candidate",1,FALSE
"Saif_Ullah","Saif Ullah","Candidate",3,TRUE
"Sajid_Mahmood","Sajid Mahmood","Candidate",1,FALSE
"Saqib_Ullah_Khan","Saqib Ullah Khan","Candidate",1,FALSE
"Sarfaraz_Khan_Jadoon","Sarfaraz Khan Jadoon","Candidate",1,FALSE
"Shah_Hussain","Shah Hussain","Candidate",1,FALSE
"Shah_Mohammad","Shah Mohammad","Candidate",1,FALSE
"Shahi_Khan","Shahi Khan","Candidate",1,FALSE
"Shahi_Khan_Sherani","Shahi Khan Sherani","Candidate",1,FALSE
"Shahnawaz_Khanzada","Shahnawaz Khanzada","Candidate",1,FALSE
"Shahzia_Batul","Shahzia Batul","Candidate",1,FALSE
"Shazia_Bibi","Shazia Bibi","Candidate",1,FALSE
"Sheheryar_Khan","Sheheryar Khan","Candidate",1,FALSE
"Sher_Nawaz_Khattak","Sher Nawaz Khattak","Candidate",1,FALSE
"Sherullah_Khan","Sherullah Khan","Candidate",1,FALSE
"Sultan_Khan_Mandokhail","Sultan Khan Mandokhail","Candidate",1,FALSE
"Sultan_Khan_Mandokhel","Sultan Khan Mandokhel","Candidate",1,FALSE
"Syed_Abdul_Qayyum","Syed Abdul Qayyum","Candidate",1,FALSE
"Syed_Basharat_Hussain","Syed Basharat Hussain","Candidate",1,FALSE
"Syed_Haider_Ali_Shah","Syed Haider Ali Shah","Candidate",1,FALSE
"Syed_Haroon_Shah","Syed Haroon Shah","Candidate",1,FALSE
"Syed_Karam_Darwesh","Syed Karam Darwesh","Candidate",1,FALSE
"Syed_Masood_Shah","Syed Masood Shah","Candidate",1,FALSE
"Syed_Muhammad_Afzal","Syed Muhammad Afzal","Candidate",1,FALSE
"Syed_Muhammad_Hanif","Syed Muhammad Hanif","Candidate",1,FALSE
"Syed_Muzafar_Ali_Shah_Jan","Syed Muzafar Ali Shah Jan","Candidate",1,FALSE
"Tariq_Hameed_Khattak","Tariq Hameed Khattak","Candidate",1,FALSE
"Umar_Hayat","Umar Hayat","Candidate",1,FALSE
"Umar_Khan","Umar Khan","Candidate",1,FALSE
"Waris_Khan","Waris Khan","Candidate",1,FALSE
"Zain_Umar_Arbab","Zain Umar Arbab","Candidate",1,FALSE
"Zarbali_Syed","Zarbali Syed","Candidate",1,FALSE
"Rana_Muhammad_Ali","Rana Muhammad Ali","Candidate",1,FALSE
"Abdul_Majeed","Abdul Majeed","Candidate",2,TRUE
"Akhtar_Nawaz_Faisal_Daryana","Akhtar Nawaz Faisal Daryana","Candidate",1,FALSE
"Amoon_Pasha","Amoon Pasha","Candidate",1,FALSE
"Arshad_Ali","Arshad Ali","Candidate",1,FALSE
"Asghar_Abbas","Asghar Abbas","Candidate",1,FALSE
"Ashar_Jahangir","Ashar Jahangir","Candidate",1,FALSE
"Babar_Ali","Babar Ali","Candidate",2,TRUE
"Ch__Muhamamd_Ilyas","Ch. Muhamamd Ilyas","Candidate",1,FALSE
"Ch_Ghulam_Dastageer","Ch Ghulam Dastageer","Candidate",1,FALSE
"Chaudhary_Tanveer_Ahmed_Advocate","Chaudhary Tanveer Ahmed Advocate","Candidate",1,FALSE
"Choudhry_Gulzar_Hussain_Gohar_Advocate","Choudhry Gulzar Hussain Gohar Advocate","Candidate",1,FALSE
"Dilshad_Rind","Dilshad Rind","Candidate",1,FALSE
"Farid_Ullah_Bazai","Farid Ullah Bazai","Candidate",1,FALSE
"Ghulam_Haider","Ghulam Haider","Candidate",2,TRUE
"Ghulam_Qadir_Bajwa","Ghulam Qadir Bajwa","Candidate",1,FALSE
"Haji_Rashid_Ahmed_Khan_Rana","Haji Rashid Ahmed Khan Rana","Candidate",1,FALSE
"Hizbullah","Hizbullah","Candidate",2,TRUE
"Iftikhar_Ud_Din","Iftikhar Ud Din","Candidate",1,FALSE
"Israr_Ahmad_Chishti_Advocate","Israr Ahmad Chishti Advocate","Candidate",1,FALSE
"Jawaid_Ahmed_Khan","Jawaid Ahmed Khan","Candidate",1,FALSE
"Khalid_Ibrar","Khalid Ibrar","Candidate",1,FALSE
"Makhdeem_Syed_Zahid_Hussain","Makhdeem Syed Zahid Hussain","Candidate",1,FALSE
"Makhodzada_Syed_Hasan_Raza_Gillini","Makhodzada Syed Hasan Raza Gillini","Candidate",1,FALSE
"Malik_Azhar_Mehmood","Malik Azhar Mehmood","Candidate",1,FALSE
"Malik_Fakhar_Iqbal_Wattoo","Malik Fakhar Iqbal Wattoo","Candidate",1,FALSE
"Malik_Hamid_Mehmood","Malik Hamid Mehmood","Candidate",1,FALSE
"Malik_Muhammad_Iqbal_Jora","Malik Muhammad Iqbal Jora","Candidate",1,FALSE
"Malik_Muhammad_Siddique_Advocate","Malik Muhammad Siddique Advocate","Candidate",1,FALSE
"Malik_Nisar_Ahmad_Thind","Malik Nisar Ahmad Thind","Candidate",1,FALSE
"Malik_Shamriz_Awan","Malik Shamriz Awan","Candidate",1,FALSE
"Malik_Zia_Ul_Haque_Tiwana","Malik Zia Ul Haque Tiwana","Candidate",1,FALSE
"Mashood_Ahsan_Gill","Mashood Ahsan Gill","Candidate",1,FALSE
"Mian_Nadeem_Ahmed_Saleemi","Mian Nadeem Ahmed Saleemi","Candidate",1,FALSE
"Mirza_Bilal_Baig","Mirza Bilal Baig","Candidate",1,FALSE
"Mohammad_Sharif_Rind","Mohammad Sharif Rind","Candidate",1,FALSE
"Muhammad_Amjad","Muhammad Amjad","Candidate",3,TRUE
"Muhammad_Asim_Ishtiaq","Muhammad Asim Ishtiaq","Candidate",1,FALSE
"Muhammad_Ghufran_Rajput","Muhammad Ghufran Rajput","Candidate",1,FALSE
"Muhammad_Khaliq_Siddique","Muhammad Khaliq Siddique","Candidate",1,FALSE
"Muhammad_Naseer","Muhammad Naseer","Candidate",1,FALSE
"Muhammad_Nisar_Butt","Muhammad Nisar Butt","Candidate",1,FALSE
"Muhammad_Sharif_Noori","Muhammad Sharif Noori","Candidate",1,FALSE
"Muhammad_Zeb","Muhammad Zeb","Candidate",1,FALSE
"Mushtaq_Ahmed_Khan_Mughal","Mushtaq Ahmed Khan Mughal","Candidate",1,FALSE
"Nadir_Khan","Nadir Khan","Candidate",1,FALSE
"Nasar_Ullah_Khan_Jarral","Nasar Ullah Khan Jarral","Candidate",1,FALSE
"Paras_Shah","Paras Shah","Candidate",1,FALSE
"Qaiser_Nawaz_Khan_Babar","Qaiser Nawaz Khan Babar","Candidate",1,FALSE
"Qasim_Ali","Qasim Ali","Candidate",1,FALSE
"Raja_Amir_Rasheed","Raja Amir Rasheed","Candidate",1,FALSE
"Rana_Arshad_Saeed_Khan","Rana Arshad Saeed Khan","Candidate",1,FALSE
"Riaz_Ahmad","Riaz Ahmad","Candidate",1,FALSE
"Riaz_Hussain_Sewag","Riaz Hussain Sewag","Candidate",1,FALSE
"Sahibzada_Ahmed_Raza_Khan_Qasoori","Sahibzada Ahmed Raza Khan Qasoori","Candidate",1,FALSE
"Saira_Goga_Daughter_of_Goga_Pehalwan","Saira Goga Daughter of Goga Pehalwan","Candidate",1,FALSE
"Saqlain_Abbas_Bangash","Saqlain Abbas Bangash","Candidate",1,FALSE
"Saradar_Sikandar_Hayat_Khan_Goopang","Saradar Sikandar Hayat Khan Goopang","Candidate",1,FALSE
"Sardar_Ghulam_Mustafa","Sardar Ghulam Mustafa","Candidate",1,FALSE
"Sardar_Ghulam_Mustafa_Khaskheli","Sardar Ghulam Mustafa Khaskheli","Candidate",2,TRUE
"Sarmir_Khan","Sarmir Khan","Candidate",1,FALSE
"Shafiur_Rahman","Shafiur Rahman","Candidate",1,FALSE
"Shaheen_Munawer","Shaheen Munawer","Candidate",1,FALSE
"Shoaib_Khaskhali","Shoaib Khaskhali","Candidate",1,FALSE
"Syed_Adnan_Haider_Jafri","Syed Adnan Haider Jafri","Candidate",1,FALSE
"Syed_Ali_Abbas_Kazmi","Syed Ali Abbas Kazmi","Candidate",1,FALSE
"Syed_Imran_Sultan","Syed Imran Sultan","Candidate",1,FALSE
"Syed_Marghoob_Hussain_Abdi","Syed Marghoob Hussain Abdi","Candidate",1,FALSE
"Syed_Mukhtar_Hussain_Shah","Syed Mukhtar Hussain Shah","Candidate",2,TRUE
"Syed_Naveed_Ali_Shah","Syed Naveed Ali Shah","Candidate",1,FALSE
"Syed_Sajjad_Hussain_Shah_Kazmi","Syed Sajjad Hussain Shah Kazmi","Candidate",1,FALSE
"Syed_Zakir_Shah","Syed Zakir Shah","Candidate",1,FALSE
"Tayyaba_Zameer","Tayyaba Zameer","Candidate",1,FALSE
"Waheed_Ahmad","Waheed Ahmad","Candidate",2,TRUE
"Waheed_Depal","Waheed Depal","Candidate",1,FALSE
"Waseem_Akhter_Raja","Waseem Akhter Raja","Candidate",1,FALSE
"Yar_Badshah","Yar Badshah","Candidate",1,FALSE
"Shoaib_Amjad_Pervaiz","Shoaib Amjad Pervaiz","Candidate",1,FALSE
"Gul_Muhammad_Bhatti","Gul Muhammad Bhatti","Candidate",1,FALSE
"Gull_Muhammad_Bhatti__Retired_","Gull Muhammad Bhatti (Retired)","Candidate",1,FALSE
"Makhdoom_Muhammad_Ehsan","Makhdoom Muhammad Ehsan","Candidate",1,FALSE
"Sardar_Sher_Zaman_Khan_Qaisrani","Sardar Sher Zaman Khan Qaisrani","Candidate",1,FALSE
"Mian_Saghir_Ahmed_Malvi","Mian Saghir Ahmed Malvi","Candidate",1,FALSE
"Ehsaamuddin","Ehsaamuddin","Candidate",1,FALSE
"Bashir_Khan","Bashir Khan","Candidate",1,FALSE
"Malik_Annayat_Ullah_Khokhar","Malik Annayat Ullah Khokhar","Candidate",1,FALSE
"Rajkumar","Rajkumar","Candidate",1,FALSE
"Bahri_Room","Bahri Room","Candidate",1,FALSE
"Commander__r__Ayoub_Malik","Commander (r) Ayoub Malik","Candidate",1,FALSE
"Fanoos_Gujar","Fanoos Gujar","Candidate",2,TRUE
"Ghulam_Abbas","Ghulam Abbas","Candidate",3,TRUE
"Ghulam_Qadir_Alias_Papu","Ghulam Qadir Alias Papu","Candidate",1,FALSE
"Kamal_Shah","Kamal Shah","Candidate",2,TRUE
"Khan_Zada","Khan Zada","Candidate",1,FALSE
"Mian_Abdul_Qayum","Mian Abdul Qayum","Candidate",1,FALSE
"Mian_Ashiq_Hussain_Kamyana_Advocate","Mian Ashiq Hussain Kamyana Advocate","Candidate",1,FALSE
"Muhammad_Aslam_Miraj","Muhammad Aslam Miraj","Candidate",1,FALSE
"Muhammad_Athar_Khan_Advocate","Muhammad Athar Khan Advocate","Candidate",1,FALSE
"Usman_Ghani","Usman Ghani","Candidate",3,TRUE
"Bahi_Khan","Bahi Khan","Candidate",1,FALSE
"Jasim","Jasim","Candidate",1,FALSE
"Khalid_Hussain_Magsi","Khalid Hussain Magsi","Candidate",1,FALSE
"Manzoor_Ahmed","Manzoor Ahmed","Candidate",3,TRUE
"Mir_Shah_Jahan_Khan_Khetran","Mir Shah Jahan Khan Khetran","Candidate",1,FALSE
"Prince_Ahmed_Omar_Ahmedzai","Prince Ahmed Omar Ahmedzai","Candidate",1,FALSE
"Qadha_Babar","Qadha Babar","Candidate",1,FALSE
"Rubina_Irfan","Rubina Irfan","Candidate",1,FALSE
"Syed_Abdul_Karim","Syed Abdul Karim","Candidate",1,FALSE
"Makhdoom_Syed_Sami_Ul_Hassan_Gillani","Makhdoom Syed Sami Ul Hassan Gillani","Candidate",1,FALSE
"Muhammd_Farooq_Azam_Malik","Muhammd Farooq Azam Malik","Candidate",1,FALSE
"Abdul_Ghafoor","Abdul Ghafoor","Candidate",3,TRUE
"Agha_Hassan_Baloch_Advocate","Agha Hassan Baloch Advocate","Candidate",1,FALSE
"Gaman_Khan","Gaman Khan","Candidate",1,FALSE
"Ghulam_Hadiar","Ghulam Hadiar","Candidate",1,FALSE
"Haji_Noor_Muhammad_Shahwani","Haji Noor Muhammad Shahwani","Candidate",1,FALSE
"Haq_Nawaz_Buzdar","Haq Nawaz Buzdar","Candidate",1,FALSE
"Jahanzaib_Baloch","Jahanzaib Baloch","Candidate",1,FALSE
"Khuda_Bukhsh","Khuda Bukhsh","Candidate",1,FALSE
"Malik_Naveed_Dehwar","Malik Naveed Dehwar","Candidate",1,FALSE
"Maqbool_Ahmed_Lehri","Maqbool Ahmed Lehri","Candidate",1,FALSE
"Mir_Abdul_Ghafoor_Mengal","Mir Abdul Ghafoor Mengal","Candidate",1,FALSE
"Mir_Abdul_Rauf_Mengal","Mir Abdul Rauf Mengal","Candidate",1,FALSE
"Mohammad_Qasim_Roonjho","Mohammad Qasim Roonjho","Candidate",1,FALSE
"Muhamamd_Akhtar_Mengal","Muhamamd Akhtar Mengal","Candidate",1,FALSE
"Muhammad_Akhtar_Mengal","Muhammad Akhtar Mengal","Candidate",1,FALSE
"Muhammad_Akhter_Mengal","Muhammad Akhter Mengal","Candidate",1,FALSE
"Muhammad_Hashim","Muhammad Hashim","Candidate",1,FALSE
"Muhammad_Ramzan","Muhammad Ramzan","Candidate",5,TRUE
"Naib_Faqeer_Muhammad_Zahri","Naib Faqeer Muhammad Zahri","Candidate",1,FALSE
"Nawabzada_Aurangzeb_Jogezai","Nawabzada Aurangzeb Jogezai","Candidate",1,FALSE
"Sayed_Essa_Nori","Sayed Essa Nori","Candidate",1,FALSE
"Shair_Afgan","Shair Afgan","Candidate",1,FALSE
"Syed_Ahsan_Shah","Syed Ahsan Shah","Candidate",1,FALSE
"Wadera_Gulzar_Khan","Wadera Gulzar Khan","Candidate",1,FALSE
"Zahid_Hussain","Zahid Hussain","Candidate",1,FALSE
"Abdul_Jabbar","Abdul Jabbar","Candidate",2,TRUE
"Abdul_Rauf_Rind","Abdul Rauf Rind","Candidate",1,FALSE
"Ghulam_Farooq","Ghulam Farooq","Candidate",1,FALSE
"Gulam_Farooq","Gulam Farooq","Candidate",1,FALSE
"Habib_Ur_Rehman","Habib Ur Rehman","Candidate",2,TRUE
"Haji_Muhamad_Azeem","Haji Muhamad Azeem","Candidate",1,FALSE
"Mir_Ali_Akbar","Mir Ali Akbar","Candidate",1,FALSE
"Mir_Muhammad_Khan_Chandio","Mir Muhammad Khan Chandio","Candidate",1,FALSE
"Mir_Muhammad_Shoaib_Baloch","Mir Muhammad Shoaib Baloch","Candidate",1,FALSE
"Mir_Mujeeb_Rahman_Shahwani","Mir Mujeeb Rahman Shahwani","Candidate",1,FALSE
"Muhammad_Arif_Badini","Muhammad Arif Badini","Candidate",1,FALSE
"Muhammad_Hanif_Baloch","Muhammad Hanif Baloch","Candidate",1,FALSE
"Muhammad_Qayyum_Baluch","Muhammad Qayyum Baluch","Candidate",1,FALSE
"Noor_Ahmed_Adil","Noor Ahmed Adil","Candidate",1,FALSE
"Noor_Ahmed_Umrani","Noor Ahmed Umrani","Candidate",1,FALSE
"Saeed_Ahmed","Saeed Ahmed","Candidate",3,TRUE
"Sajid_Ali","Sajid Ali","Candidate",4,TRUE
"Sayed_Akber_Shah","Sayed Akber Shah","Candidate",1,FALSE
"Yaqoob_Bizenjo_","Yaqoob Bizenjo.","Candidate",1,FALSE
"Abid_Wazir","Abid Wazir","Candidate",1,FALSE
"Mohsin_Khan","Mohsin Khan","Candidate",1,FALSE
"Muhammad_Ajmal_Siddique","Muhammad Ajmal Siddique","Candidate",1,FALSE
"Muhammad_Fahad","Muhammad Fahad","Candidate",1,FALSE
"Muhammad_Mazhar_Jaffar","Muhammad Mazhar Jaffar","Candidate",1,FALSE
"Nisar_Ahmad_Khattak","Nisar Ahmad Khattak","Candidate",1,FALSE
"Syed_Anis_Raza_Naqvi","Syed Anis Raza Naqvi","Candidate",1,FALSE
"Waqas_Ahmad","Waqas Ahmad","Candidate",1,FALSE
"Nadeem_k_Joseph","Nadeem k Joseph","Candidate",1,FALSE
"Naila_Joseph_Dayal","Naila Joseph Dayal","Candidate",1,FALSE
"Bashir_Hussain_Shah","Bashir Hussain Shah","Candidate",1,FALSE
"Chaudhary_Muhammad_Adnan_Mushtaq_Chanjotra","Chaudhary Muhammad Adnan Mushtaq Chanjotra","Candidate",1,FALSE
"Abdul_Razzaque","Abdul Razzaque","Candidate",2,TRUE
"Arbab_Ghulam_Rahim","Arbab Ghulam Rahim","Candidate",1,FALSE
"Aurangzaib_Khan","Aurangzaib Khan","Candidate",1,FALSE
"Deedar_Ali","Deedar Ali","Candidate",2,TRUE
"Dilawar_Gulzar","Dilawar Gulzar","Candidate",1,FALSE
"Ghullam_Murtaza_Khan_Jatoi","Ghullam Murtaza Khan Jatoi","Candidate",1,FALSE
"Karim_Ali_Jatoi","Karim Ali Jatoi","Candidate",2,TRUE
"Kausar_Fatima_Zaidi","Kausar Fatima Zaidi","Candidate",1,FALSE
"Liaquat_Ali_Jatoi","Liaquat Ali Jatoi","Candidate",1,FALSE
"m_Khan_Junejo","m Khan Junejo","Candidate",1,FALSE
"Mir_Ali_Nawaz_Talpur","Mir Ali Nawaz Talpur","Candidate",2,TRUE
"Mir_Hussain_Bakhash_Talpur","Mir Hussain Bakhash Talpur","Candidate",1,FALSE
"Muhammad_Faisal","Muhammad Faisal","Candidate",2,TRUE
"Muhammad_Hassam_Mirza","Muhammad Hassam Mirza","Candidate",1,FALSE
"Muhammad_Mushtaq_Ahmed","Muhammad Mushtaq Ahmed","Candidate",1,FALSE
"Muhammad_Rizwan","Muhammad Rizwan","Candidate",2,TRUE
"Pir_Sadar_Uddin_Shah","Pir Sadar Uddin Shah","Candidate",1,FALSE
"Rahila_Magsi","Rahila Magsi","Candidate",1,FALSE
"Safdar_Ali_Abbasi","Safdar Ali Abbasi","Candidate",1,FALSE
"Saira_Bano","Saira Bano","Candidate",1,FALSE
"Shaheen_Khan","Shaheen Khan","Candidate",1,FALSE
"Shaheena","Shaheena","Candidate",1,FALSE
"Shaista_Ameer","Shaista Ameer","Candidate",1,FALSE
"Shumaila","Shumaila","Candidate",1,FALSE
"Syed_Ghous_Ali_Shah","Syed Ghous Ali Shah","Candidate",2,TRUE
"Syed_Munir_Hyder_Shah","Syed Munir Hyder Shah","Candidate",1,FALSE
"Syed_Mushtaq_Hussain","Syed Mushtaq Hussain","Candidate",1,FALSE
"Syed_Zainulabdin","Syed Zainulabdin","Candidate",1,FALSE
"Umair_Naeem","Umair Naeem","Candidate",1,FALSE
"Asad_Javed_Khan","Asad Javed Khan","Candidate",1,FALSE
"Abdul_Khaliq_Hazara","Abdul Khaliq Hazara","Candidate",1,FALSE
"Aziz_Ullah","Aziz Ullah","Candidate",2,TRUE
"Barkat_Ali_Thamki","Barkat Ali Thamki","Candidate",1,FALSE
"Mirza_Hussain","Mirza Hussain","Candidate",1,FALSE
"Muhammad_Raza","Muhammad Raza","Candidate",1,FALSE
"Hussain_Baloch","Hussain Baloch","Candidate",1,FALSE
"Hidayat_Ur_Rehman_Baloch","Hidayat Ur Rehman Baloch","Candidate",1,FALSE
"Imtiaz_Alam","Imtiaz Alam","Candidate",1,FALSE
"Muhammad_Muzammil","Muhammad Muzammil","Candidate",1,FALSE
"Amir_Shehzad","Amir Shehzad","Candidate",1,FALSE
"Muhammad_Saddiq","Muhammad Saddiq","Candidate",2,TRUE
"Muhammad_Zia_Khan","Muhammad Zia Khan","Candidate",1,FALSE
"Mr_zulfiquar_Ali_Khoso__Retired_","Mr.zulfiquar Ali Khoso (Retired)","Candidate",1,FALSE
"Muhammad_Lateef_Lajpal_Sial","Muhammad Lateef Lajpal Sial","Candidate",1,FALSE
"Muhammad_Latif","Muhammad Latif","Candidate",2,TRUE
"Munir_Ahmad_Zafar","Munir Ahmad Zafar","Candidate",1,FALSE
"Muhammad_Zahid","Muhammad Zahid","Candidate",2,TRUE
"Muhammad_Hanif_Ullah","Muhammad Hanif Ullah","Candidate",1,FALSE
"Syed_Manzoor_Gillani","Syed Manzoor Gillani","Candidate",1,FALSE
"Muhammad_Ashraf_Khan_Niazi","Muhammad Ashraf Khan Niazi","Candidate",1,FALSE
"Rana_Muhammad_Ashraf_Advocate","Rana Muhammad Ashraf Advocate","Candidate",1,FALSE
"Abdul_Aleem_Khan","Abdul Aleem Khan","Candidate",3,TRUE
"Aiman_Javed","Aiman Javed","Candidate",1,FALSE
"Bukhtiyar_Ali","Bukhtiyar Ali","Candidate",1,FALSE
"Firdous_Ashiq_Awan","Firdous Ashiq Awan","Candidate",1,FALSE
"Ghulam_Sarwar","Ghulam Sarwar","Candidate",1,FALSE
"Gul_Asghar_Khan","Gul Asghar Khan","Candidate",2,TRUE
"Hamayun_Akhtar_Khan","Hamayun Akhtar Khan","Candidate",2,TRUE
"Jahangir_Khan_Tareen","Jahangir Khan Tareen","Candidate",3,TRUE
"Jairam_Das","Jairam Das","Candidate",1,FALSE
"Jalil_Ahmad_Khan","Jalil Ahmad Khan","Candidate",1,FALSE
"Mahmood_Baqi_Molvi","Mahmood Baqi Molvi","Candidate",1,FALSE
"Malik_Muhammad_Ahmad_Langrial","Malik Muhammad Ahmad Langrial","Candidate",1,FALSE
"Mir_Faiz_Ahmad","Mir Faiz Ahmad","Candidate",1,FALSE
"Muhammad_Anwar_Azeem_Khan","Muhammad Anwar Azeem Khan","Candidate",1,FALSE
"Muhammad_Aon_Saqlain","Muhammad Aon Saqlain","Candidate",1,FALSE
"Muhammad_Ayaz_Khan_Niazi","Muhammad Ayaz Khan Niazi","Candidate",1,FALSE
"Muhammad_Azhar","Muhammad Azhar","Candidate",2,TRUE
"Muhammad_Hashim_Dogar","Muhammad Hashim Dogar","Candidate",1,FALSE
"Muhammad_Qasim","Muhammad Qasim","Candidate",3,TRUE
"Nargis_Jabeen","Nargis Jabeen","Candidate",1,FALSE
"Noureen_Iqbal","Noureen Iqbal","Candidate",1,FALSE
"Rana_Nazeer_Ahmad_Khan","Rana Nazeer Ahmad Khan","Candidate",1,FALSE
"Rasheed_Ahmed","Rasheed Ahmed","Candidate",1,FALSE
"Sharjeel_Mir","Sharjeel Mir","Candidate",1,FALSE
"Syed_Ali_Hussain","Syed Ali Hussain","Candidate",2,TRUE
"Tariq_Mehmood_Qadri","Tariq Mehmood Qadri","Candidate",1,FALSE
"Zunaira_Rehman","Zunaira Rehman","Candidate",1,FALSE
"Raja_Zafar_Iqbal","Raja Zafar Iqbal","Candidate",1,FALSE
"Agha_Syed_Sibtian_Haider_Sabzwari","Agha Syed Sibtian Haider Sabzwari","Candidate",1,FALSE
"Ali_Gohar_Shah__Retired_","Ali Gohar Shah (Retired)","Candidate",1,FALSE
"Kazim_Ali_Shah","Kazim Ali Shah","Candidate",1,FALSE
"Manzoor_Ali","Manzoor Ali","Candidate",1,FALSE
"Rana_Intizar_Hussain","Rana Intizar Hussain","Candidate",1,FALSE
"Riaz_Hussain_Al_Hussaini__Retired_","Riaz Hussain Al Hussaini (Retired)","Candidate",1,FALSE
"Syed_Azizullah_Shah","Syed Azizullah Shah","Candidate",1,FALSE
"Syed_Gazanfar_Abbas","Syed Gazanfar Abbas","Candidate",1,FALSE
"Syed_Mujahid_Abbas_Shah","Syed Mujahid Abbas Shah","Candidate",1,FALSE
"Hafiz_Hasham_Elahi_Zaheer","Hafiz Hasham Elahi Zaheer","Candidate",1,FALSE
"Ibtesam_Elahi_Zaheer","Ibtesam Elahi Zaheer","Candidate",1,FALSE
"Ibtisam_Elahi_Zaheer","Ibtisam Elahi Zaheer","Candidate",1,FALSE
"Mutasim_Elahi_Zaheer","Mutasim Elahi Zaheer","Candidate",1,FALSE
"Abdul_Akbar_Chitrali","Abdul Akbar Chitrali","Candidate",1,FALSE
"Abdul_Hameed_Khan","Abdul Hameed Khan","Candidate",2,TRUE
"Abdul_Jabbar_Khan","Abdul Jabbar Khan","Candidate",3,TRUE
"Abdul_Jameel_Khan","Abdul Jameel Khan","Candidate",1,FALSE
"Abdul_Majeed_Pathan_Advocate","Abdul Majeed Pathan Advocate","Candidate",1,FALSE
"Abdul_Mateen_Akhondzada","Abdul Mateen Akhondzada","Candidate",1,FALSE
"Abdul_Mohsin","Abdul Mohsin","Candidate",2,TRUE
"Abdul_Mustaan","Abdul Mustaan","Candidate",1,FALSE
"Akhtar_Ali_Khan","Akhtar Ali Khan","Candidate",2,TRUE
"Akhtar_Mohammad","Akhtar Mohammad","Candidate",1,FALSE
"Akhtar_Muhammad","Akhtar Muhammad","Candidate",2,TRUE
"Anwar_Ul_Haq_Butt","Anwar Ul Haq Butt","Candidate",1,FALSE
"Arshad_Mahmood_Baggu","Arshad Mahmood Baggu","Candidate",1,FALSE
"Asadullah_Bhutto","Asadullah Bhutto","Candidate",1,FALSE
"Atta_Muhammad_Jafri","Atta Muhammad Jafri","Candidate",1,FALSE
"Atta_Ur_Rahman","Atta Ur Rahman","Candidate",1,FALSE
"Bakhtiar_Maani","Bakhtiar Maani","Candidate",1,FALSE
"Basheer_Ahmed_Mandai","Basheer Ahmed Mandai","Candidate",1,FALSE
"Bilal_Qudrat_Butt","Bilal Qudrat Butt","Candidate",2,TRUE
"Ch__Ansar_Mahmood","Ch. Ansar Mahmood","Candidate",1,FALSE
"Ch_Manzoor_Hussain","Ch Manzoor Hussain","Candidate",1,FALSE
"Ch_Zahid_Imran_Korotana","Ch Zahid Imran Korotana","Candidate",1,FALSE
"Chaudhary_Bashir_Ahmed","Chaudhary Bashir Ahmed","Candidate",1,FALSE
"Chaudhery_Asghar_Ali_Gujjar","Chaudhery Asghar Ali Gujjar","Candidate",1,FALSE
"Chaudhry_Ihsan_Ali","Chaudhry Ihsan Ali","Candidate",1,FALSE
"Chaudhry_Sajid_Ali_Chadhar","Chaudhry Sajid Ali Chadhar","Candidate",1,FALSE
"Choudhry_Abdul_Rehman_Ranga","Choudhry Abdul Rehman Ranga","Candidate",1,FALSE
"Choudhry_Muhammad_Anwar","Choudhry Muhammad Anwar","Candidate",1,FALSE
"Doctor_Muhammad_Anwar_Shah","Doctor Muhammad Anwar Shah","Candidate",1,FALSE
"Dr__Abdul_Rehman_Ranjha","Dr. Abdul Rehman Ranjha","Candidate",1,FALSE
"Dr_Mairaj_Ul_Huda_Siddiqui","Dr Mairaj Ul Huda Siddiqui","Candidate",1,FALSE
"Dr_Muhammad_Abdullah","Dr Muhammad Abdullah","Candidate",1,FALSE
"Dr_Muhammad_Arshad_Shahid","Dr Muhammad Arshad Shahid","Candidate",1,FALSE
"Dr_muhammad_Ashraf","Dr.muhammad Ashraf","Candidate",1,FALSE
"Dr_Muhammad_Ubaid_Ullah_Gohar","Dr Muhammad Ubaid Ullah Gohar","Candidate",1,FALSE
"Engineer_Muhammad_Azeem_Randhawa","Engineer Muhammad Azeem Randhawa","Candidate",1,FALSE
"Farid_Ahmed_Piracha","Farid Ahmed Piracha","Candidate",1,FALSE
"Farooq_Ahmad_Chatha","Farooq Ahmad Chatha","Candidate",1,FALSE
"Fazale_Subhan","Fazale Subhan","Candidate",1,FALSE
"Ghulam_Nabi","Ghulam Nabi","Candidate",3,TRUE
"Gul_Nawaz_Khan","Gul Nawaz Khan","Candidate",1,FALSE
"Gulab_Baloch","Gulab Baloch","Candidate",1,FALSE
"Habib_Ullah_Cheema","Habib Ullah Cheema","Candidate",1,FALSE
"Habib_Ur_Rehman_Abbasi","Habib Ur Rehman Abbasi","Candidate",1,FALSE
"Hafiz_Khalid_Rauf","Hafiz Khalid Rauf","Candidate",1,FALSE
"Hafiz_Muhammad_Tahir_Aslam","Hafiz Muhammad Tahir Aslam","Candidate",1,FALSE
"Hafiz_Nasrullah","Hafiz Nasrullah","Candidate",1,FALSE
"Hafiz_Salman_Butt","Hafiz Salman Butt","Candidate",1,FALSE
"Hafiz_Zubair_Ahmad","Hafiz Zubair Ahmad","Candidate",1,FALSE
"Haji_Abdul_Aziz","Haji Abdul Aziz","Candidate",1,FALSE
"Haji_Muhammad_Irshad_Mund","Haji Muhammad Irshad Mund","Candidate",1,FALSE
"Haji_Muhammad_Khalid","Haji Muhammad Khalid","Candidate",1,FALSE
"Haji_Muhammad_Ramzan","Haji Muhammad Ramzan","Candidate",1,FALSE
"Hameed_u_Deen_Awan","Hameed u Deen Awan","Candidate",1,FALSE
"Haroon_Ur_Rasheed_Nizami_Advocate","Haroon Ur Rasheed Nizami Advocate","Candidate",1,FALSE
"Hikmat_Khan","Hikmat Khan","Candidate",1,FALSE
"Hizbullah_Jhakro","Hizbullah Jhakro","Candidate",1,FALSE
"Israr_Ahmed_Sheikh","Israr Ahmed Sheikh","Candidate",1,FALSE
"Israr_Ullah","Israr Ullah","Candidate",1,FALSE
"Jaffer_Ali_Nizamani","Jaffer Ali Nizamani","Candidate",1,FALSE
"Khalid_Mahmood_Virk","Khalid Mahmood Virk","Candidate",1,FALSE
"Khalid_Mehmood_Mirza","Khalid Mehmood Mirza","Candidate",1,FALSE
"Khawaja_Muhammad_Waqar_Khan","Khawaja Muhammad Waqar Khan","Candidate",1,FALSE
"Khuda_Dino","Khuda Dino","Candidate",1,FALSE
"Liaqat_Ali","Liaqat Ali","Candidate",3,TRUE
"Liaqat_Baloch","Liaqat Baloch","Candidate",2,TRUE
"Maehrullah_Khan","Maehrullah Khan","Candidate",1,FALSE
"Mahmood_Ul_Hassan","Mahmood Ul Hassan","Candidate",2,TRUE
"Major_r_Muhammad_Ghulam_Sarwar","Major r Muhammad Ghulam Sarwar","Candidate",1,FALSE
"Major_Retired_Haq_Daad_Ali_Khan","Major Retired Haq Daad Ali Khan","Candidate",1,FALSE
"Maulana_Abdul_Malik","Maulana Abdul Malik","Candidate",1,FALSE
"Mehrab_Ali","Mehrab Ali","Candidate",1,FALSE
"Mian_Asad_Ullah","Mian Asad Ullah","Candidate",1,FALSE
"Mian_Muhammad_Ibhrahim","Mian Muhammad Ibhrahim","Candidate",1,FALSE
"Mian_Muhammad_Younis","Mian Muhammad Younis","Candidate",1,FALSE
"Mian_Mukhtar_Ahmad","Mian Mukhtar Ahmad","Candidate",1,FALSE
"Mian_Saleem_Akbar","Mian Saleem Akbar","Candidate",1,FALSE
"Mohammad_Awais_Ghumman","Mohammad Awais Ghumman","Candidate",1,FALSE
"Mohammad_Laeeque_Khan","Mohammad Laeeque Khan","Candidate",1,FALSE
"Mohammad_Tariq_Javed_Dar","Mohammad Tariq Javed Dar","Candidate",1,FALSE
"Mr_Niamatullah_Khan","Mr Niamatullah Khan","Candidate",1,FALSE
"Muhammad_Arshad_Khan","Muhammad Arshad Khan","Candidate",1,FALSE
"Muhammad_Aslam","Muhammad Aslam","Candidate",6,TRUE
"Muhammad_Farooq_Sheikh","Muhammad Farooq Sheikh","Candidate",1,FALSE
"Muhammad_Hanif_Chaudhary","Muhammad Hanif Chaudhary","Candidate",1,FALSE
"Muhammad_Haq_Nawaz_Khan_Durani","Muhammad Haq Nawaz Khan Durani","Candidate",1,FALSE
"Muhammad_Husain_Mehenti","Muhammad Husain Mehenti","Candidate",1,FALSE
"Muhammad_Ibraheem","Muhammad Ibraheem","Candidate",1,FALSE
"Muhammad_Iqbal_Khalil","Muhammad Iqbal Khalil","Candidate",1,FALSE
"Muhammad_Irshad_Anwar","Muhammad Irshad Anwar","Candidate",1,FALSE
"Muhammad_Jameel","Muhammad Jameel","Candidate",2,TRUE
"Muhammad_Javed","Muhammad Javed","Candidate",2,TRUE
"Muhammad_Mashal_Khan","Muhammad Mashal Khan","Candidate",1,FALSE
"Muhammad_Rafiq","Muhammad Rafiq","Candidate",4,TRUE
"Muhammad_Rafique_Nizami_Advocate","Muhammad Rafique Nizami Advocate","Candidate",1,FALSE
"Muhammad_Rasool","Muhammad Rasool","Candidate",1,FALSE
"Muhammad_Riaz_Farooq_Sahi","Muhammad Riaz Farooq Sahi","Candidate",2,TRUE
"Muhammad_Sadiq_Malik","Muhammad Sadiq Malik","Candidate",1,FALSE
"Muhammad_Saeed_Khan","Muhammad Saeed Khan","Candidate",1,FALSE
"Muhammad_Tahir","Muhammad Tahir","Candidate",4,TRUE
"Muhammad_Tasleem_Iqbal","Muhammad Tasleem Iqbal","Candidate",1,FALSE
"Muhammad_Younis_Khattak","Muhammad Younis Khattak","Candidate",1,FALSE
"Muhammad_Yousuf","Muhammad Yousuf","Candidate",2,TRUE
"Mumtaz_Hussain_Sahto","Mumtaz Hussain Sahto","Candidate",1,FALSE
"Naseer_Ahmad","Naseer Ahmad","Candidate",1,FALSE
"Naveed_Zafar_Shah","Naveed Zafar Shah","Candidate",1,FALSE
"Nazir_Ahmed","Nazir Ahmed","Candidate",2,TRUE
"Nisar_Ahmad","Nisar Ahmad","Candidate",2,TRUE
"Professor_Muhammad_Ibrahim_Khan","Professor Muhammad Ibrahim Khan","Candidate",1,FALSE
"Qari_Muhammad_Asif_Gujjar","Qari Muhammad Asif Gujjar","Candidate",1,FALSE
"Rai_Muhammad_Akram_Khan","Rai Muhammad Akram Khan","Candidate",1,FALSE
"Raj_Muhammad","Raj Muhammad","Candidate",1,FALSE
"Raja_Muhammad_Jawwad","Raja Muhammad Jawwad","Candidate",1,FALSE
"Raja_Muhammad_Nawaz_Kayani","Raja Muhammad Nawaz Kayani","Candidate",1,FALSE
"Rana_Javed_Iqbal","Rana Javed Iqbal","Candidate",1,FALSE
"Rana_Muhammad_Adnan_Khan","Rana Muhammad Adnan Khan","Candidate",1,FALSE
"Rana_Zahid_Farooq","Rana Zahid Farooq","Candidate",1,FALSE
"Rashid_Nasim","Rashid Nasim","Candidate",1,FALSE
"Raza_Ahmed_Shah","Raza Ahmed Shah","Candidate",1,FALSE
"Riaz_Ahmad_Bhulla_Advocate","Riaz Ahmad Bhulla Advocate","Candidate",1,FALSE
"Riaz_Ali_Kazmi","Riaz Ali Kazmi","Candidate",1,FALSE
"Rizwan_Ahmed","Rizwan Ahmed","Candidate",1,FALSE
"Sabir_Hussain_Awan","Sabir Hussain Awan","Candidate",1,FALSE
"Sahib_Zada_Haroon_Ur_Raheed","Sahib Zada Haroon Ur Raheed","Candidate",1,FALSE
"Sahibzada_Tariq_Ullah","Sahibzada Tariq Ullah","Candidate",2,TRUE
"Sami_Ullah_Jan","Sami Ullah Jan","Candidate",1,FALSE
"Sardar_Khan","Sardar Khan","Candidate",2,TRUE
"Sardar_Riaz_Ahmad_Khan","Sardar Riaz Ahmad Khan","Candidate",1,FALSE
"Sardar_Zafar_Hussain_Khan","Sardar Zafar Hussain Khan","Candidate",1,FALSE
"Sarfraz_Ahmad_Khan","Sarfraz Ahmad Khan","Candidate",1,FALSE
"Shah_Faisal_Afridi","Shah Faisal Afridi","Candidate",2,TRUE
"Shahib_Zada_Muhammad_Yaqub","Shahib Zada Muhammad Yaqub","Candidate",1,FALSE
"Sheikh_Muhammad_Mushtaq","Sheikh Muhammad Mushtaq","Candidate",1,FALSE
"Sher_Akbar_Khan","Sher Akbar Khan","Candidate",3,TRUE
"Shoukat_Ali_Shaikh","Shoukat Ali Shaikh","Candidate",1,FALSE
"Solat_Majeed_Satti_Advocate","Solat Majeed Satti Advocate","Candidate",1,FALSE
"Sultan_Muhammad","Sultan Muhammad","Candidate",1,FALSE
"Syed_Attaullah_Shah","Syed Attaullah Shah","Candidate",1,FALSE
"Syed_Javed_Hussain_Shah","Syed Javed Hussain Shah","Candidate",2,TRUE
"Syed_Mehr_Hassan_Gillani","Syed Mehr Hassan Gillani","Candidate",1,FALSE
"Syed_Mohammad_Faheem","Syed Mohammad Faheem","Candidate",1,FALSE
"Syed_Muhammad_Bilal","Syed Muhammad Bilal","Candidate",1,FALSE
"Tahir_Siraj","Tahir Siraj","Candidate",1,FALSE
"Taj_Muhammad_Khan","Taj Muhammad Khan","Candidate",1,FALSE
"Tariq_Javeed_Janjua","Tariq Javeed Janjua","Candidate",1,FALSE
"Tashkeel_Ahmed_Siddiqui","Tashkeel Ahmed Siddiqui","Candidate",1,FALSE
"Taufeequddin_Siddiqui","Taufeequddin Siddiqui","Candidate",1,FALSE
"Uzair_Latif","Uzair Latif","Candidate",1,FALSE
"Waheed_Akhtar","Waheed Akhtar","Candidate",1,FALSE
"Waleed_Nasir_Choudhary","Waleed Nasir Choudhary","Candidate",1,FALSE
"Yahya_Bakhtiar","Yahya Bakhtiar","Candidate",1,FALSE
"Zafar_Jamal_Khan_Advocate","Zafar Jamal Khan Advocate","Candidate",1,FALSE
"Zahid_Mohibullah_Khan_Advocate","Zahid Mohibullah Khan Advocate","Candidate",1,FALSE
"Zahid_Saeed","Zahid Saeed","Candidate",1,FALSE
"Zahoor_Ahmad_Watto","Zahoor Ahmad Watto","Candidate",1,FALSE
"Zar_Noor_Afridi","Zar Noor Afridi","Candidate",1,FALSE
"Zubair_Ahmad_Gondal","Zubair Ahmad Gondal","Candidate",1,FALSE
"Zubair_Farooq_Khan","Zubair Farooq Khan","Candidate",1,FALSE
"Abd_Ur_Rasheed","Abd Ur Rasheed","Candidate",1,FALSE
"Abdul_Bari","Abdul Bari","Candidate",3,TRUE
"Abdul_Fatah_Pathan","Abdul Fatah Pathan","Candidate",1,FALSE
"Abdul_Hameed","Abdul Hameed","Candidate",4,TRUE
"Abdul_Hameed_Alias_Arfan","Abdul Hameed Alias Arfan","Candidate",1,FALSE
"Abdul_Jamil_Khan","Abdul Jamil Khan","Candidate",1,FALSE
"Abdul_Kabeer","Abdul Kabeer","Candidate",1,FALSE
"Abdul_Razzaq_Khalil","Abdul Razzaq Khalil","Candidate",1,FALSE
"Abdul_Rehman","Abdul Rehman","Candidate",6,TRUE
"Abdul_Waheed_Akhtar","Abdul Waheed Akhtar","Candidate",1,FALSE
"Afifa_Athar","Afifa Athar","Candidate",1,FALSE
"Afrasiab_Khattak","Afrasiab Khattak","Candidate",1,FALSE
"Ahktar_Hussain","Ahktar Hussain","Candidate",1,FALSE
"Ahmad_Jamil_Rashid","Ahmad Jamil Rashid","Candidate",1,FALSE
"Aijaz_Ali","Aijaz Ali","Candidate",3,TRUE
"Akbar_Ali_Khan","Akbar Ali Khan","Candidate",1,FALSE
"Akhtar_Hussain_Qureshi","Akhtar Hussain Qureshi","Candidate",1,FALSE
"Altaf_Ahmad_Khan","Altaf Ahmad Khan","Candidate",1,FALSE
"Ameer_Ul_Azeem","Ameer Ul Azeem","Candidate",1,FALSE
"Amir_Mahmood_Cheema","Amir Mahmood Cheema","Candidate",1,FALSE
"Amir_Siddiqui","Amir Siddiqui","Candidate",1,FALSE
"Amjad_Ali_Khan","Amjad Ali Khan","Candidate",2,TRUE
"Anam_Hamza","Anam Hamza","Candidate",1,FALSE
"Anwar_Ul_Haq","Anwar Ul Haq","Candidate",1,FALSE
"Asad_Ullah","Asad Ullah","Candidate",1,FALSE
"Asim_Muneer","Asim Muneer","Candidate",1,FALSE
"Aslam_Khan","Aslam Khan","Candidate",1,FALSE
"Atif_Imran","Atif Imran","Candidate",1,FALSE
"Atta_Ullah_Hameed","Atta Ullah Hameed","Candidate",1,FALSE
"Atta_Ur_Rehman","Atta Ur Rehman","Candidate",4,TRUE
"Azhar_Ul_Haq","Azhar Ul Haq","Candidate",1,FALSE
"Babar_Rashid","Babar Rashid","Candidate",1,FALSE
"Bakht_Jehan_Khan","Bakht Jehan Khan","Candidate",1,FALSE
"Ch__Abid_Hussain","Ch. Abid Hussain","Candidate",1,FALSE
"Chaudhary_Abdul_Sattar","Chaudhary Abdul Sattar","Candidate",1,FALSE
"Chaudhary_Asadullah","Chaudhary Asadullah","Candidate",1,FALSE
"Chaudhry_Irfan_Aslam","Chaudhry Irfan Aslam","Candidate",1,FALSE
"Chaudry_Muhammad_Shoukat","Chaudry Muhammad Shoukat","Candidate",1,FALSE
"Chaudry_Zulfiqar_Advocate","Chaudry Zulfiqar Advocate","Candidate",1,FALSE
"Dedar_Hussain_Behrani","Dedar Hussain Behrani","Candidate",1,FALSE
"Dr_Atta_Ur_Rehman","Dr Atta Ur Rehman","Candidate",1,FALSE
"Engr_Muhammad_Sikandar_Asad","Engr Muhammad Sikandar Asad","Candidate",1,FALSE
"Faiz_Miran","Faiz Miran","Candidate",1,FALSE
"Fazal_Ahmed","Fazal Ahmed","Candidate",1,FALSE
"Fazal_Subhan","Fazal Subhan","Candidate",1,FALSE
"Fazal_Ur_Rehman_Niazi","Fazal Ur Rehman Niazi","Candidate",1,FALSE
"Ghanzanfar_Ali_Bajwa","Ghanzanfar Ali Bajwa","Candidate",1,FALSE
"Ghazan_Iqbal","Ghazan Iqbal","Candidate",1,FALSE
"Hafiz_Aqib_Ismail","Hafiz Aqib Ismail","Candidate",1,FALSE
"Hafiz_Muhammad_Arshad","Hafiz Muhammad Arshad","Candidate",1,FALSE
"Hafiz_Nasrullah_Aziz","Hafiz Nasrullah Aziz","Candidate",1,FALSE
"Haji_Sami_Ullah","Haji Sami Ullah","Candidate",1,FALSE
"Hameed_Ud_Din_Awan","Hameed Ud Din Awan","Candidate",1,FALSE
"Hammad_Hasan_Lashari","Hammad Hasan Lashari","Candidate",1,FALSE
"Hashmat_Khan","Hashmat Khan","Candidate",1,FALSE
"Hizabullah_Jakhro","Hizabullah Jakhro","Candidate",1,FALSE
"Iftikhar_Ahmad_Shaikh","Iftikhar Ahmad Shaikh","Candidate",1,FALSE
"Iftikhar_Ahmed","Iftikhar Ahmed","Candidate",2,TRUE
"Iftikhar_Nadeem","Iftikhar Nadeem","Candidate",1,FALSE
"Imdad_Khan","Imdad Khan","Candidate",1,FALSE
"Imran_Shafiq_Advocate","Imran Shafiq Advocate","Candidate",1,FALSE
"Imtiaz_Ahmed","Imtiaz Ahmed","Candidate",1,FALSE
"Inayat_Ur_Rehman","Inayat Ur Rehman","Candidate",1,FALSE
"Iqbal_Khan","Iqbal Khan","Candidate",1,FALSE
"Irfan_Ahmed","Irfan Ahmed","Candidate",2,TRUE
"Irfan_Ullah","Irfan Ullah","Candidate",2,TRUE
"Jahangir_Ahmad","Jahangir Ahmad","Candidate",1,FALSE
"Jamal_d_Din","Jamal d Din","Candidate",1,FALSE
"Kamran_Aziz_Ghauri","Kamran Aziz Ghauri","Candidate",1,FALSE
"Kamran_Malik","Kamran Malik","Candidate",1,FALSE
"Kashif_Azam","Kashif Azam","Candidate",1,FALSE
"Khalid_Khan_Yousafzai","Khalid Khan Yousafzai","Candidate",1,FALSE
"Khalid_Mahmood_Mirza","Khalid Mahmood Mirza","Candidate",1,FALSE
"Mahmood_Urf_Mahmood_Illahi","Mahmood Urf Mahmood Illahi","Candidate",1,FALSE
"Mairaj_Ul_Huda_Siddiqui","Mairaj Ul Huda Siddiqui","Candidate",1,FALSE
"Malik_Abdul_Aziz","Malik Abdul Aziz","Candidate",1,FALSE
"Malik_Ghulam_Mohiuddin","Malik Ghulam Mohiuddin","Candidate",1,FALSE
"Malik_Mateeullah","Malik Mateeullah","Candidate",1,FALSE
"Malik_Muhammad_Naeem_Haider","Malik Muhammad Naeem Haider","Candidate",1,FALSE
"Mamtaz_Hussain","Mamtaz Hussain","Candidate",1,FALSE
"Manzoor_Hussain","Manzoor Hussain","Candidate",1,FALSE
"Maulana_Abdul_Akbar_Chitrali","Maulana Abdul Akbar Chitrali","Candidate",1,FALSE
"Maulana_Mehboob_Janan","Maulana Mehboob Janan","Candidate",1,FALSE
"Maulana_Muhammad_Ismail","Maulana Muhammad Ismail","Candidate",1,FALSE
"Mian_Mohammad_Aslam","Mian Mohammad Aslam","Candidate",1,FALSE
"Mian_Muslim_Pervaiz","Mian Muslim Pervaiz","Candidate",1,FALSE
"Mir_Muhammad_Baldi","Mir Muhammad Baldi","Candidate",1,FALSE
"Miraj_Ul_Huda_Siddiqui","Miraj Ul Huda Siddiqui","Candidate",1,FALSE
"Mohtarma_Zaiba_Basharat","Mohtarma Zaiba Basharat","Candidate",1,FALSE
"Mudassar_Ahmad_Shah","Mudassar Ahmad Shah","Candidate",1,FALSE
"Mufti_Muhammad_Imtiaz_Marwat","Mufti Muhammad Imtiaz Marwat","Candidate",1,FALSE
"Muhammad_Ahmad_Raza","Muhammad Ahmad Raza","Candidate",1,FALSE
"Muhammad_Anwar_Khan","Muhammad Anwar Khan","Candidate",1,FALSE
"Muhammad_Arif_Gujjar","Muhammad Arif Gujjar","Candidate",1,FALSE
"Muhammad_Arslan_Khan_Khakwani","Muhammad Arslan Khan Khakwani","Candidate",1,FALSE
"Muhammad_Ashique","Muhammad Ashique","Candidate",1,FALSE
"Muhammad_Asim_Khan","Muhammad Asim Khan","Candidate",1,FALSE
"Muhammad_Azeem_Tahir_Randhawa","Muhammad Azeem Tahir Randhawa","Candidate",1,FALSE
"Muhammad_Babar_Khan","Muhammad Babar Khan","Candidate",1,FALSE
"Muhammad_Bilal","Muhammad Bilal","Candidate",2,TRUE
"Muhammad_Ejaz_Malik","Muhammad Ejaz Malik","Candidate",1,FALSE
"Muhammad_Faisal_Bin_Zair","Muhammad Faisal Bin Zair","Candidate",1,FALSE
"Muhammad_Hanif_Khan","Muhammad Hanif Khan","Candidate",1,FALSE
"Muhammad_Ibrahim","Muhammad Ibrahim","Candidate",2,TRUE
"Muhammad_Ibrahim_Khan","Muhammad Ibrahim Khan","Candidate",1,FALSE
"Muhammad_Ijaz","Muhammad Ijaz","Candidate",2,TRUE
"Muhammad_Irfan_Ullah","Muhammad Irfan Ullah","Candidate",1,FALSE
"Muhammad_Ishaq_Khan","Muhammad Ishaq Khan","Candidate",1,FALSE
"Muhammad_Islam","Muhammad Islam","Candidate",1,FALSE
"Muhammad_Jabir","Muhammad Jabir","Candidate",1,FALSE
"Muhammad_Javed_Kasori","Muhammad Javed Kasori","Candidate",1,FALSE
"Muhammad_Kashif_Chaudhry","Muhammad Kashif Chaudhry","Candidate",1,FALSE
"Muhammad_Kashif_Gujjar","Muhammad Kashif Gujjar","Candidate",1,FALSE
"Muhammad_Musa","Muhammad Musa","Candidate",1,FALSE
"Muhammad_Mushtaq","Muhammad Mushtaq","Candidate",2,TRUE
"Muhammad_Naeem","Muhammad Naeem","Candidate",2,TRUE
"Muhammad_Nasir_Nadeem_Gujjar","Muhammad Nasir Nadeem Gujjar","Candidate",1,FALSE
"Muhammad_Rafique","Muhammad Rafique","Candidate",4,TRUE
"Muhammad_Rehmat_Ullah_Watto","Muhammad Rehmat Ullah Watto","Candidate",1,FALSE
"Muhammad_Riaz","Muhammad Riaz","Candidate",3,TRUE
"Muhammad_Saeed","Muhammad Saeed","Candidate",2,TRUE
"Muhammad_Safdar_Iqbal","Muhammad Safdar Iqbal","Candidate",1,FALSE
"Muhammad_Sami_Ul_Qazi","Muhammad Sami Ul Qazi","Candidate",1,FALSE
"Muhammad_Shabir_Khanzada","Muhammad Shabir Khanzada","Candidate",1,FALSE
"Muhammad_Shahid_Abbas","Muhammad Shahid Abbas","Candidate",1,FALSE
"Muhammad_Sufyan_Abbasi","Muhammad Sufyan Abbasi","Candidate",1,FALSE
"Muhammad_Tahir_Malik","Muhammad Tahir Malik","Candidate",1,FALSE
"Muhammad_Tariq_Javed","Muhammad Tariq Javed","Candidate",1,FALSE
"Muhammad_Tauseef","Muhammad Tauseef","Candidate",1,FALSE
"Muhammad_Umar_Farooq","Muhammad Umar Farooq","Candidate",1,FALSE
"Muhammad_Usama_Razi_Khan","Muhammad Usama Razi Khan","Candidate",1,FALSE
"Muhammad_Waris","Muhammad Waris","Candidate",1,FALSE
"Muhammad_Yousaf_Khan","Muhammad Yousaf Khan","Candidate",1,FALSE
"Muhammad_Zubair","Muhammad Zubair","Candidate",2,TRUE
"Muhmmad_Mudabbar_Siddique","Muhmmad Mudabbar Siddique","Candidate",1,FALSE
"Mumtaz_Hussain","Mumtaz Hussain","Candidate",1,FALSE
"Munam_Zafar_Khan","Munam Zafar Khan","Candidate",1,FALSE
"Munir_Ahmed_Anjum","Munir Ahmed Anjum","Candidate",1,FALSE
"Mussawair_Shah","Mussawair Shah","Candidate",1,FALSE
"Naeem_Ullah","Naeem Ullah","Candidate",1,FALSE
"Naeem_Ur_Rehman_Khan","Naeem Ur Rehman Khan","Candidate",1,FALSE
"Nageena","Nageena","Candidate",1,FALSE
"Naheem_Ur_Rehman_Khan","Naheem Ur Rehman Khan","Candidate",1,FALSE
"Nasir_Mehmood","Nasir Mehmood","Candidate",2,TRUE
"Naveed_Ali_Baig","Naveed Ali Baig","Candidate",1,FALSE
"Naveed_Iqbal","Naveed Iqbal","Candidate",3,TRUE
"Niaz_Muhammad","Niaz Muhammad","Candidate",3,TRUE
"Noor_Ali","Noor Ali","Candidate",1,FALSE
"Qamar_Zaman_Cheema","Qamar Zaman Cheema","Candidate",1,FALSE
"Qari_Saeed_Ahmad","Qari Saeed Ahmad","Candidate",1,FALSE
"Qasim_Mehmood","Qasim Mehmood","Candidate",1,FALSE
"Raja_Sajid_Sharif","Raja Sajid Sharif","Candidate",1,FALSE
"Rana_Abdul_Waheed","Rana Abdul Waheed","Candidate",1,FALSE
"Rana_Muhammad_Afzal","Rana Muhammad Afzal","Candidate",1,FALSE
"Rana_Muhammad_Sikandar_Azam_Khan","Rana Muhammad Sikandar Azam Khan","Candidate",1,FALSE
"Rasheed_Ahmad","Rasheed Ahmad","Candidate",1,FALSE
"Rashid_Farooq","Rashid Farooq","Candidate",1,FALSE
"Rustam_Ali_Saqi","Rustam Ali Saqi","Candidate",1,FALSE
"Safia_Khanum","Safia Khanum","Candidate",1,FALSE
"Sahibzada_Haroon_u_Rasheed","Sahibzada Haroon u Rasheed","Candidate",1,FALSE
"Saif_Ud_Din","Saif Ud Din","Candidate",1,FALSE
"Saif_Ur_Rehman","Saif Ur Rehman","Candidate",2,TRUE
"Sakeena","Sakeena","Candidate",1,FALSE
"Saleh_Muhammad","Saleh Muhammad","Candidate",2,TRUE
"Salman_Ahmed","Salman Ahmed","Candidate",1,FALSE
"Samina_Saeed","Samina Saeed","Candidate",1,FALSE
"Sardar_Abdul_Razaq","Sardar Abdul Razaq","Candidate",1,FALSE
"Sardar_Karam_Khan","Sardar Karam Khan","Candidate",1,FALSE
"Shafiq_Ahmad_Rouf","Shafiq Ahmad Rouf","Candidate",1,FALSE
"Shakeela","Shakeela","Candidate",1,FALSE
"Shamas_Ur_Rehman","Shamas Ur Rehman","Candidate",1,FALSE
"Sharaf_Ud_Din","Sharaf Ud Din","Candidate",1,FALSE
"Sheikh_Muhammad_Afzaal_Shaheen","Sheikh Muhammad Afzaal Shaheen","Candidate",1,FALSE
"Shiekh_Usman_Farooq","Shiekh Usman Farooq","Candidate",1,FALSE
"Shiraz_Khan_Jadoon","Shiraz Khan Jadoon","Candidate",1,FALSE
"Shoukat_Ali_Bhatti","Shoukat Ali Bhatti","Candidate",1,FALSE
"Siraj_Ul_Haq","Siraj Ul Haq","Candidate",1,FALSE
"Sufi_Khalique_Ahmad_Butt","Sufi Khalique Ahmad Butt","Candidate",1,FALSE
"Sultan_Ahmed_Lashari","Sultan Ahmed Lashari","Candidate",1,FALSE
"Syed_Abdul_Rasheed","Syed Abdul Rasheed","Candidate",1,FALSE
"Syed_Ahmad","Syed Ahmad","Candidate",1,FALSE
"Syed_Arif_Shirazi","Syed Arif Shirazi","Candidate",1,FALSE
"Syed_Ghaffar","Syed Ghaffar","Candidate",1,FALSE
"Syed_Ihsan_Ullah_Waqas","Syed Ihsan Ullah Waqas","Candidate",1,FALSE
"Syed_Tariq_Hussain_Shah_Sherazi","Syed Tariq Hussain Shah Sherazi","Candidate",1,FALSE
"Syed_Umer_Farooq","Syed Umer Farooq","Candidate",1,FALSE
"Syed_Ziaullah_Shah_Bukhari","Syed Ziaullah Shah Bukhari","Candidate",1,FALSE
"Tahir_Majeed","Tahir Majeed","Candidate",1,FALSE
"Tahir_Mehmood_Butt","Tahir Mehmood Butt","Candidate",1,FALSE
"Talib_Jan","Talib Jan","Candidate",1,FALSE
"Tariq_Mateen","Tariq Mateen","Candidate",1,FALSE
"Tasheen","Tasheen","Candidate",1,FALSE
"Tasnim_Khurshid","Tasnim Khurshid","Candidate",1,FALSE
"Tofiq_Ul_Din_Siddiqui","Tofiq Ul Din Siddiqui","Candidate",1,FALSE
"Tohfa_Dastgir_Ahmad","Tohfa Dastgir Ahmad","Candidate",1,FALSE
"Umar_Farooq","Umar Farooq","Candidate",4,TRUE
"Umar_Farooq_Kanju","Umar Farooq Kanju","Candidate",1,FALSE
"Umar_Gul","Umar Gul","Candidate",1,FALSE
"Usman_Ali","Usman Ali","Candidate",2,TRUE
"Zabeeh_Ullah_Balgan","Zabeeh Ullah Balgan","Candidate",1,FALSE
"Zafar_Ali","Zafar Ali","Candidate",1,FALSE
"Zafar_Hussain_Khan","Zafar Hussain Khan","Candidate",1,FALSE
"Zaheer_Babar","Zaheer Babar","Candidate",1,FALSE
"Zaheer_Ud_Din_Jatoi","Zaheer Ud Din Jatoi","Candidate",1,FALSE
"Zubair_Ahmed_Gondal","Zubair Ahmed Gondal","Candidate",1,FALSE
"Zubair_Khadim","Zubair Khadim","Candidate",1,FALSE
"Zulfiqar_Ali_Shah","Zulfiqar Ali Shah","Candidate",2,TRUE
"Zulifqar_Ali_Ahmad","Zulifqar Ali Ahmad","Candidate",1,FALSE
"Abdul_Nazeer","Abdul Nazeer","Candidate",1,FALSE
"Aurang_Sher","Aurang Sher","Candidate",1,FALSE
"Bakhtiar_Ahmed_Maitlo","Bakhtiar Ahmed Maitlo","Candidate",1,FALSE
"Dr_Babur_Zaheer_Uddin","Dr Babur Zaheer Uddin","Candidate",1,FALSE
"Muhammad_Farooq_Ali","Muhammad Farooq Ali","Candidate",1,FALSE
"Muhammad_Sarwar_Bin_Pakistan","Muhammad Sarwar Bin Pakistan","Candidate",1,FALSE
"Muhammad_Yousuf_Nawaz","Muhammad Yousuf Nawaz","Candidate",1,FALSE
"Sarfraz_Ahmed_Chandio","Sarfraz Ahmed Chandio","Candidate",1,FALSE
"Majida_Abro","Majida Abro","Candidate",1,FALSE
"Mir_Abdul_Majid_Abro","Mir Abdul Majid Abro","Candidate",1,FALSE
"Mir_Abdul_Majid_Abroo","Mir Abdul Majid Abroo","Candidate",1,FALSE
"Muhammad_Faiq","Muhammad Faiq","Candidate",1,FALSE
"Abdul_Aziz","Abdul Aziz","Candidate",2,TRUE
"Abdul_Khaliq","Abdul Khaliq","Candidate",4,TRUE
"Abdul_Latif","Abdul Latif","Candidate",2,TRUE
"Abdul_Malik","Abdul Malik","Candidate",2,TRUE
"Abdul_Nabi","Abdul Nabi","Candidate",1,FALSE
"Abdul_Nasir","Abdul Nasir","Candidate",1,FALSE
"Abdul_Qadir_Luni","Abdul Qadir Luni","Candidate",1,FALSE
"Abdul_Sadiq","Abdul Sadiq","Candidate",1,FALSE
"Abdul_Waheed_Khan","Abdul Waheed Khan","Candidate",3,TRUE
"Abdul_Wahid","Abdul Wahid","Candidate",1,FALSE
"Abul_Khair_Muhammad_Zubair","Abul Khair Muhammad Zubair","Candidate",1,FALSE
"Ameer_Ullah","Ameer Ullah","Candidate",1,FALSE
"Arman_Ahmed","Arman Ahmed","Candidate",1,FALSE
"Ashiq_Ali","Ashiq Ali","Candidate",2,TRUE
"Atta_Ullah_Khan","Atta Ullah Khan","Candidate",2,TRUE
"Azizullah_Satakzai","Azizullah Satakzai","Candidate",1,FALSE
"Faaiz_Mehmood","Faaiz Mehmood","Candidate",1,FALSE
"Faiz_Ul_Hassan","Faiz Ul Hassan","Candidate",1,FALSE
"Fazal_Muhammad_Kakar","Fazal Muhammad Kakar","Candidate",1,FALSE
"Ghous_Baksh_Fareed","Ghous Baksh Fareed","Candidate",1,FALSE
"Gul_Naseeb_Khan","Gul Naseeb Khan","Candidate",1,FALSE
"Hafiz_Ahmed_Ali","Hafiz Ahmed Ali","Candidate",1,FALSE
"Hafiz_Muhammad_Muzaffar","Hafiz Muhammad Muzaffar","Candidate",1,FALSE
"Haji_Naseem_Shah","Haji Naseem Shah","Candidate",1,FALSE
"Ishfaq_Ahmad","Ishfaq Ahmad","Candidate",1,FALSE
"Islam_Noor","Islam Noor","Candidate",1,FALSE
"Khalid_Mehmood","Khalid Mehmood","Candidate",3,TRUE
"Khalil_Ahmad","Khalil Ahmad","Candidate",1,FALSE
"m_Ajmal_Qadri","m Ajmal Qadri","Candidate",1,FALSE
"m_Esa","m Esa","Candidate",1,FALSE
"m_Iqbal","m Iqbal","Candidate",1,FALSE
"Mahmood_Ahmed_Qadri","Mahmood Ahmed Qadri","Candidate",1,FALSE
"Malik_Amjad_Kakar","Malik Amjad Kakar","Candidate",1,FALSE
"Maqsood_Ahmed","Maqsood Ahmed","Candidate",2,TRUE
"Mher_Ullah","Mher Ullah","Candidate",1,FALSE
"Mohammad_Ismail_Buledi","Mohammad Ismail Buledi","Candidate",1,FALSE
"Moheb_Ullah","Moheb Ullah","Candidate",1,FALSE
"Mufti_Syed_Zain_Ul_Abidin","Mufti Syed Zain Ul Abidin","Candidate",1,FALSE
"Muhammad_Alam","Muhammad Alam","Candidate",2,TRUE
"Muhammad_Anwar","Muhammad Anwar","Candidate",4,TRUE
"Muhammad_Ayoub","Muhammad Ayoub","Candidate",2,TRUE
"Muhammad_Bashir_Yousaf","Muhammad Bashir Yousaf","Candidate",1,FALSE
"Muhammad_Dawood","Muhammad Dawood","Candidate",1,FALSE
"Muhammad_Hassan","Muhammad Hassan","Candidate",2,TRUE
"Muhammad_Ishtiaq_Khan_Jadoon","Muhammad Ishtiaq Khan Jadoon","Candidate",1,FALSE
"Muhammad_Jamal_Ud_Din","Muhammad Jamal Ud Din","Candidate",2,TRUE
"Muhammad_Jan","Muhammad Jan","Candidate",1,FALSE
"Muhammad_Khalid_Shakir","Muhammad Khalid Shakir","Candidate",1,FALSE
"Muhammad_Maroof","Muhammad Maroof","Candidate",1,FALSE
"Muhammad_Owais_Siddiqui","Muhammad Owais Siddiqui","Candidate",2,TRUE
"Muhammad_Rizwan_Sheikh","Muhammad Rizwan Sheikh","Candidate",1,FALSE
"Muhammad_Sadiq_Serani","Muhammad Sadiq Serani","Candidate",1,FALSE
"Muhammad_Wali_Shah","Muhammad Wali Shah","Candidate",2,TRUE
"Naqeeb_Ullah","Naqeeb Ullah","Candidate",2,TRUE
"Noor_Ahmad_Sial","Noor Ahmad Sial","Candidate",1,FALSE
"Rao_Azmat_Ullah","Rao Azmat Ullah","Candidate",1,FALSE
"Sana_Ullah","Sana Ullah","Candidate",2,TRUE
"Shafi_Ud_Din","Shafi Ud Din","Candidate",1,FALSE
"Shafi_Ullah","Shafi Ullah","Candidate",1,FALSE
"Shaheen_Iqbal","Shaheen Iqbal","Candidate",1,FALSE
"Shuja_Al_Malik","Shuja Al Malik","Candidate",1,FALSE
"Zubair_Ahmad","Zubair Ahmad","Candidate",1,FALSE
"Abd_Ul_Ghafoor","Abd Ul Ghafoor","Candidate",1,FALSE
"Abdul_Haleem","Abdul Haleem","Candidate",1,FALSE
"Abdul_Majeed_Anwar","Abdul Majeed Anwar","Candidate",1,FALSE
"Abdul_Majeed_Hazarvi","Abdul Majeed Hazarvi","Candidate",1,FALSE
"Abdul_Qayoom","Abdul Qayoom","Candidate",1,FALSE
"Abdul_Quyyum","Abdul Quyyum","Candidate",1,FALSE
"Abdul_Salam","Abdul Salam","Candidate",1,FALSE
"Abdul_Samad_Son_of_Muhammad_Yousuf","Abdul Samad Son of Muhammad Yousuf","Candidate",1,FALSE
"Abdul_Wajid_Hussain","Abdul Wajid Hussain","Candidate",1,FALSE
"Abdullah_Ahmed","Abdullah Ahmed","Candidate",1,FALSE
"Abdur_Rahim_Khan","Abdur Rahim Khan","Candidate",1,FALSE
"Abu_Bakar_Brohi","Abu Bakar Brohi","Candidate",1,FALSE
"Adnan_Bin_Abdul_Aziz","Adnan Bin Abdul Aziz","Candidate",1,FALSE
"Agha_Syed_Muhammad_Ayyoob","Agha Syed Muhammad Ayyoob","Candidate",1,FALSE
"Ahmad_Mujeeb_Aslam","Ahmad Mujeeb Aslam","Candidate",1,FALSE
"Ahmed_Naseer","Ahmed Naseer","Candidate",1,FALSE
"Akhunzada_Irfan_Ullah_Shah","Akhunzada Irfan Ullah Shah","Candidate",1,FALSE
"Akram_Khan_Durrani","Akram Khan Durrani","Candidate",1,FALSE
"Allama_Abdul_Raoof_Rabbani","Allama Abdul Raoof Rabbani","Candidate",1,FALSE
"Amanullah_Khan","Amanullah Khan","Candidate",2,TRUE
"Amin_Ullah","Amin Ullah","Candidate",1,FALSE
"Aneela","Aneela","Candidate",1,FALSE
"Arbab_Kamal_Ahmad","Arbab Kamal Ahmad","Candidate",1,FALSE
"Asad_Mahmood","Asad Mahmood","Candidate",1,FALSE
"Asad_Mehmood","Asad Mehmood","Candidate",1,FALSE
"Asghar_Ali_Nasir","Asghar Ali Nasir","Candidate",1,FALSE
"Asjad_Mahmood","Asjad Mahmood","Candidate",1,FALSE
"Asmat_Ullah","Asmat Ullah","Candidate",1,FALSE
"Attaul_Haq","Attaul Haq","Candidate",1,FALSE
"Azam_Khan","Azam Khan","Candidate",1,FALSE
"Ch_Waseem_Ahmed","Ch Waseem Ahmed","Candidate",1,FALSE
"Engineer_Tahir_Iqbal_Orakzai","Engineer Tahir Iqbal Orakzai","Candidate",1,FALSE
"Fakharul_Hassan","Fakharul Hassan","Candidate",1,FALSE
"Farooq_Hussain_Shah","Farooq Hussain Shah","Candidate",1,FALSE
"Fazal_Ali","Fazal Ali","Candidate",1,FALSE
"Fazal_Ur_Rehman","Fazal Ur Rehman","Candidate",1,FALSE
"Fazlullah","Fazlullah","Candidate",1,FALSE
"Ghulam_Mohammad_Sadiq","Ghulam Mohammad Sadiq","Candidate",1,FALSE
"Ghulam_Qadir","Ghulam Qadir","Candidate",4,TRUE
"Gohar_Ali","Gohar Ali","Candidate",1,FALSE
"Gohar_Mohammad_Khan_Bangesh","Gohar Mohammad Khan Bangesh","Candidate",1,FALSE
"Gohar_Muhammad_Khan_Bangash","Gohar Muhammad Khan Bangash","Candidate",1,FALSE
"Hafiz_Abdul_Qadeer","Hafiz Abdul Qadeer","Candidate",1,FALSE
"Hafiz_Abdul_Razzak","Hafiz Abdul Razzak","Candidate",1,FALSE
"Hafiz_Abdul_Wadood","Hafiz Abdul Wadood","Candidate",1,FALSE
"Hafiz_Hamdullah","Hafiz Hamdullah","Candidate",1,FALSE
"Hafiz_Mahmood_Ul_Hassan","Hafiz Mahmood Ul Hassan","Candidate",1,FALSE
"Hafiz_Muhammad_Afzaal","Hafiz Muhammad Afzaal","Candidate",1,FALSE
"Hafiz_Muhammad_Azam","Hafiz Muhammad Azam","Candidate",1,FALSE
"Hafiz_Muhammad_Jameel_Ahmed","Hafiz Muhammad Jameel Ahmed","Candidate",1,FALSE
"Hafiz_Muhammad_Saeed","Hafiz Muhammad Saeed","Candidate",1,FALSE
"Hafiz_Muhammad_Zubair","Hafiz Muhammad Zubair","Candidate",1,FALSE
"Hafiz_Shahzad_Bashir","Hafiz Shahzad Bashir","Candidate",1,FALSE
"Haider_Ali_Khan","Haider Ali Khan","Candidate",2,TRUE
"Hajan_Khan_Leghari","Hajan Khan Leghari","Candidate",1,FALSE
"Haji_Abdul_Rasheed_Khan_Bhatti","Haji Abdul Rasheed Khan Bhatti","Candidate",1,FALSE
"Haji_Ghulam_Ali","Haji Ghulam Ali","Candidate",1,FALSE
"Haji_Ghulam_Qadir_Noohani","Haji Ghulam Qadir Noohani","Candidate",2,TRUE
"Haji_Mangey_Khan_Rahija","Haji Mangey Khan Rahija","Candidate",1,FALSE
"Haji_Manzoor_Ahmed_Mengal","Haji Manzoor Ahmed Mengal","Candidate",1,FALSE
"Hakeem_Muhammad_Asaad","Hakeem Muhammad Asaad","Candidate",1,FALSE
"Hameed_Ullah_Jan_Afridi","Hameed Ullah Jan Afridi","Candidate",1,FALSE
"Hidayat_Ur_Rehman","Hidayat Ur Rehman","Candidate",1,FALSE
"Ihsan_Ul_Haq","Ihsan Ul Haq","Candidate",1,FALSE
"Ijaz_Ul_Haq","Ijaz Ul Haq","Candidate",1,FALSE
"Ilhaj_Pervaiz_Khan_Khattak","Ilhaj Pervaiz Khan Khattak","Candidate",1,FALSE
"Imdad_Ullah_Yousafzai","Imdad Ullah Yousafzai","Candidate",1,FALSE
"Ishfaq_Ullah_Khan","Ishfaq Ullah Khan","Candidate",1,FALSE
"Kaleem_Ullah_Khan","Kaleem Ullah Khan","Candidate",1,FALSE
"Khalid_Mahmood","Khalid Mahmood","Candidate",2,TRUE
"Khalid_Mobeen","Khalid Mobeen","Candidate",1,FALSE
"Khalid_Waleed","Khalid Waleed","Candidate",1,FALSE
"Kifayat_Ullah","Kifayat Ullah","Candidate",1,FALSE
"Liaq_Muhammad_Khan","Liaq Muhammad Khan","Candidate",1,FALSE
"Makhdoom_Zada_Syed_Muhammad_Zakaria_Shah","Makhdoom Zada Syed Muhammad Zakaria Shah","Candidate",1,FALSE
"Malik_Gulfraz_Ahmad_Faraz","Malik Gulfraz Ahmad Faraz","Candidate",1,FALSE
"Malik_Naveed_Ahmed_Advocate","Malik Naveed Ahmed Advocate","Candidate",1,FALSE
"Malik_Qadir_Bukhsh","Malik Qadir Bukhsh","Candidate",1,FALSE
"Malik_Sikandar_Khan","Malik Sikandar Khan","Candidate",2,TRUE
"Malik_Zafar_Borrana_Sahab","Malik Zafar Borrana Sahab","Candidate",1,FALSE
"Maulana_Abdul_Ghafar_Tauhadi","Maulana Abdul Ghafar Tauhadi","Candidate",1,FALSE
"Maulana_Abdullah_Ahmad","Maulana Abdullah Ahmad","Candidate",1,FALSE
"Maulana_Abdur_Rashid","Maulana Abdur Rashid","Candidate",1,FALSE
"Maulana_Fazal_Ur_Rehman","Maulana Fazal Ur Rehman","Candidate",2,TRUE
"Maulana_Fazli_Azeem","Maulana Fazli Azeem","Candidate",1,FALSE
"Maulana_Haleem_Ur_Rahman","Maulana Haleem Ur Rahman","Candidate",1,FALSE
"Maulana_Mian_Hussain_Jalali","Maulana Mian Hussain Jalali","Candidate",2,TRUE
"Maulana_Muhammad_Gohar_Shah","Maulana Muhammad Gohar Shah","Candidate",1,FALSE
"Maulana_Nizam_Ud_Din","Maulana Nizam Ud Din","Candidate",1,FALSE
"Maulana_Shirin_Muhammad","Maulana Shirin Muhammad","Candidate",1,FALSE
"Maulvi_Mohammad_Abdullah_Jatak","Maulvi Mohammad Abdullah Jatak","Candidate",1,FALSE
"Mehboobullah_Jan_Baqi","Mehboobullah Jan Baqi","Candidate",1,FALSE
"Mian_Muhammad_Asif","Mian Muhammad Asif","Candidate",2,TRUE
"Mir_Baz_Muhammad_Marri","Mir Baz Muhammad Marri","Candidate",1,FALSE
"Mir_Hussain","Mir Hussain","Candidate",1,FALSE
"Misbah_Ud_Din_Wald_e_Ahmad_Din","Misbah Ud Din Wald e Ahmad Din","Candidate",1,FALSE
"Misbahul_Alam","Misbahul Alam","Candidate",1,FALSE
"Mohammad_Akram_Khan","Mohammad Akram Khan","Candidate",1,FALSE
"Mohammad_Ibrahim_Jatol","Mohammad Ibrahim Jatol","Candidate",1,FALSE
"Molana_Abdul_Ghafoor_Haideri","Molana Abdul Ghafoor Haideri","Candidate",1,FALSE
"Molana_Ameer_Zaman","Molana Ameer Zaman","Candidate",1,FALSE
"Molana_Fazal_Ur_Rehman","Molana Fazal Ur Rehman","Candidate",1,FALSE
"Molana_Muhammad_Gohar_Shah","Molana Muhammad Gohar Shah","Candidate",1,FALSE
"Molana_Muhammad_Iqbal_Rasheed","Molana Muhammad Iqbal Rasheed","Candidate",1,FALSE
"Molana_Muhammad_Sabir_Aarfi","Molana Muhammad Sabir Aarfi","Candidate",1,FALSE
"Molana_Qamar_Din","Molana Qamar Din","Candidate",1,FALSE
"Mollana_Ghulam_Qadir_Qasmi","Mollana Ghulam Qadir Qasmi","Candidate",1,FALSE
"Molvi_Mohammad_Ishaque_Laghari","Molvi Mohammad Ishaque Laghari","Candidate",1,FALSE
"Molvi_Muhammad_Saleh_Alhadad","Molvi Muhammad Saleh Alhadad","Candidate",1,FALSE
"Moulana_Abdul_Ghafoor_Haideri","Moulana Abdul Ghafoor Haideri","Candidate",1,FALSE
"Moulana_Abdul_Malik","Moulana Abdul Malik","Candidate",1,FALSE
"Moulana_Abdul_Naeem_Nomani","Moulana Abdul Naeem Nomani","Candidate",1,FALSE
"Moulana_Abdullah_Pahore","Moulana Abdullah Pahore","Candidate",2,TRUE
"Moulana_Hafiz_Sana_Ullah","Moulana Hafiz Sana Ullah","Candidate",1,FALSE
"Moulana_Mohammad_Khan_Sherani","Moulana Mohammad Khan Sherani","Candidate",1,FALSE
"Moulana_Muhammad_Yakoob_Mahar","Moulana Muhammad Yakoob Mahar","Candidate",1,FALSE
"Moulana_Noor_Ul_Haq","Moulana Noor Ul Haq","Candidate",1,FALSE
"Moulvi_Agha_Muhammad","Moulvi Agha Muhammad","Candidate",1,FALSE
"Mualana_Muhammad_Qasim","Mualana Muhammad Qasim","Candidate",1,FALSE
"Mufti_Abdul_Shakoor","Mufti Abdul Shakoor","Candidate",1,FALSE
"Mufti_Faizul_Haq","Mufti Faizul Haq","Candidate",1,FALSE
"Mufti_Kifayat_Ullah","Mufti Kifayat Ullah","Candidate",1,FALSE
"Mufti_Nazir_Ahmed_Umrani","Mufti Nazir Ahmed Umrani","Candidate",1,FALSE
"Mufti_Taj_Ud_Din_Rabani","Mufti Taj Ud Din Rabani","Candidate",1,FALSE
"Muhammad_Abdullah","Muhammad Abdullah","Candidate",1,FALSE
"Muhammad_Afzal","Muhammad Afzal","Candidate",3,TRUE
"Muhammad_Akbar_Tabani","Muhammad Akbar Tabani","Candidate",1,FALSE
"Muhammad_Arif_Wald_Meer_Azam_Khan","Muhammad Arif Wald Meer Azam Khan","Candidate",1,FALSE
"Muhammad_Ayaz_Chaudhary","Muhammad Ayaz Chaudhary","Candidate",1,FALSE
"Muhammad_Ayub","Muhammad Ayub","Candidate",1,FALSE
"Muhammad_Hafeezur_Rahman","Muhammad Hafeezur Rahman","Candidate",1,FALSE
"Muhammad_Nabi","Muhammad Nabi","Candidate",1,FALSE
"Muhammad_Naseef_Awan","Muhammad Naseef Awan","Candidate",1,FALSE
"Muhammad_Nasrullah","Muhammad Nasrullah","Candidate",2,TRUE
"Muhammad_Rafique_Abid_Alwi","Muhammad Rafique Abid Alwi","Candidate",1,FALSE
"Muhammad_Riaz_Shaheen","Muhammad Riaz Shaheen","Candidate",1,FALSE
"Muhammad_Saeed_Jan","Muhammad Saeed Jan","Candidate",1,FALSE
"Muhammad_Safdar","Muhammad Safdar","Candidate",1,FALSE
"Muhammad_Safi_Ullah","Muhammad Safi Ullah","Candidate",1,FALSE
"Muhammad_Saleh_Indhar","Muhammad Saleh Indhar","Candidate",1,FALSE
"Muhammad_Sardar","Muhammad Sardar","Candidate",1,FALSE
"Muhammad_Shah_Zaman","Muhammad Shah Zaman","Candidate",1,FALSE
"Muhammad_Sharif_Sadwani_Mazari","Muhammad Sharif Sadwani Mazari","Candidate",1,FALSE
"Muhammad_Sher_Khan","Muhammad Sher Khan","Candidate",2,TRUE
"Muhammad_Sufyan_Muavia","Muhammad Sufyan Muavia","Candidate",1,FALSE
"Muhammad_Tahir_Siddique","Muhammad Tahir Siddique","Candidate",1,FALSE
"Muhammad_Talha_Mahmood","Muhammad Talha Mahmood","Candidate",1,FALSE
"Muhammad_Usman_Badini","Muhammad Usman Badini","Candidate",1,FALSE
"Muhammad_Uzair_Jagirani","Muhammad Uzair Jagirani","Candidate",1,FALSE
"Muhammad_Yousaf","Muhammad Yousaf","Candidate",5,TRUE
"Muhammad_Zakriya","Muhammad Zakriya","Candidate",1,FALSE
"Muhammad_Zia_Ul_Haq","Muhammad Zia Ul Haq","Candidate",2,TRUE
"Muhammad_Zubair_Abbasi","Muhammad Zubair Abbasi","Candidate",1,FALSE
"Mulana_Ain_u_Din_Shaker","Mulana Ain u Din Shaker","Candidate",1,FALSE
"Mulana_Muhammad_Abdul_Majeed_Farooqe","Mulana Muhammad Abdul Majeed Farooqe","Candidate",1,FALSE
"Musammir_Shah","Musammir Shah","Candidate",1,FALSE
"Mushtaq_Ahmad","Mushtaq Ahmad","Candidate",1,FALSE
"Nasir_Khan","Nasir Khan","Candidate",2,TRUE
"Nasir_Mahmood","Nasir Mahmood","Candidate",2,TRUE
"Niyaz_Ali","Niyaz Ali","Candidate",1,FALSE
"Nizam_Din","Nizam Din","Candidate",1,FALSE
"Nizam_Ud_Din_Lehri","Nizam Ud Din Lehri","Candidate",1,FALSE
"Nizamuddin","Nizamuddin","Candidate",1,FALSE
"Noor_Alam_Khan","Noor Alam Khan","Candidate",2,TRUE
"Noor_Muhammad","Noor Muhammad","Candidate",2,TRUE
"Noor_Muhammad_Shah","Noor Muhammad Shah","Candidate",1,FALSE
"Obaid_Ullah","Obaid Ullah","Candidate",1,FALSE
"Obaid_Ur_Rehman","Obaid Ur Rehman","Candidate",1,FALSE
"Pir_Muhammad_Aqal_Shah","Pir Muhammad Aqal Shah","Candidate",1,FALSE
"Pir_Syed_Alamzeb_Shah","Pir Syed Alamzeb Shah","Candidate",1,FALSE
"Qaiser_Khan","Qaiser Khan","Candidate",1,FALSE
"Qari_Abdul_Aziz","Qari Abdul Aziz","Candidate",1,FALSE
"Qari_Attique_Ur_Rehman","Qari Attique Ur Rehman","Candidate",1,FALSE
"Qari_Khalil_Ur_Rehman","Qari Khalil Ur Rehman","Candidate",1,FALSE
"Qari_Mohammad_Yousif","Qari Mohammad Yousif","Candidate",1,FALSE
"Qari_Muhammad_Safdar_Javed","Qari Muhammad Safdar Javed","Candidate",1,FALSE
"Qari_Muhammad_Shair_Ali","Qari Muhammad Shair Ali","Candidate",1,FALSE
"Rahat_Hussain","Rahat Hussain","Candidate",2,TRUE
"Raheem_Ullah","Raheem Ullah","Candidate",1,FALSE
"Rashid_Ahmad_Khan","Rashid Ahmad Khan","Candidate",1,FALSE
"Rashid_Mahmood_Soomro","Rashid Mahmood Soomro","Candidate",1,FALSE
"Rashid_Mehmood_Soomro","Rashid Mehmood Soomro","Candidate",1,FALSE
"Saad_Sultan","Saad Sultan","Candidate",1,FALSE
"Saeed_Ahmad_Awan","Saeed Ahmad Awan","Candidate",1,FALSE
"Safeer_Alam","Safeer Alam","Candidate",1,FALSE
"Sahabzada_Hafiz_Aziz_Ur_Rehman_Darkhuwasti","Sahabzada Hafiz Aziz Ur Rehman Darkhuwasti","Candidate",1,FALSE
"Saida_Jan","Saida Jan","Candidate",1,FALSE
"Saif_Ullah_Saifi","Saif Ullah Saifi","Candidate",1,FALSE
"Saif_Ur_Rehman_Rashidi","Saif Ur Rehman Rashidi","Candidate",1,FALSE
"Saifullah_Khalid","Saifullah Khalid","Candidate",1,FALSE
"Sajjad_Ahmad","Sajjad Ahmad","Candidate",3,TRUE
"Salah_Ud_Din","Salah Ud Din","Candidate",1,FALSE
"Salahuddin_","Salahuddin,","Candidate",1,FALSE
"Saleem_Ullah","Saleem Ullah","Candidate",1,FALSE
"Sardar_Ibrar_Khan","Sardar Ibrar Khan","Candidate",1,FALSE
"Sardar_Meer_Badshah_Khan_Qaisrani","Sardar Meer Badshah Khan Qaisrani","Candidate",2,TRUE
"Shafqat_Rehman","Shafqat Rehman","Candidate",1,FALSE
"Shah_Abdul_Aziz","Shah Abdul Aziz","Candidate",2,TRUE
"Shahzane_Khan","Shahzane Khan","Candidate",1,FALSE
"Shamsuddin","Shamsuddin","Candidate",1,FALSE
"Shuja_Ul_Mulk","Shuja Ul Mulk","Candidate",1,FALSE
"Siraj_Ud_Din","Siraj Ud Din","Candidate",1,FALSE
"Sultan_Ahmad","Sultan Ahmad","Candidate",1,FALSE
"Syed_Abdul_Wadood_Azad","Syed Abdul Wadood Azad","Candidate",1,FALSE
"Syed_Haroon_Sultan_Bukhari","Syed Haroon Sultan Bukhari","Candidate",1,FALSE
"Syed_Muhammad_Athar","Syed Muhammad Athar","Candidate",1,FALSE
"Syed_Qasim_Shah","Syed Qasim Shah","Candidate",1,FALSE
"Syed_Sami_Ullah","Syed Sami Ullah","Candidate",1,FALSE
"Tanveer_Rasool_Qureshi","Tanveer Rasool Qureshi","Candidate",1,FALSE
"Tariq_Sultan","Tariq Sultan","Candidate",1,FALSE
"Tipu_Sultan","Tipu Sultan","Candidate",1,FALSE
"Umer_Ali","Umer Ali","Candidate",1,FALSE
"Zafarullah_Khan_Gichki","Zafarullah Khan Gichki","Candidate",1,FALSE
"Zahid_Akram_Durrani","Zahid Akram Durrani","Candidate",1,FALSE
"Zia_Ur_Rehman_Tamimi","Zia Ur Rehman Tamimi","Candidate",1,FALSE
"Dad_Muhammad","Dad Muhammad","Candidate",1,FALSE
"Ghulam_Hyder_Jakhro","Ghulam Hyder Jakhro","Candidate",1,FALSE
"Hafiz_Fazal_Muhammad_Barech","Hafiz Fazal Muhammad Barech","Candidate",1,FALSE
"Haji_Molvi_Muhammad_Hanif","Haji Molvi Muhammad Hanif","Candidate",1,FALSE
"Malik_Abdul_Qayum_Kakar","Malik Abdul Qayum Kakar","Candidate",1,FALSE
"Mohammad_Nawaz_Katoher","Mohammad Nawaz Katoher","Candidate",1,FALSE
"Molana_Abdul_Qadir_Luni","Molana Abdul Qadir Luni","Candidate",1,FALSE
"Mollana_Mehmood_Ul_Hassan_Qasmi","Mollana Mehmood Ul Hassan Qasmi","Candidate",1,FALSE
"Moulana_Asmatullah","Moulana Asmatullah","Candidate",1,FALSE
"Muhammad_Nazeer","Muhammad Nazeer","Candidate",1,FALSE
"Qari_Nazir_Ahmed","Qari Nazir Ahmed","Candidate",1,FALSE
"Sardarzada_Mir_Saeed_Ahmed_Langove","Sardarzada Mir Saeed Ahmed Langove","Candidate",1,FALSE
"Ubaid_Ur_Rehman","Ubaid Ur Rehman","Candidate",1,FALSE
"Bakht_Zar","Bakht Zar","Candidate",1,FALSE
"Muhammad_Asad_Thaniwi_","Muhammad Asad Thaniwi.","Candidate",1,FALSE
"Muhammad_Tahir_Makhdoom","Muhammad Tahir Makhdoom","Candidate",2,TRUE
"Rana_Zia_Ahmed_Farooqi_Advocate","Rana Zia Ahmed Farooqi Advocate","Candidate",1,FALSE
"Zaheer_Ud_Din_Bader","Zaheer Ud Din Bader","Candidate",1,FALSE
"Fakhar_Ul_Din","Fakhar Ul Din","Candidate",1,FALSE
"Fathe_Muhammad","Fathe Muhammad","Candidate",1,FALSE
"Ghazanfar_Aziz","Ghazanfar Aziz","Candidate",1,FALSE
"Hussain_Ahmed_Madni","Hussain Ahmed Madni","Candidate",1,FALSE
"Muhammad_Tasadduq","Muhammad Tasadduq","Candidate",1,FALSE
"Naseer_Ahmed_Kakar","Naseer Ahmed Kakar","Candidate",2,TRUE
"Noor_Alam","Noor Alam","Candidate",1,FALSE
"Saddam_Ul_Haq","Saddam Ul Haq","Candidate",1,FALSE
"Zia_Ur_Rehman_Amazai","Zia Ur Rehman Amazai","Candidate",1,FALSE
"Abu_Khair_Muhammad_Zubair","Abu Khair Muhammad Zubair","Candidate",1,FALSE
"Abul_Khair_Mohammad_Zubair","Abul Khair Mohammad Zubair","Candidate",1,FALSE
"Akhtar_Hussain_Gil","Akhtar Hussain Gil","Candidate",1,FALSE
"Allama_Muhammad_Yaqoob","Allama Muhammad Yaqoob","Candidate",1,FALSE
"Badshah_Muain","Badshah Muain","Candidate",1,FALSE
"Chaudhary_Tariq_Maqsood_Sahi","Chaudhary Tariq Maqsood Sahi","Candidate",1,FALSE
"Doctor_Muhammad_Aslam_Javaid_Awan","Doctor Muhammad Aslam Javaid Awan","Candidate",1,FALSE
"Ghulam_Hussain_Farooqi","Ghulam Hussain Farooqi","Candidate",1,FALSE
"Hafiz_Ahmed_Ali_Abbasi","Hafiz Ahmed Ali Abbasi","Candidate",1,FALSE
"Hafiz_Munawar_Hussain","Hafiz Munawar Hussain","Candidate",1,FALSE
"Hafiz_Saeed_Ahmed","Hafiz Saeed Ahmed","Candidate",1,FALSE
"Jan_Muhammad_Jat","Jan Muhammad Jat","Candidate",1,FALSE
"Khalid_Mahmood_Akhtar_Jajja","Khalid Mahmood Akhtar Jajja","Candidate",1,FALSE
"Malik_Bashir_Ahmad_Nizami","Malik Bashir Ahmad Nizami","Candidate",1,FALSE
"Mehmood_Ahmad","Mehmood Ahmad","Candidate",1,FALSE
"Mir_Maqbool_Ahmed_Khosa","Mir Maqbool Ahmed Khosa","Candidate",1,FALSE
"Mirza_Mukhtar_Ali_Khan","Mirza Mukhtar Ali Khan","Candidate",1,FALSE
"Mohammad_Jaffar","Mohammad Jaffar","Candidate",1,FALSE
"Molana_Miraj_Ud_Din_Sirkani","Molana Miraj Ud Din Sirkani","Candidate",1,FALSE
"Molvi_Muhammad_Qasim","Molvi Muhammad Qasim","Candidate",1,FALSE
"Mufti_Abdul_Shakoor_Rizvi","Mufti Abdul Shakoor Rizvi","Candidate",1,FALSE
"Muhammad_Awais_Siddiqi","Muhammad Awais Siddiqi","Candidate",1,FALSE
"Muhammad_Fayaz","Muhammad Fayaz","Candidate",1,FALSE
"Muhammad_Sajjad_Ali_Hamdi","Muhammad Sajjad Ali Hamdi","Candidate",1,FALSE
"Muhammad_Siddiq_Rathore","Muhammad Siddiq Rathore","Candidate",1,FALSE
"Muhammad_Tassaduq_Hussain","Muhammad Tassaduq Hussain","Candidate",1,FALSE
"Muhammad_Younus","Muhammad Younus","Candidate",1,FALSE
"Niaz_Muhammad_Chandio","Niaz Muhammad Chandio","Candidate",1,FALSE
"Pir_Muhammad_Saeed_Ahmad_Nuqshbandi","Pir Muhammad Saeed Ahmad Nuqshbandi","Candidate",1,FALSE
"Pir_Syed","Pir Syed","Candidate",1,FALSE
"Qari_Hafiz_Muhammad_Zawar_Bahadar","Qari Hafiz Muhammad Zawar Bahadar","Candidate",1,FALSE
"Qazi_Shehzada_Sultan_Ul_Haq","Qazi Shehzada Sultan Ul Haq","Candidate",1,FALSE
"Rajab_Ali","Rajab Ali","Candidate",2,TRUE
"Rao_Azmat_Ullah_Khan","Rao Azmat Ullah Khan","Candidate",1,FALSE
"Rashid_Imran_Khan","Rashid Imran Khan","Candidate",1,FALSE
"Saeed_Ur_Rehman","Saeed Ur Rehman","Candidate",2,TRUE
"Seikh_Muhammad_Akram","Seikh Muhammad Akram","Candidate",1,FALSE
"Shad_Mohammad_Khan","Shad Mohammad Khan","Candidate",1,FALSE
"Shah_Muhammad_Owais_Noorani","Shah Muhammad Owais Noorani","Candidate",1,FALSE
"Syed_Asghar_Ali_Shah","Syed Asghar Ali Shah","Candidate",2,TRUE
"Tauqeer_Ahmed_Bajwa","Tauqeer Ahmed Bajwa","Candidate",1,FALSE
"Wahid_Ali_Naqshband","Wahid Ali Naqshband","Candidate",1,FALSE
"Syed_Nadeem_Anjum","Syed Nadeem Anjum","Candidate",1,FALSE
"Abdul_Basit","Abdul Basit","Candidate",1,FALSE
"Ghulam_Rasool","Ghulam Rasool","Candidate",4,TRUE
"Gul_Muhammad","Gul Muhammad","Candidate",1,FALSE
"Hazoor_Baksh","Hazoor Baksh","Candidate",1,FALSE
"Ijaz_Ahmad","Ijaz Ahmad","Candidate",1,FALSE
"Ikhtiar_Ahmed","Ikhtiar Ahmed","Candidate",1,FALSE
"Mir_Muhammad_Ali_Reki_Baloch","Mir Muhammad Ali Reki Baloch","Candidate",1,FALSE
"Muhammad_Farooq_Rajput","Muhammad Farooq Rajput","Candidate",1,FALSE
"Muhammad_Jawad","Muhammad Jawad","Candidate",1,FALSE
"Nawab_Zada_Shahzain","Nawab Zada Shahzain","Candidate",1,FALSE
"Nawabzada_Shazain_Bugti","Nawabzada Shazain Bugti","Candidate",1,FALSE
"Nawabzada_Talal_Akbar_Bughti","Nawabzada Talal Akbar Bughti","Candidate",1,FALSE
"Nawabzada_Talal_Akbar_Bugti","Nawabzada Talal Akbar Bugti","Candidate",1,FALSE
"Rana_Umar_Nazir_Ahmad_Khan","Rana Umar Nazir Ahmad Khan","Candidate",1,FALSE
"Sardar_Zia_Ul_Haq","Sardar Zia Ul Haq","Candidate",1,FALSE
"Shah_Wali","Shah Wali","Candidate",1,FALSE
"Syed_Faisal_Imam","Syed Faisal Imam","Candidate",2,TRUE
"Talal_Akbar_Bugti","Talal Akbar Bugti","Candidate",1,FALSE
"Khalil_Ur_Rehman","Khalil Ur Rehman","Candidate",2,TRUE
"Muhammad_Arshad","Muhammad Arshad","Candidate",3,TRUE
"Aizaz_Haider","Aizaz Haider","Candidate",1,FALSE
"Baqa_Muhammad","Baqa Muhammad","Candidate",1,FALSE
"Ahmed_Noonari","Ahmed Noonari","Candidate",1,FALSE
"Zeeshan","Zeeshan","Candidate",1,FALSE
"Muhammad_Tahir_Khan","Muhammad Tahir Khan","Candidate",2,TRUE
"Meer_Rab_Nawaz_Khan","Meer Rab Nawaz Khan","Candidate",1,FALSE
"Abdul_Hai_Sheikh_Qari_Sahab","Abdul Hai Sheikh Qari Sahab","Candidate",1,FALSE
"Abdul_Hakam","Abdul Hakam","Candidate",1,FALSE
"Abdul_Hanan","Abdul Hanan","Candidate",1,FALSE
"Abdul_Khaliq_Rehmani","Abdul Khaliq Rehmani","Candidate",2,TRUE
"Abdul_Rasheed","Abdul Rasheed","Candidate",3,TRUE
"Amanullah_Usmani","Amanullah Usmani","Candidate",1,FALSE
"Anus_Bin_Malik","Anus Bin Malik","Candidate",1,FALSE
"Asghar_Ali_Abbasi","Asghar Ali Abbasi","Candidate",1,FALSE
"Atta_Ullah","Atta Ullah","Candidate",1,FALSE
"Bashir_Ahmad","Bashir Ahmad","Candidate",1,FALSE
"Bilal_Ahmed","Bilal Ahmed","Candidate",1,FALSE
"Chand_Faisal","Chand Faisal","Candidate",1,FALSE
"Faridullah","Faridullah","Candidate",1,FALSE
"Fiaz_Ur_Rehman_Siddiqui","Fiaz Ur Rehman Siddiqui","Candidate",1,FALSE
"Ghulam_Muhammad","Ghulam Muhammad","Candidate",2,TRUE
"Gul_Wazir_Shaheen","Gul Wazir Shaheen","Candidate",1,FALSE
"Habibullah_Mukhtiar","Habibullah Mukhtiar","Candidate",1,FALSE
"Hafeezullah_Chandio","Hafeezullah Chandio","Candidate",1,FALSE
"Hafiz_Asim_Makdoom","Hafiz Asim Makdoom","Candidate",1,FALSE
"Hafiz_Manzoor_Ahmed_Solangi","Hafiz Manzoor Ahmed Solangi","Candidate",1,FALSE
"Hafiz_Mohammad_Akber","Hafiz Mohammad Akber","Candidate",1,FALSE
"Hafiz_Muhammad_Hanif_Usmani","Hafiz Muhammad Hanif Usmani","Candidate",1,FALSE
"Hafiz_Muhammad_Safdar_Qasmi","Hafiz Muhammad Safdar Qasmi","Candidate",1,FALSE
"Hafiz_Orangzaib","Hafiz Orangzaib","Candidate",1,FALSE
"Hafiz_Qudratullah_Arif_Khan","Hafiz Qudratullah Arif Khan","Candidate",1,FALSE
"Hafiz_Rana_Muhammad_Usman_Shakar","Hafiz Rana Muhammad Usman Shakar","Candidate",1,FALSE
"Hakeem_Jameel_Asghar_Khizri","Hakeem Jameel Asghar Khizri","Candidate",1,FALSE
"Hakeem_Muhammad_Sadique","Hakeem Muhammad Sadique","Candidate",1,FALSE
"Imdad_Ali","Imdad Ali","Candidate",2,TRUE
"Ishtiaq_Ahmad","Ishtiaq Ahmad","Candidate",1,FALSE
"Khalifa_Abdul_Qayyum","Khalifa Abdul Qayyum","Candidate",1,FALSE
"Khwaja_Muhammad","Khwaja Muhammad","Candidate",1,FALSE
"Mahar_Ghulam_Shabir","Mahar Ghulam Shabir","Candidate",1,FALSE
"Maulana_Rasheed_Ahmad","Maulana Rasheed Ahmad","Candidate",1,FALSE
"Maulana_Umar_Farooq_Saddiqui","Maulana Umar Farooq Saddiqui","Candidate",1,FALSE
"Mohammad_Ramzan_Malik_Mdm","Mohammad Ramzan Malik Mdm","Candidate",1,FALSE
"Mohammad_Tayyab","Mohammad Tayyab","Candidate",1,FALSE
"Molana_Abdul_Waheed","Molana Abdul Waheed","Candidate",1,FALSE
"Molana_Hamid_Ul_Haq_Haqqani","Molana Hamid Ul Haq Haqqani","Candidate",1,FALSE
"Molana_Hidayat_Ullah_Khan_Chishti","Molana Hidayat Ullah Khan Chishti","Candidate",1,FALSE
"Molana_Iftikhar_Ahmed","Molana Iftikhar Ahmed","Candidate",1,FALSE
"Molana_Muhammad_Ahmad_Ludhianvi","Molana Muhammad Ahmad Ludhianvi","Candidate",1,FALSE
"Molana_Muhammad_Bilal_Umer","Molana Muhammad Bilal Umer","Candidate",1,FALSE
"Molana_Taj_Muhammad_Hanfi","Molana Taj Muhammad Hanfi","Candidate",1,FALSE
"Mollana_Abdul_Kabeer_Shahkir","Mollana Abdul Kabeer Shahkir","Candidate",1,FALSE
"Molvi_Abdul_Hai","Molvi Abdul Hai","Candidate",1,FALSE
"Mr_ayoub_Chandio","Mr.ayoub Chandio","Candidate",1,FALSE
"Muhammad_Arfan_Siddiquei_Advocate","Muhammad Arfan Siddiquei Advocate","Candidate",1,FALSE
"Muhammad_Ashiq_Khan","Muhammad Ashiq Khan","Candidate",1,FALSE
"Muhammad_Aslam_Siddiqui","Muhammad Aslam Siddiqui","Candidate",1,FALSE
"Muhammad_Basir_Sikhan_Advocate","Muhammad Basir Sikhan Advocate","Candidate",1,FALSE
"Muhammad_Hayat_Muhammad_Hassani","Muhammad Hayat Muhammad Hassani","Candidate",1,FALSE
"Muhammad_Ibrahim_Qasmi","Muhammad Ibrahim Qasmi","Candidate",1,FALSE
"Muhammad_Iqbal_Jutt","Muhammad Iqbal Jutt","Candidate",1,FALSE
"Muhammad_Muhsan_Rahmani","Muhammad Muhsan Rahmani","Candidate",1,FALSE
"Muhammad_Naseem_Khan","Muhammad Naseem Khan","Candidate",1,FALSE
"Muhammad_Sarwar","Muhammad Sarwar","Candidate",1,FALSE
"Mulana_Muhammad_Asif_Moavia_Sial","Mulana Muhammad Asif Moavia Sial","Candidate",1,FALSE
"Qari_Abdul_Majeed","Qari Abdul Majeed","Candidate",1,FALSE
"Qari_Abdul_Majeed_Pitafi","Qari Abdul Majeed Pitafi","Candidate",1,FALSE
"Qari_Asghar_Ali","Qari Asghar Ali","Candidate",1,FALSE
"Qari_Faqir_Mohammad_Hazarvi","Qari Faqir Mohammad Hazarvi","Candidate",1,FALSE
"Qari_Hussain_Ahmad_Shad","Qari Hussain Ahmad Shad","Candidate",1,FALSE
"Qazi_Naeem_Akhtar","Qazi Naeem Akhtar","Candidate",1,FALSE
"Qazi_Saif_Ullah_Khan","Qazi Saif Ullah Khan","Candidate",1,FALSE
"Qudratullah_Rajput","Qudratullah Rajput","Candidate",1,FALSE
"Raheem_Bukhsh","Raheem Bukhsh","Candidate",1,FALSE
"Rana_Hafiz_Abdul_Jabbar_Muavia","Rana Hafiz Abdul Jabbar Muavia","Candidate",1,FALSE
"Rao_Habib_Ur_Rehman","Rao Habib Ur Rehman","Candidate",1,FALSE
"Rao_Muhammad_Javaid_Iqbal","Rao Muhammad Javaid Iqbal","Candidate",1,FALSE
"Rehan_Mehmood_Zia","Rehan Mehmood Zia","Candidate",1,FALSE
"Syed_Bahroon_Shah","Syed Bahroon Shah","Candidate",1,FALSE
"Syed_Faisal_Hussain_Shah_Gillani","Syed Faisal Hussain Shah Gillani","Candidate",1,FALSE
"Syed_Muhammad_Subtain_Shah_Naqvi","Syed Muhammad Subtain Shah Naqvi","Candidate",1,FALSE
"Tahir_Aqeel","Tahir Aqeel","Candidate",1,FALSE
"Ubaid_Ullah","Ubaid Ullah","Candidate",2,TRUE
"Zaheer_Uddin_Baber","Zaheer Uddin Baber","Candidate",1,FALSE
"Zar_Wali_Khan","Zar Wali Khan","Candidate",1,FALSE
"Ali_Muhammad","Ali Muhammad","Candidate",1,FALSE
"Masood_Ahmed","Masood Ahmed","Candidate",1,FALSE
"Zaeem_Ud_Din_Abid","Zaeem Ud Din Abid","Candidate",1,FALSE
"Dr_Sarfraz_Ahmad_Cheema","Dr Sarfraz Ahmad Cheema","Candidate",1,FALSE
"Syed_Ghulam_Abul_Hassan_Shah","Syed Ghulam Abul Hassan Shah","Candidate",1,FALSE
"Wajid_Hussain_Mughal","Wajid Hussain Mughal","Candidate",1,FALSE
"Syed_Muhammad_Mafooz_Mushadi","Syed Muhammad Mafooz Mushadi","Candidate",1,FALSE
"Ajab_Khan","Ajab Khan","Candidate",4,TRUE
"Essa_Khan","Essa Khan","Candidate",1,FALSE
"Gul_Meer_Khan","Gul Meer Khan","Candidate",1,FALSE
"Gulab_Khan","Gulab Khan","Candidate",1,FALSE
"Gull_Meer_Khan","Gull Meer Khan","Candidate",1,FALSE
"Hakeem_Khan","Hakeem Khan","Candidate",1,FALSE
"Abdul_Aziz_Baloch","Abdul Aziz Baloch","Candidate",1,FALSE
"Abdul_Aziz_Khan_Khilji_Advocate","Abdul Aziz Khan Khilji Advocate","Candidate",1,FALSE
"Abdul_Moeen_Qureshi","Abdul Moeen Qureshi","Candidate",1,FALSE
"Abdullah_Shaikh","Abdullah Shaikh","Candidate",1,FALSE
"Allama_Doctor_Muhammad_Anees_Rohani","Allama Doctor Muhammad Anees Rohani","Candidate",1,FALSE
"Anwar_Ul_Habib","Anwar Ul Habib","Candidate",1,FALSE
"Aslam_Katchela","Aslam Katchela","Candidate",1,FALSE
"Attaullah_Khoso","Attaullah Khoso","Candidate",1,FALSE
"Aziz_Ud_Din","Aziz Ud Din","Candidate",1,FALSE
"Doctor_Muhammad_Khalid_Raza_Pir_Zakori_Sharif","Doctor Muhammad Khalid Raza Pir Zakori Sharif","Candidate",1,FALSE
"Dr__Abdul_Rehman_Shakir","Dr. Abdul Rehman Shakir","Candidate",1,FALSE
"Dr__Abid_Rauf_Orakzai","Dr. Abid Rauf Orakzai","Candidate",1,FALSE
"Ehsan_Bari_Mian_Doctor_Sahib","Ehsan Bari Mian Doctor Sahib","Candidate",1,FALSE
"Ghulam_Kibriya_Rizwan__G_k__Rizwan_Advocate_","Ghulam Kibriya Rizwan (G.k. Rizwan Advocate)","Candidate",1,FALSE
"Hafiz_Abdul_Razaq_Parhyar","Hafiz Abdul Razaq Parhyar","Candidate",1,FALSE
"Hafiz_Muhammad_Ejaz-Ul-Haq_Ch_","Hafiz Muhammad Ejaz-Ul-Haq Ch.","Candidate",1,FALSE
"Hafiz_Muhammad_Hanif_Zafar__Advocate_","Hafiz Muhammad Hanif Zafar (Advocate)","Candidate",1,FALSE
"Hafiz_Muhammad_Ibrahim_Soomro","Hafiz Muhammad Ibrahim Soomro","Candidate",1,FALSE
"Hafiz_Muhammad_Idrees","Hafiz Muhammad Idrees","Candidate",1,FALSE
"Hafiz_Muhammad_Nadeem","Hafiz Muhammad Nadeem","Candidate",1,FALSE
"Hafiz_Saeed_Ahmad","Hafiz Saeed Ahmad","Candidate",1,FALSE
"Hafiz_Sana_Ullah","Hafiz Sana Ullah","Candidate",1,FALSE
"Haji_Abdul_Jalil_Jan","Haji Abdul Jalil Jan","Candidate",1,FALSE
"Haji_Rozuddin","Haji Rozuddin","Candidate",1,FALSE
"Hidayat-Ur-Rehman","Hidayat-Ur-Rehman","Candidate",1,FALSE
"Ibrahim_Rais_Advocate","Ibrahim Rais Advocate","Candidate",1,FALSE
"Iftikhar_Ahmed_Haqani","Iftikhar Ahmed Haqani","Candidate",1,FALSE
"Iftikhar_Ahmed_Haqqani","Iftikhar Ahmed Haqqani","Candidate",1,FALSE
"Imdad_Hussain_Pitafi","Imdad Hussain Pitafi","Candidate",1,FALSE
"Kari_Abdul_Rasheed_Awan__Retired_","Kari Abdul Rasheed Awan (Retired)","Candidate",1,FALSE
"Khawja_Ghulam_Nizam_Ud_Din","Khawja Ghulam Nizam Ud Din","Candidate",1,FALSE
"Malik_Faiz_Muhammad_Adovocate","Malik Faiz Muhammad Adovocate","Candidate",1,FALSE
"Manzoor_Ahmed_Soomro","Manzoor Ahmed Soomro","Candidate",1,FALSE
"Maulana_Atta-Ul-Haq","Maulana Atta-Ul-Haq","Candidate",1,FALSE
"Maulana_Malik_Muhammad_Khan_Sherani","Maulana Malik Muhammad Khan Sherani","Candidate",1,FALSE
"Maulana_Mohammad_Qasim","Maulana Mohammad Qasim","Candidate",1,FALSE
"Maulana_Nisar_Khan","Maulana Nisar Khan","Candidate",1,FALSE
"Maulana_Rehmat_Ullah","Maulana Rehmat Ullah","Candidate",1,FALSE
"Maulana_Sadiq_Ahmad","Maulana Sadiq Ahmad","Candidate",1,FALSE
"Maulana_Zahoor_Ahmad_Ranjha","Maulana Zahoor Ahmad Ranjha","Candidate",1,FALSE
"Mir_Wali","Mir Wali","Candidate",1,FALSE
"Mohammad_Hafizur_Rehman","Mohammad Hafizur Rehman","Candidate",1,FALSE
"Molana_Abdul_Ghafoor_Hyderi_","Molana Abdul Ghafoor Hyderi.","Candidate",1,FALSE
"Molana_Abdul_Ghafoor_Qasimi","Molana Abdul Ghafoor Qasimi","Candidate",1,FALSE
"Molana_Abdul_Hai","Molana Abdul Hai","Candidate",1,FALSE
"Molana_Fazal_Azim","Molana Fazal Azim","Candidate",1,FALSE
"Molana_Shujah-Ul-Mulk","Molana Shujah-Ul-Mulk","Candidate",1,FALSE
"Molvi_Agha_Muhammad","Molvi Agha Muhammad","Candidate",1,FALSE
"Molvi_Attaullah","Molvi Attaullah","Candidate",1,FALSE
"Molvi_Faizullah","Molvi Faizullah","Candidate",1,FALSE
"Molvi_Fateh_Mohammad_Maheri","Molvi Fateh Mohammad Maheri","Candidate",1,FALSE
"Molvi_Karimdad","Molvi Karimdad","Candidate",1,FALSE
"Molvi_Muhammad_Idrees_Soomro","Molvi Muhammad Idrees Soomro","Candidate",1,FALSE
"Molvi_Muhammad_Jehangir_Khan","Molvi Muhammad Jehangir Khan","Candidate",1,FALSE
"Molvi_Qamar-Ud-Din","Molvi Qamar-Ud-Din","Candidate",1,FALSE
"Moulana_Abdul_Karim_Abid","Moulana Abdul Karim Abid","Candidate",1,FALSE
"Moulana_Abdul_Razaque_Abid_Lakho_","Moulana Abdul Razaque Abid Lakho.","Candidate",1,FALSE
"Moulana_Abdul_Samad_Shahwani___r_","Moulana Abdul Samad Shahwani. (r)","Candidate",1,FALSE
"Moulana_Muhammad_Zahid_Anwar","Moulana Muhammad Zahid Anwar","Candidate",1,FALSE
"Moulana_Siddique_Mughari","Moulana Siddique Mughari","Candidate",1,FALSE
"Moulanataj_Muhammad_Nahiyon","Moulanataj Muhammad Nahiyon","Candidate",1,FALSE
"Mr__Mufti_Wali_Muhammad","Mr. Mufti Wali Muhammad","Candidate",1,FALSE
"Mufti_Abdul_Nabi_Langah","Mufti Abdul Nabi Langah","Candidate",1,FALSE
"Mufti_Ahtisham-Ul-Haq_Asia_Abadi","Mufti Ahtisham-Ul-Haq Asia Abadi","Candidate",1,FALSE
"Mufti_Ajmal_Khan","Mufti Ajmal Khan","Candidate",1,FALSE
"Mufti_Ali_Hassan_Buriro_","Mufti Ali Hassan Buriro.","Candidate",1,FALSE
"Mufti_Fazal-Ur-Rehman_Nasir_","Mufti Fazal-Ur-Rehman Nasir.","Candidate",1,FALSE
"Mufti_Hafiz_Muhammad_Usman","Mufti Hafiz Muhammad Usman","Candidate",1,FALSE
"Mufti_Muhammad_Hanif_Khoso","Mufti Muhammad Hanif Khoso","Candidate",1,FALSE
"Mufti_Muhammad_Sajjad","Mufti Muhammad Sajjad","Candidate",1,FALSE
"Mufti_Muhammad_Younas","Mufti Muhammad Younas","Candidate",1,FALSE
"Muhammad_Akram_Abbasi","Muhammad Akram Abbasi","Candidate",1,FALSE
"Muhammad_Faiz-Ur-Rehman","Muhammad Faiz-Ur-Rehman","Candidate",1,FALSE
"Muhammad_Idrees_Haqani","Muhammad Idrees Haqani","Candidate",1,FALSE
"Muhammad_Ilyas_Siddique_Advocate","Muhammad Ilyas Siddique Advocate","Candidate",1,FALSE
"Muhammad_Rab_Nawaz","Muhammad Rab Nawaz","Candidate",1,FALSE
"Muhammad_Ramzan_Phulpoto","Muhammad Ramzan Phulpoto","Candidate",1,FALSE
"Muhammad_Riaz_Noori","Muhammad Riaz Noori","Candidate",1,FALSE
"Muhammad_Siddique_Rathor","Muhammad Siddique Rathor","Candidate",1,FALSE
"Muhammad_Zubair_Kayani","Muhammad Zubair Kayani","Candidate",1,FALSE
"Prof__Abdul_Rehman_Ludhanvi","Prof. Abdul Rehman Ludhanvi","Candidate",1,FALSE
"Professor_Raja_Aurangzeb_Khan","Professor Raja Aurangzeb Khan","Candidate",1,FALSE
"Qari_Muhammad_Usman","Qari Muhammad Usman","Candidate",1,FALSE
"Qari_Muhammad_Yousaf","Qari Muhammad Yousaf","Candidate",1,FALSE
"Qari_Muhammad_Zawar_Bahadur","Qari Muhammad Zawar Bahadur","Candidate",1,FALSE
"Qari_Muhammad_Zawar_Bahadur__Retired_","Qari Muhammad Zawar Bahadur (Retired)","Candidate",1,FALSE
"Qari_Syed_Abdul_Rahim_Shah","Qari Syed Abdul Rahim Shah","Candidate",1,FALSE
"Qazi_Fazal_Ullah","Qazi Fazal Ullah","Candidate",1,FALSE
"Qazi_Hameed_Ullah_Khan","Qazi Hameed Ullah Khan","Candidate",1,FALSE
"Raja_Ishtiaq_Ahmed","Raja Ishtiaq Ahmed","Candidate",1,FALSE
"Rauy_Bashir_Ahmad","Rauy Bashir Ahmad","Candidate",1,FALSE
"Rehmatullah_Tunsuwani","Rehmatullah Tunsuwani","Candidate",1,FALSE
"Sahibzada_Abul_Khair_Muhammad_Zubair","Sahibzada Abul Khair Muhammad Zubair","Candidate",1,FALSE
"Sahibzada_Khalid_Jan","Sahibzada Khalid Jan","Candidate",1,FALSE
"Said_Mukhtar_Ahmed","Said Mukhtar Ahmed","Candidate",1,FALSE
"Saleemullah_Khan_Tarak","Saleemullah Khan Tarak","Candidate",1,FALSE
"Saqib_Rehman_","Saqib Rehman.","Candidate",1,FALSE
"Shabbir_Abu_Talib","Shabbir Abu Talib","Candidate",1,FALSE
"Sibghatullah_Chuadhry","Sibghatullah Chuadhry","Candidate",1,FALSE
"Syed_Abdul_Salam_Hassan_Raza_Naqvi","Syed Abdul Salam Hassan Raza Naqvi","Candidate",1,FALSE
"Syed_Muhammad_Ayoub_","Syed Muhammad Ayoub.","Candidate",1,FALSE
"Badshah_Rawan","Badshah Rawan","Candidate",1,FALSE
"Mohsin_Faraz","Mohsin Faraz","Candidate",1,FALSE
"Muhammad_Ebrahim_Ali","Muhammad Ebrahim Ali","Candidate",1,FALSE
"Muhammad_Sadiq","Muhammad Sadiq","Candidate",3,TRUE
"Sohail_Wahab","Sohail Wahab","Candidate",1,FALSE
"Khadam_Hussain","Khadam Hussain","Candidate",1,FALSE
"Nadeem_Mumtaz_Qureshi","Nadeem Mumtaz Qureshi","Candidate",1,FALSE
"Aasia_Ishaq","Aasia Ishaq","Candidate",1,FALSE
"Abdul_Baqi","Abdul Baqi","Candidate",2,TRUE
"Abdul_Jalil_Bazai","Abdul Jalil Bazai","Candidate",1,FALSE
"Abdul_Kareem","Abdul Kareem","Candidate",1,FALSE
"Abdul_Khalid","Abdul Khalid","Candidate",1,FALSE
"Abdul_Majeed_Chohan","Abdul Majeed Chohan","Candidate",1,FALSE
"Abdul_Qadeer_Khan","Abdul Qadeer Khan","Candidate",1,FALSE
"Abdul_Qadir_Solangi","Abdul Qadir Solangi","Candidate",1,FALSE
"Abdul_Rasheed_Godil","Abdul Rasheed Godil","Candidate",1,FALSE
"Abdul_Salam_Ansari","Abdul Salam Ansari","Candidate",1,FALSE
"Abdul_Sattar","Abdul Sattar","Candidate",3,TRUE
"Abdul_Sattar_Chaudhary","Abdul Sattar Chaudhary","Candidate",1,FALSE
"Abdul_Sattar_Jatoi","Abdul Sattar Jatoi","Candidate",1,FALSE
"Abdul_Waseem","Abdul Waseem","Candidate",1,FALSE
"Abdul_Waseem_Khan_Ghouri","Abdul Waseem Khan Ghouri","Candidate",1,FALSE
"Abid_Hussain","Abid Hussain","Candidate",5,TRUE
"Adbul_Rashid_Godil","Adbul Rashid Godil","Candidate",1,FALSE
"Advocate_Sikandar_Ali_Keerio","Advocate Sikandar Ali Keerio","Candidate",1,FALSE
"Advocate_Zulfiqar_Ali_Qazi","Advocate Zulfiqar Ali Qazi","Candidate",1,FALSE
"Afaq_Shafqat","Afaq Shafqat","Candidate",1,FALSE
"Aftab_Ahmed_Rajput","Aftab Ahmed Rajput","Candidate",1,FALSE
"Aftikhar_Akbar_Randhawa","Aftikhar Akbar Randhawa","Candidate",1,FALSE
"Agha_Muhammad_Ali_Khan","Agha Muhammad Ali Khan","Candidate",1,FALSE
"Agha_Muhammad_Naved","Agha Muhammad Naved","Candidate",1,FALSE
"Ahmed_Ali_Buriro","Ahmed Ali Buriro","Candidate",1,FALSE
"Ahmed_Gabol","Ahmed Gabol","Candidate",1,FALSE
"Ahmed_Saleem_Siddiqui","Ahmed Saleem Siddiqui","Candidate",1,FALSE
"Alam_Dar_Hussain_Shah","Alam Dar Hussain Shah","Candidate",1,FALSE
"Alama_Syed_Farman_Raza_Abidi","Alama Syed Farman Raza Abidi","Candidate",1,FALSE
"Alambardar_Hussain_Rizvi","Alambardar Hussain Rizvi","Candidate",1,FALSE
"Ali_Asghar_Rind","Ali Asghar Rind","Candidate",2,TRUE
"Ali_Muhammad_Memon","Ali Muhammad Memon","Candidate",1,FALSE
"Amin","Amin","Candidate",1,FALSE
"Aminul_Haque","Aminul Haque","Candidate",1,FALSE
"Anwar_Ali_Khan","Anwar Ali Khan","Candidate",1,FALSE
"Anwer_Sial_Bhai_","Anwer Sial Bhai.","Candidate",1,FALSE
"Arbab_Abdul_Ghani_Kasi","Arbab Abdul Ghani Kasi","Candidate",1,FALSE
"Arif_Jamal","Arif Jamal","Candidate",1,FALSE
"Arshad_Abdullah_Vohra","Arshad Abdullah Vohra","Candidate",1,FALSE
"Arshad_Iqbal","Arshad Iqbal","Candidate",1,FALSE
"Arshad_Mahmood_Rabbani","Arshad Mahmood Rabbani","Candidate",1,FALSE
"Asad_Ullah_Shah","Asad Ullah Shah","Candidate",1,FALSE
"Asghar_Ali_Parhiar","Asghar Ali Parhiar","Candidate",1,FALSE
"Asghar_Ali_Parhiar_Advocate","Asghar Ali Parhiar Advocate","Candidate",1,FALSE
"Ashfaq","Ashfaq","Candidate",1,FALSE
"Atta_Shaikh_Advocate","Atta Shaikh Advocate","Candidate",1,FALSE
"Aziz_Ullah_Marwat","Aziz Ullah Marwat","Candidate",1,FALSE
"Babar_Siraj_Mirza","Babar Siraj Mirza","Candidate",1,FALSE
"Basir_Ahmad","Basir Ahmad","Candidate",1,FALSE
"Begum_Tahira_Asif","Begum Tahira Asif","Candidate",1,FALSE
"Bilal_Hussain","Bilal Hussain","Candidate",1,FALSE
"Bisma_Asif","Bisma Asif","Candidate",1,FALSE
"Ch__Hamid_Ali_Wahla","Ch. Hamid Ali Wahla","Candidate",1,FALSE
"Ch__Muahmmad_Shabbir_Kamboh","Ch. Muahmmad Shabbir Kamboh","Candidate",1,FALSE
"Ch__Muhammad_Safdar_Jamna","Ch. Muhammad Safdar Jamna","Candidate",1,FALSE
"Ch__Muhammad_Suleman_Gujar","Ch. Muhammad Suleman Gujar","Candidate",1,FALSE
"Ch__Zafar_Iqbal","Ch. Zafar Iqbal","Candidate",1,FALSE
"Ch_Abdul_Qayyum_Bajwa_Advocate","Ch Abdul Qayyum Bajwa Advocate","Candidate",1,FALSE
"Ch_Khalid_Hussain_Bhatti_Advocate","Ch Khalid Hussain Bhatti Advocate","Candidate",1,FALSE
"Chaudhry_Iftikhar_Ahmed_Siddhu_Advocate","Chaudhry Iftikhar Ahmed Siddhu Advocate","Candidate",1,FALSE
"Chaudhry_Javed_Sarwar","Chaudhry Javed Sarwar","Candidate",1,FALSE
"Chaudhry_Munawar_Hafeez","Chaudhry Munawar Hafeez","Candidate",1,FALSE
"Choudhary_Anwar_Ali_Gill_Advocate","Choudhary Anwar Ali Gill Advocate","Candidate",1,FALSE
"Choudhary_Muhammad_Ilyas","Choudhary Muhammad Ilyas","Candidate",1,FALSE
"Dev_Das","Dev Das","Candidate",1,FALSE
"Dildar_Ahmed_Khaskheli","Dildar Ahmed Khaskheli","Candidate",1,FALSE
"Doctor_Asif_Rafique","Doctor Asif Rafique","Candidate",1,FALSE
"Doctor_Hafiz_Mohammad_Sarwar_Joyia","Doctor Hafiz Mohammad Sarwar Joyia","Candidate",1,FALSE
"Dr__Abdul_Qadir_Khanzada","Dr. Abdul Qadir Khanzada","Candidate",1,FALSE
"Dr__Ejaz_Hussain","Dr. Ejaz Hussain","Candidate",1,FALSE
"Dr__Farooq_Sattar","Dr. Farooq Sattar","Candidate",1,FALSE
"Dr__K_s__Mujahid_Khan_Baloch","Dr. K.s. Mujahid Khan Baloch","Candidate",1,FALSE
"Dr__Khalid_Maqbool_Siddiqui","Dr. Khalid Maqbool Siddiqui","Candidate",1,FALSE
"Dr__Lala_Rukh_Mustafa","Dr. Lala Rukh Mustafa","Candidate",1,FALSE
"Dr__Muhammad_Ayoub_Shaikh","Dr. Muhammad Ayoub Shaikh","Candidate",1,FALSE
"Dr__Muhammad_Farooq_Sattar","Dr. Muhammad Farooq Sattar","Candidate",1,FALSE
"Dr__Mumtaz_Ali_Chandio","Dr. Mumtaz Ali Chandio","Candidate",1,FALSE
"Dr__Taj_Hussain_Fani","Dr. Taj Hussain Fani","Candidate",1,FALSE
"Dr_Abdul_Razaque_Lashari","Dr Abdul Razaque Lashari","Candidate",1,FALSE
"Dr_imam_Bux_Khilji","Dr.imam Bux Khilji","Candidate",1,FALSE
"Dr_Muhammad_Musa_Advocate","Dr Muhammad Musa Advocate","Candidate",1,FALSE
"Dr_nadeem_Ehsan","Dr.nadeem Ehsan","Candidate",1,FALSE
"Dr_Zaib_Un_Nisa","Dr Zaib Un Nisa","Candidate",1,FALSE
"Engineer_Afridi","Engineer Afridi","Candidate",1,FALSE
"Engineer_Muhammad_Zakir","Engineer Muhammad Zakir","Candidate",1,FALSE
"Fahmida_Shah_Bukhari","Fahmida Shah Bukhari","Candidate",1,FALSE
"Faiz_Muhammad","Faiz Muhammad","Candidate",1,FALSE
"Farhan_Chishti","Farhan Chishti","Candidate",1,FALSE
"Farhat_Muhammad_Khan","Farhat Muhammad Khan","Candidate",1,FALSE
"Farkhanda_Khalid","Farkhanda Khalid","Candidate",1,FALSE
"Farrukh_Hussain","Farrukh Hussain","Candidate",1,FALSE
"Fayyaz_Ali","Fayyaz Ali","Candidate",1,FALSE
"Fazal_Ul_Rehman","Fazal Ul Rehman","Candidate",1,FALSE
"Feroz_Khan","Feroz Khan","Candidate",1,FALSE
"Fouzia_Hameed","Fouzia Hameed","Candidate",1,FALSE
"Ghaman","Ghaman","Candidate",1,FALSE
"Ghazanfar_Anjum_Yousafzai_Advocate","Ghazanfar Anjum Yousafzai Advocate","Candidate",1,FALSE
"Ghazi_Salahuddin","Ghazi Salahuddin","Candidate",1,FALSE
"Ghulam_Akber_Mallah","Ghulam Akber Mallah","Candidate",1,FALSE
"Ghulam_Asghar_Rind","Ghulam Asghar Rind","Candidate",1,FALSE
"Ghulam_Farooq_Shahwani","Ghulam Farooq Shahwani","Candidate",1,FALSE
"Ghulam_Muhammad_Rajoka","Ghulam Muhammad Rajoka","Candidate",1,FALSE
"Ghulam_Murtza_Solangi","Ghulam Murtza Solangi","Candidate",1,FALSE
"Ghulam_Mustafa_Sumsam_Qureshi","Ghulam Mustafa Sumsam Qureshi","Candidate",1,FALSE
"Ghulam_Yasin","Ghulam Yasin","Candidate",1,FALSE
"Gulzar_Ali_Mugheri","Gulzar Ali Mugheri","Candidate",1,FALSE
"Habibullah_Khan","Habibullah Khan","Candidate",1,FALSE
"Hafeezuddin","Hafeezuddin","Candidate",1,FALSE
"Hafiz_Muhammad_Hanif","Hafiz Muhammad Hanif","Candidate",1,FALSE
"Haji_Muhammad_Saeed_Arian","Haji Muhammad Saeed Arian","Candidate",1,FALSE
"Hameed_Hussain","Hameed Hussain","Candidate",2,TRUE
"Hamid_Mehmood","Hamid Mehmood","Candidate",1,FALSE
"Hassan_Sabir","Hassan Sabir","Candidate",1,FALSE
"Heer_Soho","Heer Soho","Candidate",1,FALSE
"Hubdar_Ali","Hubdar Ali","Candidate",1,FALSE
"Humayu_Usman","Humayu Usman","Candidate",1,FALSE
"Hussain_Bakhsh_Panhwar","Hussain Bakhsh Panhwar","Candidate",1,FALSE
"Iftikhar_Mughal","Iftikhar Mughal","Candidate",1,FALSE
"Imran_Khan","Imran Khan","Candidate",3,TRUE
"Imran_Khan_Rajput","Imran Khan Rajput","Candidate",1,FALSE
"Imtiaz_Ali","Imtiaz Ali","Candidate",1,FALSE
"Imtiaz_Ali_Lakho","Imtiaz Ali Lakho","Candidate",1,FALSE
"Inayat_Ali_Rind","Inayat Ali Rind","Candidate",1,FALSE
"Inayat_Ul_Haq","Inayat Ul Haq","Candidate",1,FALSE
"Iqbal_Muhammad_Ali_Khan","Iqbal Muhammad Ali Khan","Candidate",1,FALSE
"Irfan_Ali_Bikak","Irfan Ali Bikak","Candidate",1,FALSE
"Irfan_Siddique","Irfan Siddique","Candidate",1,FALSE
"Irshad_Bano","Irshad Bano","Candidate",1,FALSE
"Izhar_Ul_Haq_Qureshi_Siddiqui","Izhar Ul Haq Qureshi Siddiqui","Candidate",1,FALSE
"Junaid_Ahmed_Samejo","Junaid Ahmed Samejo","Candidate",1,FALSE
"Junaid_Tariq_Qureshi_Advocate","Junaid Tariq Qureshi Advocate","Candidate",1,FALSE
"Kaleem_Khan","Kaleem Khan","Candidate",1,FALSE
"Karim_Khan","Karim Khan","Candidate",1,FALSE
"Kashif_Ali_Khan","Kashif Ali Khan","Candidate",1,FALSE
"Khair_Bux_Khosa","Khair Bux Khosa","Candidate",1,FALSE
"Khalid_Maqbool_Siddiqui","Khalid Maqbool Siddiqui","Candidate",1,FALSE
"Khawaja_Awais_Mushtaq","Khawaja Awais Mushtaq","Candidate",1,FALSE
"Khawaja_Izhar_Ul_Hassan","Khawaja Izhar Ul Hassan","Candidate",1,FALSE
"Khawaja_Sohail_Mansoor","Khawaja Sohail Mansoor","Candidate",1,FALSE
"Khursheed_Abbas","Khursheed Abbas","Candidate",1,FALSE
"Khursheed_Ali","Khursheed Ali","Candidate",1,FALSE
"Khushbakht_Shujat","Khushbakht Shujat","Candidate",1,FALSE
"Kiran_Muhammad_Ali","Kiran Muhammad Ali","Candidate",1,FALSE
"Kokab_Bukhari","Kokab Bukhari","Candidate",1,FALSE
"m_Ameen_Watoo","m Ameen Watoo","Candidate",1,FALSE
"Mahrukh_Mirza","Mahrukh Mirza","Candidate",1,FALSE
"Major_r__Habib_Ur_Rehman_Khan_Myo_Advocate","Major(r) Habib Ur Rehman Khan Myo Advocate","Candidate",1,FALSE
"Makhdoom_Syyed_Zawar_Hussain","Makhdoom Syyed Zawar Hussain","Candidate",1,FALSE
"Malik_Abdul_Hameed_Awan","Malik Abdul Hameed Awan","Candidate",1,FALSE
"Malik_Abdul_Rehman_Dehwar","Malik Abdul Rehman Dehwar","Candidate",1,FALSE
"Malik_Ameer_Abdullah_Awan","Malik Ameer Abdullah Awan","Candidate",1,FALSE
"Malik_Amjid_Hussain_Uttera","Malik Amjid Hussain Uttera","Candidate",1,FALSE
"Malik_Aurang_Zaib_Awan","Malik Aurang Zaib Awan","Candidate",1,FALSE
"Malik_Ejaz_Ahmad_Channar","Malik Ejaz Ahmad Channar","Candidate",1,FALSE
"Malik_Javed_Khan","Malik Javed Khan","Candidate",1,FALSE
"Malik_Mazhar_Hussain","Malik Mazhar Hussain","Candidate",1,FALSE
"Malik_Muhammad_Asif_Awan","Malik Muhammad Asif Awan","Candidate",1,FALSE
"Malik_Muhammad_Asim","Malik Muhammad Asim","Candidate",1,FALSE
"Malik_Subhoh_Saddiq","Malik Subhoh Saddiq","Candidate",1,FALSE
"Malik_Tanveer_Hussain","Malik Tanveer Hussain","Candidate",1,FALSE
"Malik_Zafar_Iqbal_Boorh","Malik Zafar Iqbal Boorh","Candidate",1,FALSE
"Mangharam","Mangharam","Candidate",1,FALSE
"Manzoor_Joori","Manzoor Joori","Candidate",1,FALSE
"Maqsood_Ahmed_Awan","Maqsood Ahmed Awan","Candidate",1,FALSE
"Maryam_Bibi","Maryam Bibi","Candidate",1,FALSE
"Maulana_Noor_Ul_Haq","Maulana Noor Ul Haq","Candidate",1,FALSE
"Mazhar_Ali_Alvi","Mazhar Ali Alvi","Candidate",1,FALSE
"Mazhar_Hussain","Mazhar Hussain","Candidate",1,FALSE
"Mehar_Tajamal_Hussain_Luck","Mehar Tajamal Hussain Luck","Candidate",1,FALSE
"Mehboob_Alam","Mehboob Alam","Candidate",1,FALSE
"Mehmood_Qadir_Khanzada","Mehmood Qadir Khanzada","Candidate",1,FALSE
"Mehr_Tariq_Maqsood_Advocate","Mehr Tariq Maqsood Advocate","Candidate",1,FALSE
"Mian_Aftab_Ahmad_Qureshi","Mian Aftab Ahmad Qureshi","Candidate",1,FALSE
"Mian_Muhammad_Ateeq_Sheikh","Mian Muhammad Ateeq Sheikh","Candidate",1,FALSE
"Mian_Nadeem_Anwar","Mian Nadeem Anwar","Candidate",1,FALSE
"Mian_Sarfraz_Watto","Mian Sarfraz Watto","Candidate",1,FALSE
"Mian_Tariq_Ali_Bodla","Mian Tariq Ali Bodla","Candidate",1,FALSE
"Mian_Tariq_Mehmood","Mian Tariq Mehmood","Candidate",2,TRUE
"Mihtab_Hayat_Khan","Mihtab Hayat Khan","Candidate",1,FALSE
"Mir_Sanaullah_Khan_Murghazani","Mir Sanaullah Khan Murghazani","Candidate",1,FALSE
"Mirza_Muhammad_Jameel_Raza","Mirza Muhammad Jameel Raza","Candidate",1,FALSE
"Mohammad_Salman_Khan_Baloch","Mohammad Salman Khan Baloch","Candidate",1,FALSE
"Mohammad_Umer_Agha_Awaan","Mohammad Umer Agha Awaan","Candidate",1,FALSE
"Mohammad_Zubair_Anjum","Mohammad Zubair Anjum","Candidate",1,FALSE
"Mohsin_Badshah_Advocate","Mohsin Badshah Advocate","Candidate",1,FALSE
"Mr__Ghulam_Mohiuddin_Durrani__Advocate_","Mr. Ghulam Mohiuddin Durrani (Advocate)","Candidate",1,FALSE
"Mr__Rana_Fateh_Muhammad_Rajput","Mr. Rana Fateh Muhammad Rajput","Candidate",1,FALSE
"Mr_ferozuddin_Narejo","Mr.ferozuddin Narejo","Candidate",1,FALSE
"Mrs__Khush_Bakhat_Shujaat","Mrs. Khush Bakhat Shujaat","Candidate",1,FALSE
"Mudassar_Ejaz","Mudassar Ejaz","Candidate",1,FALSE
"Muhamamd_Moin_Aamer_Pirzada","Muhamamd Moin Aamer Pirzada","Candidate",1,FALSE
"Muhammad_Abdul_Rauf_Siddiqui","Muhammad Abdul Rauf Siddiqui","Candidate",1,FALSE
"Muhammad_Adrees","Muhammad Adrees","Candidate",1,FALSE
"Muhammad_Akhtar","Muhammad Akhtar","Candidate",1,FALSE
"Muhammad_Akram_Arain_Advocate","Muhammad Akram Arain Advocate","Candidate",1,FALSE
"Muhammad_Aleem","Muhammad Aleem","Candidate",1,FALSE
"Muhammad_Ali_Jawad","Muhammad Ali Jawad","Candidate",1,FALSE
"Muhammad_Ali_Rashid","Muhammad Ali Rashid","Candidate",2,TRUE
"Muhammad_Ali_Rodeni","Muhammad Ali Rodeni","Candidate",1,FALSE
"Muhammad_Amin","Muhammad Amin","Candidate",2,TRUE
"Muhammad_Amin_Wattoo_","Muhammad Amin Wattoo.","Candidate",1,FALSE
"Muhammad_Anwar_Khantareen","Muhammad Anwar Khantareen","Candidate",1,FALSE
"Muhammad_Arif_Brohi","Muhammad Arif Brohi","Candidate",1,FALSE
"Muhammad_Asif_Jah","Muhammad Asif Jah","Candidate",1,FALSE
"Muhammad_Aslam__Retired_","Muhammad Aslam (Retired)","Candidate",1,FALSE
"Muhammad_Azam","Muhammad Azam","Candidate",2,TRUE
"Muhammad_Hafeez_Tabassum","Muhammad Hafeez Tabassum","Candidate",1,FALSE
"Muhammad_Hanif_Ansari","Muhammad Hanif Ansari","Candidate",1,FALSE
"Muhammad_Hussain_Awan","Muhammad Hussain Awan","Candidate",1,FALSE
"Muhammad_Ilyas","Muhammad Ilyas","Candidate",1,FALSE
"Muhammad_Imran_Gill","Muhammad Imran Gill","Candidate",1,FALSE
"Muhammad_Imran_Ijaz_Butt","Muhammad Imran Ijaz Butt","Candidate",1,FALSE
"Muhammad_Iqbal_Khan","Muhammad Iqbal Khan","Candidate",3,TRUE
"Muhammad_Jan_Rind","Muhammad Jan Rind","Candidate",1,FALSE
"Muhammad_Jawed_Hanif_Khan","Muhammad Jawed Hanif Khan","Candidate",1,FALSE
"Muhammad_Jumma_Changazi","Muhammad Jumma Changazi","Candidate",1,FALSE
"Muhammad_Junaid_Niaz_Siddiqui","Muhammad Junaid Niaz Siddiqui","Candidate",1,FALSE
"Muhammad_Malik","Muhammad Malik","Candidate",2,TRUE
"Muhammad_Meraj_Ahmed","Muhammad Meraj Ahmed","Candidate",1,FALSE
"Muhammad_Mureed_Brohi","Muhammad Mureed Brohi","Candidate",1,FALSE
"Muhammad_Muzammil_Qureshi","Muhammad Muzammil Qureshi","Candidate",1,FALSE
"Muhammad_Nawaz","Muhammad Nawaz","Candidate",2,TRUE
"Muhammad_Pervaiz","Muhammad Pervaiz","Candidate",1,FALSE
"Muhammad_Ramzan_Lashari","Muhammad Ramzan Lashari","Candidate",1,FALSE
"Muhammad_Rashid_Saleem_Khanzada","Muhammad Rashid Saleem Khanzada","Candidate",1,FALSE
"Muhammad_Rehan_Hashmi","Muhammad Rehan Hashmi","Candidate",1,FALSE
"Muhammad_Roshan_Khan","Muhammad Roshan Khan","Candidate",1,FALSE
"Muhammad_Saeed_Anwar","Muhammad Saeed Anwar","Candidate",1,FALSE
"Muhammad_Saleem","Muhammad Saleem","Candidate",1,FALSE
"Muhammad_Saleem_Langah","Muhammad Saleem Langah","Candidate",1,FALSE
"Muhammad_Sarwar_Alvi","Muhammad Sarwar Alvi","Candidate",1,FALSE
"Muhammad_Shafique","Muhammad Shafique","Candidate",3,TRUE
"Muhammad_Shafique_Bhatti","Muhammad Shafique Bhatti","Candidate",1,FALSE
"Muhammad_Shahid","Muhammad Shahid","Candidate",3,TRUE
"Muhammad_Talib_Bhatti","Muhammad Talib Bhatti","Candidate",1,FALSE
"Muhammad_Tariq_Pachar","Muhammad Tariq Pachar","Candidate",1,FALSE
"Muhammad_Tufail_Thakar_Advocate","Muhammad Tufail Thakar Advocate","Candidate",1,FALSE
"Muhammad_Yaqoob","Muhammad Yaqoob","Candidate",2,TRUE
"Muhammad_Yaseen","Muhammad Yaseen","Candidate",2,TRUE
"Muhammad_Zakir_Shaikh","Muhammad Zakir Shaikh","Candidate",1,FALSE
"Muhammad_Zunbair_Anjum","Muhammad Zunbair Anjum","Candidate",1,FALSE
"Mujahid_Abbas_Khan","Mujahid Abbas Khan","Candidate",1,FALSE
"Mulana_Abdul_Baqi_Torkhel","Mulana Abdul Baqi Torkhel","Candidate",1,FALSE
"Mumtaz_Bhai","Mumtaz Bhai","Candidate",1,FALSE
"Munawar_Ali_Chohan","Munawar Ali Chohan","Candidate",1,FALSE
"Munawar_Ali_Choohan_","Munawar Ali Choohan.","Candidate",1,FALSE
"Munir_Ahmad","Munir Ahmad","Candidate",2,TRUE
"Munir_Ahmed_Pathan","Munir Ahmed Pathan","Candidate",1,FALSE
"Munzleen","Munzleen","Candidate",1,FALSE
"Mushtaq_Ali","Mushtaq Ali","Candidate",1,FALSE
"Mustafa_Kamal","Mustafa Kamal","Candidate",1,FALSE
"Muzammil_Hussain_Joyia","Muzammil Hussain Joyia","Candidate",1,FALSE
"Nabeel_Ahmed_Gabol","Nabeel Ahmed Gabol","Candidate",2,TRUE
"Nadeem_Brohi_Bhai","Nadeem Brohi Bhai","Candidate",1,FALSE
"Naeem_Ajmal_Khan_Lashari_Bedar","Naeem Ajmal Khan Lashari Bedar","Candidate",1,FALSE
"Najma","Najma","Candidate",1,FALSE
"Naseem_Akhtar","Naseem Akhtar","Candidate",1,FALSE
"Naseer_Ahmed_Farooqi","Naseer Ahmed Farooqi","Candidate",1,FALSE
"Nasir_Ayyub_Awan_Advocate","Nasir Ayyub Awan Advocate","Candidate",1,FALSE
"Naveed_Akhter_Khan","Naveed Akhter Khan","Candidate",1,FALSE
"Naveed_Hasan","Naveed Hasan","Candidate",1,FALSE
"Nawab_Ali","Nawab Ali","Candidate",1,FALSE
"Nazir_Ahmed_Abbasi","Nazir Ahmed Abbasi","Candidate",1,FALSE
"Nazir_Hussain","Nazir Hussain","Candidate",1,FALSE
"Nazli_Ifat_Tabasum","Nazli Ifat Tabasum","Candidate",1,FALSE
"Nisar_Ahmed_Shar","Nisar Ahmed Shar","Candidate",1,FALSE
"Nisar_Ahmed_Sultan_Tanoli","Nisar Ahmed Sultan Tanoli","Candidate",1,FALSE
"Noor_Ahmad","Noor Ahmad","Candidate",1,FALSE
"Noor_Mohammad_Sahito","Noor Mohammad Sahito","Candidate",1,FALSE
"Paras","Paras","Candidate",1,FALSE
"Peer_Nasir_Saqlalin_Muhammadi","Peer Nasir Saqlalin Muhammadi","Candidate",1,FALSE
"Pir_Bux_Solangi","Pir Bux Solangi","Candidate",1,FALSE
"Pir_Syed_Farzand_Ali_Shah","Pir Syed Farzand Ali Shah","Candidate",1,FALSE
"Pir_Zaman_Shah","Pir Zaman Shah","Candidate",1,FALSE
"Poonjo_Bheel_Advocate","Poonjo Bheel Advocate","Candidate",1,FALSE
"Prem_Chand","Prem Chand","Candidate",1,FALSE
"Prof__Mushtaq_Hussain_Mughal","Prof. Mushtaq Hussain Mughal","Candidate",1,FALSE
"Prof_muhammad_Sagheer_Choudhary_","Prof.muhammad Sagheer Choudhary.","Candidate",1,FALSE
"Professor_Khursheed_Ahmed_Siddiqui","Professor Khursheed Ahmed Siddiqui","Candidate",1,FALSE
"Qalib_Abbas_Malik","Qalib Abbas Malik","Candidate",1,FALSE
"Qayum_Khan","Qayum Khan","Candidate",1,FALSE
"Rai_Muhammad_Younas","Rai Muhammad Younas","Candidate",1,FALSE
"Raja_Ajaz_Hussain","Raja Ajaz Hussain","Candidate",1,FALSE
"Raja_Imran_Ashraf","Raja Imran Ashraf","Candidate",2,TRUE
"Rana_Abdul_Rehman_Sultani","Rana Abdul Rehman Sultani","Candidate",1,FALSE
"Rana_Farhat_Ali_Advocate","Rana Farhat Ali Advocate","Candidate",1,FALSE
"Rana_Muhamamd_Ashraf","Rana Muhamamd Ashraf","Candidate",1,FALSE
"Rana_Muhammad_Abu_Bakar","Rana Muhammad Abu Bakar","Candidate",1,FALSE
"Rana_Muhammad_Arif_Raza","Rana Muhammad Arif Raza","Candidate",1,FALSE
"Rana_Muhammad_Arshad_Khan","Rana Muhammad Arshad Khan","Candidate",1,FALSE
"Rana_Nisar_Ahmed","Rana Nisar Ahmed","Candidate",1,FALSE
"Rana_Sajid_Mehmood_Advocate","Rana Sajid Mehmood Advocate","Candidate",1,FALSE
"Rana_Zafar_Ali_Khan","Rana Zafar Ali Khan","Candidate",1,FALSE
"Rana_Zahoor_Ul_Haq_Advocate","Rana Zahoor Ul Haq Advocate","Candidate",1,FALSE
"Rana_Zulqarnain_Khan","Rana Zulqarnain Khan","Candidate",1,FALSE
"Rao_Abdul_Qayoum_Khan_Advocate","Rao Abdul Qayoum Khan Advocate","Candidate",1,FALSE
"Rao_Abdul_Qayyum_Khan_Advocate","Rao Abdul Qayyum Khan Advocate","Candidate",1,FALSE
"Rao_Muhammad_Farman_Uarf_Chotu_Chacha","Rao Muhammad Farman Uarf Chotu Chacha","Candidate",1,FALSE
"Razia_Iqbal","Razia Iqbal","Candidate",1,FALSE
"Razziq_Mehmood_Bhatti","Razziq Mehmood Bhatti","Candidate",1,FALSE
"Riaz_Ahmed","Riaz Ahmed","Candidate",2,TRUE
"Riaz_Shar","Riaz Shar","Candidate",1,FALSE
"Rizwan_Zafar","Rizwan Zafar","Candidate",1,FALSE
"S_a_iqbal_Qadri","S.a.iqbal Qadri","Candidate",1,FALSE
"Saba_Anwar","Saba Anwar","Candidate",1,FALSE
"Sadiq_Iftikhar","Sadiq Iftikhar","Candidate",1,FALSE
"Safdar_Ali","Safdar Ali","Candidate",2,TRUE
"Saifullah_Khan","Saifullah Khan","Candidate",1,FALSE
"Sajid_Ahmed","Sajid Ahmed","Candidate",1,FALSE
"Sajid_Wahab_Khanzada","Sajid Wahab Khanzada","Candidate",1,FALSE
"Sajjad_Ahmad_Naseem","Sajjad Ahmad Naseem","Candidate",1,FALSE
"Sakhi_Dad_Mari","Sakhi Dad Mari","Candidate",1,FALSE
"Salahuddin","Salahuddin","Candidate",1,FALSE
"Samia_Naz","Samia Naz","Candidate",1,FALSE
"Sardar_Afzaal_Ahmed_Madahar_Advocate","Sardar Afzaal Ahmed Madahar Advocate","Candidate",1,FALSE
"Sardar_Ameer_Qalam_Awan","Sardar Ameer Qalam Awan","Candidate",1,FALSE
"Sardar_Ghulam_Mujtaba_Khan","Sardar Ghulam Mujtaba Khan","Candidate",1,FALSE
"Sardar_Nabeel_Ahmed_Gabol","Sardar Nabeel Ahmed Gabol","Candidate",1,FALSE
"Sarfaraz_Khan","Sarfaraz Khan","Candidate",1,FALSE
"Sarwar_Khan_Lashri_Advocate_High_Court_","Sarwar Khan Lashri Advocate High Court.","Candidate",1,FALSE
"Shabbir_Ahmed_Qaimkhani","Shabbir Ahmed Qaimkhani","Candidate",1,FALSE
"Shah_Nawaz_Mahar","Shah Nawaz Mahar","Candidate",1,FALSE
"Shahid_Akram","Shahid Akram","Candidate",1,FALSE
"Shahid_Khan_Advocate","Shahid Khan Advocate","Candidate",1,FALSE
"Shahid_Parvaiz_Dogar_Advocate","Shahid Parvaiz Dogar Advocate","Candidate",1,FALSE
"Shahid_Sultan","Shahid Sultan","Candidate",1,FALSE
"Shahinshah_Khuddar","Shahinshah Khuddar","Candidate",1,FALSE
"Shaikh_Salahuddin","Shaikh Salahuddin","Candidate",1,FALSE
"Shakeel_Ahmed","Shakeel Ahmed","Candidate",1,FALSE
"Shaukatullah_Farooqui","Shaukatullah Farooqui","Candidate",1,FALSE
"Shehbaz_Khan_Umrani","Shehbaz Khan Umrani","Candidate",1,FALSE
"Shehzad_Asif_Javed","Shehzad Asif Javed","Candidate",1,FALSE
"Sheikh_Qaisar_Javed","Sheikh Qaisar Javed","Candidate",1,FALSE
"Sheikh_Salahuddin","Sheikh Salahuddin","Candidate",1,FALSE
"Sher_Muhammad_Nohri","Sher Muhammad Nohri","Candidate",1,FALSE
"Siraj-Ud-Din","Siraj-Ud-Din","Candidate",1,FALSE
"Sohail_Ahmed_Abbasi","Sohail Ahmed Abbasi","Candidate",1,FALSE
"Sohail_Mansoor_Khawaja","Sohail Mansoor Khawaja","Candidate",2,TRUE
"Sufyan_Yousuf","Sufyan Yousuf","Candidate",1,FALSE
"Suhail_Ahmed_Abbasi_Advocate_","Suhail Ahmed Abbasi Advocate.","Candidate",1,FALSE
"Suheno","Suheno","Candidate",1,FALSE
"Syed_Akhter_Ul_Iqbal_Qadri","Syed Akhter Ul Iqbal Qadri","Candidate",1,FALSE
"Syed_Ali_Abbas_Shah","Syed Ali Abbas Shah","Candidate",1,FALSE
"Syed_Ali_Raza_Abidi","Syed Ali Raza Abidi","Candidate",1,FALSE
"Syed_Ashraf_Hussain_Shah","Syed Ashraf Hussain Shah","Candidate",1,FALSE
"Syed_Asif_Hasnain","Syed Asif Hasnain","Candidate",1,FALSE
"Syed_Baqar_Ahsan","Syed Baqar Ahsan","Candidate",1,FALSE
"Syed_Farzand_Ali_Shah","Syed Farzand Ali Shah","Candidate",1,FALSE
"Syed_Ghulam_Shabbir_Shah","Syed Ghulam Shabbir Shah","Candidate",1,FALSE
"Syed_Haider_Abbas_Rizvi","Syed Haider Abbas Rizvi","Candidate",1,FALSE
"Syed_Imran_Abdullah_so_Syed_Muhammd_Abdullah_Shah","Syed Imran Abdullah so Syed Muhammd Abdullah Shah","Candidate",1,FALSE
"Syed_Imran_Hyder_Shah","Syed Imran Hyder Shah","Candidate",1,FALSE
"Syed_Iqbal_Hussain","Syed Iqbal Hussain","Candidate",1,FALSE
"Syed_Jamil_Ur_Rab","Syed Jamil Ur Rab","Candidate",1,FALSE
"Syed_Jehan_Shah__Retd_","Syed Jehan Shah (Retd)","Candidate",1,FALSE
"Syed_Munir_Ul_Haq_Advocate_Attock","Syed Munir Ul Haq Advocate Attock","Candidate",1,FALSE
"Syed_Murtaza_Hussain_Shah","Syed Murtaza Hussain Shah","Candidate",1,FALSE
"Syed_Nadeem_Hyder_Shah_Advocate","Syed Nadeem Hyder Shah Advocate","Candidate",1,FALSE
"Syed_Nadeem_Mansoor","Syed Nadeem Mansoor","Candidate",1,FALSE
"Syed_Naveed_Anjum_Bukhari","Syed Naveed Anjum Bukhari","Candidate",1,FALSE
"Syed_Rafi_Uddin","Syed Rafi Uddin","Candidate",1,FALSE
"Syed_Riffat_Hussain_Shah","Syed Riffat Hussain Shah","Candidate",1,FALSE
"Syed_Sajjad_Hussain_Shah","Syed Sajjad Hussain Shah","Candidate",2,TRUE
"Syed_Tayyab_Hussain","Syed Tayyab Hussain","Candidate",1,FALSE
"Syed_Waseem_Hussain","Syed Waseem Hussain","Candidate",1,FALSE
"Syed_Zafar_Iqbal_Bukhari","Syed Zafar Iqbal Bukhari","Candidate",1,FALSE
"Syed_Zahid_Ali_Shah","Syed Zahid Ali Shah","Candidate",1,FALSE
"Ubedullah","Ubedullah","Candidate",1,FALSE
"Waheed_Ahmed_Mughal","Waheed Ahmed Mughal","Candidate",1,FALSE
"Waheed_Ud_Din","Waheed Ud Din","Candidate",1,FALSE
"Walidad","Walidad","Candidate",1,FALSE
"Waseem_Ahmed","Waseem Ahmed","Candidate",1,FALSE
"Waseem_Akhter","Waseem Akhter","Candidate",1,FALSE
"Wasiullah_Lakhoo","Wasiullah Lakhoo","Candidate",1,FALSE
"Wing_Commander_r__Muhammad_Nawaz_Asim","Wing Commander(r) Muhammad Nawaz Asim","Candidate",1,FALSE
"Zafar_Iqbal","Zafar Iqbal","Candidate",3,TRUE
"Zaheer_Ahmed","Zaheer Ahmed","Candidate",1,FALSE
"Zahid_Ali_Ujjan","Zahid Ali Ujjan","Candidate",1,FALSE
"Zahid_Mehmood_Kiani","Zahid Mehmood Kiani","Candidate",1,FALSE
"Zair_Ullah_Khan","Zair Ullah Khan","Candidate",1,FALSE
"Zameer_Ahmed","Zameer Ahmed","Candidate",1,FALSE
"Zeeshan_Hasan_Sidhu_Advocate","Zeeshan Hasan Sidhu Advocate","Candidate",1,FALSE
"Zulfiqar_Ali","Zulfiqar Ali","Candidate",1,FALSE
"Habib_Noor","Habib Noor","Candidate",1,FALSE
"Malik_Habib_Malak_Orakzai","Malik Habib Malak Orakzai","Candidate",1,FALSE
"Noor_Jamal_Shah","Noor Jamal Shah","Candidate",1,FALSE
"Abdullah_Mangi","Abdullah Mangi","Candidate",1,FALSE
"Aijaz_Ahmed_Sanjrani","Aijaz Ahmed Sanjrani","Candidate",1,FALSE
"Allama_Muhammad_Hasnain_Arif","Allama Muhammad Hasnain Arif","Candidate",1,FALSE
"Arbab_Liaquat_Ali","Arbab Liaquat Ali","Candidate",1,FALSE
"Asghar_Ali_Mubarik","Asghar Ali Mubarik","Candidate",1,FALSE
"Darban_Ali_Jaffry","Darban Ali Jaffry","Candidate",1,FALSE
"Ehsan_Ullah_Khan_Baluch","Ehsan Ullah Khan Baluch","Candidate",1,FALSE
"Ghulam_Hussain","Ghulam Hussain","Candidate",1,FALSE
"Hakeem_Muhammad_Tufail","Hakeem Muhammad Tufail","Candidate",1,FALSE
"Hakeem_Syed_Jaffar_Hussain_Bukhari","Hakeem Syed Jaffar Hussain Bukhari","Candidate",1,FALSE
"Imran_Ali","Imran Ali","Candidate",2,TRUE
"Jaffar_Ali","Jaffar Ali","Candidate",1,FALSE
"Khair_Mohammad","Khair Mohammad","Candidate",1,FALSE
"Khuwaja_Aftab_Ali_Jaafri","Khuwaja Aftab Ali Jaafri","Candidate",1,FALSE
"Maqsood_Ali_Domki","Maqsood Ali Domki","Candidate",1,FALSE
"Mohsin_Sajjad_Utraa","Mohsin Sajjad Utraa","Candidate",1,FALSE
"Molana_Moula_Bux_Murtazai","Molana Moula Bux Murtazai","Candidate",1,FALSE
"Muhammad_Askari_Ul_Hidayat","Muhammad Askari Ul Hidayat","Candidate",1,FALSE
"Muhammad_Hussain_Karimi","Muhammad Hussain Karimi","Candidate",1,FALSE
"Muhammad_Ismail_Jaffery","Muhammad Ismail Jaffery","Candidate",1,FALSE
"Muhammad_Sarwer","Muhammad Sarwer","Candidate",1,FALSE
"Mukhtar_Ahmed_Chandio","Mukhtar Ahmed Chandio","Candidate",1,FALSE
"Muntazir_Mehdi","Muntazir Mehdi","Candidate",1,FALSE
"Rasool_Bux_Shah","Rasool Bux Shah","Candidate",1,FALSE
"Ruqia_Sultana","Ruqia Sultana","Candidate",1,FALSE
"Shumaila_Bibi","Shumaila Bibi","Candidate",1,FALSE
"Syed_Arif_Raza_Zaidi","Syed Arif Raza Zaidi","Candidate",1,FALSE
"Syed_Asghar_Abbas_Zaidi","Syed Asghar Abbas Zaidi","Candidate",1,FALSE
"Syed_Basheer_Ahmed_Shah_Naqvi","Syed Basheer Ahmed Shah Naqvi","Candidate",1,FALSE
"Syed_Muhammad_Hassan_Zaidi","Syed Muhammad Hassan Zaidi","Candidate",1,FALSE
"Syeda_Zainab_Kazmi","Syeda Zainab Kazmi","Candidate",1,FALSE
"Zaheer_Abass_Hajano","Zaheer Abass Hajano","Candidate",1,FALSE
"Alhaaj_Choudhry_Zulfiqar_Ali","Alhaaj Choudhry Zulfiqar Ali","Candidate",1,FALSE
"Muhammad_Asghar","Muhammad Asghar","Candidate",3,TRUE
"Ahmad_Jaan","Ahmad Jaan","Candidate",1,FALSE
"Aimal_Nasir_Khan","Aimal Nasir Khan","Candidate",1,FALSE
"Mohsin_Javed","Mohsin Javed","Candidate",1,FALSE
"Muhammad_Asghar_Khan","Muhammad Asghar Khan","Candidate",1,FALSE
"Syed_Nadeem_Shah","Syed Nadeem Shah","Candidate",1,FALSE
"Abdul_Kareem_Khetran","Abdul Kareem Khetran","Candidate",1,FALSE
"Abdul_Khaliq_Baloch","Abdul Khaliq Baloch","Candidate",1,FALSE
"Abdul_Khalique","Abdul Khalique","Candidate",1,FALSE
"Dr_Abdul_Hayee_Baloch","Dr Abdul Hayee Baloch","Candidate",1,FALSE
"Faiza_Rafique","Faiza Rafique","Candidate",1,FALSE
"Haji_Musa_Jan_Khilji","Haji Musa Jan Khilji","Candidate",1,FALSE
"Ijaz_Hussain","Ijaz Hussain","Candidate",1,FALSE
"m_Naeem","m Naeem","Candidate",1,FALSE
"Mir_Kabeer_Ahmed","Mir Kabeer Ahmed","Candidate",1,FALSE
"Mir_Muhammad_Ayoub_Jattak","Mir Muhammad Ayoub Jattak","Candidate",1,FALSE
"Mmad_Yasin_Baloch","Mmad Yasin Baloch","Candidate",1,FALSE
"Muhammad_Hussain_Wattoo","Muhammad Hussain Wattoo","Candidate",1,FALSE
"Phaleen","Phaleen","Candidate",1,FALSE
"Sabira_Asad","Sabira Asad","Candidate",1,FALSE
"Sardar_Kamal_Khan_Bangulzai","Sardar Kamal Khan Bangulzai","Candidate",1,FALSE
"Sardar_Sanaullah_Zehri_","Sardar Sanaullah Zehri.","Candidate",1,FALSE
"Shah_Nawaz","Shah Nawaz","Candidate",2,TRUE
"Yar_Muhammad","Yar Muhammad","Candidate",1,FALSE
"Yar_Muhammad_Bangulzai","Yar Muhammad Bangulzai","Candidate",1,FALSE
"Yasar_Altaf_Rana","Yasar Altaf Rana","Candidate",1,FALSE
"Yasmeen_Bibi_Lehri","Yasmeen Bibi Lehri","Candidate",1,FALSE
"Abdul_Mujeeb_Pirzada","Abdul Mujeeb Pirzada","Candidate",1,FALSE
"Ghulam_Murtaza_Khan_Jatoi","Ghulam Murtaza Khan Jatoi","Candidate",1,FALSE
"Ghulam_Rasool_Khan_Jatoi","Ghulam Rasool Khan Jatoi","Candidate",1,FALSE
"Muhammad_Ibrahim_Jatoi","Muhammad Ibrahim Jatoi","Candidate",1,FALSE
"Rais_Ghulam_Murtaza_Jatoi","Rais Ghulam Murtaza Jatoi","Candidate",1,FALSE
"Major_General_Saad_Khattak","Major General Saad Khattak","Candidate",1,FALSE
"Zulfiqar_Ali_Dasti","Zulfiqar Ali Dasti","Candidate",1,FALSE
"Abdul_Rehman_Khan_Jamali","Abdul Rehman Khan Jamali","Candidate",1,FALSE
"Abdur_Raj_Khan","Abdur Raj Khan","Candidate",1,FALSE
"Adeeba_Gul_Magsi","Adeeba Gul Magsi","Candidate",1,FALSE
"Alhaaj_Malak_Aurangzeb_Khan","Alhaaj Malak Aurangzeb Khan","Candidate",1,FALSE
"Ali_Asjad_Malhi","Ali Asjad Malhi","Candidate",1,FALSE
"Altaf_Hussain_Unar","Altaf Hussain Unar","Candidate",1,FALSE
"Amanullah_Khan_Jadoon","Amanullah Khan Jadoon","Candidate",1,FALSE
"Amanullah_Paracha","Amanullah Paracha","Candidate",1,FALSE
"Ameer_Maqam","Ameer Maqam","Candidate",1,FALSE
"Anwar_Ul_Haq_Alias_Anno","Anwar Ul Haq Alias Anno","Candidate",1,FALSE
"Arbab_Zakaullah","Arbab Zakaullah","Candidate",1,FALSE
"Asif_Tauseef_","Asif Tauseef.","Candidate",1,FALSE
"Aurangzaib_Khan_Khichi","Aurangzaib Khan Khichi","Candidate",1,FALSE
"Azeem_u_Deen_Zahid","Azeem u Deen Zahid","Candidate",1,FALSE
"Begum_Malik_Shoaib_Awan","Begum Malik Shoaib Awan","Candidate",1,FALSE
"Bibi_Yasmeen_Shah","Bibi Yasmeen Shah","Candidate",2,TRUE
"Brgd_r__Zulfiqar_Ahmad_Dhillon","Brgd(r) Zulfiqar Ahmad Dhillon","Candidate",1,FALSE
"Ch__Abdul_Sattar","Ch: Abdul Sattar","Candidate",1,FALSE
"Ch__Anwar_Ali_Cheema","Ch. Anwar Ali Cheema","Candidate",1,FALSE
"Ch__Bilal_Ijaz","Ch. Bilal Ijaz","Candidate",1,FALSE
"Ch__Ghais_Ahmed_Mela","Ch. Ghais Ahmed Mela","Candidate",1,FALSE
"Ch__Imran_Ullah","Ch. Imran Ullah","Candidate",1,FALSE
"Ch__Muhammad_Ashiq_Dyial","Ch. Muhammad Ashiq Dyial","Candidate",1,FALSE
"Ch__Nazir_Ahmed_Jatt","Ch. Nazir Ahmed Jatt","Candidate",1,FALSE
"Ch__Pervaiz_Ellahi","Ch. Pervaiz Ellahi","Candidate",1,FALSE
"Ch__Shahid_Akram_Bhinder","Ch. Shahid Akram Bhinder","Candidate",1,FALSE
"Ch__Shamshad_Ahmad_Khan","Ch. Shamshad Ahmad Khan","Candidate",1,FALSE
"Ch__Shujaat_Hussain","Ch. Shujaat Hussain","Candidate",1,FALSE
"Ch__Zaffar_Iqbal_Warraich","Ch. Zaffar Iqbal Warraich","Candidate",1,FALSE
"Ch_amir_Hussain_","Ch.amir Hussain.","Candidate",1,FALSE
"Ch_Anwar_Ali_Cheema","Ch Anwar Ali Cheema","Candidate",1,FALSE
"Ch_Liaqat_Abbas_Bhatti","Ch Liaqat Abbas Bhatti","Candidate",1,FALSE
"Ch_muhammad_Saeed_Virk","Ch.muhammad Saeed Virk","Candidate",1,FALSE
"Ch_nauraiz_Shakoor_Khan","Ch.nauraiz Shakoor Khan","Candidate",1,FALSE
"Ch_Parvez_Elahi","Ch Parvez Elahi","Candidate",1,FALSE
"Ch_pervaiz_Elahi","Ch.pervaiz Elahi","Candidate",1,FALSE
"Ch_pervaiz_Ellahi","Ch.pervaiz Ellahi","Candidate",1,FALSE
"Ch_Sajid_Hussain_Chatha","Ch Sajid Hussain Chatha","Candidate",1,FALSE
"Ch_shahbaz_Hussain","Ch.shahbaz Hussain","Candidate",1,FALSE
"Ch_Shoukat_Ali_Bhatti","Ch Shoukat Ali Bhatti","Candidate",1,FALSE
"Ch_shujat_Hussain","Ch.shujat Hussain","Candidate",1,FALSE
"Ch_Wajahat_Hussain","Ch Wajahat Hussain","Candidate",1,FALSE
"Chaudhary_Shahbaz_Hussain","Chaudhary Shahbaz Hussain","Candidate",1,FALSE
"Chaudhary_Wajahat_Hussain","Chaudhary Wajahat Hussain","Candidate",1,FALSE
"Chaudhry_Muhammad_Anwar_Bhinder","Chaudhry Muhammad Anwar Bhinder","Candidate",1,FALSE
"Choudhry_Adil_Saboor","Choudhry Adil Saboor","Candidate",1,FALSE
"Choudhry_Farrukh_Altaf","Choudhry Farrukh Altaf","Candidate",1,FALSE
"Choudhry_Tariq_Bashir_Cheema","Choudhry Tariq Bashir Cheema","Candidate",1,FALSE
"Daniyal_Aziz","Daniyal Aziz","Candidate",2,TRUE
"Dawa_Khan","Dawa Khan","Candidate",2,TRUE
"Dewan_Syed_Ashiq_Hussain_Bukhari","Dewan Syed Ashiq Hussain Bukhari","Candidate",1,FALSE
"Doctor_Nisar_Ahmad_Jat_","Doctor Nisar Ahmad Jat.","Candidate",1,FALSE
"Dr__Ghulam_Hyder_Samejo","Dr. Ghulam Hyder Samejo","Candidate",1,FALSE
"Dr_junaid_Mumtaz_Joya","Dr.junaid Mumtaz Joya","Candidate",1,FALSE
"Dr_sher_Afghan_Khan_Niazi","Dr.sher Afghan Khan Niazi","Candidate",1,FALSE
"Ehsanullah_Reki","Ehsanullah Reki","Candidate",2,TRUE
"Engineer_Amir_Muqam","Engineer Amir Muqam","Candidate",1,FALSE
"Fahad_Malik","Fahad Malik","Candidate",1,FALSE
"Farhad_Ali_Khan","Farhad Ali Khan","Candidate",1,FALSE
"Farkhanda_Amjad_Warraich","Farkhanda Amjad Warraich","Candidate",1,FALSE
"Farooq_Ahmed_Khan_Leghari","Farooq Ahmed Khan Leghari","Candidate",1,FALSE
"Fawad_Ahmad","Fawad Ahmad","Candidate",1,FALSE
"Fazal_Ahmad_Sheikh","Fazal Ahmad Sheikh","Candidate",1,FALSE
"Ghias_Ahmad_Mela","Ghias Ahmad Mela","Candidate",1,FALSE
"Ghous_Bux_Khan_Mahar","Ghous Bux Khan Mahar","Candidate",2,TRUE
"Ghulam_Bibi_Bharwana","Ghulam Bibi Bharwana","Candidate",2,TRUE
"Ghulam_Sarwar_Khan","Ghulam Sarwar Khan","Candidate",2,TRUE
"Ghulam_Sarwar_Siyal_Babu","Ghulam Sarwar Siyal Babu","Candidate",1,FALSE
"Habibullah_Khan_Kundi","Habibullah Khan Kundi","Candidate",1,FALSE
"Haji_Bilal_Noor_Ansari_","Haji Bilal Noor Ansari.","Candidate",1,FALSE
"Haji_Mohammad_Islam_Qureshi","Haji Mohammad Islam Qureshi","Candidate",1,FALSE
"Haleem_Adil_Shaikh","Haleem Adil Shaikh","Candidate",1,FALSE
"Hamayun_Saifullah_Khan","Hamayun Saifullah Khan","Candidate",1,FALSE
"Hamid_Nasir_Chatha","Hamid Nasir Chatha","Candidate",1,FALSE
"Hamid_Yar_Hiraj","Hamid Yar Hiraj","Candidate",1,FALSE
"Haroon_Ehsan_Piracha","Haroon Ehsan Piracha","Candidate",1,FALSE
"Humayun_Akhtar_Khan","Humayun Akhtar Khan","Candidate",1,FALSE
"Hussaini_Shahabuddin_Shah","Hussaini Shahabuddin Shah","Candidate",1,FALSE
"Ihsan_Ali_Jatoi","Ihsan Ali Jatoi","Candidate",1,FALSE
"Inam_Khan","Inam Khan","Candidate",1,FALSE
"Irshad_Alam","Irshad Alam","Candidate",1,FALSE
"Ishaq_Khan_Khakwani","Ishaq Khan Khakwani","Candidate",1,FALSE
"Jaffar_Khan_Mandokhel","Jaffar Khan Mandokhel","Candidate",1,FALSE
"Jam_Mir_Muhammad_Yousuf","Jam Mir Muhammad Yousuf","Candidate",1,FALSE
"Javed_Iqbal","Javed Iqbal","Candidate",2,TRUE
"Javed_Iqbal_Satti","Javed Iqbal Satti","Candidate",1,FALSE
"Kh__Tahir_Zia","Kh. Tahir Zia","Candidate",1,FALSE
"Khalid_Ahmad_Gurmani","Khalid Ahmad Gurmani","Candidate",1,FALSE
"Khalid_Ahmed_Khan_Lund","Khalid Ahmed Khan Lund","Candidate",2,TRUE
"Khan_Aftab_Ahmad_Khan_Khichi","Khan Aftab Ahmad Khan Khichi","Candidate",1,FALSE
"Khan_Amanullah_Khan","Khan Amanullah Khan","Candidate",1,FALSE
"Khan_Muhammad_Dhari","Khan Muhammad Dhari","Candidate",1,FALSE
"Khawja_Sheeraz_Mehmood","Khawja Sheeraz Mehmood","Candidate",1,FALSE
"Khurram_Munawar_Manj","Khurram Munawar Manj","Candidate",1,FALSE
"Khurram_Munawwar_Munj","Khurram Munawwar Munj","Candidate",1,FALSE
"Khurshid_Ali_Khan","Khurshid Ali Khan","Candidate",1,FALSE
"Liaquat_Ali_Qureshi","Liaquat Ali Qureshi","Candidate",1,FALSE
"Lietutant_Col__r_Ghulam_Rasul_Sahi_","Lietutant Col (r)Ghulam Rasul Sahi.","Candidate",1,FALSE
"Liquat_Ali_Khan_Jatoi","Liquat Ali Khan Jatoi","Candidate",1,FALSE
"Maj__r__Habib_Ullah_Warraich","Maj.(r) Habib Ullah Warraich","Candidate",1,FALSE
"Makhdom_Zada_Syed_Basit_Ahmad_Sultan_Bukhari","Makhdom Zada Syed Basit Ahmad Sultan Bukhari","Candidate",1,FALSE
"Makhdoom_Khusru_Bakhtiar","Makhdoom Khusru Bakhtiar","Candidate",1,FALSE
"Makhdoom_Syed_Ahmad_Alam_Anwar","Makhdoom Syed Ahmad Alam Anwar","Candidate",1,FALSE
"Makhdoom_Syed_Ali_Akbar_Mehmood","Makhdoom Syed Ali Akbar Mehmood","Candidate",1,FALSE
"Makhdoom_Syed_Faisal_Saleh_Hayat","Makhdoom Syed Faisal Saleh Hayat","Candidate",1,FALSE
"Malik_Ghulam_Murtaza_Maitla","Malik Ghulam Murtaza Maitla","Candidate",1,FALSE
"Malik_Ghulam_Qasim_Hinjra","Malik Ghulam Qasim Hinjra","Candidate",1,FALSE
"Malik_Najab_Gul_Khalil_Adv_","Malik Najab Gul Khalil Adv:","Candidate",1,FALSE
"Malik_Nauman_Ahmad_Langrial","Malik Nauman Ahmad Langrial","Candidate",1,FALSE
"Malik_Nauman_Ahmed_Langriyal","Malik Nauman Ahmed Langriyal","Candidate",1,FALSE
"Malik_Niaz_Ahmad_Jakhar","Malik Niaz Ahmad Jakhar","Candidate",1,FALSE
"Mian_Ahmad_Raza_Khan_Maneka","Mian Ahmad Raza Khan Maneka","Candidate",1,FALSE
"Mian_Khursheed_Mehmood_Kasuri","Mian Khursheed Mehmood Kasuri","Candidate",1,FALSE
"Mian_Mazhar_Ahmed_Qureshi","Mian Mazhar Ahmed Qureshi","Candidate",1,FALSE
"Mian_Muhammad_Azhar","Mian Muhammad Azhar","Candidate",1,FALSE
"Mian_Muhammad_Jehangir","Mian Muhammad Jehangir","Candidate",1,FALSE
"Mian_Muhammad_Kashif_Ashfaq","Mian Muhammad Kashif Ashfaq","Candidate",1,FALSE
"Mian_Muhammad_Riaz_","Mian Muhammad Riaz.","Candidate",1,FALSE
"Mian_Najeeb_Ud_Din_Awasi","Mian Najeeb Ud Din Awasi","Candidate",1,FALSE
"Mian_Rajab_Ali_Khan_Baloch_","Mian Rajab Ali Khan Baloch.","Candidate",1,FALSE
"Mian_Riaz_Hussain_Pirzada","Mian Riaz Hussain Pirzada","Candidate",2,TRUE
"Mian_Shamim_Haidar","Mian Shamim Haidar","Candidate",1,FALSE
"Mian_Yahya_Shah_Kaka_Khel","Mian Yahya Shah Kaka Khel","Candidate",1,FALSE
"Mir_Ahmadan_Khan_Bugti","Mir Ahmadan Khan Bugti","Candidate",1,FALSE
"Mir_Ahmedan_Khan_Bugti","Mir Ahmedan Khan Bugti","Candidate",1,FALSE
"Mir_Asim_Kurd","Mir Asim Kurd","Candidate",1,FALSE
"Mir_Atta-Ur-Rehman_Mengal","Mir Atta-Ur-Rehman Mengal","Candidate",1,FALSE
"Mir_Zeeshan_Ali_Panhwar","Mir Zeeshan Ali Panhwar","Candidate",1,FALSE
"Mr__Ghulam_Sarwar_Siyal__Babu_","Mr. Ghulam Sarwar Siyal (Babu)","Candidate",1,FALSE
"Muhammad_Afrooq_Anwar_Abbasi","Muhammad Afrooq Anwar Abbasi","Candidate",1,FALSE
"Muhammad_Ajmal_Khan_Kanjoo","Muhammad Ajmal Khan Kanjoo","Candidate",1,FALSE
"Muhammad_Asim_Nazir","Muhammad Asim Nazir","Candidate",1,FALSE
"Muhammad_Aslam_Khan_Kharral","Muhammad Aslam Khan Kharral","Candidate",1,FALSE
"Muhammad_Ayub_Khan_Khattak","Muhammad Ayub Khan Khattak","Candidate",1,FALSE
"Muhammad_Basharat_Raja","Muhammad Basharat Raja","Candidate",1,FALSE
"Muhammad_Idrees","Muhammad Idrees","Candidate",1,FALSE
"Muhammad_Ijaz-Ul-Haq","Muhammad Ijaz-Ul-Haq","Candidate",2,TRUE
"Muhammad_Intikhab_Khan","Muhammad Intikhab Khan","Candidate",1,FALSE
"Muhammad_Mehboob_Sultan","Muhammad Mehboob Sultan","Candidate",2,TRUE
"Muhammad_Naseer_Khan","Muhammad Naseer Khan","Candidate",1,FALSE
"Muhammad_Nasir_Raja","Muhammad Nasir Raja","Candidate",1,FALSE
"Muhammad_Nawaz_Khan","Muhammad Nawaz Khan","Candidate",2,TRUE
"Muhammad_Raza_Hayat_Hiraj","Muhammad Raza Hayat Hiraj","Candidate",1,FALSE
"Muhammad_Saddique_Khan_Baluch","Muhammad Saddique Khan Baluch","Candidate",1,FALSE
"Muhammad_Safdar_Shakir_","Muhammad Safdar Shakir.","Candidate",1,FALSE
"Muhammad_Sarwar_Khan_Kakar","Muhammad Sarwar Khan Kakar","Candidate",1,FALSE
"Muhammad_Shah_Khagga","Muhammad Shah Khagga","Candidate",1,FALSE
"Muhammad_Tahir_Shah","Muhammad Tahir Shah","Candidate",1,FALSE
"Muhammad_Urs_Khero","Muhammad Urs Khero","Candidate",1,FALSE
"Muhtarma_Amna_Zulifqar_Dhillon","Muhtarma Amna Zulifqar Dhillon","Candidate",1,FALSE
"Mukhdoom_Syed_Sami-Ul-Hassan_Gilani","Mukhdoom Syed Sami-Ul-Hassan Gilani","Candidate",1,FALSE
"Mushtaq_Ali_Cheema_","Mushtaq Ali Cheema.","Candidate",1,FALSE
"Mustafa_Nawaz_Khokhar","Mustafa Nawaz Khokhar","Candidate",2,TRUE
"Naseem_Muhammad_Khan","Naseem Muhammad Khan","Candidate",2,TRUE
"Nasir_Iqbal_Busal","Nasir Iqbal Busal","Candidate",1,FALSE
"Nasrullah_Khan_Bijarani","Nasrullah Khan Bijarani","Candidate",1,FALSE
"Nawab_Zada_Iftikhar_Ahmad_Khan_Babar","Nawab Zada Iftikhar Ahmad Khan Babar","Candidate",1,FALSE
"Nawabzada_Sardar_Khan_Chandio","Nawabzada Sardar Khan Chandio","Candidate",1,FALSE
"Niloufer_Qasim_Mahdi","Niloufer Qasim Mahdi","Candidate",1,FALSE
"Peer_Tariq_Ahmed_Shah","Peer Tariq Ahmed Shah","Candidate",1,FALSE
"Pir_Aslam_Bodla","Pir Aslam Bodla","Candidate",1,FALSE
"Pir_Muhammad_Shah_Khagga","Pir Muhammad Shah Khagga","Candidate",1,FALSE
"Pir_Sajjad_Saeed_Jan_Sirhandi","Pir Sajjad Saeed Jan Sirhandi","Candidate",2,TRUE
"Professor_Engineer_Rana_Saeed_Ahmed_Zafar","Professor Engineer Rana Saeed Ahmed Zafar","Candidate",1,FALSE
"Qari_Mushtaque_Ahmed_Farooqui","Qari Mushtaque Ahmed Farooqui","Candidate",1,FALSE
"Rai_Mansab_Ali","Rai Mansab Ali","Candidate",1,FALSE
"Rai_Muhammad_Aslam_Kharal","Rai Muhammad Aslam Kharal","Candidate",1,FALSE
"Rais_Munir_Ahmad","Rais Munir Ahmad","Candidate",1,FALSE
"Raja_Qasim_Javaid_Ikhlas","Raja Qasim Javaid Ikhlas","Candidate",1,FALSE
"Raja_Talia_Saeed_Khan","Raja Talia Saeed Khan","Candidate",1,FALSE
"Rana_Asif_Touseef","Rana Asif Touseef","Candidate",1,FALSE
"Rana_Tariq_Javed","Rana Tariq Javed","Candidate",1,FALSE
"Rana_Zahid_Mahmood_","Rana Zahid Mahmood.","Candidate",1,FALSE
"Rao_Muhammad_Ajmal_Khan","Rao Muhammad Ajmal Khan","Candidate",2,TRUE
"Rao_Sikandar_Iqbal","Rao Sikandar Iqbal","Candidate",1,FALSE
"Rehman_Naseer","Rehman Naseer","Candidate",1,FALSE
"Rehman_Naseer_Ch_","Rehman Naseer Ch.","Candidate",1,FALSE
"Riaz_Fatiyana","Riaz Fatiyana","Candidate",1,FALSE
"Rifat_Javed_Kahloon","Rifat Javed Kahloon","Candidate",1,FALSE
"Rizwan_Sadiq_Khan","Rizwan Sadiq Khan","Candidate",1,FALSE
"Ruquiya_Saeed_Hashmi","Ruquiya Saeed Hashmi","Candidate",1,FALSE
"Sahibzada_Muhammad_Nazir_Sultan","Sahibzada Muhammad Nazir Sultan","Candidate",1,FALSE
"Said_Badshah","Said Badshah","Candidate",1,FALSE
"Sajad_Hussain","Sajad Hussain","Candidate",1,FALSE
"Saranzaib_Khan","Saranzaib Khan","Candidate",1,FALSE
"Sardar_Aqil_Omer","Sardar Aqil Omer","Candidate",1,FALSE
"Sardar_Ashiq_Hussain_Gopan","Sardar Ashiq Hussain Gopan","Candidate",1,FALSE
"Sardar_Awais_Ahmad_Khan_Leghari","Sardar Awais Ahmad Khan Leghari","Candidate",2,TRUE
"Sardar_Bahadar_Ahmad_Khan_Seehar","Sardar Bahadar Ahmad Khan Seehar","Candidate",1,FALSE
"Sardar_Fateh_Muhammad_Muhammad_Hassani","Sardar Fateh Muhammad Muhammad Hassani","Candidate",1,FALSE
"Sardar_Maqsood_Khan_Leghari","Sardar Maqsood Khan Leghari","Candidate",1,FALSE
"Sardar_Masood_Ali_Khan_Luni","Sardar Masood Ali Khan Luni","Candidate",1,FALSE
"Sardar_Muhammad_Asif_Nakai","Sardar Muhammad Asif Nakai","Candidate",1,FALSE
"Sardar_Muhammad_Israr_Tareen","Sardar Muhammad Israr Tareen","Candidate",1,FALSE
"Sardar_Muhammad_Jafar_Khan_Leghari","Sardar Muhammad Jafar Khan Leghari","Candidate",1,FALSE
"Sardar_Muhammad_Nawab_Khan","Sardar Muhammad Nawab Khan","Candidate",1,FALSE
"Sardar_Muhammad_Yaqoob","Sardar Muhammad Yaqoob","Candidate",2,TRUE
"Sardar_Nasrullh_Khan_Dreshak_","Sardar Nasrullh Khan Dreshak.","Candidate",1,FALSE
"Sardar_Shajehan_Yousaf","Sardar Shajehan Yousaf","Candidate",1,FALSE
"Sardar_Talib_Hassan_Nakai","Sardar Talib Hassan Nakai","Candidate",1,FALSE
"Sardar_Tofail_Ahmed_Khan","Sardar Tofail Ahmed Khan","Candidate",1,FALSE
"Sardar_Yar_Muhammad_Rind","Sardar Yar Muhammad Rind","Candidate",1,FALSE
"Sayed_Murad_Ali_Shah","Sayed Murad Ali Shah","Candidate",1,FALSE
"Sh__Rasheed_Ahmed","Sh. Rasheed Ahmed","Candidate",1,FALSE
"Shad_Ali_Khan","Shad Ali Khan","Candidate",1,FALSE
"Shahid_Manzoor_Gill","Shahid Manzoor Gill","Candidate",1,FALSE
"Shahid_Manzoor_Gill_","Shahid Manzoor Gill.","Candidate",1,FALSE
"Shahida_Sattar_Laleka","Shahida Sattar Laleka","Candidate",1,FALSE
"Shahzada_Muhyuddin","Shahzada Muhyuddin","Candidate",1,FALSE
"Sheikh_Jafar_Khan_Mandokhail","Sheikh Jafar Khan Mandokhail","Candidate",1,FALSE
"Sheikh_Muhammad_Anwar","Sheikh Muhammad Anwar","Candidate",1,FALSE
"Sheikh_Muhammad_Tahir_Rasheed","Sheikh Muhammad Tahir Rasheed","Candidate",1,FALSE
"Sheikh_Waqas_Akram","Sheikh Waqas Akram","Candidate",1,FALSE
"Shoukat_Ali_Khan","Shoukat Ali Khan","Candidate",1,FALSE
"Shujaat_Ali_Khan","Shujaat Ali Khan","Candidate",1,FALSE
"Sikandar_Hayat_Khan_Bossan","Sikandar Hayat Khan Bossan","Candidate",1,FALSE
"Suhrab_Ali","Suhrab Ali","Candidate",1,FALSE
"Sultan_Shahab_Jahangir","Sultan Shahab Jahangir","Candidate",1,FALSE
"Sumaira_Malik","Sumaira Malik","Candidate",1,FALSE
"Syed_Ayaz_Ali_Shah_Sheerazi","Syed Ayaz Ali Shah Sheerazi","Candidate",1,FALSE
"Syed_Gulzar_Sabtain_Shah","Syed Gulzar Sabtain Shah","Candidate",1,FALSE
"Syed_Mujahid_Ali_Shah","Syed Mujahid Ali Shah","Candidate",1,FALSE
"Syed_Noor-Ul-Hassan_Shah","Syed Noor-Ul-Hassan Shah","Candidate",1,FALSE
"Syed_Obaidullah","Syed Obaidullah","Candidate",1,FALSE
"Syed_Qurban_Ali_Shah","Syed Qurban Ali Shah","Candidate",2,TRUE
"Syed_Riaz_Hussain_Shah_Sheerazi","Syed Riaz Hussain Shah Sheerazi","Candidate",1,FALSE
"Tahir_Bashir_Cheema","Tahir Bashir Cheema","Candidate",2,TRUE
"Tahir_Hussain_Shah_","Tahir Hussain Shah.","Candidate",1,FALSE
"Taj_Mohammad_Shaikh","Taj Mohammad Shaikh","Candidate",1,FALSE
"Tariq_Bashir_Cheema","Tariq Bashir Cheema","Candidate",1,FALSE
"Umar_Ayub_Khan","Umar Ayub Khan","Candidate",1,FALSE
"Umar_Zeb_Khan","Umar Zeb Khan","Candidate",1,FALSE
"Waseem_Gulzar","Waseem Gulzar","Candidate",1,FALSE
"Wazir_Mohammad_Safi","Wazir Mohammad Safi","Candidate",1,FALSE
"Zafarullah_Tarar","Zafarullah Tarar","Candidate",1,FALSE
"Zaheer_Ud_Din","Zaheer Ud Din","Candidate",1,FALSE
"Zahid_Nazir","Zahid Nazir","Candidate",1,FALSE
"Zardali_Khan","Zardali Khan","Candidate",1,FALSE
"Zargul_Khan","Zargul Khan","Candidate",1,FALSE
"Naveed_Akhtar_Khan","Naveed Akhtar Khan","Candidate",1,FALSE
"Muhammad_Urs_Kherio","Muhammad Urs Kherio","Candidate",1,FALSE
"Azmat_Ali","Azmat Ali","Candidate",1,FALSE
"Syed_Mazhar_Ali","Syed Mazhar Ali","Candidate",1,FALSE
"Kaleem_Ullah","Kaleem Ullah","Candidate",1,FALSE
"Raziq_Dad","Raziq Dad","Candidate",1,FALSE
"Sardar_Taimoor","Sardar Taimoor","Candidate",1,FALSE
"Asia_Chudhary","Asia Chudhary","Candidate",1,FALSE
"Haji_Muhammad_Gulzar_Awan","Haji Muhammad Gulzar Awan","Candidate",2,TRUE
"Mirza_Zaheer_Ahmed_Babar","Mirza Zaheer Ahmed Babar","Candidate",1,FALSE
"Raja_Muhammad_Aftab_Satti","Raja Muhammad Aftab Satti","Candidate",1,FALSE
"Khaqan_Waheed_Khuwaja","Khaqan Waheed Khuwaja","Candidate",1,FALSE
"Ahmad_Ikhwan","Ahmad Ikhwan","Candidate",1,FALSE
"Ali_Hassan","Ali Hassan","Candidate",1,FALSE
"Aman_Ullah","Aman Ullah","Candidate",2,TRUE
"Amjad_Arbab_Abbasi","Amjad Arbab Abbasi","Candidate",1,FALSE
"Asjad_Hussain","Asjad Hussain","Candidate",1,FALSE
"Fayyaz_Ahmed_Tabassum","Fayyaz Ahmed Tabassum","Candidate",1,FALSE
"Gul_Hassan","Gul Hassan","Candidate",2,TRUE
"Haji_Fateh_Din","Haji Fateh Din","Candidate",1,FALSE
"Latif_Ahmed_Hussain","Latif Ahmed Hussain","Candidate",1,FALSE
"Mian_Muhammad_Raza","Mian Muhammad Raza","Candidate",1,FALSE
"Mian_Noor_Ahmad","Mian Noor Ahmad","Candidate",1,FALSE
"Mubashir_Hussain","Mubashir Hussain","Candidate",1,FALSE
"Mudassar_Hussain_Shah","Mudassar Hussain Shah","Candidate",1,FALSE
"Muhammad_Amir_Awan","Muhammad Amir Awan","Candidate",1,FALSE
"Muhammad_Anwar_Abbasi","Muhammad Anwar Abbasi","Candidate",1,FALSE
"Muhammad_Asif_Sulehria","Muhammad Asif Sulehria","Candidate",1,FALSE
"Muhammad_Ayoub_Butt","Muhammad Ayoub Butt","Candidate",1,FALSE
"Muhammad_Aziz","Muhammad Aziz","Candidate",1,FALSE
"Muhammad_Ijaz_Arshad","Muhammad Ijaz Arshad","Candidate",1,FALSE
"Muhammad_Khalil","Muhammad Khalil","Candidate",1,FALSE
"Muhammad_Nadeem","Muhammad Nadeem","Candidate",1,FALSE
"Muhammad_Naveed_Akhtar","Muhammad Naveed Akhtar","Candidate",1,FALSE
"Muhammad_Rafi","Muhammad Rafi","Candidate",1,FALSE
"Muhammad_Shahzad","Muhammad Shahzad","Candidate",1,FALSE
"Muhammad_Usman","Muhammad Usman","Candidate",1,FALSE
"Mujahid_Mahmood","Mujahid Mahmood","Candidate",1,FALSE
"Naseer_Khan","Naseer Khan","Candidate",1,FALSE
"Naveed_Akram","Naveed Akram","Candidate",1,FALSE
"Pervaiz_Iqbal_Virk","Pervaiz Iqbal Virk","Candidate",1,FALSE
"Salwat_Shahzad_Khan","Salwat Shahzad Khan","Candidate",1,FALSE
"Sardar_Muhammad_Mansoor_Khan","Sardar Muhammad Mansoor Khan","Candidate",1,FALSE
"Shafique_Ahmad","Shafique Ahmad","Candidate",1,FALSE
"Sohail_Babar","Sohail Babar","Candidate",1,FALSE
"Abdul_Aziz_Khan","Abdul Aziz Khan","Candidate",1,FALSE
"Ghulam_Habib_Marwat","Ghulam Habib Marwat","Candidate",1,FALSE
"Makhdoom_Nasir_Farid_Chishti","Makhdoom Nasir Farid Chishti","Candidate",1,FALSE
"Rubina_Shaheen_Wattoo","Rubina Shaheen Wattoo","Candidate",1,FALSE
"Imam_Ali_Brohi","Imam Ali Brohi","Candidate",1,FALSE
"Danish_Channa","Danish Channa","Candidate",1,FALSE
"Daud_Ahmed_Fakhri","Daud Ahmed Fakhri","Candidate",1,FALSE
"Farzana_Parveen","Farzana Parveen","Candidate",1,FALSE
"Jahangir_Hussain_Jafari","Jahangir Hussain Jafari","Candidate",1,FALSE
"Muhammad_Bilal_Hussain","Muhammad Bilal Hussain","Candidate",1,FALSE
"Muhammad_Jaffar_Jatoi","Muhammad Jaffar Jatoi","Candidate",1,FALSE
"Muhammad_Zahid_Bashir","Muhammad Zahid Bashir","Candidate",1,FALSE
"Raheeman","Raheeman","Candidate",1,FALSE
"Rizwan_Ahmed_Khan","Rizwan Ahmed Khan","Candidate",1,FALSE
"Sumbul_Akhtar","Sumbul Akhtar","Candidate",1,FALSE
"Syed_Muhammad_Ishrat_Ghazali","Syed Muhammad Ishrat Ghazali","Candidate",1,FALSE
"Ch_muhammad_Ashraf","Ch.muhammad Ashraf","Candidate",1,FALSE
"Nawab_Zada_Mansoor_Ahmad_Khan","Nawab Zada Mansoor Ahmad Khan","Candidate",1,FALSE
"Imtiaz_Khan","Imtiaz Khan","Candidate",1,FALSE
"Mubeen_Malik","Mubeen Malik","Candidate",1,FALSE
"Shabbir_Ahmed_Anjum","Shabbir Ahmed Anjum","Candidate",1,FALSE
"Shafaqaat_Ahmad","Shafaqaat Ahmad","Candidate",1,FALSE
"Taimoor_Ahmad_Yar_Khan","Taimoor Ahmad Yar Khan","Candidate",1,FALSE
"Tayyaba_Mubarak","Tayyaba Mubarak","Candidate",1,FALSE
"Muhammad_Syed","Muhammad Syed","Candidate",1,FALSE
"Anwar_Hussain","Anwar Hussain","Candidate",1,FALSE
"Doctor_Muhammad_Rashid_Qammar","Doctor Muhammad Rashid Qammar","Candidate",1,FALSE
"Muhammad_Arshad_Hussain_Chishti","Muhammad Arshad Hussain Chishti","Candidate",1,FALSE
"Sardar_Naseer_Ahmed","Sardar Naseer Ahmed","Candidate",1,FALSE
"Shahid_Iqbal","Shahid Iqbal","Candidate",1,FALSE
"Sufi_Muhammad_Ali_Naqshbandi","Sufi Muhammad Ali Naqshbandi","Candidate",1,FALSE
"Syed_Rashid_Hussain_Shah","Syed Rashid Hussain Shah","Candidate",1,FALSE
"Abdul_Shakoor","Abdul Shakoor","Candidate",2,TRUE
"Admiral_r_Javaid_Iqbal","Admiral r Javaid Iqbal","Candidate",1,FALSE
"Admiral_r_Javed_Iqbal","Admiral r Javed Iqbal","Candidate",1,FALSE
"Ameer_Ahmad_Awan","Ameer Ahmad Awan","Candidate",1,FALSE
"Asghar_Ali_Javed","Asghar Ali Javed","Candidate",1,FALSE
"Choudhary_Muhammad_Rafi","Choudhary Muhammad Rafi","Candidate",1,FALSE
"Hafiz_Muhammad_Abid_Khan_Saeedi","Hafiz Muhammad Abid Khan Saeedi","Candidate",1,FALSE
"Khalid_Jamal_Siddiqui","Khalid Jamal Siddiqui","Candidate",1,FALSE
"Muhammad_Salman_Ansari","Muhammad Salman Ansari","Candidate",1,FALSE
"Nasir_Abbas","Nasir Abbas","Candidate",2,TRUE
"Nasir_Raheem","Nasir Raheem","Candidate",1,FALSE
"Nazar_Ali_Mazari","Nazar Ali Mazari","Candidate",1,FALSE
"Rahmaan_Alli","Rahmaan Alli","Candidate",1,FALSE
"Syed_Ahmed_Ali","Syed Ahmed Ali","Candidate",1,FALSE
"Syed_Iqbal_Shah","Syed Iqbal Shah","Candidate",1,FALSE
"Syed_Rashid_Ali_Gerdazi","Syed Rashid Ali Gerdazi","Candidate",1,FALSE
"Tariq_Yaseen","Tariq Yaseen","Candidate",1,FALSE
"Miss_Mehwish_Chaudhary","Miss Mehwish Chaudhary","Candidate",1,FALSE
"Mrs_Mehwish_Chaudhry_Advocate","Mrs Mehwish Chaudhry Advocate","Candidate",1,FALSE
"Chaudhry_Zahid_Iqram","Chaudhry Zahid Iqram","Candidate",1,FALSE
"Muhammad_Ali_Sheikh","Muhammad Ali Sheikh","Candidate",1,FALSE
"Ilhaaj_Muhammad_Hassan_Chaudhry","Ilhaaj Muhammad Hassan Chaudhry","Candidate",1,FALSE
"Muhammad_Mumtaz","Muhammad Mumtaz","Candidate",1,FALSE
"Zaffar_Iqbal_Gurmani","Zaffar Iqbal Gurmani","Candidate",1,FALSE
"Muhammad_Yousuf_Kureshy","Muhammad Yousuf Kureshy","Candidate",1,FALSE
"Ch_Ijaz_Hussain_Gujjar_Advocate","Ch Ijaz Hussain Gujjar Advocate","Candidate",1,FALSE
"Ch_Muhammad_Majeed_Gill_Advocate","Ch Muhammad Majeed Gill Advocate","Candidate",1,FALSE
"Chudhary_Ghulam_Rasool_Mehr","Chudhary Ghulam Rasool Mehr","Candidate",1,FALSE
"Malik_Mansaf_Awan_Advocate","Malik Mansaf Awan Advocate","Candidate",1,FALSE
"Malik_Noor_Muhammad_Sarfraz_Awan_Advocate","Malik Noor Muhammad Sarfraz Awan Advocate","Candidate",1,FALSE
"Mian_Ghulam_Rasool_Advocate","Mian Ghulam Rasool Advocate","Candidate",1,FALSE
"Muhammad_Arshad_Faqir","Muhammad Arshad Faqir","Candidate",1,FALSE
"Muhammad_Naeem_Kashif_Adv","Muhammad Naeem Kashif Adv","Candidate",1,FALSE
"Muhammad_Shakeel_Tahir","Muhammad Shakeel Tahir","Candidate",1,FALSE
"Qari_Nadeem_Ahmad_Owaisi","Qari Nadeem Ahmad Owaisi","Candidate",1,FALSE
"Rai_Muhammad_Nawaz_Kharal_Advocate","Rai Muhammad Nawaz Kharal Advocate","Candidate",1,FALSE
"Zafar_Iqbal_Rajput_Khokhar","Zafar Iqbal Rajput Khokhar","Candidate",1,FALSE
"Saira_Khatoon","Saira Khatoon","Candidate",1,FALSE
"Sayyed_Khalid_Mehmood_Shah","Sayyed Khalid Mehmood Shah","Candidate",1,FALSE
"Shahid_Ahmad","Shahid Ahmad","Candidate",1,FALSE
"Abdul_Ghafoor_Kolachi","Abdul Ghafoor Kolachi","Candidate",1,FALSE
"Aijaz_Ali_Khokhar","Aijaz Ali Khokhar","Candidate",1,FALSE
"Malik_Zulfiqar_Hussain","Malik Zulfiqar Hussain","Candidate",1,FALSE
"Muhammad_Amir_Wattoo","Muhammad Amir Wattoo","Candidate",1,FALSE
"Rahim_Bakhsh","Rahim Bakhsh","Candidate",1,FALSE
"Shahid_Anjum","Shahid Anjum","Candidate",1,FALSE
"Syed_Muhammad_Asad_Shah_Athar","Syed Muhammad Asad Shah Athar","Candidate",1,FALSE
"Tariq_Iqbal","Tariq Iqbal","Candidate",1,FALSE
"Abdul_Qadir_Khan_Wadan","Abdul Qadir Khan Wadan","Candidate",1,FALSE
"Abdul_Rab","Abdul Rab","Candidate",1,FALSE
"Abdul_Rahim_Mandokhail","Abdul Rahim Mandokhail","Candidate",1,FALSE
"Abdul_Razzaq","Abdul Razzaq","Candidate",2,TRUE
"Abdul_Razzaq_Achakzai","Abdul Razzaq Achakzai","Candidate",1,FALSE
"Ahmed_Jan_Khan","Ahmed Jan Khan","Candidate",1,FALSE
"Akhtar_Shah_Kudezai","Akhtar Shah Kudezai","Candidate",1,FALSE
"Burhan_Ul_Din","Burhan Ul Din","Candidate",1,FALSE
"Dr__Abdullah_Khan","Dr. Abdullah Khan","Candidate",1,FALSE
"Haji_Muhammad_Barki","Haji Muhammad Barki","Candidate",1,FALSE
"Ikram_Ul_Haq_Khan","Ikram Ul Haq Khan","Candidate",1,FALSE
"Jamal_Khan","Jamal Khan","Candidate",2,TRUE
"Jan_Dad_Khan","Jan Dad Khan","Candidate",1,FALSE
"Jehangir_Khan","Jehangir Khan","Candidate",2,TRUE
"Khurshid_Ali","Khurshid Ali","Candidate",1,FALSE
"Main_Asmatullah_Shah","Main Asmatullah Shah","Candidate",1,FALSE
"Malik_Khaliq_Dad","Malik Khaliq Dad","Candidate",1,FALSE
"Mehmood_Khan_Achakzai","Mehmood Khan Achakzai","Candidate",2,TRUE
"Mohammad_Nawaz_Khan","Mohammad Nawaz Khan","Candidate",1,FALSE
"Mohammad_Usman","Mohammad Usman","Candidate",1,FALSE
"Muhammad_Akram_Tareen","Muhammad Akram Tareen","Candidate",1,FALSE
"Muhammad_Ashraf","Muhammad Ashraf","Candidate",2,TRUE
"Muhammad_Bakhsh_Mengal","Muhammad Bakhsh Mengal","Candidate",1,FALSE
"Muhammad_Essa_Roshan","Muhammad Essa Roshan","Candidate",1,FALSE
"Muhammad_Mukhtiar","Muhammad Mukhtiar","Candidate",1,FALSE
"Muhammad_Rahim","Muhammad Rahim","Candidate",1,FALSE
"Murad_Ali","Murad Ali","Candidate",1,FALSE
"Nawab_Muhammad_Ayaz_Khan_Jogezai","Nawab Muhammad Ayaz Khan Jogezai","Candidate",1,FALSE
"Noor_Ullah_Tareen","Noor Ullah Tareen","Candidate",1,FALSE
"Palwasha_Ramzan","Palwasha Ramzan","Candidate",1,FALSE
"Rafi_Ullah","Rafi Ullah","Candidate",1,FALSE
"Raza_Mohammad_Raza","Raza Mohammad Raza","Candidate",1,FALSE
"Riaz_Mahammad_Yousafzai","Riaz Mahammad Yousafzai","Candidate",1,FALSE
"Saleem_Khan_Kakar","Saleem Khan Kakar","Candidate",1,FALSE
"Syed_Muhammad_Yousuf_Agha","Syed Muhammad Yousuf Agha","Candidate",1,FALSE
"Zameen_Dad_Shah","Zameen Dad Shah","Candidate",1,FALSE
"Zia_Watan_Dost","Zia Watan Dost","Candidate",1,FALSE
"Qadeer_Hussain","Qadeer Hussain","Candidate",1,FALSE
"Abdul_Samad_Khan","Abdul Samad Khan","Candidate",1,FALSE
"Hazrat_Umar","Hazrat Umar","Candidate",1,FALSE
"Irfan_Karim","Irfan Karim","Candidate",1,FALSE
"Moulana_Abdul_Hafiz","Moulana Abdul Hafiz","Candidate",1,FALSE
"Muhammad_Arif_Khan","Muhammad Arif Khan","Candidate",1,FALSE
"Muhammad_Jibran","Muhammad Jibran","Candidate",1,FALSE
"S_m_Farooq","S.m Farooq","Candidate",1,FALSE
"Sara_Ashfaq","Sara Ashfaq","Candidate",1,FALSE
"Shahbaz_Ali","Shahbaz Ali","Candidate",1,FALSE
"Yasir_Ali","Yasir Ali","Candidate",1,FALSE
"Aneela_Iftikhar","Aneela Iftikhar","Candidate",1,FALSE
"Arshad_Ahmad_Qamar","Arshad Ahmad Qamar","Candidate",1,FALSE
"Chaudhry_Salik_Hussain","Chaudhry Salik Hussain","Candidate",1,FALSE
"Chaudhry_Tariq_Bashir_Cheema","Chaudhry Tariq Bashir Cheema","Candidate",1,FALSE
"Hussain_Ellahi","Hussain Ellahi","Candidate",1,FALSE
"Muhammad_Jameel_Ahmed_Khan","Muhammad Jameel Ahmed Khan","Candidate",1,FALSE
"Muhammad_Tariq_Hassan","Muhammad Tariq Hassan","Candidate",1,FALSE
"Musa_Elahi","Musa Elahi","Candidate",1,FALSE
"Riaz_Ahmed_Jan","Riaz Ahmed Jan","Candidate",1,FALSE
"Shakeel_Ahmed_Roshan","Shakeel Ahmed Roshan","Candidate",1,FALSE
"Syed_Faizan_Anis","Syed Faizan Anis","Candidate",1,FALSE
"Muzaffar_Ahmed","Muzaffar Ahmed","Candidate",1,FALSE
"Gohar_Ali_Khan","Gohar Ali Khan","Candidate",1,FALSE
"Meher_Muhammad_Jhangir_Advocate","Meher Muhammad Jhangir Advocate","Candidate",1,FALSE
"Muhammad_Younas","Muhammad Younas","Candidate",3,TRUE
"Tauseef_Ur_Rehman_Bhatti_Advocate","Tauseef Ur Rehman Bhatti Advocate","Candidate",1,FALSE
"Ali_Akber_Nizamani","Ali Akber Nizamani","Candidate",1,FALSE
"Ali_Asghar_Halepoto","Ali Asghar Halepoto","Candidate",1,FALSE
"Amjad_Hussain","Amjad Hussain","Candidate",1,FALSE
"Chakar_Khan_Shahani","Chakar Khan Shahani","Candidate",1,FALSE
"Fakir_Ghulam_Nabi_Mangrio","Fakir Ghulam Nabi Mangrio","Candidate",1,FALSE
"Ghulam_Dastgir_Rajar","Ghulam Dastgir Rajar","Candidate",1,FALSE
"Imamuddin_Shaookeen","Imamuddin Shaookeen","Candidate",1,FALSE
"Inayatullah","Inayatullah","Candidate",1,FALSE
"Jam_Mashooque_Ali","Jam Mashooque Ali","Candidate",1,FALSE
"Khuda_Bux_Dars","Khuda Bux Dars","Candidate",1,FALSE
"Main_Sajjad_Ahmad_Sajid","Main Sajjad Ahmad Sajid","Candidate",1,FALSE
"Maj___Rtd__Syed_Tanveer_Hussain_Satara_Juraat","Maj: (Rtd) Syed Tanveer Hussain Satara Juraat","Candidate",1,FALSE
"Makhdoom_Syed_Ahmad_Mahmood","Makhdoom Syed Ahmad Mahmood","Candidate",1,FALSE
"Makhdum_Syed_Ahmad_Mahmud","Makhdum Syed Ahmad Mahmud","Candidate",1,FALSE
"Malik_Ghulam_Mustafa_Khar","Malik Ghulam Mustafa Khar","Candidate",1,FALSE
"Mehtab_Akbar_Rashidi","Mehtab Akbar Rashidi","Candidate",1,FALSE
"Mian_Abdul_Malik","Mian Abdul Malik","Candidate",1,FALSE
"Mir_Hassan_Khoso","Mir Hassan Khoso","Candidate",1,FALSE
"Mir_Naseer_Khan_Khoso_","Mir Naseer Khan Khoso.","Candidate",1,FALSE
"Muhammad_Jadam_Mangrio","Muhammad Jadam Mangrio","Candidate",1,FALSE
"Musharraf_Ali_Khan_Khoso","Musharraf Ali Khan Khoso","Candidate",1,FALSE
"Nadeem_Qadir_Bhutto","Nadeem Qadir Bhutto","Candidate",1,FALSE
"Pir_Bux_Junejo","Pir Bux Junejo","Candidate",1,FALSE
"Pir_Noor_Mohammad_Shah_Jeelani","Pir Noor Mohammad Shah Jeelani","Candidate",1,FALSE
"Pir_Sadruddin_Shah","Pir Sadruddin Shah","Candidate",1,FALSE
"Pir_Syed_Saddaruddin_Shah_Rashdi","Pir Syed Saddaruddin Shah Rashdi","Candidate",1,FALSE
"Sardar_Mir_Hakim_Ali_Khan_Sundrani","Sardar Mir Hakim Ali Khan Sundrani","Candidate",1,FALSE
"Sarfaraz_Ali_Bughio","Sarfaraz Ali Bughio","Candidate",1,FALSE
"Shabir_Ahmed_Qaim_Khani","Shabir Ahmed Qaim Khani","Candidate",1,FALSE
"Shehzad_Mughal","Shehzad Mughal","Candidate",1,FALSE
"Syed_Ghulam_Abbas","Syed Ghulam Abbas","Candidate",1,FALSE
"Syed_Inayat_Ali_Shah","Syed Inayat Ali Shah","Candidate",3,TRUE
"Syed_Javed_Ali_Shah","Syed Javed Ali Shah","Candidate",3,TRUE
"Syed_Kazim_Ali_Shah_Lakyari","Syed Kazim Ali Shah Lakyari","Candidate",1,FALSE
"Syed_Mehr_Mohi_Ud_Din_Hashmi","Syed Mehr Mohi Ud Din Hashmi","Candidate",1,FALSE
"Syed_Qazim_Ali_Shah","Syed Qazim Ali Shah","Candidate",1,FALSE
"Syed_Safdar_Ali_Shah","Syed Safdar Ali Shah","Candidate",1,FALSE
"Syed_Zahid_Hussain_Shah","Syed Zahid Hussain Shah","Candidate",1,FALSE
"Adil_Farooq_Khan","Adil Farooq Khan","Candidate",1,FALSE
"Asif_Mamon","Asif Mamon","Candidate",1,FALSE
"Chaudhary_Muhammad_Younas_Hanjra","Chaudhary Muhammad Younas Hanjra","Candidate",1,FALSE
"Choudhary_Amjad_Mehmood","Choudhary Amjad Mehmood","Candidate",1,FALSE
"Fozia_Ashraf","Fozia Ashraf","Candidate",1,FALSE
"Ijaz_Ahmed_Cheena","Ijaz Ahmed Cheena","Candidate",1,FALSE
"Imran_Ahmad_Khan","Imran Ahmad Khan","Candidate",1,FALSE
"Mozaffer_Ali","Mozaffer Ali","Candidate",1,FALSE
"Muhammad_Ahmad_Chatha","Muhammad Ahmad Chatha","Candidate",1,FALSE
"Muhammad_Fiaz_Qadri","Muhammad Fiaz Qadri","Candidate",1,FALSE
"Muhammad_Mutahar_Ramzan","Muhammad Mutahar Ramzan","Candidate",1,FALSE
"Syed_Ghulam_Abbas_Shah","Syed Ghulam Abbas Shah","Candidate",1,FALSE
"Syed_Safdar_Ali","Syed Safdar Ali","Candidate",1,FALSE
"Inzar_Gul","Inzar Gul","Candidate",1,FALSE
"Arslan_Ul_Mulk_Dhariwal","Arslan Ul Mulk Dhariwal","Candidate",1,FALSE
"Abbas_Khan_Afridi","Abbas Khan Afridi","Candidate",1,FALSE
"Abdul_Ghaffar_Dogar","Abdul Ghaffar Dogar","Candidate",1,FALSE
"Abdul_Hakeem_Baloch","Abdul Hakeem Baloch","Candidate",2,TRUE
"Abdul_Hameed_Rajput","Abdul Hameed Rajput","Candidate",1,FALSE
"Abdul_Hamid_Orakzai","Abdul Hamid Orakzai","Candidate",1,FALSE
"Abdul_Khaliq_Khar","Abdul Khaliq Khar","Candidate",1,FALSE
"Abdul_Majeed_Khan","Abdul Majeed Khan","Candidate",1,FALSE
"Abdul_Qadeer","Abdul Qadeer","Candidate",1,FALSE
"Abdul_Qadir_Khan","Abdul Qadir Khan","Candidate",1,FALSE
"Abdul_Rehman_Khan_Kanju","Abdul Rehman Khan Kanju","Candidate",1,FALSE
"Abdul_Subhan","Abdul Subhan","Candidate",1,FALSE
"Abdulkhaliq","Abdulkhaliq","Candidate",1,FALSE
"Abdullah","Abdullah","Candidate",3,TRUE
"Abdullah_Sheedi","Abdullah Sheedi","Candidate",1,FALSE
"Abid_Ali","Abid Ali","Candidate",1,FALSE
"Abid_Ali_","Abid Ali.","Candidate",1,FALSE
"Abid_Azeem","Abid Azeem","Candidate",1,FALSE
"Abid_Sheer_Ali","Abid Sheer Ali","Candidate",1,FALSE
"Adrees_Bajwa_","Adrees Bajwa.","Candidate",1,FALSE
"Agha_Muhammad_Munwar","Agha Muhammad Munwar","Candidate",1,FALSE
"Ahmad_Atteeq_Anwer","Ahmad Atteeq Anwer","Candidate",1,FALSE
"Ahmad_Hussain_Dehar","Ahmad Hussain Dehar","Candidate",1,FALSE
"Ahmad_Raza_Maneka","Ahmad Raza Maneka","Candidate",2,TRUE
"Ahsan_Iqbal","Ahsan Iqbal","Candidate",1,FALSE
"Akhlaq_Younas","Akhlaq Younas","Candidate",1,FALSE
"Akhtar_Hussain_Jadoon","Akhtar Hussain Jadoon","Candidate",1,FALSE
"Akhtiar_Wali","Akhtiar Wali","Candidate",1,FALSE
"Akhundzada_Badruddin","Akhundzada Badruddin","Candidate",1,FALSE
"Alam_Dad_Laleka","Alam Dad Laleka","Candidate",1,FALSE
"Alamzeb_Khan","Alamzeb Khan","Candidate",1,FALSE
"Alhaj_Muhammad_Farid_Mufakkar","Alhaj Muhammad Farid Mufakkar","Candidate",1,FALSE
"Ali_Gohar_Khan","Ali Gohar Khan","Candidate",1,FALSE
"Ali_Mohammad_Khan_Juna_Advocate","Ali Mohammad Khan Juna Advocate","Candidate",1,FALSE
"Ali_Raza_Cholyani","Ali Raza Cholyani","Candidate",1,FALSE
"Ali_Sher_Khan","Ali Sher Khan","Candidate",1,FALSE
"Ali_Zahid","Ali Zahid","Candidate",1,FALSE
"Allando_Shah_Alias_Zafar_Ali_Shah","Allando Shah Alias Zafar Ali Shah","Candidate",1,FALSE
"Amir_Muqam","Amir Muqam","Candidate",1,FALSE
"Amir_Talal_Gopang","Amir Talal Gopang","Candidate",1,FALSE
"Ammar_Ahmad_Khan_Leghari","Ammar Ahmad Khan Leghari","Candidate",1,FALSE
"Anjum_Aqeel_Khan","Anjum Aqeel Khan","Candidate",1,FALSE
"Anwar_Ul_Haq_Chaudhary","Anwar Ul Haq Chaudhary","Candidate",2,TRUE
"Arshad_Manan_Yousaf_Zai","Arshad Manan Yousaf Zai","Candidate",1,FALSE
"Asghar_Ali_Awan","Asghar Ali Awan","Candidate",1,FALSE
"Asghar_Ali_Shah","Asghar Ali Shah","Candidate",2,TRUE
"Asif_Ali_Malik","Asif Ali Malik","Candidate",1,FALSE
"Asif_Aqeel","Asif Aqeel","Candidate",1,FALSE
"Aslam_Bodla","Aslam Bodla","Candidate",1,FALSE
"Atta_Ullah_Tarar","Atta Ullah Tarar","Candidate",1,FALSE
"Ayaz_Amir","Ayaz Amir","Candidate",2,TRUE
"Azad_Ali_Tabassum","Azad Ali Tabassum","Candidate",1,FALSE
"Azhar_Qayyum_Nahra","Azhar Qayyum Nahra","Candidate",1,FALSE
"Azhar_Qayyum_Nehra","Azhar Qayyum Nehra","Candidate",1,FALSE
"Babar_Nawaz_Khan","Babar Nawaz Khan","Candidate",1,FALSE
"Bashir_Ahmed","Bashir Ahmed","Candidate",1,FALSE
"Baz_Gul_Afridi","Baz Gul Afridi","Candidate",1,FALSE
"Begum_Tehmina_Doultana","Begum Tehmina Doultana","Candidate",1,FALSE
"Bilal_Azhar_Kayani","Bilal Azhar Kayani","Candidate",1,FALSE
"Bilal_Yaseen","Bilal Yaseen","Candidate",1,FALSE
"Capt_r_Muhammad_Safdar","Capt r Muhammad Safdar","Candidate",1,FALSE
"Ch__Abid_Raza","Ch. Abid Raza","Candidate",1,FALSE
"Ch__Ashfaq_Ahmed_Mattu","Ch. Ashfaq Ahmed Mattu","Candidate",1,FALSE
"Ch__Mehmood_Bashir_Virk","Ch. Mehmood Bashir Virk","Candidate",1,FALSE
"Ch__Mubashir_Hussain","Ch. Mubashir Hussain","Candidate",1,FALSE
"Ch__Muhammad_Jafar_Iqbal","Ch. Muhammad Jafar Iqbal","Candidate",1,FALSE
"Ch__Muhammad_Riaz","Ch. Muhammad Riaz","Candidate",1,FALSE
"Ch__Nisar_Ali_Khan","Ch. Nisar Ali Khan","Candidate",1,FALSE
"Ch__Safdar-Ur-Rehman","Ch. Safdar-Ur-Rehman","Candidate",1,FALSE
"Ch__Saud_Majeed","Ch. Saud Majeed","Candidate",1,FALSE
"Ch_Armaghan_Subhani","Ch Armaghan Subhani","Candidate",1,FALSE
"Ch_Asad_Ur_Rehman","Ch Asad Ur Rehman","Candidate",1,FALSE
"Ch_bilal_Ahmed_Virk","Ch.bilal Ahmed Virk","Candidate",1,FALSE
"Ch_Jaffar_Iqbal","Ch Jaffar Iqbal","Candidate",1,FALSE
"Ch_muhammad_Ali_Gujar__Advocate","Ch.muhammad Ali Gujar, Advocate","Candidate",1,FALSE
"Ch_Muhammad_Ashraf","Ch Muhammad Ashraf","Candidate",1,FALSE
"Ch_muhammad_Munir_Azhar","Ch.muhammad Munir Azhar","Candidate",1,FALSE
"Ch_Nadeem_Abbas_Rebera","Ch Nadeem Abbas Rebera","Candidate",1,FALSE
"Ch_Nisar_Ali_Khan","Ch Nisar Ali Khan","Candidate",1,FALSE
"Chaudhary_Abid_Raza","Chaudhary Abid Raza","Candidate",1,FALSE
"Chaudhary_Asad-Ur-Rehman","Chaudhary Asad-Ur-Rehman","Candidate",1,FALSE
"Chaudhary_Asad_Ur_Rehman","Chaudhary Asad Ur Rehman","Candidate",1,FALSE
"Chaudhary_Farrukh_Altaf","Chaudhary Farrukh Altaf","Candidate",1,FALSE
"Chaudhary_Iftikhar_Nazir","Chaudhary Iftikhar Nazir","Candidate",1,FALSE
"Chaudhary_Khalid_Javed","Chaudhary Khalid Javed","Candidate",1,FALSE
"Chaudhary_Mahmood_Bashir_Virk","Chaudhary Mahmood Bashir Virk","Candidate",1,FALSE
"Chaudhary_Muhammad_Ashraf","Chaudhary Muhammad Ashraf","Candidate",1,FALSE
"Chaudhary_Muhammad_Ashraf_Gujjar","Chaudhary Muhammad Ashraf Gujjar","Candidate",1,FALSE
"Chaudhary_Muhammad_Barjees_Tahir","Chaudhary Muhammad Barjees Tahir","Candidate",1,FALSE
"Chaudhary_Muhammad_Iqbal","Chaudhary Muhammad Iqbal","Candidate",1,FALSE
"Chaudhary_Muhammad_Shahbaz_Babar","Chaudhary Muhammad Shahbaz Babar","Candidate",1,FALSE
"Chaudhary_Naseer_Ahmed_Sidhu","Chaudhary Naseer Ahmed Sidhu","Candidate",1,FALSE
"Chaudhary_Nazeer_Ahmad","Chaudhary Nazeer Ahmad","Candidate",1,FALSE
"Chaudhary_Nazir_Ahmad","Chaudhary Nazir Ahmad","Candidate",1,FALSE
"Chaudhary_Nisar_Ali_Khan","Chaudhary Nisar Ali Khan","Candidate",1,FALSE
"Chaudhry_Khadim_Hussain","Chaudhry Khadim Hussain","Candidate",1,FALSE
"Chaudhry_Khalid_Javed_Warraich","Chaudhry Khalid Javed Warraich","Candidate",1,FALSE
"Chaudhry_Mahmood_Bashir_Virk","Chaudhry Mahmood Bashir Virk","Candidate",1,FALSE
"Chaudhry_Muhammad_Jamil_Johar_Advocate","Chaudhry Muhammad Jamil Johar Advocate","Candidate",1,FALSE
"Chaudhry_Muhammad_Munir_Azhar","Chaudhry Muhammad Munir Azhar","Candidate",1,FALSE
"Chaudhry_Naseer_Ahmed_Bhutta","Chaudhry Naseer Ahmed Bhutta","Candidate",1,FALSE
"Chaudry_Armaghan_Subhani","Chaudry Armaghan Subhani","Candidate",1,FALSE
"Choudhary_Iftikhar_Nazir","Choudhary Iftikhar Nazir","Candidate",1,FALSE
"Choudhary_Muhammad_Barjees_Tahir","Choudhary Muhammad Barjees Tahir","Candidate",1,FALSE
"Choudhry_Muhammad_Shahbaz_Babar","Choudhry Muhammad Shahbaz Babar","Candidate",1,FALSE
"Choudhry_Muhammad_Tarique","Choudhry Muhammad Tarique","Candidate",1,FALSE
"Chudhary_Bilal_Ahmed_Virk","Chudhary Bilal Ahmed Virk","Candidate",1,FALSE
"Chudhary_Hamid_Hameed","Chudhary Hamid Hameed","Candidate",1,FALSE
"Col_r__Mian_Muhammad_Akram_Advocate","Col(r) Mian Muhammad Akram Advocate","Candidate",1,FALSE
"Daniyal_Ahmed","Daniyal Ahmed","Candidate",1,FALSE
"Danyal_Choudhary","Danyal Choudhary","Candidate",1,FALSE
"Dewan_Ashiq_Hussain_Bukhari","Dewan Ashiq Hussain Bukhari","Candidate",1,FALSE
"Dewan_Syed_Jaffar_Hussain","Dewan Syed Jaffar Hussain","Candidate",1,FALSE
"Dilawar_Khan","Dilawar Khan","Candidate",1,FALSE
"Doctor_Hafeez_Ur_Rehman_Khan_Drishak","Doctor Hafeez Ur Rehman Khan Drishak","Candidate",1,FALSE
"Doctor_Liaquat_Ali_Khan","Doctor Liaquat Ali Khan","Candidate",1,FALSE
"Dr__Abu-Ul-Hassan_Ansari","Dr. Abu-Ul-Hassan Ansari","Candidate",1,FALSE
"Dr__Azeem-Ud-Din_Zahid_Lakhvi","Dr. Azeem-Ud-Din Zahid Lakhvi","Candidate",1,FALSE
"Dr__Imtiaz_Ahmed","Dr: Imtiaz Ahmed","Candidate",1,FALSE
"Dr__Mian_Akhtar_Ali_Lalika","Dr. Mian Akhtar Ali Lalika","Candidate",1,FALSE
"Dr__Muhammad_Afzal_Khan_Dhandla","Dr. Muhammad Afzal Khan Dhandla","Candidate",1,FALSE
"Dr__Syed_Ali_Hyder_Shah","Dr. Syed Ali Hyder Shah","Candidate",1,FALSE
"Dr__Tariq_Fazal_Chudhary","Dr. Tariq Fazal Chudhary","Candidate",1,FALSE
"Dr__Zulfiqar_Ali_Bhatti","Dr. Zulfiqar Ali Bhatti","Candidate",1,FALSE
"Dr_hafiz_Shabbir_Ahmed","Dr.hafiz Shabbir Ahmed","Candidate",1,FALSE
"Dr_Rahila_Gul_Magsi","Dr Rahila Gul Magsi","Candidate",1,FALSE
"Dr_syed_Khawar_Ali_Shah","Dr.syed Khawar Ali Shah","Candidate",1,FALSE
"Dr_tariq_Fazal_Chaudhry","Dr.tariq Fazal Chaudhry","Candidate",1,FALSE
"Ehsan-Ul-Haq_Idrees_Advocate","Ehsan-Ul-Haq Idrees Advocate","Candidate",1,FALSE
"Ehsan_Ul_Haq_Bajwa","Ehsan Ul Haq Bajwa","Candidate",1,FALSE
"Engineer_Abdul_Munim_Khan","Engineer Abdul Munim Khan","Candidate",1,FALSE
"Engineer_Iqbal_Zafar_Jhagra","Engineer Iqbal Zafar Jhagra","Candidate",1,FALSE
"Engineer_Khuram_Dastgir_Khan","Engineer Khuram Dastgir Khan","Candidate",1,FALSE
"Engr_Khurram_Dastgir_Khan","Engr Khurram Dastgir Khan","Candidate",1,FALSE
"Faheem_Advocate","Faheem Advocate","Candidate",1,FALSE
"Faiz_Muhammad_Khan","Faiz Muhammad Khan","Candidate",1,FALSE
"Farah_Awan_Advocate","Farah Awan Advocate","Candidate",1,FALSE
"Farah_Khan","Farah Khan","Candidate",1,FALSE
"Farhat_Ullah_Khan","Farhat Ullah Khan","Candidate",1,FALSE
"Farid_Khan_Yousafzai","Farid Khan Yousafzai","Candidate",1,FALSE
"Farkhanda_Amjad_Waraich","Farkhanda Amjad Waraich","Candidate",1,FALSE
"Fida_Muhammad","Fida Muhammad","Candidate",2,TRUE
"Furqan_Ali","Furqan Ali","Candidate",1,FALSE
"Ghalib_Khan","Ghalib Khan","Candidate",1,FALSE
"Ghani_Ur_Rehman","Ghani Ur Rehman","Candidate",1,FALSE
"Ghulam_Hyder_Phulpoto","Ghulam Hyder Phulpoto","Candidate",1,FALSE
"Ghulam_Muhammad_Lali","Ghulam Muhammad Lali","Candidate",1,FALSE
"Ghulam_Rasool_Sahi","Ghulam Rasool Sahi","Candidate",1,FALSE
"Ghulam_Shoaib","Ghulam Shoaib","Candidate",1,FALSE
"Hafeez_Ur_Rehman_Khan_Drishak","Hafeez Ur Rehman Khan Drishak","Candidate",1,FALSE
"Hafiz_Abdul_Kareem","Hafiz Abdul Kareem","Candidate",1,FALSE
"Hafiz_Abdul_Karim","Hafiz Abdul Karim","Candidate",1,FALSE
"Hafiz_Masroor_Lateef","Hafiz Masroor Lateef","Candidate",1,FALSE
"Haji_Arz_Muhammad_Barech","Haji Arz Muhammad Barech","Candidate",1,FALSE
"Haji_Jamal_Shah_Kakar","Haji Jamal Shah Kakar","Candidate",1,FALSE
"Haji_Javed_Iqbal_Jat","Haji Javed Iqbal Jat","Candidate",1,FALSE
"Haji_Muhammad_Akram_Ansari","Haji Muhammad Akram Ansari","Candidate",1,FALSE
"Haji_Muzaffar_Ali_Shajra","Haji Muzaffar Ali Shajra","Candidate",1,FALSE
"Haji_Waris_Khan_Achakzai","Haji Waris Khan Achakzai","Candidate",1,FALSE
"Haji_Zar_Khan_Safi","Haji Zar Khan Safi","Candidate",1,FALSE
"Hameer_Imdad_Unar","Hameer Imdad Unar","Candidate",1,FALSE
"Hammad_Nawaz_Khan","Hammad Nawaz Khan","Candidate",1,FALSE
"Hamza","Hamza","Candidate",2,TRUE
"Hamza_Shahbaz_Sharif","Hamza Shahbaz Sharif","Candidate",1,FALSE
"Hizbullah_Gandapur","Hizbullah Gandapur","Candidate",1,FALSE
"Humair_Hayat_Khan_Rokhari","Humair Hayat Khan Rokhari","Candidate",1,FALSE
"Husnain_Rashid","Husnain Rashid","Candidate",1,FALSE
"Ibadullah","Ibadullah","Candidate",1,FALSE
"Iftikhar_Uddin","Iftikhar Uddin","Candidate",1,FALSE
"Ihasn_Kareem_Qureshi","Ihasn Kareem Qureshi","Candidate",1,FALSE
"Ijaz_Ahmed_Chaudhary","Ijaz Ahmed Chaudhary","Candidate",1,FALSE
"Illah_Bukhsh_Soomro","Illah Bukhsh Soomro","Candidate",1,FALSE
"Illahi_Bux_Soomro","Illahi Bux Soomro","Candidate",1,FALSE
"Imtiaz_Ahmad_Gondal","Imtiaz Ahmad Gondal","Candidate",1,FALSE
"Inamullah_Khan_Niazi","Inamullah Khan Niazi","Candidate",1,FALSE
"Iqbal_Zaffar_Jhagra","Iqbal Zaffar Jhagra","Candidate",1,FALSE
"Irfan_Aziz_Kurd","Irfan Aziz Kurd","Candidate",1,FALSE
"Ishtiaq_Ahmed_Advocate","Ishtiaq Ahmed Advocate","Candidate",1,FALSE
"Jalal_Khan_Khattak","Jalal Khan Khattak","Candidate",2,TRUE
"Jam_Kamal_Khan","Jam Kamal Khan","Candidate",1,FALSE
"Jamil_Ahmad_Khan","Jamil Ahmad Khan","Candidate",1,FALSE
"Javaid_Ibrahim_Paracha","Javaid Ibrahim Paracha","Candidate",1,FALSE
"Javed_Akhter","Javed Akhter","Candidate",1,FALSE
"Jehanzeb_Khan","Jehanzeb Khan","Candidate",1,FALSE
"Justice_r__Iftikhar_Ahmad_Cheema","Justice(r) Iftikhar Ahmad Cheema","Candidate",1,FALSE
"Justice_r_Iftikhar_Ahmad_Cheema","Justice r Iftikhar Ahmad Cheema","Candidate",1,FALSE
"Kaleem_Akbar_Durrani","Kaleem Akbar Durrani","Candidate",1,FALSE
"Kalim_Akbar","Kalim Akbar","Candidate",1,FALSE
"Khalid_Aziz","Khalid Aziz","Candidate",1,FALSE
"Khawaja_Ahmad_Hassan","Khawaja Ahmad Hassan","Candidate",1,FALSE
"Khawaja_Muhammad_Asif","Khawaja Muhammad Asif","Candidate",1,FALSE
"Khawaja_Muhammad_Asif_","Khawaja Muhammad Asif.","Candidate",1,FALSE
"Khawaja_Saad_Rafique","Khawaja Saad Rafique","Candidate",1,FALSE
"Khudai_Noor","Khudai Noor","Candidate",1,FALSE
"Khurram_Dastagir_Khan","Khurram Dastagir Khan","Candidate",1,FALSE
"Liaqat_Ahmed_Khan","Liaqat Ahmed Khan","Candidate",1,FALSE
"Liaquat_Ali_Jamali","Liaquat Ali Jamali","Candidate",1,FALSE
"Lt_Gen_r__Salah-Ud-Din_Trimzi","Lt Gen(r) Salah-Ud-Din Trimzi","Candidate",1,FALSE
"Lt_gen_r_Abdul_Qadir_Baloch","Lt.gen r Abdul Qadir Baloch","Candidate",1,FALSE
"m_Aslam_Buledi","m Aslam Buledi","Candidate",1,FALSE
"m_Junaid_Anwar_Chaudhary","m Junaid Anwar Chaudhary","Candidate",1,FALSE
"Mailk_Sohail_Khan","Mailk Sohail Khan","Candidate",1,FALSE
"Major_r_Amir_Aziz_Kurd","Major r Amir Aziz Kurd","Candidate",1,FALSE
"Major_Rtd_Tahir_Iqbal","Major Rtd Tahir Iqbal","Candidate",1,FALSE
"Makdum_Syed_Ahmad_Alam_Anwer","Makdum Syed Ahmad Alam Anwer","Candidate",1,FALSE
"Makhadom_Jamil_Ahmed_Hussain_Bukhari","Makhadom Jamil Ahmed Hussain Bukhari","Candidate",1,FALSE
"Makhdoom_Faisal_Saleh_Hayat","Makhdoom Faisal Saleh Hayat","Candidate",1,FALSE
"Makhdoom_Moeen_Uddin_Ali","Makhdoom Moeen Uddin Ali","Candidate",1,FALSE
"Makhdoom_Moin_Ud_Din_Ali_Hashmi","Makhdoom Moin Ud Din Ali Hashmi","Candidate",1,FALSE
"Makhdoom_Muhammad_Javed_Hashmi","Makhdoom Muhammad Javed Hashmi","Candidate",1,FALSE
"Makhdoom_Syed_Ali_Hassan_Gillani","Makhdoom Syed Ali Hassan Gillani","Candidate",1,FALSE
"Makhdoom_Syed_Sami_Ul_Hassan_Gilani","Makhdoom Syed Sami Ul Hassan Gilani","Candidate",1,FALSE
"Makhdoomzada_s_b_a_Sultan","Makhdoomzada s b a Sultan","Candidate",1,FALSE
"Malak_Muhammad_Zeb_Khan","Malak Muhammad Zeb Khan","Candidate",1,FALSE
"Malak_Syed_Ahmad","Malak Syed Ahmad","Candidate",1,FALSE
"Malik_Abdul_Ghaffar_Dogar","Malik Abdul Ghaffar Dogar","Candidate",1,FALSE
"Malik_Abrar_Ahmad","Malik Abrar Ahmad","Candidate",1,FALSE
"Malik_Akhtar_Hussain_Awan","Malik Akhtar Hussain Awan","Candidate",1,FALSE
"Malik_Ghulam_Qasim_Hanjra","Malik Ghulam Qasim Hanjra","Candidate",1,FALSE
"Malik_Ibrar_Ahmed","Malik Ibrar Ahmed","Candidate",1,FALSE
"Malik_Ihtebar_Khan","Malik Ihtebar Khan","Candidate",1,FALSE
"Malik_Iqbal_Mehdi_Khan","Malik Iqbal Mehdi Khan","Candidate",1,FALSE
"Malik_Khalid_Naeem","Malik Khalid Naeem","Candidate",1,FALSE
"Malik_Majid_Bucha","Malik Majid Bucha","Candidate",1,FALSE
"Malik_Maula_Dad_Khan_Sherani_","Malik Maula Dad Khan Sherani.","Candidate",1,FALSE
"Malik_Muhammad_Afzal_Khokhar","Malik Muhammad Afzal Khokhar","Candidate",1,FALSE
"Malik_Muhammad_Asad_Khan","Malik Muhammad Asad Khan","Candidate",1,FALSE
"Malik_Muhammad_Basit_Khar","Malik Muhammad Basit Khar","Candidate",1,FALSE
"Malik_Muhammad_Iqbal_Chanar","Malik Muhammad Iqbal Chanar","Candidate",1,FALSE
"Malik_Saif_Ul_Malook_Khokar","Malik Saif Ul Malook Khokar","Candidate",1,FALSE
"Malik_Shakeel_Ahmed_Awan","Malik Shakeel Ahmed Awan","Candidate",1,FALSE
"Malik_Shakir_Bashir_Awan","Malik Shakir Bashir Awan","Candidate",1,FALSE
"Malik_Sohail_Khan","Malik Sohail Khan","Candidate",2,TRUE
"Malik_Sultan_Mehmood","Malik Sultan Mehmood","Candidate",1,FALSE
"Mansoor_Kamal_Marwat","Mansoor Kamal Marwat","Candidate",1,FALSE
"Maryam_Nawaz_Sharif","Maryam Nawaz Sharif","Candidate",1,FALSE
"Mehar_Ishtiaq_Ahmad","Mehar Ishtiaq Ahmad","Candidate",1,FALSE
"Mian_Abdul_Manan","Mian Abdul Manan","Candidate",1,FALSE
"Mian_Abdul_Mannan_","Mian Abdul Mannan.","Candidate",1,FALSE
"Mian_Abdul_Rasheed","Mian Abdul Rasheed","Candidate",1,FALSE
"Mian_Faiz-Ul-Hassan","Mian Faiz-Ul-Hassan","Candidate",1,FALSE
"Mian_Imtiaz_Ahmad","Mian Imtiaz Ahmad","Candidate",1,FALSE
"Mian_Imtiaz_Ahmed","Mian Imtiaz Ahmed","Candidate",1,FALSE
"Mian_Javed_Latif","Mian Javed Latif","Candidate",1,FALSE
"Mian_Manzoor_Hussain","Mian Manzoor Hussain","Candidate",1,FALSE
"Mian_Margoob_Ahmad","Mian Margoob Ahmad","Candidate",1,FALSE
"Mian_Muhammad_Arshad_Abbas_Qureshi","Mian Muhammad Arshad Abbas Qureshi","Candidate",1,FALSE
"Mian_Muhammad_Farooq","Mian Muhammad Farooq","Candidate",1,FALSE
"Mian_Muhammad_Ilyas_Rasheed","Mian Muhammad Ilyas Rasheed","Candidate",1,FALSE
"Mian_Muhammad_Nawaz_Sharif","Mian Muhammad Nawaz Sharif","Candidate",1,FALSE
"Mian_Muhammad_Qasim_Farooq_","Mian Muhammad Qasim Farooq.","Candidate",1,FALSE
"Mian_Muhammad_Rasheed","Mian Muhammad Rasheed","Candidate",2,TRUE
"Mian_Muhammad_Shahbaz_Sharif","Mian Muhammad Shahbaz Sharif","Candidate",1,FALSE
"Mian_Muhammad_Sharif_Zafar_Joia","Mian Muhammad Sharif Zafar Joia","Candidate",1,FALSE
"Mian_Najibuddin_Awaisi","Mian Najibuddin Awaisi","Candidate",1,FALSE
"Mian_Riaz_Hussain_Peerzada","Mian Riaz Hussain Peerzada","Candidate",1,FALSE
"Mian_Shahid_Hussain_Khan","Mian Shahid Hussain Khan","Candidate",1,FALSE
"Mian_Shahid_Hussain_Khan_Bhatti","Mian Shahid Hussain Khan Bhatti","Candidate",1,FALSE
"Mian_Yawar_Zaman","Mian Yawar Zaman","Candidate",1,FALSE
"Mir_Amanullah_Talpur","Mir Amanullah Talpur","Candidate",1,FALSE
"Mir_Atta_Ullah","Mir Atta Ullah","Candidate",1,FALSE
"Mir_Dosteen_Khan_Domki","Mir Dosteen Khan Domki","Candidate",1,FALSE
"Mir_Khan_Muhammad_Jamali","Mir Khan Muhammad Jamali","Candidate",1,FALSE
"Mir_Mehrullah_Khan_Umrani","Mir Mehrullah Khan Umrani","Candidate",1,FALSE
"Mohammad_Riyaz","Mohammad Riyaz","Candidate",1,FALSE
"Mohmmad-Ul-Mulk__Akhon_Zada_","Mohmmad-Ul-Mulk (Akhon Zada)","Candidate",1,FALSE
"Mohsin_Shah_Nawaz_Ranjah","Mohsin Shah Nawaz Ranjah","Candidate",1,FALSE
"Mohsin_Shah_Nawaz_Ranjha","Mohsin Shah Nawaz Ranjha","Candidate",1,FALSE
"Mohsin_Shahnawaz_Ranjha","Mohsin Shahnawaz Ranjha","Candidate",1,FALSE
"Mohtarmatehmina_Doultana","Mohtarmatehmina Doultana","Candidate",1,FALSE
"Moin_Khan","Moin Khan","Candidate",1,FALSE
"Molana_Asif_Muawia","Molana Asif Muawia","Candidate",1,FALSE
"Mr__Makhdoom_Shah_Nawaz_Qureshi","Mr. Makhdoom Shah Nawaz Qureshi","Candidate",1,FALSE
"Mr_babu_Sarfraz_Khan_Jatoi","Mr.babu Sarfraz Khan Jatoi","Candidate",1,FALSE
"Mr_liaquat_Ali_Jatoi","Mr.liaquat Ali Jatoi","Candidate",1,FALSE
"Mrs_Amjad_Ali_Warraich","Mrs Amjad Ali Warraich","Candidate",1,FALSE
"Muhabbat_Khan","Muhabbat Khan","Candidate",1,FALSE
"Muhammad_Abad","Muhammad Abad","Candidate",1,FALSE
"Muhammad_Abdul_Ghaffar_Watto","Muhammad Abdul Ghaffar Watto","Candidate",1,FALSE
"Muhammad_Afzal_Khokhar","Muhammad Afzal Khokhar","Candidate",1,FALSE
"Muhammad_Akbar_Khan","Muhammad Akbar Khan","Candidate",1,FALSE
"Muhammad_Akhtar_Khan_Kanjoo","Muhammad Akhtar Khan Kanjoo","Candidate",1,FALSE
"Muhammad_Akhtar_Khan_Kanju","Muhammad Akhtar Khan Kanju","Candidate",1,FALSE
"Muhammad_Akhter_Khadam_Alias_Khadam_Hussain","Muhammad Akhter Khadam Alias Khadam Hussain","Candidate",1,FALSE
"Muhammad_Akram_Mughal","Muhammad Akram Mughal","Candidate",1,FALSE
"Muhammad_Amjad_Farooq_Khan_Khosa","Muhammad Amjad Farooq Khan Khosa","Candidate",1,FALSE
"Muhammad_Arif_Ch","Muhammad Arif Ch","Candidate",1,FALSE
"Muhammad_Arshad_Khan_Laghari","Muhammad Arshad Khan Laghari","Candidate",1,FALSE
"Muhammad_Asad_Ali_Khan_Junejo","Muhammad Asad Ali Khan Junejo","Candidate",1,FALSE
"Muhammad_Asim_Nazeer","Muhammad Asim Nazeer","Candidate",1,FALSE
"Muhammad_Aslam_Khan_Khattak","Muhammad Aslam Khan Khattak","Candidate",1,FALSE
"Muhammad_Azhar_Khan_Laghari","Muhammad Azhar Khan Laghari","Candidate",1,FALSE
"Muhammad_Baleegh-Ur-Rehman","Muhammad Baleegh-Ur-Rehman","Candidate",1,FALSE
"Muhammad_Baligh_Ur_Rehman","Muhammad Baligh Ur Rehman","Candidate",1,FALSE
"Muhammad_Barjees_Tahir","Muhammad Barjees Tahir","Candidate",1,FALSE
"Muhammad_Faiz_Tamman","Muhammad Faiz Tamman","Candidate",1,FALSE
"Muhammad_Farooq_Baha-Ul-Haq_Shah","Muhammad Farooq Baha-Ul-Haq Shah","Candidate",1,FALSE
"Muhammad_Hamid_Hameed","Muhammad Hamid Hameed","Candidate",1,FALSE
"Muhammad_Hamza_Shehbaz_Sharif","Muhammad Hamza Shehbaz Sharif","Candidate",1,FALSE
"Muhammad_Hanif_Abbasi","Muhammad Hanif Abbasi","Candidate",1,FALSE
"Muhammad_Humair_Hayat_Khan_Niazi","Muhammad Humair Hayat Khan Niazi","Candidate",1,FALSE
"Muhammad_Israr","Muhammad Israr","Candidate",1,FALSE
"Muhammad_Jamil_Malik","Muhammad Jamil Malik","Candidate",1,FALSE
"Muhammad_Junaid_Anwaar_Chaudhry","Muhammad Junaid Anwaar Chaudhry","Candidate",1,FALSE
"Muhammad_Junaid_Anwaar_Chudhary","Muhammad Junaid Anwaar Chudhary","Candidate",1,FALSE
"Muhammad_Khan_Daha","Muhammad Khan Daha","Candidate",1,FALSE
"Muhammad_Moeen_Wattoo","Muhammad Moeen Wattoo","Candidate",1,FALSE
"Muhammad_Mueen_Watto","Muhammad Mueen Watto","Candidate",1,FALSE
"Muhammad_Nawaz_Sharif","Muhammad Nawaz Sharif","Candidate",1,FALSE
"Muhammad_Nazir_Khan","Muhammad Nazir Khan","Candidate",1,FALSE
"Muhammad_Nisar_Khan","Muhammad Nisar Khan","Candidate",1,FALSE
"Muhammad_Numan","Muhammad Numan","Candidate",1,FALSE
"Muhammad_Pervaiz_Malik","Muhammad Pervaiz Malik","Candidate",1,FALSE
"Muhammad_Qasim_Farooq","Muhammad Qasim Farooq","Candidate",1,FALSE
"Muhammad_Riaz_Malik","Muhammad Riaz Malik","Candidate",1,FALSE
"Muhammad_Sana_Ullah_Khan_Masti_Khel","Muhammad Sana Ullah Khan Masti Khel","Candidate",1,FALSE
"Muhammad_Shahbaz_Sharif","Muhammad Shahbaz Sharif","Candidate",1,FALSE
"Muhammad_Shoaib_Khan","Muhammad Shoaib Khan","Candidate",1,FALSE
"Muhammad_Tahir_Ameer_Ghroi","Muhammad Tahir Ameer Ghroi","Candidate",1,FALSE
"Muhammad_Talal_Chaudhry_","Muhammad Talal Chaudhry.","Candidate",1,FALSE
"Muhammad_Tallal_Choudhary","Muhammad Tallal Choudhary","Candidate",1,FALSE
"Muhammad_Ullah","Muhammad Ullah","Candidate",1,FALSE
"Muhammad_Usman_Awaisi","Muhammad Usman Awaisi","Candidate",1,FALSE
"Muhammad_Uzair_Khan","Muhammad Uzair Khan","Candidate",1,FALSE
"Muhammad_Yaqub_Sheikh","Muhammad Yaqub Sheikh","Candidate",1,FALSE
"Muhammad_Yar_Khan_Kamoka","Muhammad Yar Khan Kamoka","Candidate",1,FALSE
"Muhammad_Yousaf_Kakar","Muhammad Yousaf Kakar","Candidate",1,FALSE
"Mukhdoom_Syed_Asad_Murtaza_Geelani","Mukhdoom Syed Asad Murtaza Geelani","Candidate",1,FALSE
"Mukhtar_Ahmed_Malik","Mukhtar Ahmed Malik","Candidate",1,FALSE
"Mumtaz_Ahmad_Tarar","Mumtaz Ahmad Tarar","Candidate",1,FALSE
"Munawar_Hayat_Abbasi","Munawar Hayat Abbasi","Candidate",1,FALSE
"Murtaza_Javed_Abbasi","Murtaza Javed Abbasi","Candidate",1,FALSE
"Mushahid_Raza","Mushahid Raza","Candidate",1,FALSE
"Mushahidullah_Khan","Mushahidullah Khan","Candidate",1,FALSE
"Nadeem_Abbas","Nadeem Abbas","Candidate",1,FALSE
"Naheed_Parveen","Naheed Parveen","Candidate",1,FALSE
"Naik_Amal_Khan","Naik Amal Khan","Candidate",1,FALSE
"Najeeb_Ullah_Khan_Niazi","Najeeb Ullah Khan Niazi","Candidate",1,FALSE
"Nasar_Iqbal_Bosal","Nasar Iqbal Bosal","Candidate",1,FALSE
"Nasir_Iqbal_Bosal","Nasir Iqbal Bosal","Candidate",1,FALSE
"Nasir_Khan_Mosazai","Nasir Khan Mosazai","Candidate",1,FALSE
"Nawab_Arshad_Ali_Talpur","Nawab Arshad Ali Talpur","Candidate",1,FALSE
"Nawab_Salman_Khan_Khilji","Nawab Salman Khan Khilji","Candidate",1,FALSE
"Nawab_Sher","Nawab Sher","Candidate",1,FALSE
"Nawab_Zada","Nawab Zada","Candidate",1,FALSE
"Nawabzada_Jangaiz_Khan_Marri","Nawabzada Jangaiz Khan Marri","Candidate",1,FALSE
"Nawabzada_Khawaja_Muhammad_Khan_Hoti","Nawabzada Khawaja Muhammad Khan Hoti","Candidate",1,FALSE
"Nawabzada_Mazher_Ali","Nawabzada Mazher Ali","Candidate",1,FALSE
"Niaz_Muhammad_Khan","Niaz Muhammad Khan","Candidate",1,FALSE
"Nisar_Ahmed_Cheema","Nisar Ahmed Cheema","Candidate",1,FALSE
"Nisar_Akbar_Khan_","Nisar Akbar Khan.","Candidate",1,FALSE
"Noor_Ul_Hassan_Tanveer","Noor Ul Hassan Tanveer","Candidate",1,FALSE
"Obaid_Ullah_Khan_Shadi_Khel","Obaid Ullah Khan Shadi Khel","Candidate",1,FALSE
"Obaid_Ullah_Shadi_Khel","Obaid Ullah Shadi Khel","Candidate",1,FALSE
"Omar_Ayub_Khan","Omar Ayub Khan","Candidate",2,TRUE
"Parveen_Bashir","Parveen Bashir","Candidate",1,FALSE
"Pir_Muhammad_Amin_Ul_Hasnat_Shah","Pir Muhammad Amin Ul Hasnat Shah","Candidate",1,FALSE
"Pir_Muhammad_Aslam_Bodla","Pir Muhammad Aslam Bodla","Candidate",1,FALSE
"Pirzada_Muhammad_Ashraf_Zia","Pirzada Muhammad Ashraf Zia","Candidate",1,FALSE
"Professor_Doctor_Noor_Muhammad_Ghafari","Professor Doctor Noor Muhammad Ghafari","Candidate",1,FALSE
"Qadir_Bux","Qadir Bux","Candidate",1,FALSE
"Qaiser_Ahmad_Sheikh","Qaiser Ahmad Sheikh","Candidate",1,FALSE
"Qaiser_Ahmed_Sheikh","Qaiser Ahmed Sheikh","Candidate",1,FALSE
"Raees_Khan","Raees Khan","Candidate",1,FALSE
"Rahim_Bux","Rahim Bux","Candidate",1,FALSE
"Rai_Mansab_Ali_Khan","Rai Mansab Ali Khan","Candidate",1,FALSE
"Rai_Muhammad_Saleem_Raza_Kharral_Advocate","Rai Muhammad Saleem Raza Kharral Advocate","Candidate",1,FALSE
"Rai_Salah-Ud-Din","Rai Salah-Ud-Din","Candidate",1,FALSE
"Raja_Javed_Ikhlas","Raja Javed Ikhlas","Candidate",1,FALSE
"Raja_Muhammad_Asad_Khan","Raja Muhammad Asad Khan","Candidate",1,FALSE
"Raja_Muhammad_Javed_Ikhlas","Raja Muhammad Javed Ikhlas","Candidate",1,FALSE
"Raja_Muhammad_Safdar","Raja Muhammad Safdar","Candidate",1,FALSE
"Raja_Osama_Sarwar","Raja Osama Sarwar","Candidate",1,FALSE
"Raja_Qamar_Ul_Islam","Raja Qamar Ul Islam","Candidate",1,FALSE
"Rajab_Ali_Khan_Baloch","Rajab Ali Khan Baloch","Candidate",1,FALSE
"Rana_Abdul_Sattar_Bin_Rana_Shamim_Ahmed_Khan","Rana Abdul Sattar Bin Rana Shamim Ahmed Khan","Candidate",1,FALSE
"Rana_Afzaal_Hussain","Rana Afzaal Hussain","Candidate",1,FALSE
"Rana_Iradat_Sharif_Khan","Rana Iradat Sharif Khan","Candidate",1,FALSE
"Rana_Mahmood-Ul-Hassan","Rana Mahmood-Ul-Hassan","Candidate",1,FALSE
"Rana_Mehmood_Ul_Hassan","Rana Mehmood Ul Hassan","Candidate",1,FALSE
"Rana_Mubasshir_Iqbal","Rana Mubasshir Iqbal","Candidate",1,FALSE
"Rana_Muhammad_Afzal_Khan","Rana Muhammad Afzal Khan","Candidate",1,FALSE
"Rana_Muhammad_Hayat_Khan","Rana Muhammad Hayat Khan","Candidate",1,FALSE
"Rana_Muhammad_Ishaq_Khan","Rana Muhammad Ishaq Khan","Candidate",1,FALSE
"Rana_Nazir_Ahmad_Khan","Rana Nazir Ahmad Khan","Candidate",1,FALSE
"Rana_Qasim_Noon","Rana Qasim Noon","Candidate",1,FALSE
"Rana_Sana_Ullah_Khan","Rana Sana Ullah Khan","Candidate",1,FALSE
"Rana_Shamim_Ahmed_Khan","Rana Shamim Ahmed Khan","Candidate",1,FALSE
"Rana_Tanveer_Hussain","Rana Tanveer Hussain","Candidate",1,FALSE
"Rana_Umer_Nazir_Khan","Rana Umer Nazir Khan","Candidate",1,FALSE
"Rana_Zahid_Hussain_Khan","Rana Zahid Hussain Khan","Candidate",1,FALSE
"Rao_Abid_Rizwan_Shoukat","Rao Abid Rizwan Shoukat","Candidate",1,FALSE
"Rao_Mazhar_Hayyat_Khan","Rao Mazhar Hayyat Khan","Candidate",1,FALSE
"Rao_Muhammad_Mohsin_Ali_Khan","Rao Muhammad Mohsin Ali Khan","Candidate",1,FALSE
"Rasheed_Ahmad_Khan","Rasheed Ahmad Khan","Candidate",1,FALSE
"Rasool_Bux_Jakhro","Rasool Bux Jakhro","Candidate",1,FALSE
"Rehan_Malik_Advocate","Rehan Malik Advocate","Candidate",1,FALSE
"Rehan_Qaiser_Sheikh","Rehan Qaiser Sheikh","Candidate",1,FALSE
"Rehmat_Salam_Khattak","Rehmat Salam Khattak","Candidate",1,FALSE
"Riaz_Ahmad_Khan","Riaz Ahmad Khan","Candidate",1,FALSE
"Riaz_Ul_Haq","Riaz Ul Haq","Candidate",1,FALSE
"Rooh_Ullah_Khan","Rooh Ullah Khan","Candidate",1,FALSE
"Rozina","Rozina","Candidate",1,FALSE
"Saad_Ullah_Tareen","Saad Ullah Tareen","Candidate",1,FALSE
"Saad_Waseem","Saad Waseem","Candidate",1,FALSE
"Saboohuddin_Malik","Saboohuddin Malik","Candidate",1,FALSE
"Saddique_Khan_Baloch","Saddique Khan Baloch","Candidate",1,FALSE
"Sadia_Shabir","Sadia Shabir","Candidate",1,FALSE
"Saeed_Ahmed_Khan_Manais","Saeed Ahmed Khan Manais","Candidate",1,FALSE
"Saeed_Ahmed_Manais","Saeed Ahmed Manais","Candidate",1,FALSE
"Sahabzada_Syed_Murtaza_Amin","Sahabzada Syed Murtaza Amin","Candidate",1,FALSE
"Sahibzada-Faizul-Hassan","Sahibzada-Faizul-Hassan","Candidate",1,FALSE
"Sahibzada_Faiz_Ul_Hassan","Sahibzada Faiz Ul Hassan","Candidate",1,FALSE
"Sahibzada_Haji_Muhammad_Fazal-e-Kareem_","Sahibzada Haji Muhammad Fazal-e-Kareem.","Candidate",1,FALSE
"Sahibzada_Muhammad_Tahir_Sultan","Sahibzada Muhammad Tahir Sultan","Candidate",1,FALSE
"Sahibzada_Shabbir_Hassan_Ansari","Sahibzada Shabbir Hassan Ansari","Candidate",1,FALSE
"Saima_Akhtar_Bharwana","Saima Akhtar Bharwana","Candidate",1,FALSE
"Saira_Afzal_Tarar","Saira Afzal Tarar","Candidate",1,FALSE
"Saira_Tarar","Saira Tarar","Candidate",1,FALSE
"Sajid_Mehdi","Sajid Mehdi","Candidate",1,FALSE
"Sajjad_Ahmed_Sohal","Sajjad Ahmed Sohal","Candidate",1,FALSE
"Sajjad_Ali","Sajjad Ali","Candidate",1,FALSE
"Sajjad_Anwar_Khan","Sajjad Anwar Khan","Candidate",1,FALSE
"Sakina_Anwer","Sakina Anwer","Candidate",1,FALSE
"Salar_Khan","Salar Khan","Candidate",1,FALSE
"Saleem_Zia","Saleem Zia","Candidate",1,FALSE
"Salman_Hanif","Salman Hanif","Candidate",1,FALSE
"Sardar_Adil_Umar","Sardar Adil Umar","Candidate",1,FALSE
"Sardar_Ayaz_Sadiq","Sardar Ayaz Sadiq","Candidate",1,FALSE
"Sardar_Fateh_Muhammad_Hasni","Sardar Fateh Muhammad Hasni","Candidate",1,FALSE
"Sardar_Ghulam_Abbas","Sardar Ghulam Abbas","Candidate",1,FALSE
"Sardar_m_Yaqoob_Nasir","Sardar m Yaqoob Nasir","Candidate",1,FALSE
"Sardar_Mansab_Ali_Dogar","Sardar Mansab Ali Dogar","Candidate",1,FALSE
"Sardar_Mansab_Ali_Doggar","Sardar Mansab Ali Doggar","Candidate",1,FALSE
"Sardar_Mehtab_Ahmed_Khan","Sardar Mehtab Ahmed Khan","Candidate",1,FALSE
"Sardar_Muhammad_Amjad_Farooq_Khan_Khosa","Sardar Muhammad Amjad Farooq Khan Khosa","Candidate",1,FALSE
"Sardar_Muhammad_Arshad_Khan_Laghari","Sardar Muhammad Arshad Khan Laghari","Candidate",1,FALSE
"Sardar_Muhammad_Irfan_Dogar","Sardar Muhammad Irfan Dogar","Candidate",1,FALSE
"Sardar_Muhammad_Jaffar_Khan_Leghari","Sardar Muhammad Jaffar Khan Leghari","Candidate",1,FALSE
"Sardar_Muhammad_Mushtaq_Khan","Sardar Muhammad Mushtaq Khan","Candidate",2,TRUE
"Sardar_Muhammad_Saif-Ul-Din_Khan_Khosa","Sardar Muhammad Saif-Ul-Din Khan Khosa","Candidate",1,FALSE
"Sardar_Muhammad_Shafqat_Hayat_Khan","Sardar Muhammad Shafqat Hayat Khan","Candidate",1,FALSE
"Sardar_Muhammad_Yaqoob_Khan_Nasir","Sardar Muhammad Yaqoob Khan Nasir","Candidate",1,FALSE
"Sardar_Muhammad_Yousaf","Sardar Muhammad Yousaf","Candidate",1,FALSE
"Sardar_Muhammad_Yousaf_Zaman","Sardar Muhammad Yousaf Zaman","Candidate",1,FALSE
"Sardar_Mumtaz_Khan","Sardar Mumtaz Khan","Candidate",1,FALSE
"Sardar_Noor_Ahmed_Khan_Malaizai","Sardar Noor Ahmed Khan Malaizai","Candidate",1,FALSE
"Sardar_Riaz_Mahmood_Khan_Mazari","Sardar Riaz Mahmood Khan Mazari","Candidate",1,FALSE
"Sardar_Sanaullah_Zehri","Sardar Sanaullah Zehri","Candidate",1,FALSE
"Sarzamin_Khan","Sarzamin Khan","Candidate",1,FALSE
"Saud_Majeed","Saud Majeed","Candidate",1,FALSE
"Shabbir_Ahmed_Hyderi","Shabbir Ahmed Hyderi","Candidate",1,FALSE
"Shah_Jee_Gul_Afridi","Shah Jee Gul Afridi","Candidate",1,FALSE
"Shahab_Ud_Din_Khan","Shahab Ud Din Khan","Candidate",1,FALSE
"Shahibzada_Faiz_Ul_Hassan","Shahibzada Faiz Ul Hassan","Candidate",1,FALSE
"Shahid_Khaqan_Abbasi","Shahid Khaqan Abbasi","Candidate",1,FALSE
"Shahid_Khaqan_Abbassi","Shahid Khaqan Abbassi","Candidate",1,FALSE
"Shahid_Usman","Shahid Usman","Candidate",1,FALSE
"Shaikh_Maqsood_Ahmed","Shaikh Maqsood Ahmed","Candidate",1,FALSE
"Shaikh_Rohale_Asghar","Shaikh Rohale Asghar","Candidate",1,FALSE
"Shams_Ur_Rehman_Khattak","Shams Ur Rehman Khattak","Candidate",1,FALSE
"Sharafat_Khan","Sharafat Khan","Candidate",1,FALSE
"Shazia_Mubashar","Shazia Mubashar","Candidate",1,FALSE
"Shehzad_Asghar_Khan_Rind__Advocate","Shehzad Asghar Khan Rind, Advocate","Candidate",1,FALSE
"Sheikh_Abdul_Sattar_Mandokhel","Sheikh Abdul Sattar Mandokhel","Candidate",1,FALSE
"Sheikh_Aftab_Ahmad","Sheikh Aftab Ahmad","Candidate",1,FALSE
"Sheikh_Aftab_Ahmed","Sheikh Aftab Ahmed","Candidate",1,FALSE
"Sheikh_Fayyaz_Ud_Din","Sheikh Fayyaz Ud Din","Candidate",1,FALSE
"Sheikh_Muhammad_Akram","Sheikh Muhammad Akram","Candidate",1,FALSE
"Sheikh_Muhammad_Tariq_Rasheed","Sheikh Muhammad Tariq Rasheed","Candidate",1,FALSE
"Sheikh_Rohale_Asghar","Sheikh Rohale Asghar","Candidate",1,FALSE
"Sheikh_Roheel_Asghar","Sheikh Roheel Asghar","Candidate",1,FALSE
"Sher_Afghan_Khan","Sher Afghan Khan","Candidate",1,FALSE
"Sher_Rehman","Sher Rehman","Candidate",1,FALSE
"Shezra_Mansab_Ali_Khan_Kharal","Shezra Mansab Ali Khan Kharal","Candidate",1,FALSE
"Sidra_Tel_Muntaha","Sidra Tel Muntaha","Candidate",1,FALSE
"Sikander_Ali_Mirani","Sikander Ali Mirani","Candidate",1,FALSE
"Skindar_Hayyat_Khan_Bosan","Skindar Hayyat Khan Bosan","Candidate",1,FALSE
"Sobia_Shahid","Sobia Shahid","Candidate",1,FALSE
"Sohail_Ahmad","Sohail Ahmad","Candidate",2,TRUE
"Sohail_Shoukat_Butt","Sohail Shoukat Butt","Candidate",1,FALSE
"Speen_Gul","Speen Gul","Candidate",1,FALSE
"Sumaira_Naz","Sumaira Naz","Candidate",1,FALSE
"Syed_Ansub_Raza_Fatmi","Syed Ansub Raza Fatmi","Candidate",1,FALSE
"Syed_Attaullah_Shah_Bukhari","Syed Attaullah Shah Bukhari","Candidate",1,FALSE
"Syed_Basit_Sultan_Bukhari","Syed Basit Sultan Bukhari","Candidate",1,FALSE
"Syed_Faisal_Abbas","Syed Faisal Abbas","Candidate",1,FALSE
"Syed_Fakhar_Imam","Syed Fakhar Imam","Candidate",2,TRUE
"Syed_Ghulam_Mustafa_Shah_s_o_Syed_Asadullah_Shah","Syed Ghulam Mustafa Shah s/o Syed Asadullah Shah","Candidate",1,FALSE
"Syed_Hafeezuddin","Syed Hafeezuddin","Candidate",1,FALSE
"Syed_Iftikhar_Ul_Hassan","Syed Iftikhar Ul Hassan","Candidate",1,FALSE
"Syed_Imran_Ahmad_Shah","Syed Imran Ahmad Shah","Candidate",1,FALSE
"Syed_Imran_Ahmed_Shah","Syed Imran Ahmed Shah","Candidate",1,FALSE
"Syed_Javed_Hassan","Syed Javed Hassan","Candidate",1,FALSE
"Syed_Javed_Hassnain","Syed Javed Hassnain","Candidate",1,FALSE
"Syed_Javed_Hassnain_Shah","Syed Javed Hassnain Shah","Candidate",1,FALSE
"Syed_Mobeen_Ahmed","Syed Mobeen Ahmed","Candidate",1,FALSE
"Syed_Muhammad_Abdullah_Shah","Syed Muhammad Abdullah Shah","Candidate",1,FALSE
"Syed_Muhammad_Ali_Shah_Bacha_Lala","Syed Muhammad Ali Shah Bacha Lala","Candidate",1,FALSE
"Syed_Muhammad_Ashiq_Hussain_Shah","Syed Muhammad Ashiq Hussain Shah","Candidate",1,FALSE
"Syed_Muhammad_Athar_Hussain_Shah_Gillani","Syed Muhammad Athar Hussain Shah Gillani","Candidate",1,FALSE
"Syed_Muhammad_Iqbal_Shah","Syed Muhammad Iqbal Shah","Candidate",1,FALSE
"Syed_Muhammad_Nihal_Hashmi","Syed Muhammad Nihal Hashmi","Candidate",1,FALSE
"Syed_Muhammad_Rafi_Ud_Din_Bukhari","Syed Muhammad Rafi Ud Din Bukhari","Candidate",1,FALSE
"Syed_Muhammad_Raza_Bukhari","Syed Muhammad Raza Bukhari","Candidate",1,FALSE
"Syed_Muhammad_Saleem_Ashrafi","Syed Muhammad Saleem Ashrafi","Candidate",1,FALSE
"Syed_Muhammad_Salman_Mohsin_Gillani","Syed Muhammad Salman Mohsin Gillani","Candidate",1,FALSE
"Syed_Muhammad_Saqlain_Bukhari","Syed Muhammad Saqlain Bukhari","Candidate",1,FALSE
"Syed_Raza_Ali_Bukhari","Syed Raza Ali Bukhari","Candidate",1,FALSE
"Syed_Riaz_Hussain_Shah_Sherazi","Syed Riaz Hussain Shah Sherazi","Candidate",1,FALSE
"Syed_Sajid_Mehdi","Syed Sajid Mehdi","Candidate",1,FALSE
"Syed_Zahoor_Shah","Syed Zahoor Shah","Candidate",1,FALSE
"Syed_Zulfiqar_Ali_Shah","Syed Zulfiqar Ali Shah","Candidate",1,FALSE
"Syeda_Nosheen_Iftikhar","Syeda Nosheen Iftikhar","Candidate",1,FALSE
"Syeda_Shehr_Bano_Bukhari","Syeda Shehr Bano Bukhari","Candidate",1,FALSE
"Tariq_Fazal_Chaudhry","Tariq Fazal Chaudhry","Candidate",1,FALSE
"Tehmina_Daultana","Tehmina Daultana","Candidate",1,FALSE
"Toor_Gul_Khan_Jogezai","Toor Gul Khan Jogezai","Candidate",1,FALSE
"Umer_Sohail_Zia_Butt","Umer Sohail Zia Butt","Candidate",1,FALSE
"Usman_Ibrahim","Usman Ibrahim","Candidate",1,FALSE
"Uzair_Tariq","Uzair Tariq","Candidate",1,FALSE
"Waheed_Alam_Khan","Waheed Alam Khan","Candidate",1,FALSE
"Wajid_Ali_Khan","Wajid Ali Khan","Candidate",1,FALSE
"Waseem_Akhtar_Shaikh","Waseem Akhtar Shaikh","Candidate",1,FALSE
"Waseem_Akhtar_Sheikh","Waseem Akhtar Sheikh","Candidate",1,FALSE
"Wazeer_Ahmed_Afridi","Wazeer Ahmed Afridi","Candidate",1,FALSE
"Yasir_Khan","Yasir Khan","Candidate",1,FALSE
"Zahid_Hamid","Zahid Hamid","Candidate",1,FALSE
"Zahid_Khan_Afridi","Zahid Khan Afridi","Candidate",1,FALSE
"Zaib_Jafar","Zaib Jafar","Candidate",1,FALSE
"Zain-Ul-Abideen_Ansari","Zain-Ul-Abideen Ansari","Candidate",1,FALSE
"Zain_Ansari","Zain Ansari","Candidate",1,FALSE
"Zain_Ul_Abdin_Ansari","Zain Ul Abdin Ansari","Candidate",1,FALSE
"Zakir_Hussain_Mari","Zakir Hussain Mari","Candidate",1,FALSE
"Zameer_Hussain_Leghari","Zameer Hussain Leghari","Candidate",1,FALSE
"Zar_Khan","Zar Khan","Candidate",1,FALSE
"Zobaida_Jalal","Zobaida Jalal","Candidate",1,FALSE
"Zulifqar_Ali_Bhindar","Zulifqar Ali Bhindar","Candidate",1,FALSE
"Syed_Faqir_Hussain_Shah_Bukhari","Syed Faqir Hussain Shah Bukhari","Candidate",1,FALSE
"Safdar_Zaman","Safdar Zaman","Candidate",1,FALSE
"Akbar_Dars","Akbar Dars","Candidate",1,FALSE
"Mohammad_Hussain","Mohammad Hussain","Candidate",1,FALSE
"Muhammad_Asghar_Dars","Muhammad Asghar Dars","Candidate",1,FALSE
"Mian_Abu_Bakar_Hamza","Mian Abu Bakar Hamza","Candidate",1,FALSE
"Mir_Zarak_Khan_Zehri","Mir Zarak Khan Zehri","Candidate",1,FALSE
"Muhammad_Ijaz_Ul_Haq","Muhammad Ijaz Ul Haq","Candidate",2,TRUE
"Zahid_Parvez","Zahid Parvez","Candidate",1,FALSE
"Abrar_Hussain","Abrar Hussain","Candidate",2,TRUE
"Abdul_Rehman_Jameel","Abdul Rehman Jameel","Candidate",1,FALSE
"Ahmad_Deen_Malik","Ahmad Deen Malik","Candidate",1,FALSE
"Arshad_Ali_Khan","Arshad Ali Khan","Candidate",1,FALSE
"Muhammad_Allah_Dad_Cheema","Muhammad Allah Dad Cheema","Candidate",1,FALSE
"Muhammad_Anwar_Ulhaq","Muhammad Anwar Ulhaq","Candidate",1,FALSE
"Aasim_Nisar","Aasim Nisar","Candidate",1,FALSE
"Abdul_Azeem","Abdul Azeem","Candidate",1,FALSE
"Abdul_Azeem_Khan","Abdul Azeem Khan","Candidate",1,FALSE
"Abdul_Aziz_Aziz","Abdul Aziz Aziz","Candidate",1,FALSE
"Abdul_Mateen","Abdul Mateen","Candidate",1,FALSE
"Abdul_Nisar","Abdul Nisar","Candidate",1,FALSE
"Abdul_Raheem","Abdul Raheem","Candidate",1,FALSE
"Abdul_Rahim","Abdul Rahim","Candidate",1,FALSE
"Abdul_Rehman_Muslim","Abdul Rehman Muslim","Candidate",1,FALSE
"Abdul_Waheed_Abid","Abdul Waheed Abid","Candidate",1,FALSE
"Abdul_Wajid","Abdul Wajid","Candidate",2,TRUE
"Abu_Zar","Abu Zar","Candidate",1,FALSE
"Adil_Hussain","Adil Hussain","Candidate",1,FALSE
"Ahmad_Bakhsh","Ahmad Bakhsh","Candidate",1,FALSE
"Ahmad_Sher","Ahmad Sher","Candidate",1,FALSE
"Aisha","Aisha","Candidate",1,FALSE
"Akhtari_Bibi","Akhtari Bibi","Candidate",1,FALSE
"Amir_Zeb","Amir Zeb","Candidate",1,FALSE
"Amjad_Islam_Amjad","Amjad Islam Amjad","Candidate",1,FALSE
"Ansar_Javed_Tarar","Ansar Javed Tarar","Candidate",1,FALSE
"Arshad_Nawab","Arshad Nawab","Candidate",1,FALSE
"Asad_Munawar","Asad Munawar","Candidate",1,FALSE
"Asmat_Bibi","Asmat Bibi","Candidate",1,FALSE
"Azmat_Ali_Kiyani","Azmat Ali Kiyani","Candidate",1,FALSE
"Babar_Ijaz_Virk","Babar Ijaz Virk","Candidate",1,FALSE
"Balquees_Begum","Balquees Begum","Candidate",1,FALSE
"Basmeeda","Basmeeda","Candidate",1,FALSE
"Chaudhry_Zulfiqar_Ali_Aulakh","Chaudhry Zulfiqar Ali Aulakh","Candidate",1,FALSE
"Choudhary_Muhammad_Yaqoob_Chahal","Choudhary Muhammad Yaqoob Chahal","Candidate",1,FALSE
"Danish_Anam","Danish Anam","Candidate",1,FALSE
"Faisal_Ahmad_Cheema","Faisal Ahmad Cheema","Candidate",1,FALSE
"Faisal_Nadeem_Shaikh","Faisal Nadeem Shaikh","Candidate",1,FALSE
"Fazal_Rahim","Fazal Rahim","Candidate",1,FALSE
"Fiaz_Ahmad","Fiaz Ahmad","Candidate",1,FALSE
"Ghulam_Ali_Shakar_Toor","Ghulam Ali Shakar Toor","Candidate",1,FALSE
"Hafeez_Ullah_Rehman","Hafeez Ullah Rehman","Candidate",1,FALSE
"Hafiz_Ameer_Hamza","Hafiz Ameer Hamza","Candidate",1,FALSE
"Hafiz_Muhammad_Masood","Hafiz Muhammad Masood","Candidate",1,FALSE
"Hafiz_Muhammad_Rizwan","Hafiz Muhammad Rizwan","Candidate",1,FALSE
"Hafiz_Safi_Ur_Rehman","Hafiz Safi Ur Rehman","Candidate",1,FALSE
"Hafiz_Talha_Saeed","Hafiz Talha Saeed","Candidate",1,FALSE
"Haq_Nawaz","Haq Nawaz","Candidate",1,FALSE
"Imran_Liaquat","Imran Liaquat","Candidate",1,FALSE
"Jahanzaib_Zahid","Jahanzaib Zahid","Candidate",1,FALSE
"Jamil_Badshah","Jamil Badshah","Candidate",1,FALSE
"Kashif_Altaf","Kashif Altaf","Candidate",1,FALSE
"Khalid_Mahmood_Cheema","Khalid Mahmood Cheema","Candidate",1,FALSE
"Khalid_Masood_Sandhu","Khalid Masood Sandhu","Candidate",1,FALSE
"Mahar_Muhammad_Mujahid","Mahar Muhammad Mujahid","Candidate",1,FALSE
"Maqbool_Bibi","Maqbool Bibi","Candidate",1,FALSE
"Mehak_Rafiq","Mehak Rafiq","Candidate",1,FALSE
"Mehdi_Ishaq","Mehdi Ishaq","Candidate",1,FALSE
"Mir_Hazoor_Bakhsh","Mir Hazoor Bakhsh","Candidate",1,FALSE
"Mudassir_Yaqoob","Mudassir Yaqoob","Candidate",1,FALSE
"Muhamamd_Ehsan","Muhamamd Ehsan","Candidate",1,FALSE
"Muhamamd_Saif_Ullah_Saif","Muhamamd Saif Ullah Saif","Candidate",1,FALSE
"Muhamamd_Shahid_Siddique","Muhamamd Shahid Siddique","Candidate",1,FALSE
"Muhammad_Abid","Muhammad Abid","Candidate",1,FALSE
"Muhammad_Ajmal_Khan","Muhammad Ajmal Khan","Candidate",1,FALSE
"Muhammad_Akmal_Javed","Muhammad Akmal Javed","Candidate",1,FALSE
"Muhammad_Ameen","Muhammad Ameen","Candidate",1,FALSE
"Muhammad_Arshad_Bhatti","Muhammad Arshad Bhatti","Candidate",1,FALSE
"Muhammad_Ashfaq","Muhammad Ashfaq","Candidate",1,FALSE
"Muhammad_Asif","Muhammad Asif","Candidate",3,TRUE
"Muhammad_Bilal_Haider","Muhammad Bilal Haider","Candidate",1,FALSE
"Muhammad_Ghalib","Muhammad Ghalib","Candidate",1,FALSE
"Muhammad_Haris","Muhammad Haris","Candidate",2,TRUE
"Muhammad_Haroon_Rafiq","Muhammad Haroon Rafiq","Candidate",1,FALSE
"Muhammad_Hussain_Amir","Muhammad Hussain Amir","Candidate",1,FALSE
"Muhammad_Ijaz_Malik","Muhammad Ijaz Malik","Candidate",1,FALSE
"Muhammad_Imran","Muhammad Imran","Candidate",2,TRUE
"Muhammad_Iqbal","Muhammad Iqbal","Candidate",3,TRUE
"Muhammad_Irfan","Muhammad Irfan","Candidate",2,TRUE
"Muhammad_Irfan_Ashraf","Muhammad Irfan Ashraf","Candidate",1,FALSE
"Muhammad_Mansha","Muhammad Mansha","Candidate",1,FALSE
"Muhammad_Munawar","Muhammad Munawar","Candidate",1,FALSE
"Muhammad_Nadeem_Tabasum","Muhammad Nadeem Tabasum","Candidate",1,FALSE
"Muhammad_Rizwan_Sarwar","Muhammad Rizwan Sarwar","Candidate",1,FALSE
"Muhammad_Sajjad","Muhammad Sajjad","Candidate",1,FALSE
"Muhammad_Shafiq_Ur_Rahman","Muhammad Shafiq Ur Rahman","Candidate",1,FALSE
"Muhammad_Shamshad","Muhammad Shamshad","Candidate",1,FALSE
"Muhammad_Shoaib","Muhammad Shoaib","Candidate",1,FALSE
"Muhammad_Shoaib_Ahmad","Muhammad Shoaib Ahmad","Candidate",1,FALSE
"Muhammad_Siraj","Muhammad Siraj","Candidate",1,FALSE
"Muhammad_Usaman","Muhammad Usaman","Candidate",1,FALSE
"Muhammad_Zafar_Iqbal","Muhammad Zafar Iqbal","Candidate",1,FALSE
"Muzamil_Iqbal_Hashmi","Muzamil Iqbal Hashmi","Candidate",1,FALSE
"Nabi_Ahmad_Virk","Nabi Ahmad Virk","Candidate",1,FALSE
"Nighat_Fardoos","Nighat Fardoos","Candidate",1,FALSE
"Noreen_Kamran","Noreen Kamran","Candidate",1,FALSE
"Qaisar_Haroon_Toor","Qaisar Haroon Toor","Candidate",1,FALSE
"Qaisar_Mustafa_Jajja","Qaisar Mustafa Jajja","Candidate",1,FALSE
"Qaisar_Sardar","Qaisar Sardar","Candidate",1,FALSE
"Qaiser_Mustafa_Jajja","Qaiser Mustafa Jajja","Candidate",1,FALSE
"Qasim_Ali_Khan","Qasim Ali Khan","Candidate",1,FALSE
"Rahila_Khanum","Rahila Khanum","Candidate",1,FALSE
"Rana_Abu_Khubaib_Rehman_Khan","Rana Abu Khubaib Rehman Khan","Candidate",1,FALSE
"Rana_Shahid_Iqbal_Chachar","Rana Shahid Iqbal Chachar","Candidate",1,FALSE
"Rana_Tariq_Jamal","Rana Tariq Jamal","Candidate",1,FALSE
"Rashid_Mahmood","Rashid Mahmood","Candidate",1,FALSE
"Raza_Ullah_Khan","Raza Ullah Khan","Candidate",1,FALSE
"Ruqia_Bibi","Ruqia Bibi","Candidate",1,FALSE
"s_m_Yousuf_Ali_Bhatti","s m Yousuf Ali Bhatti","Candidate",1,FALSE
"Saeed_Ahmed_Khalid","Saeed Ahmed Khalid","Candidate",1,FALSE
"Saeeda_Zafar","Saeeda Zafar","Candidate",1,FALSE
"Sajid_Bashir","Sajid Bashir","Candidate",1,FALSE
"Sajid_Iqbal","Sajid Iqbal","Candidate",1,FALSE
"Sajjad_Ahmed_Khan","Sajjad Ahmed Khan","Candidate",1,FALSE
"Salma_Bibi","Salma Bibi","Candidate",1,FALSE
"Sardar_Abdul_Sattar_Khan","Sardar Abdul Sattar Khan","Candidate",1,FALSE
"Shaban_Akhtar","Shaban Akhtar","Candidate",1,FALSE
"Shahbaz","Shahbaz","Candidate",1,FALSE
"Shahbaz_Hussain_Sidhu","Shahbaz Hussain Sidhu","Candidate",1,FALSE
"Shakeela_Yasmeen","Shakeela Yasmeen","Candidate",1,FALSE
"Sohail_Qaiser","Sohail Qaiser","Candidate",1,FALSE
"Syed_Rabab_Haider","Syed Rabab Haider","Candidate",1,FALSE
"Tahir_Javed_Khan","Tahir Javed Khan","Candidate",1,FALSE
"Taj_Mehal","Taj Mehal","Candidate",1,FALSE
"Taj_Mehmood","Taj Mehmood","Candidate",1,FALSE
"Tasneem_Gul","Tasneem Gul","Candidate",1,FALSE
"Waqar_Murtaza","Waqar Murtaza","Candidate",1,FALSE
"Wasim_Shaukat","Wasim Shaukat","Candidate",1,FALSE
"Yasira_Bibi","Yasira Bibi","Candidate",1,FALSE
"Yawar_Aftab","Yawar Aftab","Candidate",1,FALSE
"Zain_Ullah","Zain Ullah","Candidate",1,FALSE
"Hafiz_Abdul_Rauf","Hafiz Abdul Rauf","Candidate",1,FALSE
"Meharban_Saeen_Rana_Abdul_Ghafoor_Mian","Meharban Saeen Rana Abdul Ghafoor Mian","Candidate",1,FALSE
"Abd-Ul-Qadoos_Awan","Abd-Ul-Qadoos Awan","Candidate",1,FALSE
"Syed_Yousaf_Shah","Syed Yousaf Shah","Candidate",1,FALSE
"Ch_Muhammad_Yaseen_Cheema","Ch Muhammad Yaseen Cheema","Candidate",1,FALSE
"Ch_Shoukat_Ali_Cabail","Ch Shoukat Ali Cabail","Candidate",1,FALSE
"Asadullah_Khan","Asadullah Khan","Candidate",1,FALSE
"Khushal_Khan_Kakar","Khushal Khan Kakar","Candidate",1,FALSE
"Malik_Zada","Malik Zada","Candidate",1,FALSE
"Mehar_Ullah","Mehar Ullah","Candidate",1,FALSE
"Muhammad_Essa_Achakzai","Muhammad Essa Achakzai","Candidate",1,FALSE
"Muhammad_Mukhtar","Muhammad Mukhtar","Candidate",1,FALSE
"Nasrullah_Khan_Barech","Nasrullah Khan Barech","Candidate",1,FALSE
"Noor_Gul_Khan","Noor Gul Khan","Candidate",1,FALSE
"Parveen_Usman","Parveen Usman","Candidate",1,FALSE
"Aamir_Khan","Aamir Khan","Candidate",1,FALSE
"Abdullah_Abbasi","Abdullah Abbasi","Candidate",1,FALSE
"Afzal_Hayat","Afzal Hayat","Candidate",1,FALSE
"Fateh_Ali_Muawiya","Fateh Ali Muawiya","Candidate",1,FALSE
"Fehmeed_Nawaz","Fehmeed Nawaz","Candidate",1,FALSE
"Hafiz_Allah_Ditta","Hafiz Allah Ditta","Candidate",1,FALSE
"Khurram_Shehzad","Khurram Shehzad","Candidate",1,FALSE
"Khuwaja_Tariq_Sarfaraz","Khuwaja Tariq Sarfaraz","Candidate",1,FALSE
"Luqman_Khan","Luqman Khan","Candidate",1,FALSE
"Muhammad_Arsalan_Khalid","Muhammad Arsalan Khalid","Candidate",1,FALSE
"Muhammad_Aslam_Iqbal","Muhammad Aslam Iqbal","Candidate",1,FALSE
"Muhammad_Muzammal_Nazir","Muhammad Muzammal Nazir","Candidate",1,FALSE
"Riaz_Shahid_Khan_Punian_Advocate","Riaz Shahid Khan Punian Advocate","Candidate",1,FALSE
"Rustam_Khan","Rustam Khan","Candidate",1,FALSE
"Shahid_Naeem_Advocate","Shahid Naeem Advocate","Candidate",1,FALSE
"Syed_Muhammad_Abbas","Syed Muhammad Abbas","Candidate",1,FALSE
"Wajid_Kiyani","Wajid Kiyani","Candidate",1,FALSE
"Waqas_Qudoos","Waqas Qudoos","Candidate",1,FALSE
"Ahmad_Nawaz_Khan","Ahmad Nawaz Khan","Candidate",1,FALSE
"Prof_javeed_Sandhu","Prof.javeed Sandhu","Candidate",1,FALSE
"Waseem_Ahmad","Waseem Ahmad","Candidate",1,FALSE
"Aarif_Aziz_Sheikh","Aarif Aziz Sheikh","Candidate",1,FALSE
"Abdul_Akbar_Khan","Abdul Akbar Khan","Candidate",1,FALSE
"Abdul_Aziz_Memon","Abdul Aziz Memon","Candidate",1,FALSE
"Abdul_Berr","Abdul Berr","Candidate",1,FALSE
"Abdul_Ghafoor_Chaudhary","Abdul Ghafoor Chaudhary","Candidate",1,FALSE
"Abdul_Habib_Memon","Abdul Habib Memon","Candidate",1,FALSE
"Abdul_Qadir_Patel","Abdul Qadir Patel","Candidate",1,FALSE
"Abdul_Qayyum_Khan_Jatoi","Abdul Qayyum Khan Jatoi","Candidate",2,TRUE
"Abdul_Qudoos_Awan","Abdul Qudoos Awan","Candidate",1,FALSE
"Abdul_Rauf_Advocate","Abdul Rauf Advocate","Candidate",1,FALSE
"Abdul_Razzaq_Raja","Abdul Razzaq Raja","Candidate",1,FALSE
"Abdul_Sattar_Bachani","Abdul Sattar Bachani","Candidate",1,FALSE
"Abdul_Wahab","Abdul Wahab","Candidate",2,TRUE
"Abdul_Wahab_Barakzai","Abdul Wahab Barakzai","Candidate",1,FALSE
"Abdul_Waheed","Abdul Waheed","Candidate",2,TRUE
"Abdullah_Bloch","Abdullah Bloch","Candidate",1,FALSE
"Abid_Hussain_Sathi","Abid Hussain Sathi","Candidate",1,FALSE
"Abid_Ullah_Yousafzai","Abid Ullah Yousafzai","Candidate",1,FALSE
"Abrar_Azam","Abrar Azam","Candidate",1,FALSE
"Adeel_Ghulam_Mohy_Ud_Din","Adeel Ghulam Mohy Ud Din","Candidate",1,FALSE
"Aezid_Mahmood_Khan_","Aezid Mahmood Khan.","Candidate",1,FALSE
"Aftab_Ahmad_Khan_Sherpao","Aftab Ahmad Khan Sherpao","Candidate",3,TRUE
"Aftab_Alam","Aftab Alam","Candidate",1,FALSE
"Aftab_Shahban_Mirani","Aftab Shahban Mirani","Candidate",1,FALSE
"Agha_Shafqatullah","Agha Shafqatullah","Candidate",1,FALSE
"Ahmad_Hassan","Ahmad Hassan","Candidate",1,FALSE
"Ahmad_Mustafa","Ahmad Mustafa","Candidate",1,FALSE
"Ahmad_Shah_Khan","Ahmad Shah Khan","Candidate",1,FALSE
"Ahmed_Ali_Khosa","Ahmed Ali Khosa","Candidate",1,FALSE
"Ahmed_Jan","Ahmed Jan","Candidate",1,FALSE
"Aijaz_Ahmed_Halepoto","Aijaz Ahmed Halepoto","Candidate",1,FALSE
"Aijaz_Hussain_Jakhrani","Aijaz Hussain Jakhrani","Candidate",1,FALSE
"Aitzaz_Rasheed","Aitzaz Rasheed","Candidate",1,FALSE
"Ajmal_Khan","Ajmal Khan","Candidate",1,FALSE
"Akhtar_Javid_Khan","Akhtar Javid Khan","Candidate",1,FALSE
"Alam_Zaib_Khan","Alam Zaib Khan","Candidate",1,FALSE
"Alamzaib_Umerzai","Alamzaib Umerzai","Candidate",1,FALSE
"Alhaj_Muhammad_Asad_Bhatti","Alhaj Muhammad Asad Bhatti","Candidate",1,FALSE
"Ali-Uz-Zaman","Ali-Uz-Zaman","Candidate",1,FALSE
"Ali_Ahmed","Ali Ahmed","Candidate",1,FALSE
"Ali_Gohar_Khan_Mahar","Ali Gohar Khan Mahar","Candidate",1,FALSE
"Ali_Jan_Mazari","Ali Jan Mazari","Candidate",1,FALSE
"Ali_Javed","Ali Javed","Candidate",1,FALSE
"Ali_Muhammad_Khan_Mahar","Ali Muhammad Khan Mahar","Candidate",1,FALSE
"Ali_Muhammad_Sahito","Ali Muhammad Sahito","Candidate",1,FALSE
"Ali_Muhammad_Sehto","Ali Muhammad Sehto","Candidate",1,FALSE
"Ali_Musa_Gilani","Ali Musa Gilani","Candidate",1,FALSE
"Allah_Yar","Allah Yar","Candidate",1,FALSE
"Altaf_Hussain_Virk","Altaf Hussain Virk","Candidate",1,FALSE
"Aman_Ullah_Wald_Gul_Azad","Aman Ullah Wald Gul Azad","Candidate",1,FALSE
"Amanullah","Amanullah","Candidate",2,TRUE
"Amjad_Ali_Jutt","Amjad Ali Jutt","Candidate",1,FALSE
"Amjad_Yaqoub","Amjad Yaqoub","Candidate",1,FALSE
"Anwar-Ul-Haq_Ramay","Anwar-Ul-Haq Ramay","Candidate",1,FALSE
"Anwar_Saifullah_Khan","Anwar Saifullah Khan","Candidate",1,FALSE
"Arbab_Alamgir_Khan","Arbab Alamgir Khan","Candidate",1,FALSE
"Arbab_Wazir_Ahmed_Memon","Arbab Wazir Ahmed Memon","Candidate",1,FALSE
"Arif_Aziz_Shaikh","Arif Aziz Shaikh","Candidate",1,FALSE
"Asad_Alam_Niazi","Asad Alam Niazi","Candidate",1,FALSE
"Asad_Ullah_Khan","Asad Ullah Khan","Candidate",1,FALSE
"Asghar_Ali_Jara","Asghar Ali Jara","Candidate",1,FALSE
"Asif_Ali_Zardari","Asif Ali Zardari","Candidate",1,FALSE
"Asif_Bashir","Asif Bashir","Candidate",1,FALSE
"Asma_Shahnawaz_Cheema","Asma Shahnawaz Cheema","Candidate",1,FALSE
"Athar_Hassan_Khan_Gorchani","Athar Hassan Khan Gorchani","Candidate",1,FALSE
"Aurangzeb_Shaafi_Burki","Aurangzeb Shaafi Burki","Candidate",1,FALSE
"Aurangzeb_Shafi_Barki","Aurangzeb Shafi Barki","Candidate",1,FALSE
"Ayatullah_Durrani","Ayatullah Durrani","Candidate",1,FALSE
"Ayaz_Imran","Ayaz Imran","Candidate",1,FALSE
"Ayub_Shah","Ayub Shah","Candidate",1,FALSE
"Azeem_Daultana","Azeem Daultana","Candidate",1,FALSE
"Baber_Sultan_Jadoon","Baber Sultan Jadoon","Candidate",1,FALSE
"Babu_Nafees_Ahmad_Ansari","Babu Nafees Ahmad Ansari","Candidate",1,FALSE
"Bari_Khan","Bari Khan","Candidate",1,FALSE
"Barrister_Gohar_Ali_Khan","Barrister Gohar Ali Khan","Candidate",2,TRUE
"Barrister_Mian_Amir_Hassan","Barrister Mian Amir Hassan","Candidate",1,FALSE
"Basharat_Ali_Wald_Faqir_Muhammad","Basharat Ali Wald Faqir Muhammad","Candidate",1,FALSE
"Begum_Shahnaz_Javed","Begum Shahnaz Javed","Candidate",1,FALSE
"Bilawal_Bhutto_Zardari","Bilawal Bhutto Zardari","Candidate",1,FALSE
"Bushra_Aitzaz_Ahsan","Bushra Aitzaz Ahsan","Candidate",1,FALSE
"Capt__Rtd__Rai_Ghulam_Mujtaba_Kharral","Capt.(Rtd) Rai Ghulam Mujtaba Kharral","Candidate",1,FALSE
"Captain_Retired_Asad_Gill","Captain Retired Asad Gill","Candidate",1,FALSE
"Ch__Ahmad_Mukhtar","Ch. Ahmad Mukhtar","Candidate",1,FALSE
"Ch__Ahmed_Mukhtar","Ch. Ahmed Mukhtar","Candidate",1,FALSE
"Ch__Hammad_Muhammad_Khan","Ch. Hammad Muhammad Khan","Candidate",1,FALSE
"Ch__Iftikhar_Nazir","Ch. Iftikhar Nazir","Candidate",1,FALSE
"Ch__Manzoor_Ahmad","Ch. Manzoor Ahmad","Candidate",1,FALSE
"Ch__Muhammad_Abdullah_Virk","Ch. Muhammad Abdullah Virk","Candidate",1,FALSE
"Ch__Zeshan_Ilyas","Ch. Zeshan Ilyas","Candidate",1,FALSE
"Ch_Ejaz_Ahmed_Cheema","Ch Ejaz Ahmed Cheema","Candidate",1,FALSE
"Ch_Iftikhar_Ahmed","Ch Iftikhar Ahmed","Candidate",1,FALSE
"Ch_Muhammad_Saddique","Ch Muhammad Saddique","Candidate",1,FALSE
"Ch_Muhammad_Saeed_Gujar","Ch Muhammad Saeed Gujar","Candidate",1,FALSE
"Ch_mushtaq_Ahmad_","Ch.mushtaq Ahmad.","Candidate",1,FALSE
"Ch_tawakkal-Ullah_Virk","Ch.tawakkal-Ullah Virk","Candidate",1,FALSE
"Ch_zahid_Iqbal","Ch.zahid Iqbal","Candidate",1,FALSE
"Ch_Zulifqar_Bhindar","Ch Zulifqar Bhindar","Candidate",1,FALSE
"Chaudhary_Ijaz_Ahmad_Cheema","Chaudhary Ijaz Ahmad Cheema","Candidate",1,FALSE
"Chaudhary_Shoukat_Ali","Chaudhary Shoukat Ali","Candidate",1,FALSE
"Chaudhary_Sohail_Zafar","Chaudhary Sohail Zafar","Candidate",1,FALSE
"Chaudhary_Tasneem_Nasir","Chaudhary Tasneem Nasir","Candidate",1,FALSE
"Chaudhry_Abdul_Ghafoor_Khan","Chaudhry Abdul Ghafoor Khan","Candidate",1,FALSE
"Chaudhry_Asad_Parvez","Chaudhry Asad Parvez","Candidate",1,FALSE
"Chaudhry_Manzoor_Ahmad","Chaudhry Manzoor Ahmad","Candidate",1,FALSE
"Chaudry_Atif_Rafique","Chaudry Atif Rafique","Candidate",1,FALSE
"Chohadry_Manzoor_Ahmad","Chohadry Manzoor Ahmad","Candidate",1,FALSE
"Choudhary_Altaf_Hussain","Choudhary Altaf Hussain","Candidate",1,FALSE
"Choudhary_Sharaqat_Rasool_Ghumman","Choudhary Sharaqat Rasool Ghumman","Candidate",1,FALSE
"Choudhary_Zafar_Iqbal_Warriach","Choudhary Zafar Iqbal Warriach","Candidate",1,FALSE
"Choudhri_Umar_Hayat_Sandhu","Choudhri Umar Hayat Sandhu","Candidate",1,FALSE
"Col_Rtd_Rao_Abid_Ali_Khan","Col Rtd Rao Abid Ali Khan","Candidate",1,FALSE
"Comrade_Zahoor_Ahmed_Khosa","Comrade Zahoor Ahmed Khosa","Candidate",1,FALSE
"Dewan_Syed_Muhammad_Haider_Abbas_Bukhari","Dewan Syed Muhammad Haider Abbas Bukhari","Candidate",1,FALSE
"Doctor_Mian_Akhtar_Ali_Laleka","Doctor Mian Akhtar Ali Laleka","Candidate",1,FALSE
"Doctor_Muhammad_Rashid_Malik","Doctor Muhammad Rashid Malik","Candidate",1,FALSE
"Doctor_Sultan_Zeb_Khan","Doctor Sultan Zeb Khan","Candidate",1,FALSE
"Dost_Muhammad_Khan","Dost Muhammad Khan","Candidate",2,TRUE
"Dr__Abdul_Wahid_Soomro","Dr. Abdul Wahid Soomro","Candidate",1,FALSE
"Dr__Arbab_Alamgir_Khan","Dr. Arbab Alamgir Khan","Candidate",1,FALSE
"Dr__Ayatullah_Durrani","Dr. Ayatullah Durrani","Candidate",1,FALSE
"Dr__Azra_Fazal_Pecheho","Dr. Azra Fazal Pecheho","Candidate",1,FALSE
"Dr__Fardos_Ashiq_Awan_","Dr. Fardos Ashiq Awan.","Candidate",1,FALSE
"Dr__Mirza_Ikhtiar_Baig","Dr. Mirza Ikhtiar Baig","Candidate",1,FALSE
"Dr__Muhammad_Haider_Baloch","Dr. Muhammad Haider Baloch","Candidate",1,FALSE
"Dr__Muhammad_Riaz","Dr. Muhammad Riaz","Candidate",1,FALSE
"Dr__Muhammad_Shakir_Alam","Dr. Muhammad Shakir Alam","Candidate",1,FALSE
"Dr__Syed_Israr_Hussain","Dr. Syed Israr Hussain","Candidate",1,FALSE
"Dr__Zafar_Chaudhary","Dr. Zafar Chaudhary","Candidate",1,FALSE
"Dr_afsar_Ul_Mulk_Khan","Dr.afsar Ul Mulk Khan","Candidate",1,FALSE
"Dr_Azra_Fazal_Pechuho","Dr Azra Fazal Pechuho","Candidate",1,FALSE
"Dr_fahmida_Mirza","Dr.fahmida Mirza","Candidate",1,FALSE
"Dr_Farooq_Afzal","Dr Farooq Afzal","Candidate",1,FALSE
"Dr_Fehmida_Mirza","Dr Fehmida Mirza","Candidate",1,FALSE
"Dr_Firdous_Ashiq_Awan","Dr Firdous Ashiq Awan","Candidate",1,FALSE
"Dr_Mazhar_Iqbal_Choudhary","Dr Mazhar Iqbal Choudhary","Candidate",1,FALSE
"Dr_Saeed_Ahmad_Buzdar","Dr Saeed Ahmad Buzdar","Candidate",1,FALSE
"Dr_zaheer-Ul-Hassan_Rizvi","Dr.zaheer-Ul-Hassan Rizvi","Candidate",1,FALSE
"Dr_zulfiqar_Ali_Bhatti","Dr.zulfiqar Ali Bhatti","Candidate",1,FALSE
"Ejaz_Ahmed_Samma","Ejaz Ahmed Samma","Candidate",1,FALSE
"Ejaz_Ali_Khan_Shahani","Ejaz Ali Khan Shahani","Candidate",1,FALSE
"Engineer_Hamid_Iqbal_Khan","Engineer Hamid Iqbal Khan","Candidate",1,FALSE
"Engineer_Muhammad_Tariq_Khattak","Engineer Muhammad Tariq Khattak","Candidate",1,FALSE
"Engr_dawar_Khan_Kundi","Engr:dawar Khan Kundi","Candidate",1,FALSE
"Faisal_Karim_Kundi","Faisal Karim Kundi","Candidate",1,FALSE
"Faisal_Sakhi_Butt","Faisal Sakhi Butt","Candidate",1,FALSE
"Faizullah_Chaichee","Faizullah Chaichee","Candidate",1,FALSE
"Fakhar_Umar_Hayat","Fakhar Umar Hayat","Candidate",1,FALSE
"Faqir_Sher_Muhammad_Bilalani","Faqir Sher Muhammad Bilalani","Candidate",1,FALSE
"Faraz_Hashmi","Faraz Hashmi","Candidate",1,FALSE
"Farhana","Farhana","Candidate",1,FALSE
"Farooq_Akbar_Kahloon","Farooq Akbar Kahloon","Candidate",1,FALSE
"Faryal_Talpur","Faryal Talpur","Candidate",1,FALSE
"Farzana_Sherin","Farzana Sherin","Candidate",1,FALSE
"Fateh_Ullah_Khan","Fateh Ullah Khan","Candidate",1,FALSE
"Fazal_e_Rabi","Fazal e Rabi","Candidate",1,FALSE
"Fazal_Rahman","Fazal Rahman","Candidate",1,FALSE
"Fazal_Wadood","Fazal Wadood","Candidate",1,FALSE
"Fida_Hussain_Dero","Fida Hussain Dero","Candidate",1,FALSE
"Fozia_Behram","Fozia Behram","Candidate",1,FALSE
"Ghanva_Bhutto","Ghanva Bhutto","Candidate",1,FALSE
"Ghanwa_Bhutto","Ghanwa Bhutto","Candidate",1,FALSE
"Ghayas-Ud-Din_Khan","Ghayas-Ud-Din Khan","Candidate",1,FALSE
"Ghinva_Bhutto","Ghinva Bhutto","Candidate",1,FALSE
"Ghinwa_Bhutto","Ghinwa Bhutto","Candidate",1,FALSE
"Ghulam_Akbar_Lasi","Ghulam Akbar Lasi","Candidate",1,FALSE
"Ghulam_Ali_Nizamani","Ghulam Ali Nizamani","Candidate",1,FALSE
"Ghulam_Farid_Kathia","Ghulam Farid Kathia","Candidate",1,FALSE
"Ghulam_Muhammad_Junejo_Alias_Gul_Junejo","Ghulam Muhammad Junejo Alias Gul Junejo","Candidate",1,FALSE
"Ghulam_Murtaza_Satti","Ghulam Murtaza Satti","Candidate",1,FALSE
"Ghulam_Rabbani_Khar","Ghulam Rabbani Khar","Candidate",1,FALSE
"Ghulam_Sarwar_Khan_Khichi","Ghulam Sarwar Khan Khichi","Candidate",1,FALSE
"Gulzar_Ahmed_Chaudhary","Gulzar Ahmed Chaudhary","Candidate",1,FALSE
"Hafeez-Ullah_Ishaq","Hafeez-Ullah Ishaq","Candidate",1,FALSE
"Hafiz_Hussain_Ahmed_Madni","Hafiz Hussain Ahmed Madni","Candidate",1,FALSE
"Haider_Ali_Khan_Kharal","Haider Ali Khan Kharal","Candidate",1,FALSE
"Hajan_Allah_Rakhi","Hajan Allah Rakhi","Candidate",1,FALSE
"Haji_Misar_Khan","Haji Misar Khan","Candidate",1,FALSE
"Haji_Muhammad_Ishaq","Haji Muhammad Ishaq","Candidate",1,FALSE
"Haji_Nafees_Ahmed_Usmani_Advocate","Haji Nafees Ahmed Usmani Advocate","Candidate",1,FALSE
"Haji_Rasool_Bux_Chandio","Haji Rasool Bux Chandio","Candidate",1,FALSE
"Hamid_Ali_Bhatti","Hamid Ali Bhatti","Candidate",1,FALSE
"Hamid_Saeed_Kazmi","Hamid Saeed Kazmi","Candidate",1,FALSE
"Haris_Meeran","Haris Meeran","Candidate",1,FALSE
"Hasnain_Ijaz_Khan_Shahani","Hasnain Ijaz Khan Shahani","Candidate",1,FALSE
"Hassan_Sardar","Hassan Sardar","Candidate",2,TRUE
"Hayat_Ullah_Khan_Tareen","Hayat Ullah Khan Tareen","Candidate",1,FALSE
"Hazrat_Wali","Hazrat Wali","Candidate",1,FALSE
"Hina_Rabbani_Khar","Hina Rabbani Khar","Candidate",1,FALSE
"Ibne_Saeed_Ch_","Ibne Saeed Ch.","Candidate",1,FALSE
"Iftikhar_Ahmed_Cheema_Advocate","Iftikhar Ahmed Cheema Advocate","Candidate",1,FALSE
"Iftikhar_Shahid","Iftikhar Shahid","Candidate",1,FALSE
"Ihsan_Ur_Rahman_Mazari","Ihsan Ur Rahman Mazari","Candidate",1,FALSE
"Imam_Ali_Samejo","Imam Ali Samejo","Candidate",1,FALSE
"Imdad_Ullah_Abbasi","Imdad Ullah Abbasi","Candidate",1,FALSE
"Imran","Imran","Candidate",1,FALSE
"Imtiaz_Safdar_Waraich","Imtiaz Safdar Waraich","Candidate",1,FALSE
"Imtiaz_Safdar_Warraich","Imtiaz Safdar Warraich","Candidate",1,FALSE
"Iqbal_Ahmad_Khan","Iqbal Ahmad Khan","Candidate",1,FALSE
"Irfan_Ali_Leghari","Irfan Ali Leghari","Candidate",1,FALSE
"Irfan_Qureshi","Irfan Qureshi","Candidate",1,FALSE
"Israr_Ahmed_Khan","Israr Ahmed Khan","Candidate",1,FALSE
"Jahangir_Badar","Jahangir Badar","Candidate",1,FALSE
"Jam_Abdul_Karim_Bijar","Jam Abdul Karim Bijar","Candidate",1,FALSE
"Jamshed_Ahmad_Khan_Dasti","Jamshed Ahmad Khan Dasti","Candidate",1,FALSE
"Javaid_Saeed_Kazmi","Javaid Saeed Kazmi","Candidate",1,FALSE
"Javed_Iqbal_Warraich","Javed Iqbal Warraich","Candidate",1,FALSE
"Javeed_Iqbal_Waraich","Javeed Iqbal Waraich","Candidate",1,FALSE
"Jawad_Hussain","Jawad Hussain","Candidate",1,FALSE
"Jawaid_Sheikh","Jawaid Sheikh","Candidate",1,FALSE
"Kakagi_Muhammad_Zahoor","Kakagi Muhammad Zahoor","Candidate",1,FALSE
"Kamal_Khan","Kamal Khan","Candidate",1,FALSE
"Kamran_Yousaf_Ghumman","Kamran Yousaf Ghumman","Candidate",1,FALSE
"Khadeeja_Aamir","Khadeeja Aamir","Candidate",1,FALSE
"Khair_Muhammad_Khan_Tareen","Khair Muhammad Khan Tareen","Candidate",1,FALSE
"Khalilu_Rehman","Khalilu Rehman","Candidate",1,FALSE
"Khan_Daraz","Khan Daraz","Candidate",1,FALSE
"Khanim_Ullah","Khanim Ullah","Candidate",1,FALSE
"Khanzada_Khan","Khanzada Khan","Candidate",1,FALSE
"Khawaja_Atta_Ullah_Khan_Tonsa_Sharif","Khawaja Atta Ullah Khan Tonsa Sharif","Candidate",1,FALSE
"Khawaja_Ghulam_Hussain","Khawaja Ghulam Hussain","Candidate",1,FALSE
"Khawaja_Kaleem-Ud-Din_Koreja_","Khawaja Kaleem-Ud-Din Koreja.","Candidate",1,FALSE
"Khawaja_Kaleem_Ud_Din_Koreja","Khawaja Kaleem Ud Din Koreja","Candidate",1,FALSE
"Khawaja_Muhammad_Saleh","Khawaja Muhammad Saleh","Candidate",1,FALSE
"Khawaja_Sheeraz_Mehmood","Khawaja Sheeraz Mehmood","Candidate",1,FALSE
"Khawja_Mudassir_Mehmood","Khawja Mudassir Mehmood","Candidate",1,FALSE
"Khizarul_Islam","Khizarul Islam","Candidate",1,FALSE
"Khurram_Pervaiz_Raja","Khurram Pervaiz Raja","Candidate",1,FALSE
"Khurram_Shahzad","Khurram Shahzad","Candidate",2,TRUE
"Khuwaja_Ghulam_Hussain","Khuwaja Ghulam Hussain","Candidate",1,FALSE
"Khwaja_Ghulam_Rasool_Koreja","Khwaja Ghulam Rasool Koreja","Candidate",1,FALSE
"Kiramatullah_Khan","Kiramatullah Khan","Candidate",1,FALSE
"Lal_Muhammad_Khan","Lal Muhammad Khan","Candidate",1,FALSE
"Liaqat_Ali_Khan","Liaqat Ali Khan","Candidate",1,FALSE
"Lt_col__r__Sultan_Sikandar_Ghumman_","Lt.col.(r) Sultan Sikandar Ghumman.","Candidate",1,FALSE
"m_Bilal_Khan_Sherpao","m Bilal Khan Sherpao","Candidate",1,FALSE
"m_Israr_Tareen","m Israr Tareen","Candidate",1,FALSE
"Mahar_Khliq_Yar_Khan_Lak","Mahar Khliq Yar Khan Lak","Candidate",1,FALSE
"Mahesh_Kumar_Malani","Mahesh Kumar Malani","Candidate",1,FALSE
"Mahesh_Kumar_Malhani","Mahesh Kumar Malhani","Candidate",1,FALSE
"Mahmood_Akhtar_Ghuman","Mahmood Akhtar Ghuman","Candidate",1,FALSE
"Mahr_Irshad_Ahmed_Siyal","Mahr Irshad Ahmed Siyal","Candidate",1,FALSE
"Maj_Retd_Liaqat_Ali_Shah_Gailani","Maj Retd Liaqat Ali Shah Gailani","Candidate",1,FALSE
"Makhddom_Syed_Murtaza_Mehmood","Makhddom Syed Murtaza Mehmood","Candidate",1,FALSE
"Makhdoom_Amad-Ud-Din","Makhdoom Amad-Ud-Din","Candidate",1,FALSE
"Makhdoom_Jamil_Uz_Zaman","Makhdoom Jamil Uz Zaman","Candidate",1,FALSE
"Makhdoom_Muhammad_Ameen_Fahim","Makhdoom Muhammad Ameen Fahim","Candidate",1,FALSE
"Makhdoom_Shah_Mehmood_Qureshi","Makhdoom Shah Mehmood Qureshi","Candidate",2,TRUE
"Makhdoom_Shahab-Ud-Din","Makhdoom Shahab-Ud-Din","Candidate",1,FALSE
"Makhdoom_Shahab_Ud_Din","Makhdoom Shahab Ud Din","Candidate",1,FALSE
"Makhdoom_Syed_Ali_Hassan_Gilani","Makhdoom Syed Ali Hassan Gilani","Candidate",1,FALSE
"Makhdoom_Syed_Mustafa_Mehmood","Makhdoom Syed Mustafa Mehmood","Candidate",1,FALSE
"Makhdoom_Tahir_Rashid","Makhdoom Tahir Rashid","Candidate",1,FALSE
"Makhdum_Syed_Mustafa_Mahmud","Makhdum Syed Mustafa Mahmud","Candidate",1,FALSE
"Makhdum_Syed_Usman_Mahmud","Makhdum Syed Usman Mahmud","Candidate",1,FALSE
"Malak_Azmat_Khan","Malak Azmat Khan","Candidate",1,FALSE
"Malak_Syed_Noor_Akbar","Malak Syed Noor Akbar","Candidate",1,FALSE
"Malik_Aamer_Fida_Paracha","Malik Aamer Fida Paracha","Candidate",1,FALSE
"Malik_Amjad_Aziz_Khan","Malik Amjad Aziz Khan","Candidate",1,FALSE
"Malik_Asad_Sikandar","Malik Asad Sikandar","Candidate",1,FALSE
"Malik_Asghar_Ali_Qaisar","Malik Asghar Ali Qaisar","Candidate",1,FALSE
"Malik_Irfan_Ahmad_Gheba","Malik Irfan Ahmad Gheba","Candidate",1,FALSE
"Malik_Karamat_Ali_Khokhar","Malik Karamat Ali Khokhar","Candidate",2,TRUE
"Malik_Khalid_Awan","Malik Khalid Awan","Candidate",1,FALSE
"Malik_Muhammad_Amir_Dogar","Malik Muhammad Amir Dogar","Candidate",1,FALSE
"Malik_Mushtaq_Ahmad","Malik Mushtaq Ahmad","Candidate",1,FALSE
"Malik_Nawab_Sher_Waseer","Malik Nawab Sher Waseer","Candidate",1,FALSE
"Malik_Nawab_Sher_Wasseer","Malik Nawab Sher Wasseer","Candidate",1,FALSE
"Malik_Niaz_Ahmad","Malik Niaz Ahmad","Candidate",1,FALSE
"Malik_Raza_Rabbani_Khar","Malik Raza Rabbani Khar","Candidate",1,FALSE
"Malik_Salah-Ud-Din_Dogar","Malik Salah-Ud-Din Dogar","Candidate",1,FALSE
"Malik_Sardar_Muhammad_Tralay_Wala","Malik Sardar Muhammad Tralay Wala","Candidate",1,FALSE
"Malik_Shah","Malik Shah","Candidate",1,FALSE
"Malik_Shoukat_Hayyat_Awan","Malik Shoukat Hayyat Awan","Candidate",1,FALSE
"Malik_Sohail","Malik Sohail","Candidate",1,FALSE
"Malik_Sultan_Mehmood_Wadhal_Tiwana","Malik Sultan Mehmood Wadhal Tiwana","Candidate",1,FALSE
"Meer_Dost_Muhammad_Mazari","Meer Dost Muhammad Mazari","Candidate",1,FALSE
"Mehar_Abdul_Rashid_","Mehar Abdul Rashid.","Candidate",1,FALSE
"Mehboob_Ullah_Jan","Mehboob Ullah Jan","Candidate",1,FALSE
"Mehkumuddin","Mehkumuddin","Candidate",1,FALSE
"Mehmood_Hayat_Khan_Alias_Tochi_Khan","Mehmood Hayat Khan Alias Tochi Khan","Candidate",1,FALSE
"Mehmood_Hayat_Khan_Tochi","Mehmood Hayat Khan Tochi","Candidate",1,FALSE
"Mehmood_Hayyat_Khan_Alias_Tauchi_Khan","Mehmood Hayyat Khan Alias Tauchi Khan","Candidate",1,FALSE
"Mehr_Ghulam_Farid_Kathia","Mehr Ghulam Farid Kathia","Candidate",1,FALSE
"Mehr_Sultana","Mehr Sultana","Candidate",1,FALSE
"Mehreen_Anwar_Raja","Mehreen Anwar Raja","Candidate",1,FALSE
"Mian_Abdul_Haq_Alias_Mian_Mitho","Mian Abdul Haq Alias Mian Mitho","Candidate",1,FALSE
"Mian_Abdul_Sattar","Mian Abdul Sattar","Candidate",1,FALSE
"Mian_Abdus_Sattar","Mian Abdus Sattar","Candidate",1,FALSE
"Mian_Aziz_Ur_Rehman_Chann","Mian Aziz Ur Rehman Chann","Candidate",1,FALSE
"Mian_Humayun_Sarwar_Bodla","Mian Humayun Sarwar Bodla","Candidate",1,FALSE
"Mian_Jamshed-Ud-Din","Mian Jamshed-Ud-Din","Candidate",1,FALSE
"Mian_Manzoor_Ahmad_Khan_Wattoo","Mian Manzoor Ahmad Khan Wattoo","Candidate",1,FALSE
"Mian_Muhammad_Aslam_Arain","Mian Muhammad Aslam Arain","Candidate",1,FALSE
"Mian_Muzaffar_Shah","Mian Muzaffar Shah","Candidate",1,FALSE
"Mian_Nasim_Mahmood_Hotiana","Mian Nasim Mahmood Hotiana","Candidate",1,FALSE
"Mian_Omer_Misbah-Ul-Rehman","Mian Omer Misbah-Ul-Rehman","Candidate",1,FALSE
"Mian_Rehman_Aziz_Chan","Mian Rehman Aziz Chan","Candidate",1,FALSE
"Mian_Shamim_Haider","Mian Shamim Haider","Candidate",1,FALSE
"Mian_Tariq_Habib_","Mian Tariq Habib.","Candidate",1,FALSE
"Mir_Aamir_Ali_Khan_Magsi","Mir Aamir Ali Khan Magsi","Candidate",1,FALSE
"Mir_Aijaz_Hussain_Jakhrani","Mir Aijaz Hussain Jakhrani","Candidate",1,FALSE
"Mir_Amir_Ali_Khan_Magsi","Mir Amir Ali Khan Magsi","Candidate",1,FALSE
"Mir_Changez_Khan_Jamali","Mir Changez Khan Jamali","Candidate",1,FALSE
"Mir_Ghulam_Ali_Talpur","Mir Ghulam Ali Talpur","Candidate",1,FALSE
"Mir_Ghulam_Fareed_Raisani","Mir Ghulam Fareed Raisani","Candidate",1,FALSE
"Mir_Hazar_Khan_Bijarani_","Mir Hazar Khan Bijarani.","Candidate",1,FALSE
"Mir_Imam_Bakhsh_Zahri","Mir Imam Bakhsh Zahri","Candidate",1,FALSE
"Mir_Imran_Jattak","Mir Imran Jattak","Candidate",1,FALSE
"Mir_Jan_Muhammad_Masuri","Mir Jan Muhammad Masuri","Candidate",1,FALSE
"Mir_Maqbool_Ahmed_Lehri","Mir Maqbool Ahmed Lehri","Candidate",1,FALSE
"Mir_Munawar_Ali_Talpur","Mir Munawar Ali Talpur","Candidate",1,FALSE
"Mir_Shabbir_Ali_Bijarani","Mir Shabbir Ali Bijarani","Candidate",1,FALSE
"Mirza_Ikhtiar_Baig","Mirza Ikhtiar Baig","Candidate",1,FALSE
"Mirza_Maqbool_Ahmed","Mirza Maqbool Ahmed","Candidate",1,FALSE
"Mirza_Muhammad_Nasir_Bage","Mirza Muhammad Nasir Bage","Candidate",1,FALSE
"Mirza_Muhammad_Nasir_Baig","Mirza Muhammad Nasir Baig","Candidate",1,FALSE
"Misbah-Ud-Din","Misbah-Ud-Din","Candidate",1,FALSE
"Misbah_Ud_Din","Misbah Ud Din","Candidate",1,FALSE
"Mohammad_Ayaz_Soomro","Mohammad Ayaz Soomro","Candidate",1,FALSE
"Mohammad_Moazim_Ali_Khan","Mohammad Moazim Ali Khan","Candidate",1,FALSE
"Mohammad_Sagheer","Mohammad Sagheer","Candidate",1,FALSE
"Mohammad_Sulleman","Mohammad Sulleman","Candidate",1,FALSE
"Mr__Makhdoom_Muhammad_Ameen_Faheem","Mr. Makhdoom Muhammad Ameen Faheem","Candidate",1,FALSE
"Mr__Peeral_Majeedano","Mr. Peeral Majeedano","Candidate",1,FALSE
"Mr__Shahid_Hussain_Bhutto","Mr. Shahid Hussain Bhutto","Candidate",1,FALSE
"Mr_imran_Zafar_Leghari","Mr.imran Zafar Leghari","Candidate",1,FALSE
"Mrs_faryal_Talpur","Mrs.faryal Talpur","Candidate",1,FALSE
"Mubeen_Arshad","Mubeen Arshad","Candidate",1,FALSE
"Muhammad_Abbas","Muhammad Abbas","Candidate",2,TRUE
"Muhammad_Afaque_Khan_Alias_Shahid","Muhammad Afaque Khan Alias Shahid","Candidate",1,FALSE
"Muhammad_Afzal_Sindhu","Muhammad Afzal Sindhu","Candidate",2,TRUE
"Muhammad_Alam_Khan","Muhammad Alam Khan","Candidate",1,FALSE
"Muhammad_Ali_Laleka","Muhammad Ali Laleka","Candidate",1,FALSE
"Muhammad_Ali_Sanul_Awan","Muhammad Ali Sanul Awan","Candidate",1,FALSE
"Muhammad_Amjid_Abbas","Muhammad Amjid Abbas","Candidate",1,FALSE
"Muhammad_Arshad_Abbas_Qureshi","Muhammad Arshad Abbas Qureshi","Candidate",1,FALSE
"Muhammad_Asghar_Lal","Muhammad Asghar Lal","Candidate",1,FALSE
"Muhammad_Ashraf_Bhatti","Muhammad Ashraf Bhatti","Candidate",1,FALSE
"Muhammad_Asif_Khan","Muhammad Asif Khan","Candidate",1,FALSE
"Muhammad_Azam_Afridi","Muhammad Azam Afridi","Candidate",1,FALSE
"Muhammad_Farooq_Azam_Malik","Muhammad Farooq Azam Malik","Candidate",1,FALSE
"Muhammad_Haider_Shah","Muhammad Haider Shah","Candidate",1,FALSE
"Muhammad_Hakeem_Khan","Muhammad Hakeem Khan","Candidate",1,FALSE
"Muhammad_Hanif","Muhammad Hanif","Candidate",2,TRUE
"Muhammad_Hassan_Khan","Muhammad Hassan Khan","Candidate",1,FALSE
"Muhammad_Hyder_Ali_Bukhari","Muhammad Hyder Ali Bukhari","Candidate",1,FALSE
"Muhammad_Idrees_Khattak","Muhammad Idrees Khattak","Candidate",1,FALSE
"Muhammad_Ijaz_Virk_Advocate_","Muhammad Ijaz Virk Advocate.","Candidate",1,FALSE
"Muhammad_Irshad_Khan","Muhammad Irshad Khan","Candidate",1,FALSE
"Muhammad_Jamshed","Muhammad Jamshed","Candidate",1,FALSE
"Muhammad_Kashif_Bhabha","Muhammad Kashif Bhabha","Candidate",1,FALSE
"Muhammad_Khalid_Bashir_Tarnsporter","Muhammad Khalid Bashir Tarnsporter","Candidate",1,FALSE
"Muhammad_Khan_Nadeem","Muhammad Khan Nadeem","Candidate",1,FALSE
"Muhammad_Moazam_Ali_Khan_Jatoi","Muhammad Moazam Ali Khan Jatoi","Candidate",1,FALSE
"Muhammad_Mohsin_Ali_Qureshi","Muhammad Mohsin Ali Qureshi","Candidate",1,FALSE
"Muhammad_Murad_Baloch","Muhammad Murad Baloch","Candidate",1,FALSE
"Muhammad_Muzamil_Qureshi","Muhammad Muzamil Qureshi","Candidate",1,FALSE
"Muhammad_Naveed_Ch_","Muhammad Naveed Ch.","Candidate",1,FALSE
"Muhammad_Nawazish_Ali_Pirzada","Muhammad Nawazish Ali Pirzada","Candidate",1,FALSE
"Muhammad_Nisar_Ahmad_Khan","Muhammad Nisar Ahmad Khan","Candidate",1,FALSE
"Muhammad_Rashid_Hussain_Rabani","Muhammad Rashid Hussain Rabani","Candidate",1,FALSE
"Muhammad_Saif_Ullah_Khan_Sadozai_Advocate","Muhammad Saif Ullah Khan Sadozai Advocate","Candidate",1,FALSE
"Muhammad_Sardar_Bahadar_Babar_Khan","Muhammad Sardar Bahadar Babar Khan","Candidate",1,FALSE
"Muhammad_Shah_Jehan","Muhammad Shah Jehan","Candidate",1,FALSE
"Muhammad_Shahjahan_Khan","Muhammad Shahjahan Khan","Candidate",1,FALSE
"Muhammad_Shahryar_Khan_Mahar","Muhammad Shahryar Khan Mahar","Candidate",1,FALSE
"Muhammad_Shakeel_Shah_Gilani","Muhammad Shakeel Shah Gilani","Candidate",1,FALSE
"Muhammad_Shakeel_Ur_Rehman","Muhammad Shakeel Ur Rehman","Candidate",1,FALSE
"Muhammad_Shuja_Khan","Muhammad Shuja Khan","Candidate",1,FALSE
"Muhammad_Tariq_Anees","Muhammad Tariq Anees","Candidate",1,FALSE
"Muhammad_Tariq_Khan_Niazi","Muhammad Tariq Khan Niazi","Candidate",1,FALSE
"Muhammad_Tariq_Tarar","Muhammad Tariq Tarar","Candidate",1,FALSE
"Muhammad_Waqas","Muhammad Waqas","Candidate",1,FALSE
"Muhammad_Yaqoob_Ziaratwal","Muhammad Yaqoob Ziaratwal","Candidate",1,FALSE
"Muhammad_Yasin","Muhammad Yasin","Candidate",1,FALSE
"Muhammad_Yousuf_Ali_Ghallu","Muhammad Yousuf Ali Ghallu","Candidate",1,FALSE
"Muhammad_Zaki_Chaudhary","Muhammad Zaki Chaudhary","Candidate",1,FALSE
"Muhammad_Zaki_Chaudhry","Muhammad Zaki Chaudhry","Candidate",1,FALSE
"Muhammad_Zaman","Muhammad Zaman","Candidate",3,TRUE
"Muhammad_Zulfiqar_Ali","Muhammad Zulfiqar Ali","Candidate",1,FALSE
"Muhtarma_Ghanwa_Bhutto","Muhtarma Ghanwa Bhutto","Candidate",1,FALSE
"Mukhtar_Abbas","Mukhtar Abbas","Candidate",1,FALSE
"Mullna_Abdul_Sattar","Mullna Abdul Sattar","Candidate",1,FALSE
"Mumtaz_Ali_Cheema","Mumtaz Ali Cheema","Candidate",1,FALSE
"Munawar_Hayat_Abasi","Munawar Hayat Abasi","Candidate",1,FALSE
"Mushtaq_Ahmad_Mohal__Advocate_High_Court_","Mushtaq Ahmad Mohal, Advocate High Court.","Candidate",1,FALSE
"Nadeem_Afzal_Gondal","Nadeem Afzal Gondal","Candidate",1,FALSE
"Nadeem_Ahmad_Awan","Nadeem Ahmad Awan","Candidate",1,FALSE
"Naeem_Dastgir_Khan","Naeem Dastgir Khan","Candidate",1,FALSE
"Naeem_Mehmood_Rana","Naeem Mehmood Rana","Candidate",1,FALSE
"Nafisa_Shah","Nafisa Shah","Candidate",1,FALSE
"Najam_Ud_Din_Khan","Najam Ud Din Khan","Candidate",1,FALSE
"Najam_Uddin_Khan","Najam Uddin Khan","Candidate",1,FALSE
"Najmuddin_Khan","Najmuddin Khan","Candidate",1,FALSE
"Naseem_Khan","Naseem Khan","Candidate",1,FALSE
"Naseer_Mohammad_Khan","Naseer Mohammad Khan","Candidate",1,FALSE
"Nasira_Arshad","Nasira Arshad","Candidate",1,FALSE
"Nasira_Meo","Nasira Meo","Candidate",1,FALSE
"Nasrullah_Roonjha","Nasrullah Roonjha","Candidate",1,FALSE
"Natasha_Daultana","Natasha Daultana","Candidate",1,FALSE
"Nauman_Islam_Shaikh","Nauman Islam Shaikh","Candidate",1,FALSE
"Nauman_Islam_Shaikh_","Nauman Islam Shaikh.","Candidate",1,FALSE
"Nawab_Abdul_Ghani_Talpur","Nawab Abdul Ghani Talpur","Candidate",1,FALSE
"Nawab_Ali_Wassan","Nawab Ali Wassan","Candidate",1,FALSE
"Nawab_Din","Nawab Din","Candidate",1,FALSE
"Nawab_Malik_Amir_Muhammad_Khan","Nawab Malik Amir Muhammad Khan","Candidate",1,FALSE
"Nawab_Mohammad_Yousif_Talpur","Nawab Mohammad Yousif Talpur","Candidate",1,FALSE
"Nawab_Muhammad_Yousaf_Talpur","Nawab Muhammad Yousaf Talpur","Candidate",1,FALSE
"Nawab_Muhammad_Yousif_Talpur","Nawab Muhammad Yousif Talpur","Candidate",1,FALSE
"Nawabzada_Abdul_Qadir_Khan","Nawabzada Abdul Qadir Khan","Candidate",1,FALSE
"Nawabzada_Ghazanfar_Ali_Gul","Nawabzada Ghazanfar Ali Gul","Candidate",1,FALSE
"Nawabzada_Iftikhar_Ahmad_Khan","Nawabzada Iftikhar Ahmad Khan","Candidate",1,FALSE
"Nawabzada_Iftikhar_Ahmed_Khan","Nawabzada Iftikhar Ahmed Khan","Candidate",1,FALSE
"Nawabzada_Mir_Amir_Ali_Khan_Magsi","Nawabzada Mir Amir Ali Khan Magsi","Candidate",1,FALSE
"Nawabzada_Mir_Jamal_Khan_Raisani","Nawabzada Mir Jamal Khan Raisani","Candidate",1,FALSE
"Nazar_Muhammad","Nazar Muhammad","Candidate",1,FALSE
"Nazar_Muhammad_Gondal","Nazar Muhammad Gondal","Candidate",1,FALSE
"Nazar_Muhammad_Kakar","Nazar Muhammad Kakar","Candidate",1,FALSE
"Nazeer_Ahmad","Nazeer Ahmad","Candidate",1,FALSE
"Nazir_Ahmed_Bhugio","Nazir Ahmed Bhugio","Candidate",1,FALSE
"Nazir_Ahmed_Bughio","Nazir Ahmed Bughio","Candidate",1,FALSE
"Neha_Javed","Neha Javed","Candidate",1,FALSE
"Nida_Asim","Nida Asim","Candidate",1,FALSE
"Nisar_Muhammad","Nisar Muhammad","Candidate",1,FALSE
"Noor_Naeem_Khan","Noor Naeem Khan","Candidate",1,FALSE
"Noor_Ul_Ain","Noor Ul Ain","Candidate",1,FALSE
"Noor_Ul_Ain_Rai_Saeed","Noor Ul Ain Rai Saeed","Candidate",1,FALSE
"Peer_Haider_Zaman_Quraishi","Peer Haider Zaman Quraishi","Candidate",1,FALSE
"Peeral_Majeedano","Peeral Majeedano","Candidate",1,FALSE
"Pir_Aftab_Hussain_Shah_Jilani","Pir Aftab Hussain Shah Jilani","Candidate",1,FALSE
"Pir_Aftab_Hussain_Shah_Jillani","Pir Aftab Hussain Shah Jillani","Candidate",1,FALSE
"Pir_Ameer_Ali_Shah_Jilani","Pir Ameer Ali Shah Jilani","Candidate",1,FALSE
"Pir_Bux_Jamot","Pir Bux Jamot","Candidate",1,FALSE
"Pir_Haider_Zaman_Qureshi","Pir Haider Zaman Qureshi","Candidate",1,FALSE
"Pir_Noor_Muhammad_Shah_Jeelani","Pir Noor Muhammad Shah Jeelani","Candidate",1,FALSE
"Pir_Shafqat_Hussain_Shah_Jilani","Pir Shafqat Hussain Shah Jilani","Candidate",1,FALSE
"Pir_Syed_Fazal_Ali_Shah_Jeelani","Pir Syed Fazal Ali Shah Jeelani","Candidate",1,FALSE
"Pir_Syed_Fazal_Ali_Shah_Jillani","Pir Syed Fazal Ali Shah Jillani","Candidate",1,FALSE
"Qadir_Khan_Mando_Khail","Qadir Khan Mando Khail","Candidate",1,FALSE
"Qamar_Abbas","Qamar Abbas","Candidate",1,FALSE
"Qamar_Zaman_Kaira","Qamar Zaman Kaira","Candidate",1,FALSE
"Qazi_Muhammad_Azhar_Advocate","Qazi Muhammad Azhar Advocate","Candidate",1,FALSE
"Qazi_Muhammad_Bashir","Qazi Muhammad Bashir","Candidate",1,FALSE
"Qurban_Ali_Kalwar","Qurban Ali Kalwar","Candidate",1,FALSE
"Quttab_Din","Quttab Din","Candidate",1,FALSE
"Rafiq_Ahmed_Jamali","Rafiq Ahmed Jamali","Candidate",1,FALSE
"Rafique_Ahmed_Jamali","Rafique Ahmed Jamali","Candidate",1,FALSE
"Raheela_Perveen","Raheela Perveen","Candidate",1,FALSE
"Rai_Ghulam_Mujtaba_Kharal","Rai Ghulam Mujtaba Kharal","Candidate",1,FALSE
"Rai_Ijaz_Ahmad_Khan","Rai Ijaz Ahmad Khan","Candidate",1,FALSE
"Rais_Muhammad_Khalid_Chachar","Rais Muhammad Khalid Chachar","Candidate",1,FALSE
"Raja_Faiz_Akbar_Janjuha","Raja Faiz Akbar Janjuha","Candidate",1,FALSE
"Raja_Israr_Ahmed_Abbasi_Advocate","Raja Israr Ahmed Abbasi Advocate","Candidate",1,FALSE
"Raja_Masood_Ahmad","Raja Masood Ahmad","Candidate",1,FALSE
"Raja_Muhammad_Afzal_Khan","Raja Muhammad Afzal Khan","Candidate",1,FALSE
"Raja_Muhammad_Iftikhar_Kayani","Raja Muhammad Iftikhar Kayani","Candidate",1,FALSE
"Raja_Muhammad_Sana_Ul_Haq_Advocate","Raja Muhammad Sana Ul Haq Advocate","Candidate",1,FALSE
"Raja_Parvaiz_Ashraf","Raja Parvaiz Ashraf","Candidate",1,FALSE
"Raja_Pervaiz_Ashraf","Raja Pervaiz Ashraf","Candidate",1,FALSE
"Rajib_Ali","Rajib Ali","Candidate",1,FALSE
"Rameez_u_Din_Memon","Rameez u Din Memon","Candidate",1,FALSE
"Rana_Abdul_Rehman_Khan","Rana Abdul Rehman Khan","Candidate",1,FALSE
"Rana_Abdul_Shakoor_Khan","Rana Abdul Shakoor Khan","Candidate",1,FALSE
"Rana_Mahmood_Ashraf","Rana Mahmood Ashraf","Candidate",1,FALSE
"Rana_Mehmood_Ul_Hasan","Rana Mehmood Ul Hasan","Candidate",1,FALSE
"Rana_Mubashir_Ali_Khan","Rana Mubashir Ali Khan","Candidate",1,FALSE
"Rana_Muhammad_Azhar_Uttra","Rana Muhammad Azhar Uttra","Candidate",1,FALSE
"Rana_Muhammad_Faraz_Noon","Rana Muhammad Faraz Noon","Candidate",2,TRUE
"Rana_Muhammad_Farooq_Saeed_Khan","Rana Muhammad Farooq Saeed Khan","Candidate",1,FALSE
"Rana_Muhammad_Qasim_Noon","Rana Muhammad Qasim Noon","Candidate",1,FALSE
"Rao_Abdul_Ghaffar","Rao Abdul Ghaffar","Candidate",1,FALSE
"Rao_Muhammad_Jameel_Hashim_Khan","Rao Muhammad Jameel Hashim Khan","Candidate",1,FALSE
"Rao_Najeeb_Ur_Rehman","Rao Najeeb Ur Rehman","Candidate",1,FALSE
"Rashid_Ali","Rashid Ali","Candidate",2,TRUE
"Riaz_Hussain_Lund_Balouch","Riaz Hussain Lund Balouch","Candidate",1,FALSE
"Rizwan_Ahmad_Hans","Rizwan Ahmad Hans","Candidate",1,FALSE
"Roshan_Din_Junejo","Roshan Din Junejo","Candidate",1,FALSE
"Rozi_Khan_Kakar","Rozi Khan Kakar","Candidate",1,FALSE
"Saathi_Ishaque_Advocate","Saathi Ishaque Advocate","Candidate",1,FALSE
"Sabar_Ali_Baloch","Sabar Ali Baloch","Candidate",1,FALSE
"Sabir_Ali_Baloch","Sabir Ali Baloch","Candidate",1,FALSE
"Sabir_Hussain","Sabir Hussain","Candidate",1,FALSE
"Sadiq_Ali_Memon","Sadiq Ali Memon","Candidate",1,FALSE
"Saeed_Iqbal","Saeed Iqbal","Candidate",1,FALSE
"Saeed_Iqbal_","Saeed Iqbal.","Candidate",1,FALSE
"Sajid_Ali_Bambhan","Sajid Ali Bambhan","Candidate",1,FALSE
"Sajid_Ali_Banbhan","Sajid Ali Banbhan","Candidate",1,FALSE
"Sajid_Hussain_Turi","Sajid Hussain Turi","Candidate",1,FALSE
"Sajjad_Ahmad_Awan_","Sajjad Ahmad Awan.","Candidate",1,FALSE
"Sajjad_Ul_Hassan","Sajjad Ul Hassan","Candidate",1,FALSE
"Sakhawat_Masih","Sakhawat Masih","Candidate",1,FALSE
"Salahuddin_Junejo","Salahuddin Junejo","Candidate",1,FALSE
"Saleem_Mandviwala","Saleem Mandviwala","Candidate",1,FALSE
"Saleem_Shah","Saleem Shah","Candidate",1,FALSE
"Saleem_Ullah_Khan","Saleem Ullah Khan","Candidate",1,FALSE
"Salim_Rehman","Salim Rehman","Candidate",2,TRUE
"Samina_Khalid_Ghurki","Samina Khalid Ghurki","Candidate",1,FALSE
"Sardar_Ahmed_Khan_Alias_Fayyaz_Ali_Khan","Sardar Ahmed Khan Alias Fayyaz Ali Khan","Candidate",1,FALSE
"Sardar_Al-Haaj_Muhammad_Umar","Sardar Al-Haaj Muhammad Umar","Candidate",1,FALSE
"Sardar_Al_Haaj_Muhammmad_Umer_Gorgaij","Sardar Al Haaj Muhammmad Umer Gorgaij","Candidate",1,FALSE
"Sardar_Ali","Sardar Ali","Candidate",1,FALSE
"Sardar_Ali_Abbas_Khan_Baloch","Sardar Ali Abbas Khan Baloch","Candidate",1,FALSE
"Sardar_Asif_Ahmad_Ali","Sardar Asif Ahmad Ali","Candidate",1,FALSE
"Sardar_Azhar_Ali_Mekan","Sardar Azhar Ali Mekan","Candidate",1,FALSE
"Sardar_Bahadur_Ahmad_Khan","Sardar Bahadur Ahmad Khan","Candidate",1,FALSE
"Sardar_Bahadur_Ahmed_Khan","Sardar Bahadur Ahmed Khan","Candidate",1,FALSE
"Sardar_Dost_Muhammad_Khan_Khosa","Sardar Dost Muhammad Khan Khosa","Candidate",1,FALSE
"Sardar_Jahazeb_Khan_Drishak_Almarof_Chand_Khan","Sardar Jahazeb Khan Drishak Almarof Chand Khan","Candidate",1,FALSE
"Sardar_Kamal_Khan_Chang","Sardar Kamal Khan Chang","Candidate",1,FALSE
"Sardar_Khurram_Latif_Khan_Khosa","Sardar Khurram Latif Khan Khosa","Candidate",1,FALSE
"Sardar_Khyzar_Hayat_Khan_Ladhu_Ka","Sardar Khyzar Hayat Khan Ladhu Ka","Candidate",1,FALSE
"Sardar_Mansoor_Hayat_Tamman","Sardar Mansoor Hayat Tamman","Candidate",2,TRUE
"Sardar_Mir_Baz_Muhammad_Kha_Khetran","Sardar Mir Baz Muhammad Kha Khetran","Candidate",1,FALSE
"Sardar_Mir_Baz_Muhammad_Khan_Khethran","Sardar Mir Baz Muhammad Khan Khethran","Candidate",1,FALSE
"Sardar_Muhammad_Gulzar_Abbasi","Sardar Muhammad Gulzar Abbasi","Candidate",1,FALSE
"Sardar_Muhammad_Saif_Ud_Din_Khan_Khosa","Sardar Muhammad Saif Ud Din Khan Khosa","Candidate",1,FALSE
"Sardar_Mushtaq_Ahmed","Sardar Mushtaq Ahmed","Candidate",1,FALSE
"Sardar_Nabil_Ahmed_Gabol","Sardar Nabil Ahmed Gabol","Candidate",1,FALSE
"Sardar_Saleem_Haider","Sardar Saleem Haider","Candidate",1,FALSE
"Sardar_Saleem_Haider_Khan","Sardar Saleem Haider Khan","Candidate",1,FALSE
"Sardar_Sana_Ullah_Zehri","Sardar Sana Ullah Zehri","Candidate",1,FALSE
"Sardar_Shahnawaz_Khan","Sardar Shahnawaz Khan","Candidate",1,FALSE
"Sardar_Shaukat_Hayat_Khan_Advocate","Sardar Shaukat Hayat Khan Advocate","Candidate",1,FALSE
"Sardar_Shoaib_Mumtaz_Khan","Sardar Shoaib Mumtaz Khan","Candidate",1,FALSE
"Sardar_Usman_Nawaz","Sardar Usman Nawaz","Candidate",1,FALSE
"Sardar_Wahid_Bux_Bhayo","Sardar Wahid Bux Bhayo","Candidate",1,FALSE
"Sardar_Wazir_Ahmed_Jogezai","Sardar Wazir Ahmed Jogezai","Candidate",1,FALSE
"Sardar_Zafar_Ullah_Khan_Laghari","Sardar Zafar Ullah Khan Laghari","Candidate",1,FALSE
"Sarfaraz_Rajar","Sarfaraz Rajar","Candidate",1,FALSE
"Sarshar_Hassan_Cheema","Sarshar Hassan Cheema","Candidate",1,FALSE
"Sayed_Akhun_Zada_Chattan","Sayed Akhun Zada Chattan","Candidate",1,FALSE
"Shabbir_Ahmad_Khan_Leghari","Shabbir Ahmad Khan Leghari","Candidate",1,FALSE
"Shabir_Ahmed","Shabir Ahmed","Candidate",1,FALSE
"Shafeeqa_Baghum_Rao_Sikindar_Iqbal","Shafeeqa Baghum Rao Sikindar Iqbal","Candidate",1,FALSE
"Shah_Fahad_Ansari","Shah Fahad Ansari","Candidate",1,FALSE
"Shah_Rehman","Shah Rehman","Candidate",1,FALSE
"Shahadat_Ali_Khan_Baloch","Shahadat Ali Khan Baloch","Candidate",1,FALSE
"Shaheem_Safdar","Shaheem Safdar","Candidate",1,FALSE
"Shaheen_Zamir","Shaheen Zamir","Candidate",1,FALSE
"Shaheryar_Khan","Shaheryar Khan","Candidate",1,FALSE
"Shahid_Abbas","Shahid Abbas","Candidate",1,FALSE
"Shahid_Bashir","Shahid Bashir","Candidate",1,FALSE
"Shahjahan_Ahmad_Bhatti","Shahjahan Ahmad Bhatti","Candidate",1,FALSE
"Shahjahan_Baloch","Shahjahan Baloch","Candidate",1,FALSE
"Shahrukh_Malik","Shahrukh Malik","Candidate",1,FALSE
"Shahzad_Majeed","Shahzad Majeed","Candidate",1,FALSE
"Shahzada_Ghulam_Muhyuddin","Shahzada Ghulam Muhyuddin","Candidate",1,FALSE
"Shakeel_Ahmed_","Shakeel Ahmed.","Candidate",1,FALSE
"Shamas-Un-Nisa","Shamas-Un-Nisa","Candidate",1,FALSE
"Shams_Panhwar","Shams Panhwar","Candidate",1,FALSE
"Shamshad_Sattar_Bachani","Shamshad Sattar Bachani","Candidate",1,FALSE
"Shamusddin_Panhwar","Shamusddin Panhwar","Candidate",1,FALSE
"Shaukat_Ali_Bajwa","Shaukat Ali Bajwa","Candidate",1,FALSE
"Shaukat_Pervez_Khan","Shaukat Pervez Khan","Candidate",1,FALSE
"Shazia_Aurangzeb_Khan","Shazia Aurangzeb Khan","Candidate",1,FALSE
"Shazia_Mari","Shazia Mari","Candidate",1,FALSE
"Shazia_Marri","Shazia Marri","Candidate",1,FALSE
"Shazia_Tehmas_Khan","Shazia Tehmas Khan","Candidate",1,FALSE
"Shehryar_Amir_Zeb","Shehryar Amir Zeb","Candidate",1,FALSE
"Sheikh_Kamran_Iqbal","Sheikh Kamran Iqbal","Candidate",1,FALSE
"Sheikh_Muhammad_Iqbal","Sheikh Muhammad Iqbal","Candidate",1,FALSE
"Sheikh_Muhammad_Maghaz_Feroz","Sheikh Muhammad Maghaz Feroz","Candidate",1,FALSE
"Sheikh_Waqar_Ahmed_Advocate","Sheikh Waqar Ahmed Advocate","Candidate",1,FALSE
"Sher_Muhammad_Balcoh","Sher Muhammad Balcoh","Candidate",1,FALSE
"Sher_Qanoos_Advocate","Sher Qanoos Advocate","Candidate",1,FALSE
"Shiyam_Sundar_Advocate","Shiyam Sundar Advocate","Candidate",1,FALSE
"Shoaib_Alam_Khan","Shoaib Alam Khan","Candidate",1,FALSE
"Shoukat_Ali_Joya_Laleka","Shoukat Ali Joya Laleka","Candidate",1,FALSE
"Siddique_Akber","Siddique Akber","Candidate",1,FALSE
"Sidra_Saeed","Sidra Saeed","Candidate",1,FALSE
"Sohail_Ansari","Sohail Ansari","Candidate",1,FALSE
"Sohail_Shahzad","Sohail Shahzad","Candidate",1,FALSE
"Sumaira_Gul","Sumaira Gul","Candidate",1,FALSE
"Sumaira_Mushtaq_Kharal","Sumaira Mushtaq Kharal","Candidate",1,FALSE
"Syed_Abbas_Raza_Rizvi","Syed Abbas Raza Rizvi","Candidate",1,FALSE
"Syed_Abdul_Qadir_Gillani","Syed Abdul Qadir Gillani","Candidate",1,FALSE
"Syed_Abid_Ali_Shah","Syed Abid Ali Shah","Candidate",1,FALSE
"Syed_Abid_Hussain_Imam","Syed Abid Hussain Imam","Candidate",1,FALSE
"Syed_Abrar_Ali_Shah","Syed Abrar Ali Shah","Candidate",1,FALSE
"Syed_Ahmad_Ali_Shah","Syed Ahmad Ali Shah","Candidate",1,FALSE
"Syed_Ahmad_Mujtaba_Gillani","Syed Ahmad Mujtaba Gillani","Candidate",1,FALSE
"Syed_Akhunzada_Chattan","Syed Akhunzada Chattan","Candidate",1,FALSE
"Syed_Ali_Musa_Gillani","Syed Ali Musa Gillani","Candidate",1,FALSE
"Syed_Ali_Zawar_Naqvi","Syed Ali Zawar Naqvi","Candidate",1,FALSE
"Syed_Allauddin","Syed Allauddin","Candidate",1,FALSE
"Syed_Ameer_Ali_Shah_Jamot","Syed Ameer Ali Shah Jamot","Candidate",1,FALSE
"Syed_Amir_Ali_Shah_Jamote","Syed Amir Ali Shah Jamote","Candidate",1,FALSE
"Syed_Amir_Hamza_Peerzada","Syed Amir Hamza Peerzada","Candidate",1,FALSE
"Syed_Amjad_Hussain_Zaidi","Syed Amjad Hussain Zaidi","Candidate",1,FALSE
"Syed_Anayat_Ali_Shah","Syed Anayat Ali Shah","Candidate",1,FALSE
"Syed_Asghar_Hussain","Syed Asghar Hussain","Candidate",1,FALSE
"Syed_Asif_Hashmi","Syed Asif Hashmi","Candidate",1,FALSE
"Syed_Ayaz_Ali_Shah_Sherazi","Syed Ayaz Ali Shah Sherazi","Candidate",1,FALSE
"Syed_Azmat_Ali_Bukhari_Advocate","Syed Azmat Ali Bukhari Advocate","Candidate",1,FALSE
"Syed_Faisal_Raza_Abidi","Syed Faisal Raza Abidi","Candidate",1,FALSE
"Syed_Faqeer_Hussain_Shah","Syed Faqeer Hussain Shah","Candidate",1,FALSE
"Syed_Gayoor_Abbas_Bukhari_","Syed Gayoor Abbas Bukhari.","Candidate",1,FALSE
"Syed_Ghayoor_Abbas_Bukhari","Syed Ghayoor Abbas Bukhari","Candidate",1,FALSE
"Syed_Ghulam_Mustafa_Shah","Syed Ghulam Mustafa Shah","Candidate",1,FALSE
"Syed_Ghulam_Mustafa_Shah_s_o_Syed_Sabbir_Ahmed_Shah","Syed Ghulam Mustafa Shah s/o Syed Sabbir Ahmed Shah","Candidate",1,FALSE
"Syed_Hamid_Saeed_Kazmi","Syed Hamid Saeed Kazmi","Candidate",1,FALSE
"Syed_Hasnat_Ahmed","Syed Hasnat Ahmed","Candidate",1,FALSE
"Syed_Hussain_Tariq","Syed Hussain Tariq","Candidate",1,FALSE
"Syed_Ibne_Ali","Syed Ibne Ali","Candidate",1,FALSE
"Syed_Intikhab_Hussain_Shah","Syed Intikhab Hussain Shah","Candidate",1,FALSE
"Syed_Irfan_Gardezi","Syed Irfan Gardezi","Candidate",1,FALSE
"Syed_Ishtiaq_Ul_Hassan_Gilani","Syed Ishtiaq Ul Hassan Gilani","Candidate",1,FALSE
"Syed_Javed_Ali_Shah_Jillani","Syed Javed Ali Shah Jillani","Candidate",1,FALSE
"Syed_Khursheed_Ahmed_Shah","Syed Khursheed Ahmed Shah","Candidate",1,FALSE
"Syed_Manzoor_Abbas","Syed Manzoor Abbas","Candidate",1,FALSE
"Syed_Mumtaz_Alam_Gillani","Syed Mumtaz Alam Gillani","Candidate",1,FALSE
"Syed_Murtza_Mehmud","Syed Murtza Mehmud","Candidate",1,FALSE
"Syed_Nasir_Ali_Shah_Alias_Syed_Abbas","Syed Nasir Ali Shah Alias Syed Abbas","Candidate",1,FALSE
"Syed_Naveed_Qamar","Syed Naveed Qamar","Candidate",1,FALSE
"Syed_Nayyer_Hussain_Bukhari","Syed Nayyer Hussain Bukhari","Candidate",1,FALSE
"Syed_Qutab_Ali_Shah_Alias_Ali_Baba","Syed Qutab Ali Shah Alias Ali Baba","Candidate",1,FALSE
"Syed_Rafiullah","Syed Rafiullah","Candidate",1,FALSE
"Syed_Raza_Abbas","Syed Raza Abbas","Candidate",1,FALSE
"Syed_Sabtul_Haider_Bukhari","Syed Sabtul Haider Bukhari","Candidate",1,FALSE
"Syed_Sohail_Abidi","Syed Sohail Abidi","Candidate",1,FALSE
"Syed_Sohail_Abrar","Syed Sohail Abrar","Candidate",1,FALSE
"Syed_Sumsam_Ali_Shah_Bukhari","Syed Sumsam Ali Shah Bukhari","Candidate",1,FALSE
"Syed_Sumsan_Ali_Shah_Bukhari","Syed Sumsan Ali Shah Bukhari","Candidate",1,FALSE
"Syed_Tariq_Gilani","Syed Tariq Gilani","Candidate",1,FALSE
"Syed_Tariq_Raza","Syed Tariq Raza","Candidate",1,FALSE
"Syed_Waseem_Ul_Hassan_Naqvi","Syed Waseem Ul Hassan Naqvi","Candidate",1,FALSE
"Syed_Yousaf_Raza_Gillani","Syed Yousaf Raza Gillani","Candidate",1,FALSE
"Syed_Zaffar_Ali_Shah","Syed Zaffar Ali Shah","Candidate",1,FALSE
"Syed_Zahid_Bukhari","Syed Zahid Bukhari","Candidate",1,FALSE
"Syeda_Abida_Hussain","Syeda Abida Hussain","Candidate",1,FALSE
"Syeda_Sughra_Imam","Syeda Sughra Imam","Candidate",1,FALSE
"Taimoor_Tahir","Taimoor Tahir","Candidate",1,FALSE
"Taj_Muhammad_Jamali","Taj Muhammad Jamali","Candidate",1,FALSE
"Talat_Iqbal_Mahessar","Talat Iqbal Mahessar","Candidate",1,FALSE
"Tariq_Ashrif_Kahloon","Tariq Ashrif Kahloon","Candidate",1,FALSE
"Tariq_Hakam_Ali","Tariq Hakam Ali","Candidate",1,FALSE
"Tariq_Javed_Manzoor","Tariq Javed Manzoor","Candidate",1,FALSE
"Tariq_Mahmood","Tariq Mahmood","Candidate",1,FALSE
"Tariq_Mahmood_Bajwa","Tariq Mahmood Bajwa","Candidate",1,FALSE
"Tariq_Mehmood_Bajwa","Tariq Mehmood Bajwa","Candidate",1,FALSE
"Tariq_Shabbir_Advocate","Tariq Shabbir Advocate","Candidate",1,FALSE
"Tariq_Yaqoob_Fateh_Muhammad","Tariq Yaqoob Fateh Muhammad","Candidate",1,FALSE
"Tasneem_Ahmad_Qureshi","Tasneem Ahmad Qureshi","Candidate",1,FALSE
"Tasneem_Ahmed_Qureshi","Tasneem Ahmed Qureshi","Candidate",1,FALSE
"Tussadiq_Masood_Khan","Tussadiq Masood Khan","Candidate",1,FALSE
"Umar_Aftab","Umar Aftab","Candidate",1,FALSE
"Umar_Farooq_Khan_Shawa","Umar Farooq Khan Shawa","Candidate",1,FALSE
"Usman_Khan_Tarakai","Usman Khan Tarakai","Candidate",1,FALSE
"Waqar_Ahmad_Khan","Waqar Ahmad Khan","Candidate",1,FALSE
"Waseef_Ullah_Khan","Waseef Ullah Khan","Candidate",1,FALSE
"Waseem_Akhtar","Waseem Akhtar","Candidate",1,FALSE
"Waseem_Khan_Rajput","Waseem Khan Rajput","Candidate",1,FALSE
"Yousaf_Ali","Yousaf Ali","Candidate",1,FALSE
"Zafar_Ahmed_Siddiqui_Advocate","Zafar Ahmed Siddiqui Advocate","Candidate",1,FALSE
"Zafar_Iqbal_Ch_","Zafar Iqbal Ch.","Candidate",1,FALSE
"Zafar_Jhandeer","Zafar Jhandeer","Candidate",1,FALSE
"Zahid_Pervaiz_Alias_Zahid_Bashir_","Zahid Pervaiz Alias Zahid Bashir.","Candidate",1,FALSE
"Zaka_Ullah","Zaka Ullah","Candidate",2,TRUE
"Zar_Gul_Khan","Zar Gul Khan","Candidate",1,FALSE
"Zubair_Kardar","Zubair Kardar","Candidate",1,FALSE
"Zulfaqar_Ali_Qaim_Khani","Zulfaqar Ali Qaim Khani","Candidate",1,FALSE
"Zulfiqar_Ali_Behan","Zulfiqar Ali Behan","Candidate",1,FALSE
"Zulfiqar_Ali_Khan","Zulfiqar Ali Khan","Candidate",1,FALSE
"Zulfiqar_Bachani","Zulfiqar Bachani","Candidate",1,FALSE
"Zumarad_Khan","Zumarad Khan","Candidate",1,FALSE
"Zumurrad_Khan","Zumurrad Khan","Candidate",1,FALSE
"Khurram_Muhammad_Qamar","Khurram Muhammad Qamar","Candidate",1,FALSE
"Mahmood_Ahmad_Khan_Qalandar_","Mahmood Ahmad Khan Qalandar.","Candidate",1,FALSE
"Mehmood_Qalandar","Mehmood Qalandar","Candidate",1,FALSE
"Abdul_Ahad","Abdul Ahad","Candidate",1,FALSE
"Abdul_Khaliq_s_o_Haji_Fazal_m","Abdul Khaliq s/o Haji Fazal m","Candidate",1,FALSE
"Abdul_u_Haq_Malik","Abdul u Haq Malik","Candidate",1,FALSE
"Ali_Nawaz","Ali Nawaz","Candidate",1,FALSE
"Asgher_Ali","Asgher Ali","Candidate",1,FALSE
"Ata_Muhammad","Ata Muhammad","Candidate",1,FALSE
"Eid_Nazar","Eid Nazar","Candidate",1,FALSE
"Ghulam_Shabbir","Ghulam Shabbir","Candidate",1,FALSE
"Gul_Faraz","Gul Faraz","Candidate",1,FALSE
"Hafiz_Aurangzaib_Farooqui","Hafiz Aurangzaib Farooqui","Candidate",1,FALSE
"Hamza_Tariq","Hamza Tariq","Candidate",1,FALSE
"Iftikhar_Ahmed_Farooqi","Iftikhar Ahmed Farooqi","Candidate",1,FALSE
"Kamran_Khalid_Butt","Kamran Khalid Butt","Candidate",1,FALSE
"Khuda_Nazar","Khuda Nazar","Candidate",1,FALSE
"Muhammad_Abu_Bakar_Saddique","Muhammad Abu Bakar Saddique","Candidate",1,FALSE
"Muhammad_Ahmad_Khan","Muhammad Ahmad Khan","Candidate",1,FALSE
"Muhammad_Ishaque","Muhammad Ishaque","Candidate",1,FALSE
"Muhammad_Ishfaq","Muhammad Ishfaq","Candidate",1,FALSE
"Muhammad_Safder_Hashmi","Muhammad Safder Hashmi","Candidate",1,FALSE
"Muhammad_Sikandar","Muhammad Sikandar","Candidate",1,FALSE
"Naimatullah","Naimatullah","Candidate",1,FALSE
"Saeed_Khan","Saeed Khan","Candidate",1,FALSE
"Shakil_Ahmed","Shakil Ahmed","Candidate",1,FALSE
"Syed_Abdul_Rafay","Syed Abdul Rafay","Candidate",1,FALSE
"Syed_Kaleem_Ullah","Syed Kaleem Ullah","Candidate",1,FALSE
"Tariq_Aziz","Tariq Aziz","Candidate",1,FALSE
"Ubaid_Ullah_Khan","Ubaid Ullah Khan","Candidate",1,FALSE
"Waqas_Ahmed","Waqas Ahmed","Candidate",1,FALSE
"Muhammad_Majeed","Muhammad Majeed","Candidate",1,FALSE
"Abdul_Razaq_Shahid","Abdul Razaq Shahid","Candidate",1,FALSE
"Faqir_Jamshid_Ahmad","Faqir Jamshid Ahmad","Candidate",1,FALSE
"Farah_Noreen","Farah Noreen","Candidate",1,FALSE
"Rasheed_Ahmad_Khan_Langha","Rasheed Ahmad Khan Langha","Candidate",1,FALSE
"Saleem_Abbas","Saleem Abbas","Candidate",2,TRUE
"Aamir_Rasheed","Aamir Rasheed","Candidate",1,FALSE
"Afzal_Ahmad_Gondal","Afzal Ahmad Gondal","Candidate",1,FALSE
"Ali_Akbar_Kalhoro","Ali Akbar Kalhoro","Candidate",1,FALSE
"Ali_Nawaz_Qasmi","Ali Nawaz Qasmi","Candidate",1,FALSE
"Allama_Mujhahid_Abdul_Rasool_Khan","Allama Mujhahid Abdul Rasool Khan","Candidate",1,FALSE
"Allama_Shabbir_Ahmed_Chasti_Nazimi_Off_Sakka","Allama Shabbir Ahmed Chasti Nazimi Off Sakka","Candidate",1,FALSE
"Arshad_Mehmood","Arshad Mehmood","Candidate",1,FALSE
"Awal_Jan_Mazari","Awal Jan Mazari","Candidate",1,FALSE
"Basharat_Ali_Gujjar","Basharat Ali Gujjar","Candidate",1,FALSE
"Hafiz_Gul_Sher","Hafiz Gul Sher","Candidate",1,FALSE
"Hafiz_Malik_Muhammad_Bashir","Hafiz Malik Muhammad Bashir","Candidate",1,FALSE
"Hafiz_Raja_Muhammad_Sana_Ul_Haq","Hafiz Raja Muhammad Sana Ul Haq","Candidate",1,FALSE
"Imtiaz","Imtiaz","Candidate",1,FALSE
"Jahangir_Qadri","Jahangir Qadri","Candidate",1,FALSE
"Jhangir_Qadri","Jhangir Qadri","Candidate",1,FALSE
"Mahboob_Ali_Sahto","Mahboob Ali Sahto","Candidate",1,FALSE
"Malik_Matloob_Ali_Awan","Malik Matloob Ali Awan","Candidate",2,TRUE
"Malik_Muhammad_Iqbal_Khokhar","Malik Muhammad Iqbal Khokhar","Candidate",1,FALSE
"Matloob_Awan","Matloob Awan","Candidate",1,FALSE
"Mian_Ghulam_Shabir_Qadri","Mian Ghulam Shabir Qadri","Candidate",1,FALSE
"Mohammad_Kashif","Mohammad Kashif","Candidate",1,FALSE
"Mohammad_Younis_Ansari","Mohammad Younis Ansari","Candidate",1,FALSE
"Mollana_Mohammad_Illyas_Gabool","Mollana Mohammad Illyas Gabool","Candidate",1,FALSE
"Muhammad_Afzal_Qadri","Muhammad Afzal Qadri","Candidate",1,FALSE
"Muhammad_Ajmal_Umar","Muhammad Ajmal Umar","Candidate",1,FALSE
"Muhammad_Arif_Mansoori","Muhammad Arif Mansoori","Candidate",1,FALSE
"Muhammad_Imran_Javaid","Muhammad Imran Javaid","Candidate",1,FALSE
"Muhammad_Jamal_Barket","Muhammad Jamal Barket","Candidate",1,FALSE
"Muhammad_Kaleem","Muhammad Kaleem","Candidate",1,FALSE
"Muhammad_Murtaza_Rizvi_Wattoo","Muhammad Murtaza Rizvi Wattoo","Candidate",1,FALSE
"Muhammad_Tahir_Qadri","Muhammad Tahir Qadri","Candidate",1,FALSE
"Peer_Sayed_Munir_Hussain_Shah_Noori","Peer Sayed Munir Hussain Shah Noori","Candidate",1,FALSE
"Pir_Syed_Mubashar_Hussain_Shah_Shakreelvy","Pir Syed Mubashar Hussain Shah Shakreelvy","Candidate",1,FALSE
"Professor_Farooq_Ahmed_Tajra","Professor Farooq Ahmed Tajra","Candidate",1,FALSE
"Rana_Muhammad_Riaz_Qadri","Rana Muhammad Riaz Qadri","Candidate",1,FALSE
"Raza_e_Mustafa","Raza e Mustafa","Candidate",1,FALSE
"Rizwan_Ali","Rizwan Ali","Candidate",1,FALSE
"Rizwan_Qureshi","Rizwan Qureshi","Candidate",1,FALSE
"Sajid_Mehmood_Qadri","Sajid Mehmood Qadri","Candidate",1,FALSE
"Sajjad_Haider","Sajjad Haider","Candidate",1,FALSE
"Shoukat_Ali_Lehri","Shoukat Ali Lehri","Candidate",1,FALSE
"Syed_Ahmad_Shah","Syed Ahmad Shah","Candidate",1,FALSE
"Syed_Tawaqal_Hussain_Shah_Bukhari","Syed Tawaqal Hussain Shah Bukhari","Candidate",1,FALSE
"Atif_Atta","Atif Atta","Candidate",1,FALSE
"Aziz_Ul_Islam","Aziz Ul Islam","Candidate",1,FALSE
"Javed_Sharif","Javed Sharif","Candidate",1,FALSE
"Aamer_Masood_Mughal","Aamer Masood Mughal","Candidate",1,FALSE
"Abdul_Hakeem_Chandio","Abdul Hakeem Chandio","Candidate",1,FALSE
"Abdul_Qayum","Abdul Qayum","Candidate",1,FALSE
"Abdul_Sattar_Samoon","Abdul Sattar Samoon","Candidate",1,FALSE
"Abdur_Raoof_Dolla","Abdur Raoof Dolla","Candidate",1,FALSE
"Abid_Javed_Virk","Abid Javed Virk","Candidate",1,FALSE
"Abid_Mahmood","Abid Mahmood","Candidate",1,FALSE
"Abid_Mahmood_Khagga","Abid Mahmood Khagga","Candidate",1,FALSE
"Abrar_Ul_Haq","Abrar Ul Haq","Candidate",1,FALSE
"Abu_Bakar_Virk","Abu Bakar Virk","Candidate",1,FALSE
"Adil_Khan_Bazai","Adil Khan Bazai","Candidate",1,FALSE
"Adv_Shujaat_Ali","Adv Shujaat Ali","Candidate",1,FALSE
"Advocate_Zahoor_Mehsud","Advocate Zahoor Mehsud","Candidate",1,FALSE
"Aftab_Ahmad","Aftab Ahmad","Candidate",1,FALSE
"Aftab_Ahmad_Khan_Khichi","Aftab Ahmad Khan Khichi","Candidate",1,FALSE
"Aftab_Ahmed_Soomro","Aftab Ahmed Soomro","Candidate",1,FALSE
"Aftab_Irshad_Cheema","Aftab Irshad Cheema","Candidate",1,FALSE
"Aftab_Jahangir","Aftab Jahangir","Candidate",1,FALSE
"Afzaal_Azeem_Pahat_Advocate","Afzaal Azeem Pahat Advocate","Candidate",1,FALSE
"Ahsan_Ulla_Virk","Ahsan Ulla Virk","Candidate",1,FALSE
"Ajab_Gul","Ajab Gul","Candidate",1,FALSE
"Akeel_Aslam","Akeel Aslam","Candidate",1,FALSE
"Akhtar_Iqbal_Dar","Akhtar Iqbal Dar","Candidate",1,FALSE
"Akram_Khan","Akram Khan","Candidate",1,FALSE
"Akram_Niazi","Akram Niazi","Candidate",1,FALSE
"Aleem_Adil_Sheikh_","Aleem Adil Sheikh.","Candidate",1,FALSE
"Ali_Afzal_Sahi","Ali Afzal Sahi","Candidate",1,FALSE
"Ali_Amin_Gandapur","Ali Amin Gandapur","Candidate",1,FALSE
"Ali_Asghar_Khan","Ali Asghar Khan","Candidate",1,FALSE
"Ali_Ashraf","Ali Ashraf","Candidate",1,FALSE
"Ali_Asjid_Malhi","Ali Asjid Malhi","Candidate",1,FALSE
"Ali_Bukhari","Ali Bukhari","Candidate",1,FALSE
"Ali_Ijaz_Buttar","Ali Ijaz Buttar","Candidate",1,FALSE
"Ali_Khan_Jadoon","Ali Khan Jadoon","Candidate",1,FALSE
"Ali_Muhammad_Khalul","Ali Muhammad Khalul","Candidate",1,FALSE
"Ali_Muhammad_Khan","Ali Muhammad Khan","Candidate",1,FALSE
"Aliya_Hamza","Aliya Hamza","Candidate",1,FALSE
"Amber_Majeed_Niazi","Amber Majeed Niazi","Candidate",1,FALSE
"Ambreen_Malik","Ambreen Malik","Candidate",1,FALSE
"Amir_Sharjeel","Amir Sharjeel","Candidate",1,FALSE
"Amirullah","Amirullah","Candidate",1,FALSE
"Amjad_Ali_Bajwa","Amjad Ali Bajwa","Candidate",1,FALSE
"Amjid_Ali_Khan","Amjid Ali Khan","Candidate",1,FALSE
"Aniqa_Mehdi","Aniqa Mehdi","Candidate",1,FALSE
"Anwar_Haqdad","Anwar Haqdad","Candidate",1,FALSE
"Anwar_Taj","Anwar Taj","Candidate",1,FALSE
"Aqibullah","Aqibullah","Candidate",1,FALSE
"Arbab_Amir_Ayub","Arbab Amir Ayub","Candidate",1,FALSE
"Arbab_Muhammad_Haleem","Arbab Muhammad Haleem","Candidate",1,FALSE
"Arif_Murad","Arif Murad","Candidate",1,FALSE
"Arif_Ur_Rehman_Alvi","Arif Ur Rehman Alvi","Candidate",1,FALSE
"Arshad_Ali_Mayo","Arshad Ali Mayo","Candidate",1,FALSE
"Arshad_Mahmood_Chaudhry","Arshad Mahmood Chaudhry","Candidate",1,FALSE
"Arslan_Khalid","Arslan Khalid","Candidate",1,FALSE
"Asad_Qaiser","Asad Qaiser","Candidate",1,FALSE
"Asad_Umar","Asad Umar","Candidate",1,FALSE
"Asif_Khan","Asif Khan","Candidate",1,FALSE
"Asiya_Asad","Asiya Asad","Candidate",1,FALSE
"Ataullah_Khan","Ataullah Khan","Candidate",1,FALSE
"Atif_Ali_Khan_Dreshak","Atif Ali Khan Dreshak","Candidate",1,FALSE
"Atif_Choudhry","Atif Choudhry","Candidate",1,FALSE
"Aurangzeb_Khichi","Aurangzeb Khichi","Candidate",1,FALSE
"Awais_Haider_Jakhar","Awais Haider Jakhar","Candidate",1,FALSE
"Ayaz_Sarfraz_Malik","Ayaz Sarfraz Malik","Candidate",1,FALSE
"Ayesha_Nazir_Jatt","Ayesha Nazir Jatt","Candidate",1,FALSE
"Azizullah_Dero","Azizullah Dero","Candidate",1,FALSE
"Azra_Masood","Azra Masood","Candidate",1,FALSE
"Babar_Marghazani","Babar Marghazani","Candidate",1,FALSE
"Bakht_Jamal_Chandio","Bakht Jamal Chandio","Candidate",1,FALSE
"Barrister_Abdullah_Mumtaz_Kahloon","Barrister Abdullah Mumtaz Kahloon","Candidate",1,FALSE
"Barrister_Hammad_Azhar","Barrister Hammad Azhar","Candidate",1,FALSE
"Barrister_Nabeel_Dhar","Barrister Nabeel Dhar","Candidate",1,FALSE
"Barrister_Taimur_Malik","Barrister Taimur Malik","Candidate",1,FALSE
"Basharat_Ali_Randhawa","Basharat Ali Randhawa","Candidate",1,FALSE
"Basharat_Raja","Basharat Raja","Candidate",1,FALSE
"Bilal_Ejaz","Bilal Ejaz","Candidate",1,FALSE
"Brig_Ejaz_Shah","Brig Ejaz Shah","Candidate",1,FALSE
"Brigadier_Mumtaz_Iqbal_Kahlon","Brigadier Mumtaz Iqbal Kahlon","Candidate",1,FALSE
"Ch__Muhammad_Ilyas","Ch. Muhammad Ilyas","Candidate",1,FALSE
"Ch_Khalil_Arain","Ch Khalil Arain","Candidate",1,FALSE
"Ch_Muhammad_Shahnawaz_Cheema","Ch Muhammad Shahnawaz Cheema","Candidate",1,FALSE
"Ch_Usman_Ali_Tariq","Ch Usman Ali Tariq","Candidate",1,FALSE
"Changez_Khan_Kakar","Changez Khan Kakar","Candidate",1,FALSE
"Chaudhary_Abdul_Ilyas","Chaudhary Abdul Ilyas","Candidate",1,FALSE
"Chaudhary_Javed_Iqbal_Waraich","Chaudhary Javed Iqbal Waraich","Candidate",1,FALSE
"Chaudhry_Muhammad_Ashfaq","Chaudhry Muhammad Ashfaq","Candidate",1,FALSE
"Choudary_Shokat_Ali_Bhatti","Choudary Shokat Ali Bhatti","Candidate",1,FALSE
"Choudhry_Muhammad_Saqlain","Choudhry Muhammad Saqlain","Candidate",1,FALSE
"Choudhry_Naeem_Ul_Din_Waraich","Choudhry Naeem Ul Din Waraich","Candidate",1,FALSE
"Chudhary_Ilyas_Meharban","Chudhary Ilyas Meharban","Candidate",1,FALSE
"Chudhary_Muhammed_Yaqoob","Chudhary Muhammed Yaqoob","Candidate",1,FALSE
"Col_Ajmal_Sabir_Raja","Col Ajmal Sabir Raja","Candidate",1,FALSE
"Colnel_Ejaz_Hussain_Minhas","Colnel Ejaz Hussain Minhas","Candidate",1,FALSE
"Dawar_Khan_Kundi","Dawar Khan Kundi","Candidate",1,FALSE
"Dawood_Shah","Dawood Shah","Candidate",1,FALSE
"Dawood_Ullah","Dawood Ullah","Candidate",1,FALSE
"Doctor_Saeed_Ahmed_Afridi","Doctor Saeed Ahmed Afridi","Candidate",1,FALSE
"Doctor_Yasmin_Rashid","Doctor Yasmin Rashid","Candidate",1,FALSE
"Dr__Amjad","Dr. Amjad","Candidate",1,FALSE
"Dr__Nisar_Jutt","Dr. Nisar Jutt","Candidate",1,FALSE
"Dr__Riaz_Lang","Dr. Riaz Lang","Candidate",1,FALSE
"Dr__Tahir_Ali_Javed","Dr. Tahir Ali Javed","Candidate",1,FALSE
"Dr_Azeem_Zahid_Lakhvi","Dr Azeem Zahid Lakhvi","Candidate",1,FALSE
"Dr_Muhammad_Azhar_Khan_Jadoon","Dr Muhammad Azhar Khan Jadoon","Candidate",1,FALSE
"Ejaz_Ahmad_Gaddan","Ejaz Ahmad Gaddan","Candidate",1,FALSE
"Eman_Tahir","Eman Tahir","Candidate",1,FALSE
"Engineer_Dawar_Khan_Kundi","Engineer Dawar Khan Kundi","Candidate",1,FALSE
"Faheem_Khan","Faheem Khan","Candidate",1,FALSE
"Faisal_Mughal","Faisal Mughal","Candidate",1,FALSE
"Faiz_Ullah_Kamoka","Faiz Ullah Kamoka","Candidate",1,FALSE
"Falak_Niaz","Falak Niaz","Candidate",1,FALSE
"Falak_Sheer_Sikandar","Falak Sheer Sikandar","Candidate",1,FALSE
"Farhat_Faheem_Bhatti","Farhat Faheem Bhatti","Candidate",1,FALSE
"Farrukh_Habib","Farrukh Habib","Candidate",1,FALSE
"Fawad_Ahmad_Cheema","Fawad Ahmad Cheema","Candidate",1,FALSE
"Fayaz_Ahmed","Fayaz Ahmed","Candidate",1,FALSE
"Fazal_Muhammad_Khan","Fazal Muhammad Khan","Candidate",1,FALSE
"Ghulam_Zahid","Ghulam Zahid","Candidate",1,FALSE
"Gohar_Ali_Khoso","Gohar Ali Khoso","Candidate",1,FALSE
"Gul_Badshah","Gul Badshah","Candidate",1,FALSE
"Gul_Dad_Khan","Gul Dad Khan","Candidate",1,FALSE
"Gul_Muhammad_Keerio","Gul Muhammad Keerio","Candidate",1,FALSE
"Gul_Muhammad_Rind","Gul Muhammad Rind","Candidate",1,FALSE
"Gul_Zafar_Khan","Gul Zafar Khan","Candidate",1,FALSE
"Gulzar_Khan","Gulzar Khan","Candidate",1,FALSE
"Hafeezullah","Hafeezullah","Candidate",1,FALSE
"Hafiz_Hamid_Raza","Hafiz Hamid Raza","Candidate",1,FALSE
"Haji_Akhtar_Mohammad_Mandokhel","Haji Akhtar Mohammad Mandokhel","Candidate",1,FALSE
"Haji_Imtiaz_Ahmed_Choudhry","Haji Imtiaz Ahmed Choudhry","Candidate",1,FALSE
"Haji_Khalid_Mehmood_Chatha","Haji Khalid Mehmood Chatha","Candidate",1,FALSE
"Haleem_Adil_Sheikh","Haleem Adil Sheikh","Candidate",1,FALSE
"Hamid_Khan","Hamid Khan","Candidate",1,FALSE
"Hamid_Ul_Haq","Hamid Ul Haq","Candidate",1,FALSE
"Hamid_Zaman","Hamid Zaman","Candidate",1,FALSE
"Hamida_Masood_Shah","Hamida Masood Shah","Candidate",1,FALSE
"Hamza_Khan","Hamza Khan","Candidate",1,FALSE
"Haroon_Ihsaan_Paracha","Haroon Ihsaan Paracha","Candidate",1,FALSE
"Hassan_Adeel","Hassan Adeel","Candidate",1,FALSE
"Hassan_Ali_Khan","Hassan Ali Khan","Candidate",1,FALSE
"Hina_Manzoor","Hina Manzoor","Candidate",1,FALSE
"Iffat_Soomro","Iffat Soomro","Candidate",1,FALSE
"Iftikhar_Ali_Khitran","Iftikhar Ali Khitran","Candidate",1,FALSE
"Iftikhar_Soomro","Iftikhar Soomro","Candidate",1,FALSE
"Imran_Ahmed_Khan_Niazi","Imran Ahmed Khan Niazi","Candidate",1,FALSE
"Imran_Khattak","Imran Khattak","Candidate",1,FALSE
"Imran_Qaisar_Abbbas","Imran Qaisar Abbbas","Candidate",1,FALSE
"Iqra_Mubarik","Iqra Mubarik","Candidate",1,FALSE
"Jahanzaib_Imtiaz_Gill","Jahanzaib Imtiaz Gill","Candidate",1,FALSE
"Jameel_Ahmed_Lund_Baloch","Jameel Ahmed Lund Baloch","Candidate",1,FALSE
"Jamshaid_Dasti","Jamshaid Dasti","Candidate",1,FALSE
"Javaid_Safdar_Kahlon","Javaid Safdar Kahlon","Candidate",1,FALSE
"Javed_Ali_Bozdar","Javed Ali Bozdar","Candidate",1,FALSE
"Jehanzeb_Khan_Dhakki","Jehanzeb Khan Dhakki","Candidate",1,FALSE
"Junaid_Akbar","Junaid Akbar","Candidate",1,FALSE
"Kanwal_Shauzab","Kanwal Shauzab","Candidate",1,FALSE
"Karim_Dad","Karim Dad","Candidate",1,FALSE
"Khalid_Abdullah_Ghazi","Khalid Abdullah Ghazi","Candidate",1,FALSE
"Khalid_Masood_Khan","Khalid Masood Khan","Candidate",1,FALSE
"Khalid_Mehmood_Ali","Khalid Mehmood Ali","Candidate",1,FALSE
"Khalid_Nawaz","Khalid Nawaz","Candidate",1,FALSE
"Khan_Shaid_Afridi","Khan Shaid Afridi","Candidate",1,FALSE
"Khawaja_Mudasar_Mehmood","Khawaja Mudasar Mehmood","Candidate",1,FALSE
"Khawaja_Sharif_Muhammad_Koreja","Khawaja Sharif Muhammad Koreja","Candidate",1,FALSE
"Khawaja_Sheraz_Mehmood","Khawaja Sheraz Mehmood","Candidate",1,FALSE
"Khial_Zaman_Aurak_Zai","Khial Zaman Aurak Zai","Candidate",1,FALSE
"Khudada_Kalyar_Advocate","Khudada Kalyar Advocate","Candidate",1,FALSE
"Khurram_Munawar_Munj","Khurram Munawar Munj","Candidate",1,FALSE
"Khurram_Shahzad_Virk","Khurram Shahzad Virk","Candidate",1,FALSE
"Khurram_Sher_Zaman","Khurram Sher Zaman","Candidate",1,FALSE
"Khursheed_Mehmood_Kasuri","Khursheed Mehmood Kasuri","Candidate",1,FALSE
"Kousar_Parveen","Kousar Parveen","Candidate",1,FALSE
"Lal_Chand_Malhi","Lal Chand Malhi","Candidate",1,FALSE
"Lala_Asad_Ullah","Lala Asad Ullah","Candidate",1,FALSE
"Latif_Khosa","Latif Khosa","Candidate",1,FALSE
"Lt_Col_r_Ajmal_Sabir_Raja","Lt Col r Ajmal Sabir Raja","Candidate",1,FALSE
"Mahar_Sajjad_Hussain_Cheena","Mahar Sajjad Hussain Cheena","Candidate",1,FALSE
"Maher_Naveed_Ahmad_Kherha","Maher Naveed Ahmad Kherha","Candidate",1,FALSE
"Mahmood_Khan","Mahmood Khan","Candidate",1,FALSE
"Maj_Latasab_Satti","Maj Latasab Satti","Candidate",1,FALSE
"Makhdoom_Imad_Ud_Din_Hashmi","Makhdoom Imad Ud Din Hashmi","Candidate",1,FALSE
"Makhdoom_Javaid_Hussain_Hashmi","Makhdoom Javaid Hussain Hashmi","Candidate",1,FALSE
"Makhdoom_Shah_Mahmood_Hussain_Qureshi","Makhdoom Shah Mahmood Hussain Qureshi","Candidate",1,FALSE
"Makhdoom_Shah_Mahmood_Qureshi","Makhdoom Shah Mahmood Qureshi","Candidate",1,FALSE
"Makhdoom_Shah_Mehmood_Hussain_Qureshi","Makhdoom Shah Mehmood Hussain Qureshi","Candidate",1,FALSE
"Malik_Ameen_Aslam_Khan","Malik Ameen Aslam Khan","Candidate",1,FALSE
"Malik_Amir_Dogar","Malik Amir Dogar","Candidate",1,FALSE
"Malik_Arif_Awan","Malik Arif Awan","Candidate",1,FALSE
"Malik_Atiq_Ur_Rehman_Orakzai","Malik Atiq Ur Rehman Orakzai","Candidate",1,FALSE
"Malik_Ghulam_Murtaza_Metla","Malik Ghulam Murtaza Metla","Candidate",1,FALSE
"Malik_Mehboob_Ahmed","Malik Mehboob Ahmed","Candidate",1,FALSE
"Malik_Muhammad_Akram_Bhatti","Malik Muhammad Akram Bhatti","Candidate",1,FALSE
"Malik_Muhammad_Ali_Khan_Tiwana","Malik Muhammad Ali Khan Tiwana","Candidate",1,FALSE
"Malik_Muhammad_Faisal_Dehwar","Malik Muhammad Faisal Dehwar","Candidate",1,FALSE
"Malik_Muhammad_Muzaffar_Khan","Malik Muhammad Muzaffar Khan","Candidate",1,FALSE
"Malik_Muhammad_Yar_Dhakoo","Malik Muhammad Yar Dhakoo","Candidate",1,FALSE
"Malik_Nazir_Ahmed_Sobhi","Malik Nazir Ahmed Sobhi","Candidate",1,FALSE
"Malik_Touqeer_Abbas_Khokhar","Malik Touqeer Abbas Khokhar","Candidate",1,FALSE
"Malik_Umar_Farooq","Malik Umar Farooq","Candidate",1,FALSE
"Malik_Waheed_Khan","Malik Waheed Khan","Candidate",1,FALSE
"Malik_Waqar_Ahmad","Malik Waqar Ahmad","Candidate",1,FALSE
"Malik_Zaheer_Abbas","Malik Zaheer Abbas","Candidate",1,FALSE
"Manochaher","Manochaher","Candidate",1,FALSE
"Mansoor_Sarwar_Khan","Mansoor Sarwar Khan","Candidate",1,FALSE
"Maqsood_Ahmed_Ansari","Maqsood Ahmed Ansari","Candidate",1,FALSE
"Maqsood_Ali","Maqsood Ali","Candidate",1,FALSE
"Maryam_Batool","Maryam Batool","Candidate",1,FALSE
"Masroor_Ali","Masroor Ali","Candidate",1,FALSE
"Matiullah_Khan","Matiullah Khan","Candidate",1,FALSE
"Mehar_Un_Nisa_Baloch","Mehar Un Nisa Baloch","Candidate",1,FALSE
"Mehboob_Shah","Mehboob Shah","Candidate",1,FALSE
"Mehr_Bano_Qureshi","Mehr Bano Qureshi","Candidate",1,FALSE
"Mian_Azhar","Mian Azhar","Candidate",1,FALSE
"Mian_Ghous_Muhammad","Mian Ghous Muhammad","Candidate",1,FALSE
"Mian_Moin_Uddin","Mian Moin Uddin","Candidate",1,FALSE
"Mian_Muhammad_Afzal_Hayat","Mian Muhammad Afzal Hayat","Candidate",1,FALSE
"Mian_Muhammad_Amjad_Joyia","Mian Muhammad Amjad Joyia","Candidate",1,FALSE
"Mian_Muhammad_Naeem","Mian Muhammad Naeem","Candidate",1,FALSE
"Mian_Mumtaz_Ahmad_Matyana","Mian Mumtaz Ahmad Matyana","Candidate",1,FALSE
"Mian_Nazir_Rahman","Mian Nazir Rahman","Candidate",1,FALSE
"Mian_Salman_Ali_Qureshi","Mian Salman Ali Qureshi","Candidate",1,FALSE
"Mian_Shahid_Mustafa_Qureshi","Mian Shahid Mustafa Qureshi","Candidate",1,FALSE
"Mir_Ali_Ahmed_Zehri","Mir Ali Ahmed Zehri","Candidate",1,FALSE
"Mir_Mohammad_Azam_Sumalani","Mir Mohammad Azam Sumalani","Candidate",1,FALSE
"Mirza_Abdul_Qayyum","Mirza Abdul Qayyum","Candidate",1,FALSE
"Mirza_Saeed_Mehmood_Baig","Mirza Saeed Mehmood Baig","Candidate",1,FALSE
"Moazam_Jatoi","Moazam Jatoi","Candidate",1,FALSE
"Mohammad_Imran","Mohammad Imran","Candidate",1,FALSE
"Mohtarma_Zartaj_Gul_Akhwand","Mohtarma Zartaj Gul Akhwand","Candidate",1,FALSE
"Mubeen_Arif_Jatt","Mubeen Arif Jatt","Candidate",1,FALSE
"Muhammad_Afzal_Gondal","Muhammad Afzal Gondal","Candidate",1,FALSE
"Muhammad_Ahmad_Chattha","Muhammad Ahmad Chattha","Candidate",1,FALSE
"Muhammad_Ajmal_Cheema","Muhammad Ajmal Cheema","Candidate",1,FALSE
"Muhammad_Alamgir_Khan","Muhammad Alamgir Khan","Candidate",1,FALSE
"Muhammad_Ali_Sarfaraz","Muhammad Ali Sarfaraz","Candidate",1,FALSE
"Muhammad_Ali_Shakoor","Muhammad Ali Shakoor","Candidate",1,FALSE
"Muhammad_Ameer_Sultan","Muhammad Ameer Sultan","Candidate",1,FALSE
"Muhammad_Arshad_Sahi","Muhammad Arshad Sahi","Candidate",1,FALSE
"Muhammad_Ashraf_Jabbar_Qureshi","Muhammad Ashraf Jabbar Qureshi","Candidate",1,FALSE
"Muhammad_Aslam_Ghumman","Muhammad Aslam Ghumman","Candidate",1,FALSE
"Muhammad_Atif","Muhammad Atif","Candidate",1,FALSE
"Muhammad_Aurangzaib_Khan_Khichi","Muhammad Aurangzaib Khan Khichi","Candidate",1,FALSE
"Muhammad_Azam_Khan_Swati","Muhammad Azam Khan Swati","Candidate",1,FALSE
"Muhammad_Bashir_Khan","Muhammad Bashir Khan","Candidate",1,FALSE
"Muhammad_Daood","Muhammad Daood","Candidate",1,FALSE
"Muhammad_Dawood_Khan","Muhammad Dawood Khan","Candidate",1,FALSE
"Muhammad_Ibraheem_Khan","Muhammad Ibraheem Khan","Candidate",1,FALSE
"Muhammad_Imran_Shaukat_Khan","Muhammad Imran Shaukat Khan","Candidate",1,FALSE
"Muhammad_Ishaq_Khan_Khakwani","Muhammad Ishaq Khan Khakwani","Candidate",1,FALSE
"Muhammad_Jamal_Ahsan_Khan","Muhammad Jamal Ahsan Khan","Candidate",1,FALSE
"Muhammad_Madni","Muhammad Madni","Candidate",1,FALSE
"Muhammad_Mansha_Sindhu","Muhammad Mansha Sindhu","Candidate",1,FALSE
"Muhammad_Miqdad_Ali_Khan","Muhammad Miqdad Ali Khan","Candidate",1,FALSE
"Muhammad_Naem","Muhammad Naem","Candidate",1,FALSE
"Muhammad_Nawaz_Gondal","Muhammad Nawaz Gondal","Candidate",1,FALSE
"Muhammad_Qasim_Khan_Suri","Muhammad Qasim Khan Suri","Candidate",1,FALSE
"Muhammad_Riaz_Haider","Muhammad Riaz Haider","Candidate",1,FALSE
"Muhammad_Roman_Ahmed","Muhammad Roman Ahmed","Candidate",1,FALSE
"Muhammad_Sajid_Naeem_Qureshi","Muhammad Sajid Naeem Qureshi","Candidate",1,FALSE
"Muhammad_Saleem_Akhtar_Durrani","Muhammad Saleem Akhtar Durrani","Candidate",1,FALSE
"Muhammad_Saleem_Imran","Muhammad Saleem Imran","Candidate",1,FALSE
"Muhammad_Sana_Ullah_Khan_Mastikhel","Muhammad Sana Ullah Khan Mastikhel","Candidate",1,FALSE
"Muhammad_Shoaib_Shaheen","Muhammad Shoaib Shaheen","Candidate",1,FALSE
"Muhammad_Tuffail","Muhammad Tuffail","Candidate",1,FALSE
"Muhammad_Usman_Dar","Muhammad Usman Dar","Candidate",1,FALSE
"Muhammad_Waqar_Wasi_Chaudhary","Muhammad Waqar Wasi Chaudhary","Candidate",1,FALSE
"Muhammad_Yasir","Muhammad Yasir","Candidate",1,FALSE
"Muhammad_Zeeshan","Muhammad Zeeshan","Candidate",1,FALSE
"Muhammad_Zubair_Khan","Muhammad Zubair Khan","Candidate",1,FALSE
"Muhram_Khan","Muhram Khan","Candidate",1,FALSE
"Mujahid_Ali","Mujahid Ali","Candidate",1,FALSE
"Mujahid_Khan","Mujahid Khan","Candidate",1,FALSE
"Mumtaz_Ahmad","Mumtaz Ahmad","Candidate",1,FALSE
"Mumtaz_Ali_Jakhrani","Mumtaz Ali Jakhrani","Candidate",1,FALSE
"Mumtaz_Ali_Shah","Mumtaz Ali Shah","Candidate",1,FALSE
"Mumtaz_Mustafa_Advocate","Mumtaz Mustafa Advocate","Candidate",1,FALSE
"Murad_Saeed","Murad Saeed","Candidate",1,FALSE
"Mustafa_Kundi","Mustafa Kundi","Candidate",1,FALSE
"Mustansir_Billah","Mustansir Billah","Candidate",1,FALSE
"Nadeem_Abbasi","Nadeem Abbasi","Candidate",1,FALSE
"Naiz_Muhammad_Gujjar","Naiz Muhammad Gujjar","Candidate",1,FALSE
"Naseem_Hashim_Khan","Naseem Hashim Khan","Candidate",1,FALSE
"Nasim_Ali_Shah","Nasim Ali Shah","Candidate",1,FALSE
"Nasir_Khan_Khattak","Nasir Khan Khattak","Candidate",1,FALSE
"Nasrullah_Mughal","Nasrullah Mughal","Candidate",1,FALSE
"Naveed_Hameed","Naveed Hameed","Candidate",1,FALSE
"Nawab_Aman_Ullah_Khan","Nawab Aman Ullah Khan","Candidate",1,FALSE
"Nawab_Khan_Dumer","Nawab Khan Dumer","Candidate",1,FALSE
"Nawab_Muhammad_Ahmad_Khan","Nawab Muhammad Ahmad Khan","Candidate",1,FALSE
"Nawabzada_Salahuddin_Saeed","Nawabzada Salahuddin Saeed","Candidate",1,FALSE
"Nawaz_Mehmood_Khan","Nawaz Mehmood Khan","Candidate",1,FALSE
"Naz_Baloch","Naz Baloch","Candidate",1,FALSE
"Nazish_Bhatti","Nazish Bhatti","Candidate",1,FALSE
"Nek_Mohammad","Nek Mohammad","Candidate",1,FALSE
"Niaz_Mohammad_Khan","Niaz Mohammad Khan","Candidate",1,FALSE
"Nisar_Akbar_Khan","Nisar Akbar Khan","Candidate",1,FALSE
"Nisaraslam_Khan","Nisaraslam Khan","Candidate",1,FALSE
"Noor_Muhammad_Ghaffari","Noor Muhammad Ghaffari","Candidate",1,FALSE
"Peer_Zahoor_Hussain_Quraishi","Peer Zahoor Hussain Quraishi","Candidate",1,FALSE
"Pervez_Khattak","Pervez Khattak","Candidate",1,FALSE
"Pir_Bux_Jamood","Pir Bux Jamood","Candidate",1,FALSE
"Qaisar_Jamal","Qaisar Jamal","Candidate",2,TRUE
"Qaisara_Elahi","Qaisara Elahi","Candidate",1,FALSE
"Qurban_Ali","Qurban Ali","Candidate",1,FALSE
"Rab_Nawaz_Kalwar","Rab Nawaz Kalwar","Candidate",1,FALSE
"Raees_Nawaz_Ali_Burfat","Raees Nawaz Ali Burfat","Candidate",1,FALSE
"Rafique_Ahmad_Khan_Niazi","Rafique Ahmad Khan Niazi","Candidate",1,FALSE
"Rahat_Aman_Ullah_Bhatti","Rahat Aman Ullah Bhatti","Candidate",1,FALSE
"Rahat_Amanullah_Bhatti","Rahat Amanullah Bhatti","Candidate",1,FALSE
"Rai_Haider_Ali_Khan","Rai Haider Ali Khan","Candidate",1,FALSE
"Rai_Hasan_Nawaz_Khan","Rai Hasan Nawaz Khan","Candidate",1,FALSE
"Rai_Hassan_Nawaz_Khan","Rai Hassan Nawaz Khan","Candidate",1,FALSE
"Rai_Muhammad_Akram_Khan_Bhatti","Rai Muhammad Akram Khan Bhatti","Candidate",1,FALSE
"Rai_Naeem_Asad_Kharal","Rai Naeem Asad Kharal","Candidate",1,FALSE
"Raja_Aamer_Zaman","Raja Aamer Zaman","Candidate",1,FALSE
"Raja_Abdul_Haque","Raja Abdul Haque","Candidate",1,FALSE
"Raja_Azhar_Khan","Raja Azhar Khan","Candidate",1,FALSE
"Raja_Muhammad_Saleem","Raja Muhammad Saleem","Candidate",1,FALSE
"Raja_Taila_Saeed","Raja Taila Saeed","Candidate",1,FALSE
"Raja_Yassir_Humayun_Sarfraz","Raja Yassir Humayun Sarfraz","Candidate",1,FALSE
"Rana_Aamir_Shahzad_Tahir","Rana Aamir Shahzad Tahir","Candidate",1,FALSE
"Rana_Atif","Rana Atif","Candidate",1,FALSE
"Rana_Javed_Umar","Rana Javed Umar","Candidate",1,FALSE
"Rana_Naeem_Ur_Rehman_Khan","Rana Naeem Ur Rehman Khan","Candidate",1,FALSE
"Rana_Shehzad_Hafeez","Rana Shehzad Hafeez","Candidate",1,FALSE
"Rana_Tanveer_Riaz_Khan","Rana Tanveer Riaz Khan","Candidate",1,FALSE
"Rao_Hassan_Skindar","Rao Hassan Skindar","Candidate",1,FALSE
"Rao_Khalid_Khan","Rao Khalid Khan","Candidate",1,FALSE
"Rao_Umer_Hashim_Khan","Rao Umer Hashim Khan","Candidate",1,FALSE
"Rashid_Siddiqui","Rashid Siddiqui","Candidate",1,FALSE
"Rashida_Tariq","Rashida Tariq","Candidate",1,FALSE
"Rehana_Imtiaz_Dar","Rehana Imtiaz Dar","Candidate",1,FALSE
"Riasat_Ali_Bhatti","Riasat Ali Bhatti","Candidate",1,FALSE
"Riaz_Ahmad_Tarar","Riaz Ahmad Tarar","Candidate",1,FALSE
"Riaz_Hyder","Riaz Hyder","Candidate",1,FALSE
"Riyaz_Fatyana","Riyaz Fatyana","Candidate",1,FALSE
"Rozina_Bhutto","Rozina Bhutto","Candidate",1,FALSE
"s_a_Hameed","s a Hameed","Candidate",1,FALSE
"Saadullah_Baloch","Saadullah Baloch","Candidate",1,FALSE
"Saadullah_Mehmood_Urf_Muhammad_Yasir_Baloch","Saadullah Mehmood Urf Muhammad Yasir Baloch","Candidate",1,FALSE
"Sabeen_Safdar_Bandesha","Sabeen Safdar Bandesha","Candidate",1,FALSE
"Sadaqat_Ali_Abbasi","Sadaqat Ali Abbasi","Candidate",1,FALSE
"Saddam_Tareen","Saddam Tareen","Candidate",1,FALSE
"Saeed_Khursheed_Ahmad","Saeed Khursheed Ahmad","Candidate",1,FALSE
"Saeed_Mushtaq","Saeed Mushtaq","Candidate",1,FALSE
"Sahibzada_Mehboob_Sultan","Sahibzada Mehboob Sultan","Candidate",1,FALSE
"Sahibzada_Muhammad_Hamid_Raza","Sahibzada Muhammad Hamid Raza","Candidate",2,TRUE
"Sajid_Khan","Sajid Khan","Candidate",1,FALSE
"Sajid_Khan_Wald_Taj_Gul","Sajid Khan Wald Taj Gul","Candidate",1,FALSE
"Sajid_Nawaz","Sajid Nawaz","Candidate",1,FALSE
"Sajid_Nawaz_Khan","Sajid Nawaz Khan","Candidate",1,FALSE
"Sajid_Yousaf","Sajid Yousaf","Candidate",1,FALSE
"Salar_Khan_Kakar","Salar Khan Kakar","Candidate",1,FALSE
"Saleem_Mahmood_Kamlana_Sial","Saleem Mahmood Kamlana Sial","Candidate",1,FALSE
"Saleem_Ur_Rehman","Saleem Ur Rehman","Candidate",1,FALSE
"Salman_Akram_Raja","Salman Akram Raja","Candidate",1,FALSE
"Salman_Saif_Cheema","Salman Saif Cheema","Candidate",1,FALSE
"Sami_Ullah_Chaudhry","Sami Ullah Chaudhry","Candidate",1,FALSE
"Sardar_Ahsan_Raza_Advocate","Sardar Ahsan Raza Advocate","Candidate",1,FALSE
"Sardar_Muhammad_Ahmed_Dreshak","Sardar Muhammad Ahmed Dreshak","Candidate",1,FALSE
"Sardar_Muhammad_Ali_Khan","Sardar Muhammad Ali Khan","Candidate",1,FALSE
"Sardar_Muhammad_Hussain_Dogar","Sardar Muhammad Hussain Dogar","Candidate",1,FALSE
"Sardar_Rafique_Haider_Khan_Laghari","Sardar Rafique Haider Khan Laghari","Candidate",1,FALSE
"Sardar_Sher_Muhammad_Rind_Baloch","Sardar Sher Muhammad Rind Baloch","Candidate",1,FALSE
"Seemabia_Tahir","Seemabia Tahir","Candidate",1,FALSE
"Shabana_Nawab","Shabana Nawab","Candidate",1,FALSE
"Shabbir_Ali_Quereshi","Shabbir Ali Quereshi","Candidate",1,FALSE
"Shafqat_Abbas","Shafqat Abbas","Candidate",1,FALSE
"Shafqat_Ali","Shafqat Ali","Candidate",1,FALSE
"Shafqat_Mehmood","Shafqat Mehmood","Candidate",1,FALSE
"Shahbaz_Ahmad_Khan_Sial","Shahbaz Ahmad Khan Sial","Candidate",1,FALSE
"Shahid_Ahmad_Khattak","Shahid Ahmad Khattak","Candidate",1,FALSE
"Shahid_Amin","Shahid Amin","Candidate",1,FALSE
"Shahid_Talib","Shahid Talib","Candidate",1,FALSE
"Shahnawaz","Shahnawaz","Candidate",1,FALSE
"Shahram_Tarakai","Shahram Tarakai","Candidate",1,FALSE
"Shamraiz_Khan","Shamraiz Khan","Candidate",1,FALSE
"Shandana_Gulzar_Khan","Shandana Gulzar Khan","Candidate",1,FALSE
"Shaukat_Iqbal_Mirza","Shaukat Iqbal Mirza","Candidate",1,FALSE
"Shehryar_Afridi","Shehryar Afridi","Candidate",1,FALSE
"Shehryar_Riaz","Shehryar Riaz","Candidate",1,FALSE
"Shehzad_Farooq","Shehzad Farooq","Candidate",1,FALSE
"Shehzada_Muhammad_Gushtasap_Khan","Shehzada Muhammad Gushtasap Khan","Candidate",1,FALSE
"Sheikh_Waqar_Ahmad_Advocate","Sheikh Waqar Ahmad Advocate","Candidate",1,FALSE
"Sher_Afzal_Marwat","Sher Afzal Marwat","Candidate",1,FALSE
"Sher_Ali_Arbab","Sher Ali Arbab","Candidate",1,FALSE
"Shoaib_Nasir","Shoaib Nasir","Candidate",1,FALSE
"Shoukat_Basra","Shoukat Basra","Candidate",1,FALSE
"Sibghatullah","Sibghatullah","Candidate",1,FALSE
"Sidra_Faisal","Sidra Faisal","Candidate",1,FALSE
"Siraj_Muhammad_Khan","Siraj Muhammad Khan","Candidate",1,FALSE
"Sohail_Sultan","Sohail Sultan","Candidate",1,FALSE
"Subhan_Ali","Subhan Ali","Candidate",1,FALSE
"Subhan_Ali_Sahil","Subhan Ali Sahil","Candidate",1,FALSE
"Syed_Ahmed_Rasheed","Syed Ahmed Rasheed","Candidate",1,FALSE
"Syed_Akhtar_Hussain_Rizvi","Syed Akhtar Hussain Rizvi","Candidate",1,FALSE
"Syed_Ali_Haider_Zaidi","Syed Ali Haider Zaidi","Candidate",1,FALSE
"Syed_Ali_Husnain_Shah","Syed Ali Husnain Shah","Candidate",1,FALSE
"Syed_Ali_Hyder_Zaidi","Syed Ali Hyder Zaidi","Candidate",1,FALSE
"Syed_Jameel_Ahmad_Hussain_Bokhari","Syed Jameel Ahmad Hussain Bokhari","Candidate",1,FALSE
"Syed_Jameel_Ahmed_Hussain_Bokhari","Syed Jameel Ahmed Hussain Bokhari","Candidate",1,FALSE
"Syed_Jamil_Ahmed_Shah_Bukhari","Syed Jamil Ahmed Shah Bukhari","Candidate",1,FALSE
"Syed_Khawar_Ali_Shah","Syed Khawar Ali Shah","Candidate",1,FALSE
"Syed_Muhammad_Jawad_Asghar_Shah","Syed Muhammad Jawad Asghar Shah","Candidate",1,FALSE
"Syed_Mumtaz_Ali_Shah","Syed Mumtaz Ali Shah","Candidate",1,FALSE
"Syed_Niaz_Hussain_Shah_Jillani","Syed Niaz Hussain Shah Jillani","Candidate",1,FALSE
"Syed_Qaisar_Abbas_Shah","Syed Qaisar Abbas Shah","Candidate",1,FALSE
"Syed_Raza_Ali_Gillani","Syed Raza Ali Gillani","Candidate",1,FALSE
"Syed_Shah_Ahad_Ali_Shah","Syed Shah Ahad Ali Shah","Candidate",1,FALSE
"Syed_Wajahat_Hasnain_Shah","Syed Wajahat Hasnain Shah","Candidate",1,FALSE
"Syed_Zahoor_Agha","Syed Zahoor Agha","Candidate",1,FALSE
"Tahir_Iqbal_Chuhdary","Tahir Iqbal Chuhdary","Candidate",1,FALSE
"Tahir_Sadiq","Tahir Sadiq","Candidate",1,FALSE
"Taj_Muhammad","Taj Muhammad","Candidate",2,TRUE
"Talib_Hussain_Sidhu","Talib Hussain Sidhu","Candidate",1,FALSE
"Tariq_Aziz_Bhatti","Tariq Aziz Bhatti","Candidate",1,FALSE
"Tasawar_Abbas","Tasawar Abbas","Candidate",1,FALSE
"Umair_Khan_Niazi","Umair Khan Niazi","Candidate",1,FALSE
"Umar_Aslam_Khan","Umar Aslam Khan","Candidate",1,FALSE
"Usama_Ahmed_Mela","Usama Ahmed Mela","Candidate",1,FALSE
"Usama_Hamza","Usama Hamza","Candidate",1,FALSE
"Usman_Hamza","Usman Hamza","Candidate",1,FALSE
"Wajiha_Akram","Wajiha Akram","Candidate",1,FALSE
"Wali_Muhammad_Mugheri","Wali Muhammad Mugheri","Candidate",1,FALSE
"Walid_Iqbal","Walid Iqbal","Candidate",1,FALSE
"Waqas_Akram","Waqas Akram","Candidate",1,FALSE
"Waseem_Abbas","Waseem Abbas","Candidate",1,FALSE
"Wasim_Qadir","Wasim Qadir","Candidate",1,FALSE
"Yasmin_Rashid","Yasmin Rashid","Candidate",1,FALSE
"Yousaf_Khan","Yousaf Khan","Candidate",1,FALSE
"Zafar_Ullah_Tararr","Zafar Ullah Tararr","Candidate",1,FALSE
"Zaffar_Khan","Zaffar Khan","Candidate",1,FALSE
"Zaheer_Abbas_Naqvi","Zaheer Abbas Naqvi","Candidate",1,FALSE
"Zahid_Hussain_Hashmi","Zahid Hussain Hashmi","Candidate",1,FALSE
"Zahid_Mehmood_Mazari","Zahid Mehmood Mazari","Candidate",1,FALSE
"Zain_Qureshi","Zain Qureshi","Candidate",1,FALSE
"Zain_Ul_Abidin_Khelji","Zain Ul Abidin Khelji","Candidate",1,FALSE
"Zameer_Jedhu_Advocate","Zameer Jedhu Advocate","Candidate",1,FALSE
"Zartaj_Gul_Wazir","Zartaj Gul Wazir","Candidate",1,FALSE
"Zubair_Khan","Zubair Khan","Candidate",1,FALSE
"Zulfiqar","Zulfiqar","Candidate",1,FALSE
"Zulfiqar_Ali_Mallah","Zulfiqar Ali Mallah","Candidate",1,FALSE
"Zulqarnain_Als_Sakhi_Bhutto","Zulqarnain Als Sakhi Bhutto","Candidate",1,FALSE
"Alamgir_Khan","Alamgir Khan","Candidate",1,FALSE
"Ihsan_Ullah_Khan_Mahsood","Ihsan Ullah Khan Mahsood","Candidate",1,FALSE
"Muhammad_Sultan","Muhammad Sultan","Candidate",1,FALSE
"Raja_Muhammad_Ashraf","Raja Muhammad Ashraf","Candidate",1,FALSE
"Muhammad_Hanif_Mughal","Muhammad Hanif Mughal","Candidate",1,FALSE
"Maazullah_Khan","Maazullah Khan","Candidate",1,FALSE
"Muhammad_Sherwan_Amirzada","Muhammad Sherwan Amirzada","Candidate",1,FALSE
"Ali_Adrees","Ali Adrees","Candidate",1,FALSE
"Muhammad_Yaqub_Alvi","Muhammad Yaqub Alvi","Candidate",1,FALSE
"Syed_Zahid_Abbas_Kazmi","Syed Zahid Abbas Kazmi","Candidate",1,FALSE
"Hajiani","Hajiani","Candidate",1,FALSE
"Ibtsaam_Illahi_Zahir","Ibtsaam Illahi Zahir","Candidate",1,FALSE
"Sardar_Rafiq_Ar_Sanjrani","Sardar Rafiq Ar Sanjrani","Candidate",1,FALSE
"Abdul_Ghaffar_Khan_Mohmand","Abdul Ghaffar Khan Mohmand","Candidate",1,FALSE
"Ahmad_Raza","Ahmad Raza","Candidate",1,FALSE
"Akbar_Khan","Akbar Khan","Candidate",1,FALSE
"Dr_Siraj_Ud_Din","Dr Siraj Ud Din","Candidate",1,FALSE
"Faiza_Bibi_Rasheed","Faiza Bibi Rasheed","Candidate",1,FALSE
"Farooq_Ahmad","Farooq Ahmad","Candidate",1,FALSE
"Haji_Muhammad_Umar","Haji Muhammad Umar","Candidate",1,FALSE
"Irshad_Alam_Khan","Irshad Alam Khan","Candidate",1,FALSE
"Khalil_Saeed","Khalil Saeed","Candidate",1,FALSE
"Masood_Ahmed_Saeed","Masood Ahmed Saeed","Candidate",1,FALSE
"Muhamamd_Ibrar","Muhamamd Ibrar","Candidate",1,FALSE
"Muhammad_Khan","Muhammad Khan","Candidate",2,TRUE
"Naseeb_Zaman","Naseeb Zaman","Candidate",1,FALSE
"Nasir_Mahmood_Chaudhry","Nasir Mahmood Chaudhry","Candidate",1,FALSE
"Sami_Ullah_Luni","Sami Ullah Luni","Candidate",1,FALSE
"Amjad_Ali","Amjad Ali","Candidate",1,FALSE
"Bakhtiar_Ali","Bakhtiar Ali","Candidate",1,FALSE
"Fida_Mohammad","Fida Mohammad","Candidate",1,FALSE
"Malik_Haider_Khan","Malik Haider Khan","Candidate",1,FALSE
"Mian_Abdul_Latif","Mian Abdul Latif","Candidate",1,FALSE
"Najeebullah_Durrani","Najeebullah Durrani","Candidate",1,FALSE
"Sher_Wali","Sher Wali","Candidate",1,FALSE
"Sikandar_Hayat_Khan","Sikandar Hayat Khan","Candidate",1,FALSE
"Ameer_Ali_Pate_Wale","Ameer Ali Pate Wale","Candidate",1,FALSE
"Muhammad_Aslam_Khan","Muhammad Aslam Khan","Candidate",1,FALSE
"Khalil_Ahmed","Khalil Ahmed","Candidate",1,FALSE
"Allah_Rakha_Waseem","Allah Rakha Waseem","Candidate",1,FALSE
"Basharat_Ali_Khan_Advocate","Basharat Ali Khan Advocate","Candidate",1,FALSE
"Haji_Rana_Sharafat_Ali_Qadri","Haji Rana Sharafat Ali Qadri","Candidate",1,FALSE
"Hameed_Ghazi_Dogar","Hameed Ghazi Dogar","Candidate",1,FALSE
"Malik_Muhammad_Siddique_Khokhar","Malik Muhammad Siddique Khokhar","Candidate",1,FALSE
"Mofti_Mohammad_Hayat_Qadri","Mofti Mohammad Hayat Qadri","Candidate",1,FALSE
"Muhammad_Anwar_Ali","Muhammad Anwar Ali","Candidate",1,FALSE
"Muhammad_Haseeb","Muhammad Haseeb","Candidate",1,FALSE
"Muhammad_Sardar_Bahadur_Khan","Muhammad Sardar Bahadur Khan","Candidate",1,FALSE
"Muhammad_Sarfraz_Akbar","Muhammad Sarfraz Akbar","Candidate",1,FALSE
"Qari_Fateh_Khan","Qari Fateh Khan","Candidate",1,FALSE
"Rana_Muhammad_Irfan","Rana Muhammad Irfan","Candidate",1,FALSE
"Saeed_Ahmed_Zafar","Saeed Ahmed Zafar","Candidate",1,FALSE
"Sardar_Mulana_Muhammad_Wazeer_Ul_Qadri","Sardar Mulana Muhammad Wazeer Ul Qadri","Candidate",1,FALSE
"Tariq_Mehboob","Tariq Mehboob","Candidate",1,FALSE
"Dr_Ahmed_Noonari","Dr Ahmed Noonari","Candidate",1,FALSE
"Gomoon_Mal","Gomoon Mal","Candidate",1,FALSE
"Gulzar_Ahmad_Soomro","Gulzar Ahmad Soomro","Candidate",1,FALSE
"Nisar_Ali_Keerio","Nisar Ali Keerio","Candidate",1,FALSE
"Nusrat","Nusrat","Candidate",1,FALSE
"Shafqat_Hussain_Bhayo","Shafqat Hussain Bhayo","Candidate",1,FALSE
"Syed_Athar_Hussain_Shah","Syed Athar Hussain Shah","Candidate",1,FALSE
"Abdul_Latif_Junejo","Abdul Latif Junejo","Candidate",1,FALSE
"Abdul_Wahab_Baloch_Advocate","Abdul Wahab Baloch Advocate","Candidate",1,FALSE
"Abdul_Wahab_Shar","Abdul Wahab Shar","Candidate",1,FALSE
"Ameer_Ali_Thebo","Ameer Ali Thebo","Candidate",1,FALSE
"Asgher_Shah_Rashdi","Asgher Shah Rashdi","Candidate",1,FALSE
"Basheer_Ahmed_Shah","Basheer Ahmed Shah","Candidate",1,FALSE
"Doolah_Darya_Khan_Mughal","Doolah Darya Khan Mughal","Candidate",1,FALSE
"Mr__Asghar_Shah_Rashidi","Mr. Asghar Shah Rashidi","Candidate",1,FALSE
"Muhammad_Channa","Muhammad Channa","Candidate",1,FALSE
"Muhammad_Dino","Muhammad Dino","Candidate",1,FALSE
"Naveed_Ahmed_Soomro","Naveed Ahmed Soomro","Candidate",1,FALSE
"Sardar_Mir_Yakoob_Ali_Shah_","Sardar Mir Yakoob Ali Shah.","Candidate",1,FALSE
"Sarfraz_Ahmed","Sarfraz Ahmed","Candidate",1,FALSE
"Syed_Jalal_Mehmood_Shah","Syed Jalal Mehmood Shah","Candidate",1,FALSE
"Zulfiqar_Ali_Soomro","Zulfiqar Ali Soomro","Candidate",1,FALSE
"Abul_Salam","Abul Salam","Candidate",1,FALSE
"Eid_Muhammad","Eid Muhammad","Candidate",1,FALSE
"Zia_Ul_Haq","Zia Ul Haq","Candidate",1,FALSE
"Ghulam_Fareed_Koreja","Ghulam Fareed Koreja","Candidate",1,FALSE
"Khawja_Ghulam_Fareed_Koreja","Khawja Ghulam Fareed Koreja","Candidate",1,FALSE
"Muhammad_Wazeer_Khan_Dundam_Advocate","Muhammad Wazeer Khan Dundam Advocate","Candidate",1,FALSE
"Ahmad_Kamran_Thaeem_Ansari","Ahmad Kamran Thaeem Ansari","Candidate",1,FALSE
"Allah_Nawaz","Allah Nawaz","Candidate",1,FALSE
"Allama_Haider_Alvi","Allama Haider Alvi","Candidate",1,FALSE
"Hamid_Idrees","Hamid Idrees","Candidate",1,FALSE
"Mian_Muhammad_Asif_Raza_","Mian Muhammad Asif Raza.","Candidate",1,FALSE
"Moulana_Nalay_Mitho_Shaikh","Moulana Nalay Mitho Shaikh","Candidate",1,FALSE
"Muhammad_Javed_Qadri","Muhammad Javed Qadri","Candidate",1,FALSE
"Sikandar_Khan","Sikandar Khan","Candidate",1,FALSE
"Sohail_Baig_Noori","Sohail Baig Noori","Candidate",1,FALSE
"Muhammad_Asim","Muhammad Asim","Candidate",1,FALSE
"Waleed_Ahmad","Waleed Ahmad","Candidate",1,FALSE
"Zahid_Iqbal","Zahid Iqbal","Candidate",1,FALSE
"Majeeda_Maria","Majeeda Maria","Candidate",1,FALSE
"Malik_Muhammad_Tufail","Malik Muhammad Tufail","Candidate",1,FALSE
"Syed_Ali_Raza","Syed Ali Raza","Candidate",1,FALSE
"Zawar_Hussain","Zawar Hussain","Candidate",1,FALSE
"Himmat_Ali","Himmat Ali","Candidate",1,FALSE
"Aftab_Khurram","Aftab Khurram","Candidate",1,FALSE
"Malik_Abdul_Rasheed","Malik Abdul Rasheed","Candidate",1,FALSE
"Malik_Jahanzaib_Waran","Malik Jahanzaib Waran","Candidate",1,FALSE
"Mirza_Asif_Baig","Mirza Asif Baig","Candidate",1,FALSE
"Muhammad_Jan_Mohmand","Muhammad Jan Mohmand","Candidate",1,FALSE
"Muhammad_Sohail_Akhter","Muhammad Sohail Akhter","Candidate",1,FALSE
"Syed_Muhammad_Shakeel_Ali_Shah","Syed Muhammad Shakeel Ali Shah","Candidate",1,FALSE
"m_Raza","m Raza","Candidate",1,FALSE
"Moulana_Abdul_Quddoos","Moulana Abdul Quddoos","Candidate",1,FALSE
"Mukhtar_Ali","Mukhtar Ali","Candidate",1,FALSE
"Nasar_Ullah_Khan","Nasar Ullah Khan","Candidate",1,FALSE
"Abdul_Rehman_Shar","Abdul Rehman Shar","Candidate",1,FALSE
"Abrar_Ahmad","Abrar Ahmad","Candidate",1,FALSE
"Aftab_Ahmad_Joiya","Aftab Ahmad Joiya","Candidate",1,FALSE
"Alaf_Khan","Alaf Khan","Candidate",1,FALSE
"Allah_Bachaya","Allah Bachaya","Candidate",1,FALSE
"Allah_Bakhsh","Allah Bakhsh","Candidate",1,FALSE
"Allah_Baksh","Allah Baksh","Candidate",1,FALSE
"Ameen","Ameen","Candidate",1,FALSE
"Amjad_Naeem","Amjad Naeem","Candidate",1,FALSE
"Anbreen_aka_Hena","Anbreen aka Hena","Candidate",1,FALSE
"Asad_Jawad_Khan_Sherwani","Asad Jawad Khan Sherwani","Candidate",1,FALSE
"Ashique_Hussain","Ashique Hussain","Candidate",1,FALSE
"Asif_Mahmood","Asif Mahmood","Candidate",1,FALSE
"Asim_Irshad_Khan","Asim Irshad Khan","Candidate",1,FALSE
"Atiq_Ur_Rehman","Atiq Ur Rehman","Candidate",1,FALSE
"Azhar_Hussain","Azhar Hussain","Candidate",1,FALSE
"Azhar_Mehmood","Azhar Mehmood","Candidate",1,FALSE
"Bilal_Liaqat","Bilal Liaqat","Candidate",1,FALSE
"Chaudhary_Zulfiqar_Ali_Gujjar","Chaudhary Zulfiqar Ali Gujjar","Candidate",1,FALSE
"Chaudhry_Abdul_Kraim","Chaudhry Abdul Kraim","Candidate",1,FALSE
"Chaudhry_Alhamza_Hussain_Cheema","Chaudhry Alhamza Hussain Cheema","Candidate",1,FALSE
"Chuadhary_Muhammad_Riaz","Chuadhary Muhammad Riaz","Candidate",1,FALSE
"Faisal_Bashir","Faisal Bashir","Candidate",1,FALSE
"Faisal_Hasan_Khan","Faisal Hasan Khan","Candidate",1,FALSE
"Faqeer_Hussain_Dogar","Faqeer Hussain Dogar","Candidate",1,FALSE
"Farzand_Nasim","Farzand Nasim","Candidate",1,FALSE
"Ghulam_Farid","Ghulam Farid","Candidate",1,FALSE
"Ghulam_Meeran_Shah_Gilani","Ghulam Meeran Shah Gilani","Candidate",1,FALSE
"Ghulam_Mohyu_Din","Ghulam Mohyu Din","Candidate",1,FALSE
"Ghulam_Murtaza","Ghulam Murtaza","Candidate",1,FALSE
"Ghulam_Rasool_Kalwar","Ghulam Rasool Kalwar","Candidate",1,FALSE
"Ghulam_Sarwar_Khatti","Ghulam Sarwar Khatti","Candidate",1,FALSE
"Ghulam_Yaseen","Ghulam Yaseen","Candidate",1,FALSE
"Habib_Ul_Maalik_Khan","Habib Ul Maalik Khan","Candidate",1,FALSE
"Hafiz_Abid_Hussain","Hafiz Abid Hussain","Candidate",1,FALSE
"Hafiz_Farrukh_Saleem","Hafiz Farrukh Saleem","Candidate",1,FALSE
"Hafiz_Imran_Siddiq","Hafiz Imran Siddiq","Candidate",1,FALSE
"Hafiz_Khawar_Ikhlas","Hafiz Khawar Ikhlas","Candidate",1,FALSE
"Hafiz_Muhammad_Abubakar","Hafiz Muhammad Abubakar","Candidate",1,FALSE
"Hafiz_Muhammad_Ahmad_Bukhari","Hafiz Muhammad Ahmad Bukhari","Candidate",1,FALSE
"Hafiz_Muhammad_Hamid","Hafiz Muhammad Hamid","Candidate",1,FALSE
"Hafiz_Muhammad_Hamid_Mehmood_Kagani","Hafiz Muhammad Hamid Mehmood Kagani","Candidate",1,FALSE
"Hafiz_Muhammad_Saad_Rizvi","Hafiz Muhammad Saad Rizvi","Candidate",1,FALSE
"Hafiz_Muneeb_Ahmad","Hafiz Muneeb Ahmad","Candidate",1,FALSE
"Hafiz_Sher_Muhammad_Sialvi","Hafiz Sher Muhammad Sialvi","Candidate",1,FALSE
"Hafiz_Shoukat_Ali_Jatoi","Hafiz Shoukat Ali Jatoi","Candidate",1,FALSE
"Haji_Allah_Dad","Haji Allah Dad","Candidate",1,FALSE
"Hamid_Mehmood_Faizi","Hamid Mehmood Faizi","Candidate",1,FALSE
"Ikram_Ullah","Ikram Ullah","Candidate",1,FALSE
"Imran_Haider","Imran Haider","Candidate",1,FALSE
"Imtiaz_Dogar","Imtiaz Dogar","Candidate",1,FALSE
"Irfan_Ali_Bhatti","Irfan Ali Bhatti","Candidate",1,FALSE
"Irshad_Ali_Babar","Irshad Ali Babar","Candidate",1,FALSE
"Israr_Ahmed","Israr Ahmed","Candidate",1,FALSE
"Javed_Akhtar_Abbasi","Javed Akhtar Abbasi","Candidate",1,FALSE
"Kashif_Ullah","Kashif Ullah","Candidate",1,FALSE
"m_Habib","m Habib","Candidate",1,FALSE
"Majid_Hussain","Majid Hussain","Candidate",1,FALSE
"Malik_Azhar_Ahmad_Sandila","Malik Azhar Ahmad Sandila","Candidate",1,FALSE
"Malik_Kamran_Rasheed","Malik Kamran Rasheed","Candidate",1,FALSE
"Manzoor_Elahi","Manzoor Elahi","Candidate",1,FALSE
"Matloob_Ahmad","Matloob Ahmad","Candidate",1,FALSE
"Mehtab_Ahmad","Mehtab Ahmad","Candidate",1,FALSE
"Mir_Muhammad_Aslam","Mir Muhammad Aslam","Candidate",1,FALSE
"Mohammad_Zaheer_u_Din_Pechuho","Mohammad Zaheer u Din Pechuho","Candidate",1,FALSE
"Mohsin_Raza","Mohsin Raza","Candidate",1,FALSE
"Mudassar_Ali","Mudassar Ali","Candidate",1,FALSE
"Muhamamd_Mazhar_Mahmood","Muhamamd Mazhar Mahmood","Candidate",1,FALSE
"Muhamamd_Waseem","Muhamamd Waseem","Candidate",1,FALSE
"Muhammad_Ahmad_Majeed","Muhammad Ahmad Majeed","Candidate",1,FALSE
"Muhammad_Ahsan","Muhammad Ahsan","Candidate",1,FALSE
"Muhammad_Akbar","Muhammad Akbar","Candidate",1,FALSE
"Muhammad_Akhtar_Abbasi","Muhammad Akhtar Abbasi","Candidate",1,FALSE
"Muhammad_Akram","Muhammad Akram","Candidate",1,FALSE
"Muhammad_Akram_Tahir","Muhammad Akram Tahir","Candidate",1,FALSE
"Muhammad_Ali","Muhammad Ali","Candidate",1,FALSE
"Muhammad_Ali_Langrial","Muhammad Ali Langrial","Candidate",1,FALSE
"Muhammad_Amad_Khan_Wajid","Muhammad Amad Khan Wajid","Candidate",1,FALSE
"Muhammad_Amin_Uddin_Sialvi","Muhammad Amin Uddin Sialvi","Candidate",1,FALSE
"Muhammad_Amjad_Ali","Muhammad Amjad Ali","Candidate",1,FALSE
"Muhammad_Amjad_Jameel","Muhammad Amjad Jameel","Candidate",1,FALSE
"Muhammad_Arif","Muhammad Arif","Candidate",1,FALSE
"Muhammad_Asad_Iqbal","Muhammad Asad Iqbal","Candidate",1,FALSE
"Muhammad_Athar_Amin","Muhammad Athar Amin","Candidate",1,FALSE
"Muhammad_Farooq","Muhammad Farooq","Candidate",1,FALSE
"Muhammad_Farooq_Ul_Hassan","Muhammad Farooq Ul Hassan","Candidate",1,FALSE
"Muhammad_Ghulam_Rasool","Muhammad Ghulam Rasool","Candidate",1,FALSE
"Muhammad_Hussain_Babar","Muhammad Hussain Babar","Candidate",1,FALSE
"Muhammad_Irfan_Qureshi","Muhammad Irfan Qureshi","Candidate",1,FALSE
"Muhammad_Ismail_Hussaini","Muhammad Ismail Hussaini","Candidate",1,FALSE
"Muhammad_Ismail_Shah","Muhammad Ismail Shah","Candidate",1,FALSE
"Muhammad_Jahangeer","Muhammad Jahangeer","Candidate",1,FALSE
"Muhammad_Jawad_Saleem","Muhammad Jawad Saleem","Candidate",1,FALSE
"Muhammad_Kamran_Aulakh","Muhammad Kamran Aulakh","Candidate",1,FALSE
"Muhammad_Khurram_Riaz","Muhammad Khurram Riaz","Candidate",1,FALSE
"Muhammad_Luqman","Muhammad Luqman","Candidate",1,FALSE
"Muhammad_Mehmood_Qadri","Muhammad Mehmood Qadri","Candidate",1,FALSE
"Muhammad_Munir","Muhammad Munir","Candidate",1,FALSE
"Muhammad_Mushtaq_Rehmani","Muhammad Mushtaq Rehmani","Candidate",1,FALSE
"Muhammad_Noman_Khalid","Muhammad Noman Khalid","Candidate",1,FALSE
"Muhammad_Qasim_Jakhro","Muhammad Qasim Jakhro","Candidate",1,FALSE
"Muhammad_Rashid_Shah","Muhammad Rashid Shah","Candidate",1,FALSE
"Muhammad_Raza_Khan","Muhammad Raza Khan","Candidate",1,FALSE
"Muhammad_Sajid","Muhammad Sajid","Candidate",1,FALSE
"Muhammad_Saleh","Muhammad Saleh","Candidate",1,FALSE
"Muhammad_Sarfraz","Muhammad Sarfraz","Candidate",1,FALSE
"Muhammad_Shafi_Khan","Muhammad Shafi Khan","Candidate",1,FALSE
"Muhammad_Shafiq","Muhammad Shafiq","Candidate",1,FALSE
"Muhammad_Shafiq_Ul_Hai","Muhammad Shafiq Ul Hai","Candidate",1,FALSE
"Muhammad_Shahid_Iqbal","Muhammad Shahid Iqbal","Candidate",1,FALSE
"Muhammad_Sharjil_Gopalani","Muhammad Sharjil Gopalani","Candidate",1,FALSE
"Muhammad_Sohail_Manzoor","Muhammad Sohail Manzoor","Candidate",1,FALSE
"Muhammad_Taimoor_Khalid","Muhammad Taimoor Khalid","Candidate",1,FALSE
"Muhammad_Tayyab","Muhammad Tayyab","Candidate",1,FALSE
"Muhammad_Umer_Jan","Muhammad Umer Jan","Candidate",1,FALSE
"Muhammad_Wakeel","Muhammad Wakeel","Candidate",1,FALSE
"Muhammad_Waseem","Muhammad Waseem","Candidate",1,FALSE
"Muhammad_Yaqub","Muhammad Yaqub","Candidate",1,FALSE
"Muhammad_Yar_Mehboob_Khar","Muhammad Yar Mehboob Khar","Candidate",1,FALSE
"Muhammad_Younis","Muhammad Younis","Candidate",1,FALSE
"Muhammad_Zaheer_Mughal","Muhammad Zaheer Mughal","Candidate",1,FALSE
"Munawar_Ali","Munawar Ali","Candidate",1,FALSE
"Nadeem_Zafar","Nadeem Zafar","Candidate",1,FALSE
"Najeeb_Ullah_Durrani","Najeeb Ullah Durrani","Candidate",1,FALSE
"Naseer_Ahmed","Naseer Ahmed","Candidate",1,FALSE
"Nasir_Ali","Nasir Ali","Candidate",1,FALSE
"Niamat_Ullah","Niamat Ullah","Candidate",1,FALSE
"Pie_Muhammad_Ali_Sarhandi","Pie Muhammad Ali Sarhandi","Candidate",1,FALSE
"Qari_Ghulam_Akber","Qari Ghulam Akber","Candidate",1,FALSE
"Qazi_Tahir_Mahmood","Qazi Tahir Mahmood","Candidate",1,FALSE
"Raja_Saleem_Abid","Raja Saleem Abid","Candidate",1,FALSE
"Raja_Sohail_Akhtar_Satti","Raja Sohail Akhtar Satti","Candidate",1,FALSE
"Rana_Muhammad_Rafique","Rana Muhammad Rafique","Candidate",1,FALSE
"Rao_Atif_Ali_Khan","Rao Atif Ali Khan","Candidate",1,FALSE
"Rao_Dilnawaz","Rao Dilnawaz","Candidate",1,FALSE
"Ray_Munsif_Shabbir_Ahmad","Ray Munsif Shabbir Ahmad","Candidate",1,FALSE
"Rehmat_Ullah","Rehmat Ullah","Candidate",1,FALSE
"Sadam_Hussain","Sadam Hussain","Candidate",1,FALSE
"Saeed_Ullah","Saeed Ullah","Candidate",1,FALSE
"Saif_Ur_Rahman","Saif Ur Rahman","Candidate",1,FALSE
"Sajjad_Akbar_Abbasi","Sajjad Akbar Abbasi","Candidate",1,FALSE
"Sajjad_Hussain_Shah","Sajjad Hussain Shah","Candidate",1,FALSE
"Saqib_Hussain","Saqib Hussain","Candidate",1,FALSE
"Shabana_Kouser","Shabana Kouser","Candidate",1,FALSE
"Shahbaz_Ahmed","Shahbaz Ahmed","Candidate",1,FALSE
"Shahid_Ullah","Shahid Ullah","Candidate",1,FALSE
"Shahzada_Shahbaz","Shahzada Shahbaz","Candidate",1,FALSE
"Shehzad_Ullah_Chatha","Shehzad Ullah Chatha","Candidate",1,FALSE
"Shujaat_Ali","Shujaat Ali","Candidate",1,FALSE
"Sohail_Anwar","Sohail Anwar","Candidate",1,FALSE
"Syed_Asif_Ullah_Shah_Bukhari","Syed Asif Ullah Shah Bukhari","Candidate",1,FALSE
"Syed_Atta_Ullah_Shah_Bukhari","Syed Atta Ullah Shah Bukhari","Candidate",1,FALSE
"Syed_Iqbal_Hussain_Shah","Syed Iqbal Hussain Shah","Candidate",1,FALSE
"Syed_Ishrat_Jahania_Bukhari","Syed Ishrat Jahania Bukhari","Candidate",1,FALSE
"Syed_Jahanzaib_Bukhari","Syed Jahanzaib Bukhari","Candidate",1,FALSE
"Syed_Kashif_Ali_Shah","Syed Kashif Ali Shah","Candidate",1,FALSE
"Syed_Muhammad_Ali_Shah","Syed Muhammad Ali Shah","Candidate",1,FALSE
"Syed_Muhammad_Atta_Ul_Hasnain_Ali","Syed Muhammad Atta Ul Hasnain Ali","Candidate",1,FALSE
"Syed_Muhammad_Irfan_Shah","Syed Muhammad Irfan Shah","Candidate",1,FALSE
"Syed_Muhammad_Sarwar_Shah","Syed Muhammad Sarwar Shah","Candidate",1,FALSE
"Syed_Munir_Hussain","Syed Munir Hussain","Candidate",1,FALSE
"Syed_Shahid_Zahoor_Gillani","Syed Shahid Zahoor Gillani","Candidate",1,FALSE
"Syed_Shamin_Raza","Syed Shamin Raza","Candidate",1,FALSE
"Syed_Zaheer_Ul_Hassan_Shah","Syed Zaheer Ul Hassan Shah","Candidate",1,FALSE
"Syed_Zaman_Ali_Jafri","Syed Zaman Ali Jafri","Candidate",1,FALSE
"Tahir_Riaz","Tahir Riaz","Candidate",1,FALSE
"Tahir_Uddin_Shah","Tahir Uddin Shah","Candidate",1,FALSE
"Tariq_Maqsood","Tariq Maqsood","Candidate",1,FALSE
"Ubedullah_Jamro","Ubedullah Jamro","Candidate",1,FALSE
"Wahid_Bakhsh","Wahid Bakhsh","Candidate",1,FALSE
"Waseem_Nisar","Waseem Nisar","Candidate",1,FALSE
"Waseem_Zafar","Waseem Zafar","Candidate",1,FALSE
"Wazir_Ahmed_Noorani","Wazir Ahmed Noorani","Candidate",1,FALSE
"Zahid_Hameed_Gujjar","Zahid Hameed Gujjar","Candidate",1,FALSE
"Zahir_Shah","Zahir Shah","Candidate",1,FALSE
"Zameer_Hussain","Zameer Hussain","Candidate",1,FALSE
"Zamurd_Abbas_Khan","Zamurd Abbas Khan","Candidate",1,FALSE
"Ali_Afsar_Tanoli","Ali Afsar Tanoli","Candidate",1,FALSE
"Fakhar_e_Alam_Urf_Hazrat","Fakhar e Alam Urf Hazrat","Candidate",1,FALSE
"Fida_Hussain","Fida Hussain","Candidate",1,FALSE
"Major_Rtd_Jameel_Ehsan_Kiyani","Major Rtd Jameel Ehsan Kiyani","Candidate",1,FALSE
"Mohammad_Ashfaque","Mohammad Ashfaque","Candidate",1,FALSE
"Sardar_Haider_Zaman","Sardar Haider Zaman","Candidate",1,FALSE
"Sardar_Muhammad_Iqbal_Khan","Sardar Muhammad Iqbal Khan","Candidate",1,FALSE
"Farrukh_Bashir","Farrukh Bashir","Candidate",1,FALSE
"Abdul_Ali","Abdul Ali","Candidate",1,FALSE
"Abdul_Qayyum_Bajwa","Abdul Qayyum Bajwa","Candidate",1,FALSE
"Adeel_Ahmad","Adeel Ahmad","Candidate",1,FALSE
"Aman_Ullah_Khan","Aman Ullah Khan","Candidate",1,FALSE
"Amir_Hamza_Dogar_Advocate","Amir Hamza Dogar Advocate","Candidate",1,FALSE
"Amir_Muhammad","Amir Muhammad","Candidate",1,FALSE
"Amjid_Pervaiz","Amjid Pervaiz","Candidate",1,FALSE
"Aqeel_Shahzad","Aqeel Shahzad","Candidate",1,FALSE
"Asif_Iqbal","Asif Iqbal","Candidate",1,FALSE
"Ch_Tanveer_Ahmad_Kambo","Ch Tanveer Ahmad Kambo","Candidate",1,FALSE
"Doctor_Abdul_Rashid","Doctor Abdul Rashid","Candidate",1,FALSE
"Doctor_Nasir_Razzaq","Doctor Nasir Razzaq","Candidate",1,FALSE
"Dr__Rafique_Ahmed_Ghuncha","Dr. Rafique Ahmed Ghuncha","Candidate",1,FALSE
"Ghulam_Abbass","Ghulam Abbass","Candidate",1,FALSE
"Iftikhar_Ali","Iftikhar Ali","Candidate",1,FALSE
"Kamal_Azfar","Kamal Azfar","Candidate",1,FALSE
"Khizar_Hayat","Khizar Hayat","Candidate",1,FALSE
"Maki_Muhammad","Maki Muhammad","Candidate",1,FALSE
"Malik_Gul_Zali_Khan_Zakheli","Malik Gul Zali Khan Zakheli","Candidate",1,FALSE
"Malik_Nazar_Fareed_Khokhar","Malik Nazar Fareed Khokhar","Candidate",1,FALSE
"Malik_Zafar_Iqbal_Rajput_Panwar","Malik Zafar Iqbal Rajput Panwar","Candidate",1,FALSE
"Mian_Abdul_Waheed","Mian Abdul Waheed","Candidate",1,FALSE
"Moin_Ud_Din","Moin Ud Din","Candidate",1,FALSE
"Mr_mumtaz_Ali","Mr.mumtaz Ali","Candidate",1,FALSE
"Muhammad_Abu_Bakar_Watto","Muhammad Abu Bakar Watto","Candidate",1,FALSE
"Muhammad_Ahmad_Chaudhary","Muhammad Ahmad Chaudhary","Candidate",1,FALSE
"Muhammad_Arshad_Taqi","Muhammad Arshad Taqi","Candidate",1,FALSE
"Muhammad_Irfan_Ud_Din","Muhammad Irfan Ud Din","Candidate",1,FALSE
"Muhammad_Jahangir_Malik","Muhammad Jahangir Malik","Candidate",1,FALSE
"Muhammad_Muzzammil","Muhammad Muzzammil","Candidate",1,FALSE
"Muhammad_Nawaz_Cheema","Muhammad Nawaz Cheema","Candidate",1,FALSE
"Muhammad_Rafique_Advocate","Muhammad Rafique Advocate","Candidate",1,FALSE
"Muhammad_Sharif","Muhammad Sharif","Candidate",1,FALSE
"Naseer_Ahmed_Chandio","Naseer Ahmed Chandio","Candidate",1,FALSE
"Nek_Daraz_Khan","Nek Daraz Khan","Candidate",1,FALSE
"Peer_Abdul_Shakoor_Naqsh_Bandi","Peer Abdul Shakoor Naqsh Bandi","Candidate",1,FALSE
"Qazi_Aslam_Khan","Qazi Aslam Khan","Candidate",1,FALSE
"Rahimullah_Khan","Rahimullah Khan","Candidate",1,FALSE
"Raja_Izat_Ali","Raja Izat Ali","Candidate",1,FALSE
"Rana_Muhammad_Saeed_Khan","Rana Muhammad Saeed Khan","Candidate",1,FALSE
"Rana_Muhammad_Sharif","Rana Muhammad Sharif","Candidate",1,FALSE
"Rao_Muhammad_Akbar_Khan_Mayyo","Rao Muhammad Akbar Khan Mayyo","Candidate",1,FALSE
"Rao_Wajid_Ali_Khan","Rao Wajid Ali Khan","Candidate",1,FALSE
"Saghir_Hussain","Saghir Hussain","Candidate",1,FALSE
"Sahahbaz_Yasir_Ali","Sahahbaz Yasir Ali","Candidate",1,FALSE
"Shah_Zia_Udin_Khan","Shah Zia Udin Khan","Candidate",1,FALSE
"Shamim_Khan","Shamim Khan","Candidate",1,FALSE
"Waheed_Ahmad_Khan","Waheed Ahmad Khan","Candidate",1,FALSE
"Zaheer_Ahmad_Zia_Warraich","Zaheer Ahmad Zia Warraich","Candidate",1,FALSE
"Zahid_Sadique_Ansari","Zahid Sadique Ansari","Candidate",1,FALSE
"Zaib_Ali","Zaib Ali","Candidate",1,FALSE
"Manzoor_Ali_Bhatti","Manzoor Ali Bhatti","Candidate",1,FALSE
