"Candidate_ID","Party","Weight","Candidate_Name"
"Mirza_Zulfiqar_Ahmed","Aalay Kalam Ullah Farman Rasool",1,"Mirza Zulfiqar Ahmed"
"Nawab_Amber_Shahzada","Aap Janab Sarkar Party",1,"Nawab Amber Shahzada"
"Nawab_Doctor_Amber_Shahzada","Aap Janab Sarkar Party",1,"Nawab Doctor Amber Shahzada"
"Nawab_Dr__Amber_Shehzada","Aap Janab Sarkar Party",1,"Nawab Dr. Amber Shehzada"
"Noor_Hussain","AATP",1,"Noor Hussain"
"Rashida_Naeem","AATP",1,"Rashida Naeem"
"Waqar_Ahmed","AATP",1,"Waqar Ahmed"
"Ehsaamuddin","Afgan Qomi Movement (Pakistan)",1,"Ehsaamuddin"
"Arslan_Khan_Manj","AJP",1,"Arslan Khan Manj"
"Ghulam_Mustafa","AJP",1,"Ghulam Mustafa"
"Mirza_Tariq_Mehmood","AJP",1,"Mirza Tariq Mehmood"
"Muhammad_Ali_Khan_Yousafzai","AJP",1,"Muhammad Ali Khan Yousafzai"
"Muhammad_Amin_Watoo","AJP",1,"Muhammad Amin Watoo"
"Muhammad_Kashif","AJP-P",1,"Muhammad Kashif"
"Syed_Muhammad_Hussain","AL",1,"Syed Muhammad Hussain"
"Sadeed_Anver_Malik_Kashir","ALI",1,"Sadeed Anver Malik Kashir"
"Zain_Ul_Abideen","ALI",1,"Zain Ul Abideen"
"Rana_Muhammad_Ali","All Pakistan Bayrozgar Party",1,"Rana Muhammad Ali"
"Abdul_Majeed","All Pakistan Muslim League",1,"Abdul Majeed"
"Akhtar_Nawaz_Faisal_Daryana","All Pakistan Muslim League",1,"Akhtar Nawaz Faisal Daryana"
"Amoon_Pasha","All Pakistan Muslim League",1,"Amoon Pasha"
"Arshad_Ali","All Pakistan Muslim League",1,"Arshad Ali"
"Asghar_Abbas","All Pakistan Muslim League",1,"Asghar Abbas"
"Ashar_Jahangir","All Pakistan Muslim League",1,"Ashar Jahangir"
"Babar_Ali","All Pakistan Muslim League",1,"Babar Ali"
"Ch__Muhamamd_Ilyas","All Pakistan Muslim League",1,"Ch. Muhamamd Ilyas"
"Ch_Ghulam_Dastageer","All Pakistan Muslim League",1,"Ch Ghulam Dastageer"
"Chaudhary_Tanveer_Ahmed_Advocate","All Pakistan Muslim League",1,"Chaudhary Tanveer Ahmed Advocate"
"Choudhry_Gulzar_Hussain_Gohar_Advocate","All Pakistan Muslim League",1,"Choudhry Gulzar Hussain Gohar Advocate"
"Dilshad_Rind","All Pakistan Muslim League",1,"Dilshad Rind"
"Farid_Ullah_Bazai","All Pakistan Muslim League",1,"Farid Ullah Bazai"
"Ghulam_Haider","All Pakistan Muslim League",1,"Ghulam Haider"
"Ghulam_Qadir_Bajwa","All Pakistan Muslim League",1,"Ghulam Qadir Bajwa"
"Haji_Rashid_Ahmed_Khan_Rana","All Pakistan Muslim League",1,"Haji Rashid Ahmed Khan Rana"
"Hizbullah","All Pakistan Muslim League",1,"Hizbullah"
"Iftikhar_Ud_Din","All Pakistan Muslim League",1,"Iftikhar Ud Din"
"Israr_Ahmad_Chishti_Advocate","All Pakistan Muslim League",1,"Israr Ahmad Chishti Advocate"
"Jawaid_Ahmed_Khan","All Pakistan Muslim League",1,"Jawaid Ahmed Khan"
"Khalid_Ibrar","All Pakistan Muslim League",1,"Khalid Ibrar"
"Makhdeem_Syed_Zahid_Hussain","All Pakistan Muslim League",1,"Makhdeem Syed Zahid Hussain"
"Makhodzada_Syed_Hasan_Raza_Gillini","All Pakistan Muslim League",1,"Makhodzada Syed Hasan Raza Gillini"
"Malik_Azhar_Mehmood","All Pakistan Muslim League",1,"Malik Azhar Mehmood"
"Malik_Fakhar_Iqbal_Wattoo","All Pakistan Muslim League",1,"Malik Fakhar Iqbal Wattoo"
"Malik_Hamid_Mehmood","All Pakistan Muslim League",1,"Malik Hamid Mehmood"
"Malik_Muhammad_Iqbal_Jora","All Pakistan Muslim League",1,"Malik Muhammad Iqbal Jora"
"Malik_Muhammad_Siddique_Advocate","All Pakistan Muslim League",1,"Malik Muhammad Siddique Advocate"
"Malik_Nisar_Ahmad_Thind","All Pakistan Muslim League",1,"Malik Nisar Ahmad Thind"
"Malik_Shamriz_Awan","All Pakistan Muslim League",1,"Malik Shamriz Awan"
"Malik_Zia_Ul_Haque_Tiwana","All Pakistan Muslim League",1,"Malik Zia Ul Haque Tiwana"
"Mashood_Ahsan_Gill","All Pakistan Muslim League",1,"Mashood Ahsan Gill"
"Mian_Nadeem_Ahmed_Saleemi","All Pakistan Muslim League",1,"Mian Nadeem Ahmed Saleemi"
"Mirza_Bilal_Baig","All Pakistan Muslim League",1,"Mirza Bilal Baig"
"Mohammad_Sharif_Rind","All Pakistan Muslim League",1,"Mohammad Sharif Rind"
"Muhammad_Amjad","All Pakistan Muslim League",1,"Muhammad Amjad"
"Muhammad_Asim_Ishtiaq","All Pakistan Muslim League",1,"Muhammad Asim Ishtiaq"
"Muhammad_Ghufran_Rajput","All Pakistan Muslim League",1,"Muhammad Ghufran Rajput"
"Muhammad_Khaliq_Siddique","All Pakistan Muslim League",1,"Muhammad Khaliq Siddique"
"Muhammad_Naseer","All Pakistan Muslim League",1,"Muhammad Naseer"
"Muhammad_Nisar_Butt","All Pakistan Muslim League",1,"Muhammad Nisar Butt"
"Muhammad_Sharif_Noori","All Pakistan Muslim League",1,"Muhammad Sharif Noori"
"Muhammad_Zeb","All Pakistan Muslim League",1,"Muhammad Zeb"
"Mushtaq_Ahmed_Khan_Mughal","All Pakistan Muslim League",1,"Mushtaq Ahmed Khan Mughal"
"Nadir_Khan","All Pakistan Muslim League",1,"Nadir Khan"
"Nasar_Ullah_Khan_Jarral","All Pakistan Muslim League",1,"Nasar Ullah Khan Jarral"
"Paras_Shah","All Pakistan Muslim League",1,"Paras Shah"
"Qaiser_Nawaz_Khan_Babar","All Pakistan Muslim League",1,"Qaiser Nawaz Khan Babar"
"Qasim_Ali","All Pakistan Muslim League",1,"Qasim Ali"
"Raja_Amir_Rasheed","All Pakistan Muslim League",1,"Raja Amir Rasheed"
"Rana_Arshad_Saeed_Khan","All Pakistan Muslim League",1,"Rana Arshad Saeed Khan"
"Riaz_Ahmad","All Pakistan Muslim League",1,"Riaz Ahmad"
"Riaz_Hussain_Sewag","All Pakistan Muslim League",1,"Riaz Hussain Sewag"
"Sahibzada_Ahmed_Raza_Khan_Qasoori","All Pakistan Muslim League",1,"Sahibzada Ahmed Raza Khan Qasoori"
"Saira_Goga_Daughter_of_Goga_Pehalwan","All Pakistan Muslim League",1,"Saira Goga Daughter of Goga Pehalwan"
"Saqlain_Abbas_Bangash","All Pakistan Muslim League",1,"Saqlain Abbas Bangash"
"Saradar_Sikandar_Hayat_Khan_Goopang","All Pakistan Muslim League",1,"Saradar Sikandar Hayat Khan Goopang"
"Sardar_Ghulam_Mustafa","All Pakistan Muslim League",1,"Sardar Ghulam Mustafa"
"Sardar_Ghulam_Mustafa_Khaskheli","All Pakistan Muslim League",1,"Sardar Ghulam Mustafa Khaskheli"
"Sarmir_Khan","All Pakistan Muslim League",1,"Sarmir Khan"
"Shafiur_Rahman","All Pakistan Muslim League",1,"Shafiur Rahman"
"Shaheen_Munawer","All Pakistan Muslim League",1,"Shaheen Munawer"
"Shoaib_Khaskhali","All Pakistan Muslim League",1,"Shoaib Khaskhali"
"Syed_Adnan_Haider_Jafri","All Pakistan Muslim League",1,"Syed Adnan Haider Jafri"
"Syed_Ali_Abbas_Kazmi","All Pakistan Muslim League",1,"Syed Ali Abbas Kazmi"
"Syed_Imran_Sultan","All Pakistan Muslim League",1,"Syed Imran Sultan"
"Syed_Marghoob_Hussain_Abdi","All Pakistan Muslim League",1,"Syed Marghoob Hussain Abdi"
"Syed_Mukhtar_Hussain_Shah","All Pakistan Muslim League",1,"Syed Mukhtar Hussain Shah"
"Syed_Naveed_Ali_Shah","All Pakistan Muslim League",1,"Syed Naveed Ali Shah"
"Syed_Sajjad_Hussain_Shah_Kazmi","All Pakistan Muslim League",1,"Syed Sajjad Hussain Shah Kazmi"
"Syed_Zakir_Shah","All Pakistan Muslim League",1,"Syed Zakir Shah"
"Tayyaba_Zameer","All Pakistan Muslim League",1,"Tayyaba Zameer"
"Waheed_Ahmad","All Pakistan Muslim League",1,"Waheed Ahmad"
"Waheed_Depal","All Pakistan Muslim League",1,"Waheed Depal"
"Waseem_Akhter_Raja","All Pakistan Muslim League",1,"Waseem Akhter Raja"
"Yar_Badshah","All Pakistan Muslim League",1,"Yar Badshah"
"Mian_Saghir_Ahmed_Malvi","All Pakistan Youth Working Party",1,"Mian Saghir Ahmed Malvi"
"Muhammad_Naseem_Sadiq","ALPP",1,"Muhammad Naseem Sadiq"
"Sheikh_Rasheed_Ahmed","AMLP",1,"Sheikh Rasheed Ahmed"
"Sheikh_Rashid_Shafiq","AMLP",1,"Sheikh Rashid Shafiq"
"Abdul_Matin_Khan","ANP",1,"Abdul Matin Khan"
"Abdul_Qayyum","ANP",1,"Abdul Qayyum"
"Abdul_Rasheed_Nasir","ANP",1,"Abdul Rasheed Nasir"
"Abdul_Rashid","ANP",1,"Abdul Rashid"
"Abdul_Rauf","ANP",1,"Abdul Rauf"
"Abdul_Rehman_Khan_Yousufzai","ANP",1,"Abdul Rehman Khan Yousufzai"
"Abdur_Rauf","ANP",1,"Abdur Rauf"
"Ahmad_Ali","ANP",1,"Ahmad Ali"
"Ahmad_Khan","ANP",1,"Ahmad Khan"
"Ahmadullah","ANP",1,"Ahmadullah"
"Ahmed_Zaman","ANP",1,"Ahmed Zaman"
"Aimal_Wali_Khan","ANP",1,"Aimal Wali Khan"
"Alhaj_Ghulam_Ahmad_Bilour","ANP",1,"Alhaj Ghulam Ahmad Bilour"
"Aman_Masood","ANP",1,"Aman Masood"
"Ameer_Haider_Azam_Khan","ANP",1,"Ameer Haider Azam Khan"
"Amir_Haider_Khan","ANP",1,"Amir Haider Khan"
"Amir_Nawab","ANP",1,"Amir Nawab"
"Anwar_Zaib","ANP",1,"Anwar Zaib"
"Arbab_Inam_Ullah_Khan","ANP",1,"Arbab Inam Ullah Khan"
"Arbab_Mohammad_Ayub_Jan","ANP",1,"Arbab Mohammad Ayub Jan"
"Arbab_Muhammad_Zahir_Khan","ANP",1,"Arbab Muhammad Zahir Khan"
"Arbab_Najeeb_Ullah_Khan","ANP",1,"Arbab Najeeb Ullah Khan"
"Arbab_Najeeb_Ullah_Khan_Khalil","ANP",1,"Arbab Najeeb Ullah Khan Khalil"
"Arshad_Mansoor_Shah","ANP",1,"Arshad Mansoor Shah"
"Arshad_Sohail","ANP",1,"Arshad Sohail"
"Asfandiyar_Wali_Khan","ANP",1,"Asfandiyar Wali Khan"
"Asfandyar_Wali_Khan","ANP",1,"Asfandyar Wali Khan"
"Asghar_Khan","ANP",1,"Asghar Khan"
"Ashraf_Ullah","ANP",1,"Ashraf Ullah"
"Asif_Ali","ANP",1,"Asif Ali"
"Aurang_Zeb_Khan","ANP",1,"Aurang Zeb Khan"
"Aziz_Ur_Rehman","ANP",1,"Aziz Ur Rehman"
"Bahadar_Khan","ANP",1,"Bahadar Khan"
"Bashir_Khan_Umerzai","ANP",1,"Bashir Khan Umerzai"
"Bismillah_Jan","ANP",1,"Bismillah Jan"
"Bismillah_Jan_Luni","ANP",1,"Bismillah Jan Luni"
"Ch__Ghulam_Mustafa","ANP",1,"Ch. Ghulam Mustafa"
"Dost_Muhammad","ANP",1,"Dost Muhammad"
"Doulat_Ali","ANP",1,"Doulat Ali"
"Dr_Sherbaz_Khan","ANP",1,"Dr Sherbaz Khan"
"Engineer_Noor_Ahmed_Khan","ANP",1,"Engineer Noor Ahmed Khan"
"Faisal_Imran_Khan_Niazi","ANP",1,"Faisal Imran Khan Niazi"
"Farid_Ullah_Dumar","ANP",1,"Farid Ullah Dumar"
"Gul_Afzal","ANP",1,"Gul Afzal"
"Habib_Ullah_Khan","ANP",1,"Habib Ullah Khan"
"Hafiz_Zardullah_Khan_Hassan_Zai_","ANP",1,"Hafiz Zardullah Khan Hassan Zai."
"Haji_Ghulam_Ahmad_Bilour","ANP",2,"Haji Ghulam Ahmad Bilour"
"Haji_Naseem-Ur-Rehman","ANP",1,"Haji Naseem-Ur-Rehman"
"Haji_Nizamuddin_Kakar","ANP",1,"Haji Nizamuddin Kakar"
"Haji_Rehmanullah","ANP",1,"Haji Rehmanullah"
"Hameed_Ullah","ANP",1,"Hameed Ullah"
"Hamid_Khan_Toofan","ANP",1,"Hamid Khan Toofan"
"Hamidullah_Khan","ANP",1,"Hamidullah Khan"
"Imtiaz_Hussain","ANP",1,"Imtiaz Hussain"
"Inayat_Khan","ANP",1,"Inayat Khan"
"Iqbal_Zaib_Khan","ANP",1,"Iqbal Zaib Khan"
"Irfan_Ali","ANP",1,"Irfan Ali"
"Irshad_Khan","ANP",1,"Irshad Khan"
"Jumma_Khan_Babar","ANP",1,"Jumma Khan Babar"
"Kabir_Ahmed_Sher","ANP",1,"Kabir Ahmed Sher"
"Khadija_Bibi","ANP",1,"Khadija Bibi"
"Khan_Parvez","ANP",1,"Khan Parvez"
"Khan_Zeb","ANP",1,"Khan Zeb"
"Khudai_Dad","ANP",1,"Khudai Dad"
"Khursheed_Begum_Saeed","ANP",1,"Khursheed Begum Saeed"
"Khurshid","ANP",1,"Khurshid"
"m_Shafi","ANP",1,"m Shafi"
"Maj_r__Mahr_Muhammad_Ramzan","ANP",1,"Maj(r) Mahr Muhammad Ramzan"
"Majid_Khan","ANP",1,"Majid Khan"
"Malik_Dad_Muhammad_Tareen","ANP",1,"Malik Dad Muhammad Tareen"
"Malik_Darya_Khan","ANP",1,"Malik Darya Khan"
"Malik_Muhammad_Usman_Achakzai_","ANP",1,"Malik Muhammad Usman Achakzai."
"Mamoon_Khan_Kakar","ANP",1,"Mamoon Khan Kakar"
"Masood_Abbas","ANP",1,"Masood Abbas"
"Masood_Abbas_Khattak","ANP",1,"Masood Abbas Khattak"
"Mian_Babar_Shah_Kaka_Khel","ANP",1,"Mian Babar Shah Kaka Khel"
"Mohammad_Ayub_Khan_Advocate","ANP",1,"Mohammad Ayub Khan Advocate"
"Mohammad_Farooq_Khan","ANP",1,"Mohammad Farooq Khan"
"Muhammad_Ayaz_Khan","ANP",1,"Muhammad Ayaz Khan"
"Muhammad_Ayub_Khan","ANP",2,"Muhammad Ayub Khan"
"Muhammad_Azam_Khan","ANP",1,"Muhammad Azam Khan"
"Muhammad_Daud_Khan_Khattak","ANP",1,"Muhammad Daud Khan Khattak"
"Muhammad_Farooq_Bangsh","ANP",1,"Muhammad Farooq Bangsh"
"Muhammad_Farooq_Khan","ANP",1,"Muhammad Farooq Khan"
"Muhammad_Fayaz_Khan","ANP",1,"Muhammad Fayaz Khan"
"Muhammad_Hashim_Babar","ANP",1,"Muhammad Hashim Babar"
"Muhammad_Ishaq","ANP",1,"Muhammad Ishaq"
"Muhammad_Ismail","ANP",1,"Muhammad Ismail"
"Muhammad_Kamal","ANP",1,"Muhammad Kamal"
"Muhammad_Khan_Afridi","ANP",1,"Muhammad Khan Afridi"
"Muhammad_Riaz_Khan","ANP",1,"Muhammad Riaz Khan"
"Muhammad_Sajid_Taheem_Advocate","ANP",1,"Muhammad Sajid Taheem Advocate"
"Muhammad_Saleem_Khan","ANP",1,"Muhammad Saleem Khan"
"Muhammad_Sharif_Khattak","ANP",1,"Muhammad Sharif Khattak"
"Muhammad_Taimoor_Khan","ANP",1,"Muhammad Taimoor Khan"
"Muhammad_Younus_Khan","ANP",1,"Muhammad Younus Khan"
"Muhammad_Zahid_Khan","ANP",1,"Muhammad Zahid Khan"
"Muhibullah_Kakar","ANP",1,"Muhibullah Kakar"
"Munir_Shah","ANP",1,"Munir Shah"
"Muzafer_Ul_Mulk","ANP",1,"Muzafer Ul Mulk"
"Muzaffar-Ul-Mulk","ANP",1,"Muzaffar-Ul-Mulk"
"Naik_Muhammad_Kakar","ANP",1,"Naik Muhammad Kakar"
"Naimat_Khalil","ANP",1,"Naimat Khalil"
"Naveed_Anjum_Khan","ANP",2,"Naveed Anjum Khan"
"Nawabzada_Khawaja_Muhammad_Khan_Hoti_Alias_Toti_Khan","ANP",1,"Nawabzada Khawaja Muhammad Khan Hoti Alias Toti Khan"
"Nawabzada_Mohamamd_Amin_Khan_Jogezai","ANP",1,"Nawabzada Mohamamd Amin Khan Jogezai"
"Nawaz_Ali_Burfat","ANP",1,"Nawaz Ali Burfat"
"Nisar_Ahmed","ANP",1,"Nisar Ahmed"
"Noor_Ahmed","ANP",1,"Noor Ahmed"
"Noor_Aslam","ANP",1,"Noor Aslam"
"Owais_Khan","ANP",1,"Owais Khan"
"Perviz_Khan_Advocate","ANP",1,"Perviz Khan Advocate"
"Pir_Dilawar_Shah","ANP",1,"Pir Dilawar Shah"
"Qalandar_Bux","ANP",1,"Qalandar Bux"
"Rahmat_Shah_Sael","ANP",1,"Rahmat Shah Sael"
"Rana_Mushtaq_Ahmad","ANP",1,"Rana Mushtaq Ahmad"
"Sadeed_Ur_Rehman","ANP",1,"Sadeed Ur Rehman"
"Sadid_Ur_Rahman","ANP",1,"Sadid Ur Rahman"
"Saif_Ullah","ANP",1,"Saif Ullah"
"Sajid_Mahmood","ANP",1,"Sajid Mahmood"
"Saqib_Ullah_Khan","ANP",1,"Saqib Ullah Khan"
"Sarfaraz_Khan_Jadoon","ANP",1,"Sarfaraz Khan Jadoon"
"Shah_Hussain","ANP",1,"Shah Hussain"
"Shah_Mohammad","ANP",1,"Shah Mohammad"
"Shahi_Khan","ANP",1,"Shahi Khan"
"Shahi_Khan_Sherani","ANP",1,"Shahi Khan Sherani"
"Shahnawaz_Khanzada","ANP",1,"Shahnawaz Khanzada"
"Shahzia_Batul","ANP",1,"Shahzia Batul"
"Shazia_Bibi","ANP",1,"Shazia Bibi"
"Sheheryar_Khan","ANP",1,"Sheheryar Khan"
"Sher_Nawaz_Khattak","ANP",1,"Sher Nawaz Khattak"
"Sherullah_Khan","ANP",1,"Sherullah Khan"
"Sultan_Khan_Mandokhail","ANP",1,"Sultan Khan Mandokhail"
"Sultan_Khan_Mandokhel","ANP",1,"Sultan Khan Mandokhel"
"Syed_Abdul_Qayyum","ANP",1,"Syed Abdul Qayyum"
"Syed_Basharat_Hussain","ANP",1,"Syed Basharat Hussain"
"Syed_Haider_Ali_Shah","ANP",2,"Syed Haider Ali Shah"
"Syed_Haroon_Shah","ANP",1,"Syed Haroon Shah"
"Syed_Karam_Darwesh","ANP",1,"Syed Karam Darwesh"
"Syed_Masood_Shah","ANP",1,"Syed Masood Shah"
"Syed_Muhammad_Afzal","ANP",1,"Syed Muhammad Afzal"
"Syed_Muhammad_Hanif","ANP",1,"Syed Muhammad Hanif"
"Syed_Muzafar_Ali_Shah_Jan","ANP",1,"Syed Muzafar Ali Shah Jan"
"Tariq_Hameed_Khattak","ANP",1,"Tariq Hameed Khattak"
"Umar_Hayat","ANP",1,"Umar Hayat"
"Umar_Khan","ANP",1,"Umar Khan"
"Waris_Khan","ANP",1,"Waris Khan"
"Zain_Umar_Arbab","ANP",1,"Zain Umar Arbab"
"Zarbali_Syed","ANP",1,"Zarbali Syed"
"Shoaib_Amjad_Pervaiz","APMM",1,"Shoaib Amjad Pervaiz"
"Makhdoom_Muhammad_Ehsan","APP",1,"Makhdoom Muhammad Ehsan"
"Bashir_Khan","ATP",1,"Bashir Khan"
"Malik_Annayat_Ullah_Khokhar","ATP",1,"Malik Annayat Ullah Khokhar"
"Rajkumar","ATP",1,"Rajkumar"
"Jawad_Aziz","Awami Himayat Tehreek Pakistan",1,"Jawad Aziz"
"M_iqbal_Haider","Awami Himayat Tehreek Pakistan",1,"M.iqbal Haider"
"Molvi_Iqbal_Haider_Advocate","Awami Himayat Tehreek Pakistan",1,"Molvi Iqbal Haider Advocate"
"Moulvi_Iqbal_Haider","Awami Himayat Tehreek Pakistan",1,"Moulvi Iqbal Haider"
"Tahir_Iqbal","Awami Himayat Tehreek Pakistan",1,"Tahir Iqbal"
"Engineer_Usman_Khan_Tarrakai","Awami Jamhuri Ittehad Pakistan",1,"Engineer Usman Khan Tarrakai"
"Mahr_Ghulam_Mustafa_Mangan_Advocate","Awami Justice Party Pakistan",1,"Mahr Ghulam Mustafa Mangan Advocate"
"Mohtarma_Nazish_Aslam_Advocate","Awami Justice Party Pakistan",1,"Mohtarma Nazish Aslam Advocate"
"Muhammad_Zafar_Iqbal_Gujjar","Awami Justice Party Pakistan",1,"Muhammad Zafar Iqbal Gujjar"
"Mushtaq_Ahmad_Bhatti","Awami Justice Party Pakistan",1,"Mushtaq Ahmad Bhatti"
"Qari_Nasir_Mahmood_Mughal","Awami Justice Party Pakistan",1,"Qari Nasir Mahmood Mughal"
"Rana_Akbar_Abbas","Awami Justice Party Pakistan",1,"Rana Akbar Abbas"
"Rana_Basharat_Ali","Awami Justice Party Pakistan",1,"Rana Basharat Ali"
"Sayyeda_Nighat_Ishfaq","Awami Justice Party Pakistan",1,"Sayyeda Nighat Ishfaq"
"Abdul_Khaliq_Shamas","Awami Muslim League Pakistan",1,"Abdul Khaliq Shamas"
"Abdul_Qadir","Awami Muslim League Pakistan",1,"Abdul Qadir"
"Abdul_Razaque","Awami Muslim League Pakistan",1,"Abdul Razaque"
"Begum_Shahmeem_Arshad_Minhas","Awami Muslim League Pakistan",1,"Begum Shahmeem Arshad Minhas"
"Ch_Dilbar_Hussain_Ghaffari","Awami Muslim League Pakistan",1,"Ch Dilbar Hussain Ghaffari"
"Chaudhary_Muhammad_Iqbal_Gujjar","Awami Muslim League Pakistan",1,"Chaudhary Muhammad Iqbal Gujjar"
"Gulana_Bibi","Awami Muslim League Pakistan",1,"Gulana Bibi"
"Kanwar_Aamir_Sami","Awami Muslim League Pakistan",1,"Kanwar Aamir Sami"
"Mahboob_Aftab_Khan","Awami Muslim League Pakistan",1,"Mahboob Aftab Khan"
"Malik_Tariq_Mehmood","Awami Muslim League Pakistan",1,"Malik Tariq Mehmood"
"Muhammad_Nasrullah_Arain","Awami Muslim League Pakistan",1,"Muhammad Nasrullah Arain"
"Muhammad_Rashid","Awami Muslim League Pakistan",1,"Muhammad Rashid"
"Muhammad_Usama_Nawaz","Awami Muslim League Pakistan",1,"Muhammad Usama Nawaz"
"Nawab_Imran_Khan_Khilji","Awami Muslim League Pakistan",1,"Nawab Imran Khan Khilji"
"Sheikh_Rashid_Ahmed","Awami Muslim League Pakistan",1,"Sheikh Rashid Ahmed"
"Syed_Mustafsir_Hussain_Bukhari","Awami Muslim League Pakistan",1,"Syed Mustafsir Hussain Bukhari"
"Syed_Rehan_Ali","Awami Muslim League Pakistan",1,"Syed Rehan Ali"
"Zafar_Ahmed_Ghori","Awami Muslim League Pakistan",1,"Zafar Ahmed Ghori"
"Commander__r__Ayoub_Malik","Awami Workers Party",1,"Commander (r) Ayoub Malik"
"Fanoos_Gujar","Awami Workers Party",1,"Fanoos Gujar"
"Ghulam_Abbas","Awami Workers Party",1,"Ghulam Abbas"
"Ghulam_Qadir_Alias_Papu","Awami Workers Party",1,"Ghulam Qadir Alias Papu"
"Kamal_Shah","Awami Workers Party",1,"Kamal Shah"
"Khan_Zada","Awami Workers Party",1,"Khan Zada"
"Mian_Abdul_Qayum","Awami Workers Party",1,"Mian Abdul Qayum"
"Mian_Ashiq_Hussain_Kamyana_Advocate","Awami Workers Party",1,"Mian Ashiq Hussain Kamyana Advocate"
"Muhammad_Aslam_Miraj","Awami Workers Party",1,"Muhammad Aslam Miraj"
"Muhammad_Athar_Khan_Advocate","Awami Workers Party",1,"Muhammad Athar Khan Advocate"
"Bahri_Room","AWP",1,"Bahri Room"
"Usman_Ghani","AWP",1,"Usman Ghani"
"Gul_Muhammad_Bhatti","Azad Pakistan Party",1,"Gul Muhammad Bhatti"
"Gull_Muhammad_Bhatti__Retired_","Azad Pakistan Party",1,"Gull Muhammad Bhatti (Retired)"
"Sardar_Sher_Zaman_Khan_Qaisrani","Azad Pakistan Party",1,"Sardar Sher Zaman Khan Qaisrani"
"Makhdoom_Syed_Sami_Ul_Hassan_Gillani","Bahawalpur National Awami Party",1,"Makhdoom Syed Sami Ul Hassan Gillani"
"Muhammd_Farooq_Azam_Malik","Bahawalpur National Awami Party",1,"Muhammd Farooq Azam Malik"
"Bahi_Khan","BAP",1,"Bahi Khan"
"Jasim","BAP",1,"Jasim"
"Khalid_Hussain_Magsi","BAP",1,"Khalid Hussain Magsi"
"Manzoor_Ahmed","BAP",1,"Manzoor Ahmed"
"Mir_Shah_Jahan_Khan_Khetran","BAP",1,"Mir Shah Jahan Khan Khetran"
"Prince_Ahmed_Omar_Ahmedzai","BAP",1,"Prince Ahmed Omar Ahmedzai"
"Qadha_Babar","BAP",1,"Qadha Babar"
"Rubina_Irfan","BAP",1,"Rubina Irfan"
"Syed_Abdul_Karim","BAP",1,"Syed Abdul Karim"
"Abdul_Ghafoor","BNP",1,"Abdul Ghafoor"
"Agha_Hassan_Baloch_Advocate","BNP",1,"Agha Hassan Baloch Advocate"
"Gaman_Khan","BNP",1,"Gaman Khan"
"Ghulam_Hadiar","BNP",1,"Ghulam Hadiar"
"Haji_Noor_Muhammad_Shahwani","BNP",1,"Haji Noor Muhammad Shahwani"
"Haq_Nawaz_Buzdar","BNP",1,"Haq Nawaz Buzdar"
"Jahanzaib_Baloch","BNP",1,"Jahanzaib Baloch"
"Khuda_Bukhsh","BNP",1,"Khuda Bukhsh"
"Malik_Naveed_Dehwar","BNP",1,"Malik Naveed Dehwar"
"Maqbool_Ahmed_Lehri","BNP",1,"Maqbool Ahmed Lehri"
"Mir_Abdul_Ghafoor_Mengal","BNP",1,"Mir Abdul Ghafoor Mengal"
"Mir_Abdul_Rauf_Mengal","BNP",1,"Mir Abdul Rauf Mengal"
"Mohammad_Qasim_Roonjho","BNP",1,"Mohammad Qasim Roonjho"
"Muhamamd_Akhtar_Mengal","BNP",1,"Muhamamd Akhtar Mengal"
"Muhammad_Akhtar_Mengal","BNP",1,"Muhammad Akhtar Mengal"
"Muhammad_Akhter_Mengal","BNP",1,"Muhammad Akhter Mengal"
"Muhammad_Hashim","BNP",1,"Muhammad Hashim"
"Muhammad_Ramzan","BNP",1,"Muhammad Ramzan"
"Naib_Faqeer_Muhammad_Zahri","BNP",1,"Naib Faqeer Muhammad Zahri"
"Nawabzada_Aurangzeb_Jogezai","BNP",1,"Nawabzada Aurangzeb Jogezai"
"Sayed_Essa_Nori","BNP",1,"Sayed Essa Nori"
"Shair_Afgan","BNP",1,"Shair Afgan"
"Syed_Ahsan_Shah","BNP",1,"Syed Ahsan Shah"
"Wadera_Gulzar_Khan","BNP",1,"Wadera Gulzar Khan"
"Zahid_Hussain","BNP",1,"Zahid Hussain"
"Abdul_Jabbar","BNP-A",1,"Abdul Jabbar"
"Abdul_Rauf_Rind","BNP-A",1,"Abdul Rauf Rind"
"Ghulam_Farooq","BNP-A",1,"Ghulam Farooq"
"Gulam_Farooq","BNP-A",1,"Gulam Farooq"
"Habib_Ur_Rehman","BNP-A",1,"Habib Ur Rehman"
"Haji_Muhamad_Azeem","BNP-A",1,"Haji Muhamad Azeem"
"Mir_Ali_Akbar","BNP-A",1,"Mir Ali Akbar"
"Mir_Muhammad_Khan_Chandio","BNP-A",1,"Mir Muhammad Khan Chandio"
"Mir_Muhammad_Shoaib_Baloch","BNP-A",1,"Mir Muhammad Shoaib Baloch"
"Mir_Mujeeb_Rahman_Shahwani","BNP-A",1,"Mir Mujeeb Rahman Shahwani"
"Muhammad_Arif_Badini","BNP-A",1,"Muhammad Arif Badini"
"Muhammad_Hanif_Baloch","BNP-A",1,"Muhammad Hanif Baloch"
"Muhammad_Qayyum_Baluch","BNP-A",1,"Muhammad Qayyum Baluch"
"Noor_Ahmed_Adil","BNP-A",1,"Noor Ahmed Adil"
"Noor_Ahmed_Umrani","BNP-A",1,"Noor Ahmed Umrani"
"Saeed_Ahmed","BNP-A",1,"Saeed Ahmed"
"Sajid_Ali","BNP-A",1,"Sajid Ali"
"Sayed_Akber_Shah","BNP-A",1,"Sayed Akber Shah"
"Yaqoob_Bizenjo_","BNP-A",1,"Yaqoob Bizenjo."
"Abid_Wazir","BPP",1,"Abid Wazir"
"Mohsin_Khan","BPP",1,"Mohsin Khan"
"Muhammad_Ajmal_Siddique","BPP",1,"Muhammad Ajmal Siddique"
"Muhammad_Fahad","BPP",1,"Muhammad Fahad"
"Muhammad_Mazhar_Jaffar","BPP",1,"Muhammad Mazhar Jaffar"
"Nisar_Ahmad_Khattak","BPP",1,"Nisar Ahmad Khattak"
"Syed_Anis_Raza_Naqvi","BPP",1,"Syed Anis Raza Naqvi"
"Waqas_Ahmad","BPP",1,"Waqas Ahmad"
"Nadeem_k_Joseph","Christian Progressive Movement",1,"Nadeem k Joseph"
"Naila_Joseph_Dayal","Christian Progressive Movement",1,"Naila Joseph Dayal"
"Bashir_Hussain_Shah","Communist Party of Pakistan",1,"Bashir Hussain Shah"
"Chaudhary_Muhammad_Adnan_Mushtaq_Chanjotra","GAP",1,"Chaudhary Muhammad Adnan Mushtaq Chanjotra"
"Abdul_Razzaque","GDA",1,"Abdul Razzaque"
"Arbab_Ghulam_Rahim","GDA",1,"Arbab Ghulam Rahim"
"Aurangzaib_Khan","GDA",1,"Aurangzaib Khan"
"Deedar_Ali","GDA",1,"Deedar Ali"
"Dilawar_Gulzar","GDA",1,"Dilawar Gulzar"
"Ghullam_Murtaza_Khan_Jatoi","GDA",1,"Ghullam Murtaza Khan Jatoi"
"Karim_Ali_Jatoi","GDA",1,"Karim Ali Jatoi"
"Kausar_Fatima_Zaidi","GDA",1,"Kausar Fatima Zaidi"
"Liaquat_Ali_Jatoi","GDA",1,"Liaquat Ali Jatoi"
"m_Khan_Junejo","GDA",1,"m Khan Junejo"
"Mir_Ali_Nawaz_Talpur","GDA",1,"Mir Ali Nawaz Talpur"
"Mir_Hussain_Bakhash_Talpur","GDA",1,"Mir Hussain Bakhash Talpur"
"Muhammad_Faisal","GDA",1,"Muhammad Faisal"
"Muhammad_Hassam_Mirza","GDA",1,"Muhammad Hassam Mirza"
"Muhammad_Mushtaq_Ahmed","GDA",1,"Muhammad Mushtaq Ahmed"
"Muhammad_Rizwan","GDA",1,"Muhammad Rizwan"
"Pir_Sadar_Uddin_Shah","GDA",1,"Pir Sadar Uddin Shah"
"Rahila_Magsi","GDA",1,"Rahila Magsi"
"Safdar_Ali_Abbasi","GDA",1,"Safdar Ali Abbasi"
"Saira_Bano","GDA",1,"Saira Bano"
"Shaheen_Khan","GDA",1,"Shaheen Khan"
"Shaheena","GDA",1,"Shaheena"
"Shaista_Ameer","GDA",1,"Shaista Ameer"
"Shumaila","GDA",1,"Shumaila"
"Syed_Ghous_Ali_Shah","GDA",1,"Syed Ghous Ali Shah"
"Syed_Munir_Hyder_Shah","GDA",1,"Syed Munir Hyder Shah"
"Syed_Mushtaq_Hussain","GDA",1,"Syed Mushtaq Hussain"
"Syed_Zainulabdin","GDA",1,"Syed Zainulabdin"
"Umair_Naeem","GDA",1,"Umair Naeem"
"Muhammad_Faisal","GDP",1,"Muhammad Faisal"
"Asad_Javed_Khan","Hazara Awami Ittehad Pakistan",1,"Asad Javed Khan"
"Abdul_Khaliq_Hazara","Hazara Democratic Party",1,"Abdul Khaliq Hazara"
"Barkat_Ali_Thamki","Hazara Democratic Party",1,"Barkat Ali Thamki"
"Muhammad_Raza","Hazara Democratic Party",1,"Muhammad Raza"
"Aziz_Ullah","HDP",1,"Aziz Ullah"
"Mirza_Hussain","HDP",1,"Mirza Hussain"
"Hussain_Baloch","HDTB",1,"Hussain Baloch"
"Hidayat_Ur_Rehman_Baloch","HDTP",1,"Hidayat Ur Rehman Baloch"
"Imtiaz_Alam","HKP",1,"Imtiaz Alam"
"Muhammad_Muzammil","HKP",1,"Muhammad Muzammil"
"Amir_Shehzad","HQM",1,"Amir Shehzad"
"Muhammad_Saddiq","HQM",1,"Muhammad Saddiq"
"Muhammad_Zia_Khan","HQM",1,"Muhammad Zia Khan"
"Muhammad_Zahid","IJI",1,"Muhammad Zahid"
"Abdul_Aleem_Khan","IPP",1,"Abdul Aleem Khan"
"Aiman_Javed","IPP",1,"Aiman Javed"
"Bukhtiyar_Ali","IPP",1,"Bukhtiyar Ali"
"Firdous_Ashiq_Awan","IPP",1,"Firdous Ashiq Awan"
"Ghulam_Sarwar","IPP",1,"Ghulam Sarwar"
"Gul_Asghar_Khan","IPP",1,"Gul Asghar Khan"
"Hamayun_Akhtar_Khan","IPP",1,"Hamayun Akhtar Khan"
"Jahangir_Khan_Tareen","IPP",1,"Jahangir Khan Tareen"
"Jairam_Das","IPP",1,"Jairam Das"
"Jalil_Ahmad_Khan","IPP",1,"Jalil Ahmad Khan"
"Mahmood_Baqi_Molvi","IPP",1,"Mahmood Baqi Molvi"
"Malik_Muhammad_Ahmad_Langrial","IPP",1,"Malik Muhammad Ahmad Langrial"
"Mir_Faiz_Ahmad","IPP",1,"Mir Faiz Ahmad"
"Muhammad_Anwar_Azeem_Khan","IPP",1,"Muhammad Anwar Azeem Khan"
"Muhammad_Aon_Saqlain","IPP",1,"Muhammad Aon Saqlain"
"Muhammad_Ayaz_Khan_Niazi","IPP",1,"Muhammad Ayaz Khan Niazi"
"Muhammad_Azhar","IPP",1,"Muhammad Azhar"
"Muhammad_Hashim_Dogar","IPP",1,"Muhammad Hashim Dogar"
"Muhammad_Qasim","IPP",1,"Muhammad Qasim"
"Nargis_Jabeen","IPP",1,"Nargis Jabeen"
"Noureen_Iqbal","IPP",1,"Noureen Iqbal"
"Rana_Nazeer_Ahmad_Khan","IPP",1,"Rana Nazeer Ahmad Khan"
"Rasheed_Ahmed","IPP",1,"Rasheed Ahmed"
"Sharjeel_Mir","IPP",1,"Sharjeel Mir"
"Syed_Ali_Hussain","IPP",1,"Syed Ali Hussain"
"Tariq_Mehmood_Qadri","IPP",1,"Tariq Mehmood Qadri"
"Zunaira_Rehman","IPP",1,"Zunaira Rehman"
"Mr_zulfiquar_Ali_Khoso__Retired_","Islami Inqalab Party",1,"Mr.zulfiquar Ali Khoso (Retired)"
"Muhammad_Lateef_Lajpal_Sial","Islami Inqalab Party",1,"Muhammad Lateef Lajpal Sial"
"Muhammad_Latif","Islami Inqalab Party",1,"Muhammad Latif"
"Munir_Ahmad_Zafar","Islami Inqalab Party",1,"Munir Ahmad Zafar"
"Agha_Syed_Sibtian_Haider_Sabzwari","Islami Tehreek Pakistan",1,"Agha Syed Sibtian Haider Sabzwari"
"Ali_Gohar_Shah__Retired_","Islami Tehreek Pakistan",1,"Ali Gohar Shah (Retired)"
"Kazim_Ali_Shah","Islami Tehreek Pakistan",1,"Kazim Ali Shah"
"Manzoor_Ali","Islami Tehreek Pakistan",1,"Manzoor Ali"
"Rana_Intizar_Hussain","Islami Tehreek Pakistan",1,"Rana Intizar Hussain"
"Riaz_Hussain_Al_Hussaini__Retired_","Islami Tehreek Pakistan",1,"Riaz Hussain Al Hussaini (Retired)"
"Syed_Azizullah_Shah","Islami Tehreek Pakistan",1,"Syed Azizullah Shah"
"Syed_Gazanfar_Abbas","Islami Tehreek Pakistan",1,"Syed Gazanfar Abbas"
"Syed_Mujahid_Abbas_Shah","Islami Tehreek Pakistan",1,"Syed Mujahid Abbas Shah"
"Raja_Zafar_Iqbal","Islamic Republican Party",1,"Raja Zafar Iqbal"
"Muhammad_Ashraf_Khan_Niazi","Istehkaam-e-Pakistan Movement",1,"Muhammad Ashraf Khan Niazi"
"Rana_Muhammad_Ashraf_Advocate","Istehkaam-e-Pakistan Movement",1,"Rana Muhammad Ashraf Advocate"
"Muhammad_Hanif_Ullah","Istiqlal Party",1,"Muhammad Hanif Ullah"
"Syed_Manzoor_Gillani","Istiqlal Party",1,"Syed Manzoor Gillani"
"Hafiz_Hasham_Elahi_Zaheer","Jamait Ahle-Hadith Pakistan (Elahi Zaheer)",1,"Hafiz Hasham Elahi Zaheer"
"Ibtesam_Elahi_Zaheer","Jamait Ahle-Hadith Pakistan (Elahi Zaheer)",1,"Ibtesam Elahi Zaheer"
"Ibtisam_Elahi_Zaheer","Jamait Ahle-Hadith Pakistan (Elahi Zaheer)",1,"Ibtisam Elahi Zaheer"
"Mutasim_Elahi_Zaheer","Jamait Ahle-Hadith Pakistan (Elahi Zaheer)",1,"Mutasim Elahi Zaheer"
"Ghulam_Rasool","Jamhoori Wattan Party",1,"Ghulam Rasool"
"Gul_Muhammad","Jamhoori Wattan Party",1,"Gul Muhammad"
"Muhammad_Farooq_Rajput","Jamhoori Wattan Party",1,"Muhammad Farooq Rajput"
"Nawabzada_Shazain_Bugti","Jamhoori Wattan Party",1,"Nawabzada Shazain Bugti"
"Nawabzada_Talal_Akbar_Bughti","Jamhoori Wattan Party",1,"Nawabzada Talal Akbar Bughti"
"Nawabzada_Talal_Akbar_Bugti","Jamhoori Wattan Party",1,"Nawabzada Talal Akbar Bugti"
"Rana_Umar_Nazir_Ahmad_Khan","Jamhoori Wattan Party",1,"Rana Umar Nazir Ahmad Khan"
"Sardar_Zia_Ul_Haq","Jamhoori Wattan Party",1,"Sardar Zia Ul Haq"
"Shah_Wali","Jamhoori Wattan Party",1,"Shah Wali"
"Syed_Faisal_Imam","Jamhoori Wattan Party",1,"Syed Faisal Imam"
"Talal_Akbar_Bugti","Jamhoori Wattan Party",1,"Talal Akbar Bugti"
"Bakht_Zar","Jamiat Ulama-e-Islam (S)",1,"Bakht Zar"
"Muhammad_Asad_Thaniwi_","Jamiat Ulama-e-Islam (S)",1,"Muhammad Asad Thaniwi."
"Muhammad_Tahir_Makhdoom","Jamiat Ulama-e-Islam (S)",1,"Muhammad Tahir Makhdoom"
"Rana_Zia_Ahmed_Farooqi_Advocate","Jamiat Ulama-e-Islam (S)",1,"Rana Zia Ahmed Farooqi Advocate"
"Zaheer_Ud_Din_Bader","Jamiat Ulama-e-Islam (S)",1,"Zaheer Ud Din Bader"
"Dad_Muhammad","Jamiat Ulama-e-Islam Nazryati Pakistan",1,"Dad Muhammad"
"Ghulam_Hyder_Jakhro","Jamiat Ulama-e-Islam Nazryati Pakistan",1,"Ghulam Hyder Jakhro"
"Hafiz_Fazal_Muhammad_Barech","Jamiat Ulama-e-Islam Nazryati Pakistan",1,"Hafiz Fazal Muhammad Barech"
"Haji_Molvi_Muhammad_Hanif","Jamiat Ulama-e-Islam Nazryati Pakistan",1,"Haji Molvi Muhammad Hanif"
"Malik_Abdul_Qayum_Kakar","Jamiat Ulama-e-Islam Nazryati Pakistan",1,"Malik Abdul Qayum Kakar"
"Mohammad_Nawaz_Katoher","Jamiat Ulama-e-Islam Nazryati Pakistan",1,"Mohammad Nawaz Katoher"
"Molana_Abdul_Qadir_Luni","Jamiat Ulama-e-Islam Nazryati Pakistan",1,"Molana Abdul Qadir Luni"
"Mollana_Mehmood_Ul_Hassan_Qasmi","Jamiat Ulama-e-Islam Nazryati Pakistan",1,"Mollana Mehmood Ul Hassan Qasmi"
"Moulana_Asmatullah","Jamiat Ulama-e-Islam Nazryati Pakistan",1,"Moulana Asmatullah"
"Muhammad_Nazeer","Jamiat Ulama-e-Islam Nazryati Pakistan",1,"Muhammad Nazeer"
"Qari_Nazir_Ahmed","Jamiat Ulama-e-Islam Nazryati Pakistan",1,"Qari Nazir Ahmed"
"Sardarzada_Mir_Saeed_Ahmed_Langove","Jamiat Ulama-e-Islam Nazryati Pakistan",1,"Sardarzada Mir Saeed Ahmed Langove"
"Ubaid_Ur_Rehman","Jamiat Ulama-e-Islam Nazryati Pakistan",1,"Ubaid Ur Rehman"
"Syed_Nadeem_Anjum","Jamiat Ulma-e-Pakistan (Niazi)",1,"Syed Nadeem Anjum"
"Abdul_Jabbar_Khan","Jamiat Ulma-e-Pakistan (Noorani)",1,"Abdul Jabbar Khan"
"Abdul_Majeed","Jamiat Ulma-e-Pakistan (Noorani)",1,"Abdul Majeed"
"Abu_Khair_Muhammad_Zubair","Jamiat Ulma-e-Pakistan (Noorani)",1,"Abu Khair Muhammad Zubair"
"Abul_Khair_Mohammad_Zubair","Jamiat Ulma-e-Pakistan (Noorani)",1,"Abul Khair Mohammad Zubair"
"Akhtar_Hussain_Gil","Jamiat Ulma-e-Pakistan (Noorani)",1,"Akhtar Hussain Gil"
"Allama_Muhammad_Yaqoob","Jamiat Ulma-e-Pakistan (Noorani)",1,"Allama Muhammad Yaqoob"
"Badshah_Muain","Jamiat Ulma-e-Pakistan (Noorani)",1,"Badshah Muain"
"Chaudhary_Tariq_Maqsood_Sahi","Jamiat Ulma-e-Pakistan (Noorani)",1,"Chaudhary Tariq Maqsood Sahi"
"Doctor_Muhammad_Aslam_Javaid_Awan","Jamiat Ulma-e-Pakistan (Noorani)",1,"Doctor Muhammad Aslam Javaid Awan"
"Ghulam_Hussain_Farooqi","Jamiat Ulma-e-Pakistan (Noorani)",1,"Ghulam Hussain Farooqi"
"Hafiz_Ahmed_Ali_Abbasi","Jamiat Ulma-e-Pakistan (Noorani)",1,"Hafiz Ahmed Ali Abbasi"
"Hafiz_Munawar_Hussain","Jamiat Ulma-e-Pakistan (Noorani)",1,"Hafiz Munawar Hussain"
"Hafiz_Saeed_Ahmed","Jamiat Ulma-e-Pakistan (Noorani)",1,"Hafiz Saeed Ahmed"
"Jan_Muhammad_Jat","Jamiat Ulma-e-Pakistan (Noorani)",1,"Jan Muhammad Jat"
"Khalid_Mahmood_Akhtar_Jajja","Jamiat Ulma-e-Pakistan (Noorani)",1,"Khalid Mahmood Akhtar Jajja"
"Malik_Bashir_Ahmad_Nizami","Jamiat Ulma-e-Pakistan (Noorani)",1,"Malik Bashir Ahmad Nizami"
"Mehmood_Ahmad","Jamiat Ulma-e-Pakistan (Noorani)",1,"Mehmood Ahmad"
"Mir_Maqbool_Ahmed_Khosa","Jamiat Ulma-e-Pakistan (Noorani)",1,"Mir Maqbool Ahmed Khosa"
"Mirza_Mukhtar_Ali_Khan","Jamiat Ulma-e-Pakistan (Noorani)",1,"Mirza Mukhtar Ali Khan"
"Mohammad_Jaffar","Jamiat Ulma-e-Pakistan (Noorani)",1,"Mohammad Jaffar"
"Molana_Miraj_Ud_Din_Sirkani","Jamiat Ulma-e-Pakistan (Noorani)",1,"Molana Miraj Ud Din Sirkani"
"Molvi_Muhammad_Qasim","Jamiat Ulma-e-Pakistan (Noorani)",1,"Molvi Muhammad Qasim"
"Mufti_Abdul_Shakoor_Rizvi","Jamiat Ulma-e-Pakistan (Noorani)",1,"Mufti Abdul Shakoor Rizvi"
"Muhammad_Amjad","Jamiat Ulma-e-Pakistan (Noorani)",1,"Muhammad Amjad"
"Muhammad_Awais_Siddiqi","Jamiat Ulma-e-Pakistan (Noorani)",1,"Muhammad Awais Siddiqi"
"Muhammad_Azhar","Jamiat Ulma-e-Pakistan (Noorani)",1,"Muhammad Azhar"
"Muhammad_Fayaz","Jamiat Ulma-e-Pakistan (Noorani)",1,"Muhammad Fayaz"
"Muhammad_Owais_Siddiqui","Jamiat Ulma-e-Pakistan (Noorani)",1,"Muhammad Owais Siddiqui"
"Muhammad_Sajjad_Ali_Hamdi","Jamiat Ulma-e-Pakistan (Noorani)",1,"Muhammad Sajjad Ali Hamdi"
"Muhammad_Siddiq_Rathore","Jamiat Ulma-e-Pakistan (Noorani)",1,"Muhammad Siddiq Rathore"
"Muhammad_Tassaduq_Hussain","Jamiat Ulma-e-Pakistan (Noorani)",1,"Muhammad Tassaduq Hussain"
"Muhammad_Younus","Jamiat Ulma-e-Pakistan (Noorani)",1,"Muhammad Younus"
"Niaz_Muhammad_Chandio","Jamiat Ulma-e-Pakistan (Noorani)",1,"Niaz Muhammad Chandio"
"Pir_Muhammad_Saeed_Ahmad_Nuqshbandi","Jamiat Ulma-e-Pakistan (Noorani)",1,"Pir Muhammad Saeed Ahmad Nuqshbandi"
"Pir_Syed","Jamiat Ulma-e-Pakistan (Noorani)",1,"Pir Syed"
"Qari_Hafiz_Muhammad_Zawar_Bahadar","Jamiat Ulma-e-Pakistan (Noorani)",1,"Qari Hafiz Muhammad Zawar Bahadar"
"Qazi_Shehzada_Sultan_Ul_Haq","Jamiat Ulma-e-Pakistan (Noorani)",1,"Qazi Shehzada Sultan Ul Haq"
"Rajab_Ali","Jamiat Ulma-e-Pakistan (Noorani)",1,"Rajab Ali"
"Rao_Azmat_Ullah_Khan","Jamiat Ulma-e-Pakistan (Noorani)",1,"Rao Azmat Ullah Khan"
"Rashid_Imran_Khan","Jamiat Ulma-e-Pakistan (Noorani)",1,"Rashid Imran Khan"
"Saeed_Ur_Rehman","Jamiat Ulma-e-Pakistan (Noorani)",1,"Saeed Ur Rehman"
"Seikh_Muhammad_Akram","Jamiat Ulma-e-Pakistan (Noorani)",1,"Seikh Muhammad Akram"
"Shad_Mohammad_Khan","Jamiat Ulma-e-Pakistan (Noorani)",1,"Shad Mohammad Khan"
"Shah_Muhammad_Owais_Noorani","Jamiat Ulma-e-Pakistan (Noorani)",1,"Shah Muhammad Owais Noorani"
"Syed_Asghar_Ali_Shah","Jamiat Ulma-e-Pakistan (Noorani)",1,"Syed Asghar Ali Shah"
"Tauqeer_Ahmed_Bajwa","Jamiat Ulma-e-Pakistan (Noorani)",1,"Tauqeer Ahmed Bajwa"
"Wahid_Ali_Naqshband","Jamiat Ulma-e-Pakistan (Noorani)",1,"Wahid Ali Naqshband"
"Mir_Abdul_Majid_Abro","Jamote Qaumi Movement",1,"Mir Abdul Majid Abro"
"Mir_Abdul_Majid_Abroo","Jamote Qaumi Movement",1,"Mir Abdul Majid Abroo"
"Abdul_Hameed","Jannat Pakistan Party",1,"Abdul Hameed"
"Abdul_Nazeer","Jannat Pakistan Party",1,"Abdul Nazeer"
"Aurang_Sher","Jannat Pakistan Party",1,"Aurang Sher"
"Bakhtiar_Ahmed_Maitlo","Jannat Pakistan Party",1,"Bakhtiar Ahmed Maitlo"
"Dr_Babur_Zaheer_Uddin","Jannat Pakistan Party",1,"Dr Babur Zaheer Uddin"
"Muhammad_Farooq_Ali","Jannat Pakistan Party",1,"Muhammad Farooq Ali"
"Muhammad_Sarwar_Bin_Pakistan","Jannat Pakistan Party",1,"Muhammad Sarwar Bin Pakistan"
"Muhammad_Yousuf_Nawaz","Jannat Pakistan Party",1,"Muhammad Yousuf Nawaz"
"Sarfraz_Ahmed_Chandio","Jannat Pakistan Party",1,"Sarfraz Ahmed Chandio"
"Abdul_Akbar_Chitrali","JI",1,"Abdul Akbar Chitrali"
"Abdul_Hameed_Khan","JI",1,"Abdul Hameed Khan"
"Abdul_Jabbar_Khan","JI",1,"Abdul Jabbar Khan"
"Abdul_Jameel_Khan","JI",1,"Abdul Jameel Khan"
"Abdul_Majeed_Pathan_Advocate","JI",1,"Abdul Majeed Pathan Advocate"
"Abdul_Mateen_Akhondzada","JI",1,"Abdul Mateen Akhondzada"
"Abdul_Mohsin","JI",1,"Abdul Mohsin"
"Abdul_Mustaan","JI",1,"Abdul Mustaan"
"Abdul_Qayyum","JI",1,"Abdul Qayyum"
"Abdul_Rauf","JI",1,"Abdul Rauf"
"Akhtar_Ali_Khan","JI",1,"Akhtar Ali Khan"
"Akhtar_Mohammad","JI",1,"Akhtar Mohammad"
"Akhtar_Muhammad","JI",1,"Akhtar Muhammad"
"Anwar_Ul_Haq_Butt","JI",1,"Anwar Ul Haq Butt"
"Arshad_Mahmood_Baggu","JI",1,"Arshad Mahmood Baggu"
"Asadullah_Bhutto","JI",1,"Asadullah Bhutto"
"Atta_Muhammad_Jafri","JI",1,"Atta Muhammad Jafri"
"Atta_Ur_Rahman","JI",1,"Atta Ur Rahman"
"Aziz_Ur_Rehman","JI",1,"Aziz Ur Rehman"
"Bakhtiar_Maani","JI",1,"Bakhtiar Maani"
"Basheer_Ahmed_Mandai","JI",1,"Basheer Ahmed Mandai"
"Bilal_Qudrat_Butt","JI",1,"Bilal Qudrat Butt"
"Ch__Ansar_Mahmood","JI",1,"Ch. Ansar Mahmood"
"Ch_Manzoor_Hussain","JI",1,"Ch Manzoor Hussain"
"Ch_Zahid_Imran_Korotana","JI",1,"Ch Zahid Imran Korotana"
"Chaudhary_Bashir_Ahmed","JI",1,"Chaudhary Bashir Ahmed"
"Chaudhery_Asghar_Ali_Gujjar","JI",1,"Chaudhery Asghar Ali Gujjar"
"Chaudhry_Ihsan_Ali","JI",1,"Chaudhry Ihsan Ali"
"Chaudhry_Sajid_Ali_Chadhar","JI",1,"Chaudhry Sajid Ali Chadhar"
"Choudhry_Abdul_Rehman_Ranga","JI",1,"Choudhry Abdul Rehman Ranga"
"Choudhry_Muhammad_Anwar","JI",1,"Choudhry Muhammad Anwar"
"Doctor_Muhammad_Anwar_Shah","JI",1,"Doctor Muhammad Anwar Shah"
"Dr__Abdul_Rehman_Ranjha","JI",1,"Dr. Abdul Rehman Ranjha"
"Dr_Mairaj_Ul_Huda_Siddiqui","JI",1,"Dr Mairaj Ul Huda Siddiqui"
"Dr_Muhammad_Abdullah","JI",1,"Dr Muhammad Abdullah"
"Dr_Muhammad_Arshad_Shahid","JI",1,"Dr Muhammad Arshad Shahid"
"Dr_muhammad_Ashraf","JI",1,"Dr.muhammad Ashraf"
"Dr_Muhammad_Ubaid_Ullah_Gohar","JI",1,"Dr Muhammad Ubaid Ullah Gohar"
"Engineer_Muhammad_Azeem_Randhawa","JI",1,"Engineer Muhammad Azeem Randhawa"
"Farid_Ahmed_Piracha","JI",1,"Farid Ahmed Piracha"
"Farooq_Ahmad_Chatha","JI",1,"Farooq Ahmad Chatha"
"Fazale_Subhan","JI",1,"Fazale Subhan"
"Ghulam_Mustafa","JI",1,"Ghulam Mustafa"
"Ghulam_Nabi","JI",1,"Ghulam Nabi"
"Gul_Nawaz_Khan","JI",1,"Gul Nawaz Khan"
"Gulab_Baloch","JI",1,"Gulab Baloch"
"Habib_Ullah_Cheema","JI",1,"Habib Ullah Cheema"
"Habib_Ur_Rehman_Abbasi","JI",1,"Habib Ur Rehman Abbasi"
"Hafiz_Khalid_Rauf","JI",1,"Hafiz Khalid Rauf"
"Hafiz_Muhammad_Tahir_Aslam","JI",1,"Hafiz Muhammad Tahir Aslam"
"Hafiz_Nasrullah","JI",1,"Hafiz Nasrullah"
"Hafiz_Salman_Butt","JI",1,"Hafiz Salman Butt"
"Hafiz_Zubair_Ahmad","JI",1,"Hafiz Zubair Ahmad"
"Haji_Abdul_Aziz","JI",1,"Haji Abdul Aziz"
"Haji_Muhammad_Irshad_Mund","JI",1,"Haji Muhammad Irshad Mund"
"Haji_Muhammad_Khalid","JI",1,"Haji Muhammad Khalid"
"Haji_Muhammad_Ramzan","JI",1,"Haji Muhammad Ramzan"
"Hameed_u_Deen_Awan","JI",1,"Hameed u Deen Awan"
"Haroon_Ur_Rasheed_Nizami_Advocate","JI",1,"Haroon Ur Rasheed Nizami Advocate"
"Hikmat_Khan","JI",1,"Hikmat Khan"
"Hizbullah_Jhakro","JI",1,"Hizbullah Jhakro"
"Israr_Ahmed_Sheikh","JI",1,"Israr Ahmed Sheikh"
"Israr_Ullah","JI",1,"Israr Ullah"
"Jaffer_Ali_Nizamani","JI",1,"Jaffer Ali Nizamani"
"Khalid_Mahmood_Virk","JI",1,"Khalid Mahmood Virk"
"Khalid_Mehmood_Mirza","JI",1,"Khalid Mehmood Mirza"
"Khawaja_Muhammad_Waqar_Khan","JI",1,"Khawaja Muhammad Waqar Khan"
"Khuda_Dino","JI",1,"Khuda Dino"
"Liaqat_Ali","JI",1,"Liaqat Ali"
"Liaqat_Baloch","JI",1,"Liaqat Baloch"
"Maehrullah_Khan","JI",1,"Maehrullah Khan"
"Mahmood_Ul_Hassan","JI",1,"Mahmood Ul Hassan"
"Major_r_Muhammad_Ghulam_Sarwar","JI",1,"Major r Muhammad Ghulam Sarwar"
"Major_Retired_Haq_Daad_Ali_Khan","JI",1,"Major Retired Haq Daad Ali Khan"
"Maulana_Abdul_Malik","JI",1,"Maulana Abdul Malik"
"Mehrab_Ali","JI",1,"Mehrab Ali"
"Mian_Asad_Ullah","JI",1,"Mian Asad Ullah"
"Mian_Muhammad_Ibhrahim","JI",1,"Mian Muhammad Ibhrahim"
"Mian_Muhammad_Younis","JI",1,"Mian Muhammad Younis"
"Mian_Mukhtar_Ahmad","JI",1,"Mian Mukhtar Ahmad"
"Mian_Saleem_Akbar","JI",1,"Mian Saleem Akbar"
"Mohammad_Awais_Ghumman","JI",1,"Mohammad Awais Ghumman"
"Mohammad_Laeeque_Khan","JI",1,"Mohammad Laeeque Khan"
"Mohammad_Tariq_Javed_Dar","JI",1,"Mohammad Tariq Javed Dar"
"Mr_Niamatullah_Khan","JI",1,"Mr Niamatullah Khan"
"Muhammad_Arshad_Khan","JI",1,"Muhammad Arshad Khan"
"Muhammad_Aslam","JI",1,"Muhammad Aslam"
"Muhammad_Farooq_Sheikh","JI",1,"Muhammad Farooq Sheikh"
"Muhammad_Hanif_Chaudhary","JI",1,"Muhammad Hanif Chaudhary"
"Muhammad_Haq_Nawaz_Khan_Durani","JI",1,"Muhammad Haq Nawaz Khan Durani"
"Muhammad_Husain_Mehenti","JI",1,"Muhammad Husain Mehenti"
"Muhammad_Ibraheem","JI",1,"Muhammad Ibraheem"
"Muhammad_Iqbal_Khalil","JI",1,"Muhammad Iqbal Khalil"
"Muhammad_Irshad_Anwar","JI",1,"Muhammad Irshad Anwar"
"Muhammad_Jameel","JI",1,"Muhammad Jameel"
"Muhammad_Javed","JI",1,"Muhammad Javed"
"Muhammad_Mashal_Khan","JI",1,"Muhammad Mashal Khan"
"Muhammad_Rafiq","JI",1,"Muhammad Rafiq"
"Muhammad_Rafique_Nizami_Advocate","JI",1,"Muhammad Rafique Nizami Advocate"
"Muhammad_Rasool","JI",1,"Muhammad Rasool"
"Muhammad_Riaz_Farooq_Sahi","JI",1,"Muhammad Riaz Farooq Sahi"
"Muhammad_Sadiq_Malik","JI",1,"Muhammad Sadiq Malik"
"Muhammad_Saeed_Khan","JI",1,"Muhammad Saeed Khan"
"Muhammad_Tahir","JI",1,"Muhammad Tahir"
"Muhammad_Tasleem_Iqbal","JI",1,"Muhammad Tasleem Iqbal"
"Muhammad_Younis_Khattak","JI",1,"Muhammad Younis Khattak"
"Muhammad_Yousuf","JI",1,"Muhammad Yousuf"
"Mumtaz_Hussain_Sahto","JI",1,"Mumtaz Hussain Sahto"
"Naseer_Ahmad","JI",1,"Naseer Ahmad"
"Naveed_Zafar_Shah","JI",1,"Naveed Zafar Shah"
"Nazir_Ahmed","JI",1,"Nazir Ahmed"
"Nisar_Ahmad","JI",1,"Nisar Ahmad"
"Professor_Muhammad_Ibrahim_Khan","JI",1,"Professor Muhammad Ibrahim Khan"
"Qari_Muhammad_Asif_Gujjar","JI",1,"Qari Muhammad Asif Gujjar"
"Rai_Muhammad_Akram_Khan","JI",1,"Rai Muhammad Akram Khan"
"Raj_Muhammad","JI",1,"Raj Muhammad"
"Raja_Muhammad_Jawwad","JI",1,"Raja Muhammad Jawwad"
"Raja_Muhammad_Nawaz_Kayani","JI",1,"Raja Muhammad Nawaz Kayani"
"Rana_Javed_Iqbal","JI",1,"Rana Javed Iqbal"
"Rana_Muhammad_Adnan_Khan","JI",1,"Rana Muhammad Adnan Khan"
"Rana_Zahid_Farooq","JI",1,"Rana Zahid Farooq"
"Rashid_Nasim","JI",1,"Rashid Nasim"
"Raza_Ahmed_Shah","JI",1,"Raza Ahmed Shah"
"Riaz_Ahmad_Bhulla_Advocate","JI",1,"Riaz Ahmad Bhulla Advocate"
"Riaz_Ali_Kazmi","JI",1,"Riaz Ali Kazmi"
"Rizwan_Ahmed","JI",1,"Rizwan Ahmed"
"Sabir_Hussain_Awan","JI",1,"Sabir Hussain Awan"
"Sahib_Zada_Haroon_Ur_Raheed","JI",1,"Sahib Zada Haroon Ur Raheed"
"Sahibzada_Tariq_Ullah","JI",1,"Sahibzada Tariq Ullah"
"Sami_Ullah_Jan","JI",1,"Sami Ullah Jan"
"Sardar_Khan","JI",1,"Sardar Khan"
"Sardar_Riaz_Ahmad_Khan","JI",1,"Sardar Riaz Ahmad Khan"
"Sardar_Zafar_Hussain_Khan","JI",1,"Sardar Zafar Hussain Khan"
"Sarfraz_Ahmad_Khan","JI",1,"Sarfraz Ahmad Khan"
"Shah_Faisal_Afridi","JI",1,"Shah Faisal Afridi"
"Shahib_Zada_Muhammad_Yaqub","JI",1,"Shahib Zada Muhammad Yaqub"
"Sheikh_Muhammad_Mushtaq","JI",1,"Sheikh Muhammad Mushtaq"
"Sher_Akbar_Khan","JI",1,"Sher Akbar Khan"
"Shoukat_Ali_Shaikh","JI",1,"Shoukat Ali Shaikh"
"Solat_Majeed_Satti_Advocate","JI",1,"Solat Majeed Satti Advocate"
"Sultan_Muhammad","JI",1,"Sultan Muhammad"
"Syed_Attaullah_Shah","JI",1,"Syed Attaullah Shah"
"Syed_Javed_Hussain_Shah","JI",1,"Syed Javed Hussain Shah"
"Syed_Mehr_Hassan_Gillani","JI",1,"Syed Mehr Hassan Gillani"
"Syed_Mohammad_Faheem","JI",1,"Syed Mohammad Faheem"
"Syed_Muhammad_Bilal","JI",1,"Syed Muhammad Bilal"
"Tahir_Siraj","JI",1,"Tahir Siraj"
"Taj_Muhammad_Khan","JI",1,"Taj Muhammad Khan"
"Tariq_Javeed_Janjua","JI",1,"Tariq Javeed Janjua"
"Tashkeel_Ahmed_Siddiqui","JI",1,"Tashkeel Ahmed Siddiqui"
"Taufeequddin_Siddiqui","JI",1,"Taufeequddin Siddiqui"
"Uzair_Latif","JI",1,"Uzair Latif"
"Waheed_Akhtar","JI",1,"Waheed Akhtar"
"Waleed_Nasir_Choudhary","JI",1,"Waleed Nasir Choudhary"
"Yahya_Bakhtiar","JI",1,"Yahya Bakhtiar"
"Zafar_Jamal_Khan_Advocate","JI",1,"Zafar Jamal Khan Advocate"
"Zahid_Mohibullah_Khan_Advocate","JI",1,"Zahid Mohibullah Khan Advocate"
"Zahid_Saeed","JI",1,"Zahid Saeed"
"Zahoor_Ahmad_Watto","JI",1,"Zahoor Ahmad Watto"
"Zar_Noor_Afridi","JI",1,"Zar Noor Afridi"
"Zubair_Ahmad_Gondal","JI",1,"Zubair Ahmad Gondal"
"Zubair_Farooq_Khan","JI",1,"Zubair Farooq Khan"
"Abd_Ur_Rasheed","JI-P",1,"Abd Ur Rasheed"
"Abdul_Bari","JI-P",1,"Abdul Bari"
"Abdul_Fatah_Pathan","JI-P",1,"Abdul Fatah Pathan"
"Abdul_Hameed","JI-P",1,"Abdul Hameed"
"Abdul_Hameed_Alias_Arfan","JI-P",1,"Abdul Hameed Alias Arfan"
"Abdul_Jabbar_Khan","JI-P",1,"Abdul Jabbar Khan"
"Abdul_Jamil_Khan","JI-P",1,"Abdul Jamil Khan"
"Abdul_Kabeer","JI-P",1,"Abdul Kabeer"
"Abdul_Mohsin","JI-P",1,"Abdul Mohsin"
"Abdul_Razzaq_Khalil","JI-P",1,"Abdul Razzaq Khalil"
"Abdul_Rehman","JI-P",1,"Abdul Rehman"
"Abdul_Waheed_Akhtar","JI-P",1,"Abdul Waheed Akhtar"
"Afifa_Athar","JI-P",1,"Afifa Athar"
"Afrasiab_Khattak","JI-P",1,"Afrasiab Khattak"
"Ahktar_Hussain","JI-P",1,"Ahktar Hussain"
"Ahmad_Jamil_Rashid","JI-P",1,"Ahmad Jamil Rashid"
"Aijaz_Ali","JI-P",1,"Aijaz Ali"
"Akbar_Ali_Khan","JI-P",1,"Akbar Ali Khan"
"Akhtar_Ali_Khan","JI-P",1,"Akhtar Ali Khan"
"Akhtar_Hussain_Qureshi","JI-P",1,"Akhtar Hussain Qureshi"
"Akhtar_Muhammad","JI-P",1,"Akhtar Muhammad"
"Altaf_Ahmad_Khan","JI-P",1,"Altaf Ahmad Khan"
"Ameer_Ul_Azeem","JI-P",1,"Ameer Ul Azeem"
"Amir_Mahmood_Cheema","JI-P",1,"Amir Mahmood Cheema"
"Amir_Siddiqui","JI-P",1,"Amir Siddiqui"
"Amjad_Ali_Khan","JI-P",1,"Amjad Ali Khan"
"Anam_Hamza","JI-P",1,"Anam Hamza"
"Anwar_Ul_Haq","JI-P",1,"Anwar Ul Haq"
"Asad_Ullah","JI-P",1,"Asad Ullah"
"Asim_Muneer","JI-P",1,"Asim Muneer"
"Aslam_Khan","JI-P",1,"Aslam Khan"
"Atif_Imran","JI-P",1,"Atif Imran"
"Atta_Ullah_Hameed","JI-P",1,"Atta Ullah Hameed"
"Atta_Ur_Rehman","JI-P",1,"Atta Ur Rehman"
"Azhar_Ul_Haq","JI-P",1,"Azhar Ul Haq"
"Babar_Rashid","JI-P",1,"Babar Rashid"
"Bakht_Jehan_Khan","JI-P",1,"Bakht Jehan Khan"
"Bilal_Qudrat_Butt","JI-P",1,"Bilal Qudrat Butt"
"Ch__Abid_Hussain","JI-P",1,"Ch. Abid Hussain"
"Chaudhary_Abdul_Sattar","JI-P",1,"Chaudhary Abdul Sattar"
"Chaudhary_Asadullah","JI-P",1,"Chaudhary Asadullah"
"Chaudhry_Irfan_Aslam","JI-P",1,"Chaudhry Irfan Aslam"
"Chaudry_Muhammad_Shoukat","JI-P",1,"Chaudry Muhammad Shoukat"
"Chaudry_Zulfiqar_Advocate","JI-P",1,"Chaudry Zulfiqar Advocate"
"Dedar_Hussain_Behrani","JI-P",1,"Dedar Hussain Behrani"
"Dr_Atta_Ur_Rehman","JI-P",1,"Dr Atta Ur Rehman"
"Engr_Muhammad_Sikandar_Asad","JI-P",1,"Engr Muhammad Sikandar Asad"
"Faiz_Miran","JI-P",1,"Faiz Miran"
"Fazal_Ahmed","JI-P",1,"Fazal Ahmed"
"Fazal_Subhan","JI-P",1,"Fazal Subhan"
"Fazal_Ur_Rehman_Niazi","JI-P",1,"Fazal Ur Rehman Niazi"
"Ghanzanfar_Ali_Bajwa","JI-P",1,"Ghanzanfar Ali Bajwa"
"Ghazan_Iqbal","JI-P",1,"Ghazan Iqbal"
"Ghulam_Haider","JI-P",1,"Ghulam Haider"
"Hafiz_Aqib_Ismail","JI-P",1,"Hafiz Aqib Ismail"
"Hafiz_Muhammad_Arshad","JI-P",1,"Hafiz Muhammad Arshad"
"Hafiz_Nasrullah_Aziz","JI-P",1,"Hafiz Nasrullah Aziz"
"Haji_Sami_Ullah","JI-P",1,"Haji Sami Ullah"
"Hameed_Ud_Din_Awan","JI-P",1,"Hameed Ud Din Awan"
"Hammad_Hasan_Lashari","JI-P",1,"Hammad Hasan Lashari"
"Hashmat_Khan","JI-P",1,"Hashmat Khan"
"Hizabullah_Jakhro","JI-P",1,"Hizabullah Jakhro"
"Iftikhar_Ahmad_Shaikh","JI-P",1,"Iftikhar Ahmad Shaikh"
"Iftikhar_Ahmed","JI-P",1,"Iftikhar Ahmed"
"Iftikhar_Nadeem","JI-P",1,"Iftikhar Nadeem"
"Imdad_Khan","JI-P",1,"Imdad Khan"
"Imran_Shafiq_Advocate","JI-P",1,"Imran Shafiq Advocate"
"Imtiaz_Ahmed","JI-P",1,"Imtiaz Ahmed"
"Inayat_Ur_Rehman","JI-P",1,"Inayat Ur Rehman"
"Iqbal_Khan","JI-P",1,"Iqbal Khan"
"Irfan_Ahmed","JI-P",1,"Irfan Ahmed"
"Irfan_Ullah","JI-P",1,"Irfan Ullah"
"Jahangir_Ahmad","JI-P",1,"Jahangir Ahmad"
"Jamal_d_Din","JI-P",1,"Jamal d Din"
"Kamran_Aziz_Ghauri","JI-P",1,"Kamran Aziz Ghauri"
"Kamran_Malik","JI-P",1,"Kamran Malik"
"Kashif_Azam","JI-P",1,"Kashif Azam"
"Khalid_Khan_Yousafzai","JI-P",1,"Khalid Khan Yousafzai"
"Khalid_Mahmood_Mirza","JI-P",1,"Khalid Mahmood Mirza"
"Liaqat_Baloch","JI-P",1,"Liaqat Baloch"
"Mahmood_Ul_Hassan","JI-P",1,"Mahmood Ul Hassan"
"Mahmood_Urf_Mahmood_Illahi","JI-P",1,"Mahmood Urf Mahmood Illahi"
"Mairaj_Ul_Huda_Siddiqui","JI-P",1,"Mairaj Ul Huda Siddiqui"
"Malik_Abdul_Aziz","JI-P",1,"Malik Abdul Aziz"
"Malik_Ghulam_Mohiuddin","JI-P",1,"Malik Ghulam Mohiuddin"
"Malik_Mateeullah","JI-P",1,"Malik Mateeullah"
"Malik_Muhammad_Naeem_Haider","JI-P",1,"Malik Muhammad Naeem Haider"
"Mamtaz_Hussain","JI-P",1,"Mamtaz Hussain"
"Manzoor_Hussain","JI-P",1,"Manzoor Hussain"
"Maulana_Abdul_Akbar_Chitrali","JI-P",1,"Maulana Abdul Akbar Chitrali"
"Maulana_Mehboob_Janan","JI-P",1,"Maulana Mehboob Janan"
"Maulana_Muhammad_Ismail","JI-P",1,"Maulana Muhammad Ismail"
"Mian_Mohammad_Aslam","JI-P",1,"Mian Mohammad Aslam"
"Mian_Muslim_Pervaiz","JI-P",1,"Mian Muslim Pervaiz"
"Mir_Muhammad_Baldi","JI-P",1,"Mir Muhammad Baldi"
"Miraj_Ul_Huda_Siddiqui","JI-P",1,"Miraj Ul Huda Siddiqui"
"Mohtarma_Zaiba_Basharat","JI-P",1,"Mohtarma Zaiba Basharat"
"Mudassar_Ahmad_Shah","JI-P",1,"Mudassar Ahmad Shah"
"Mufti_Muhammad_Imtiaz_Marwat","JI-P",1,"Mufti Muhammad Imtiaz Marwat"
"Muhammad_Ahmad_Raza","JI-P",1,"Muhammad Ahmad Raza"
"Muhammad_Anwar_Khan","JI-P",1,"Muhammad Anwar Khan"
"Muhammad_Arif_Gujjar","JI-P",1,"Muhammad Arif Gujjar"
"Muhammad_Arslan_Khan_Khakwani","JI-P",1,"Muhammad Arslan Khan Khakwani"
"Muhammad_Ashique","JI-P",1,"Muhammad Ashique"
"Muhammad_Asim_Khan","JI-P",1,"Muhammad Asim Khan"
"Muhammad_Aslam","JI-P",1,"Muhammad Aslam"
"Muhammad_Azeem_Tahir_Randhawa","JI-P",1,"Muhammad Azeem Tahir Randhawa"
"Muhammad_Babar_Khan","JI-P",1,"Muhammad Babar Khan"
"Muhammad_Bilal","JI-P",1,"Muhammad Bilal"
"Muhammad_Ejaz_Malik","JI-P",1,"Muhammad Ejaz Malik"
"Muhammad_Faisal_Bin_Zair","JI-P",1,"Muhammad Faisal Bin Zair"
"Muhammad_Hanif_Khan","JI-P",1,"Muhammad Hanif Khan"
"Muhammad_Ibrahim","JI-P",1,"Muhammad Ibrahim"
"Muhammad_Ibrahim_Khan","JI-P",1,"Muhammad Ibrahim Khan"
"Muhammad_Ijaz","JI-P",1,"Muhammad Ijaz"
"Muhammad_Irfan_Ullah","JI-P",1,"Muhammad Irfan Ullah"
"Muhammad_Ishaq_Khan","JI-P",1,"Muhammad Ishaq Khan"
"Muhammad_Islam","JI-P",1,"Muhammad Islam"
"Muhammad_Jabir","JI-P",1,"Muhammad Jabir"
"Muhammad_Javed_Kasori","JI-P",1,"Muhammad Javed Kasori"
"Muhammad_Kashif_Chaudhry","JI-P",1,"Muhammad Kashif Chaudhry"
"Muhammad_Kashif_Gujjar","JI-P",1,"Muhammad Kashif Gujjar"
"Muhammad_Latif","JI-P",1,"Muhammad Latif"
"Muhammad_Musa","JI-P",1,"Muhammad Musa"
"Muhammad_Mushtaq","JI-P",1,"Muhammad Mushtaq"
"Muhammad_Naeem","JI-P",1,"Muhammad Naeem"
"Muhammad_Nasir_Nadeem_Gujjar","JI-P",1,"Muhammad Nasir Nadeem Gujjar"
"Muhammad_Rafique","JI-P",1,"Muhammad Rafique"
"Muhammad_Ramzan","JI-P",1,"Muhammad Ramzan"
"Muhammad_Rehmat_Ullah_Watto","JI-P",1,"Muhammad Rehmat Ullah Watto"
"Muhammad_Riaz","JI-P",1,"Muhammad Riaz"
"Muhammad_Riaz_Farooq_Sahi","JI-P",1,"Muhammad Riaz Farooq Sahi"
"Muhammad_Saeed","JI-P",1,"Muhammad Saeed"
"Muhammad_Safdar_Iqbal","JI-P",1,"Muhammad Safdar Iqbal"
"Muhammad_Sami_Ul_Qazi","JI-P",1,"Muhammad Sami Ul Qazi"
"Muhammad_Shabir_Khanzada","JI-P",1,"Muhammad Shabir Khanzada"
"Muhammad_Shahid_Abbas","JI-P",1,"Muhammad Shahid Abbas"
"Muhammad_Sufyan_Abbasi","JI-P",1,"Muhammad Sufyan Abbasi"
"Muhammad_Tahir_Malik","JI-P",1,"Muhammad Tahir Malik"
"Muhammad_Tariq_Javed","JI-P",1,"Muhammad Tariq Javed"
"Muhammad_Tauseef","JI-P",1,"Muhammad Tauseef"
"Muhammad_Umar_Farooq","JI-P",1,"Muhammad Umar Farooq"
"Muhammad_Usama_Razi_Khan","JI-P",1,"Muhammad Usama Razi Khan"
"Muhammad_Waris","JI-P",1,"Muhammad Waris"
"Muhammad_Yousaf_Khan","JI-P",1,"Muhammad Yousaf Khan"
"Muhammad_Yousuf","JI-P",1,"Muhammad Yousuf"
"Muhammad_Zahid","JI-P",1,"Muhammad Zahid"
"Muhammad_Zubair","JI-P",1,"Muhammad Zubair"
"Muhmmad_Mudabbar_Siddique","JI-P",1,"Muhmmad Mudabbar Siddique"
"Mumtaz_Hussain","JI-P",1,"Mumtaz Hussain"
"Munam_Zafar_Khan","JI-P",1,"Munam Zafar Khan"
"Munir_Ahmed_Anjum","JI-P",1,"Munir Ahmed Anjum"
"Mussawair_Shah","JI-P",1,"Mussawair Shah"
"Naeem_Ullah","JI-P",1,"Naeem Ullah"
"Naeem_Ur_Rehman_Khan","JI-P",1,"Naeem Ur Rehman Khan"
"Nageena","JI-P",1,"Nageena"
"Naheem_Ur_Rehman_Khan","JI-P",1,"Naheem Ur Rehman Khan"
"Nasir_Mehmood","JI-P",1,"Nasir Mehmood"
"Naveed_Ali_Baig","JI-P",1,"Naveed Ali Baig"
"Naveed_Iqbal","JI-P",1,"Naveed Iqbal"
"Niaz_Muhammad","JI-P",1,"Niaz Muhammad"
"Noor_Ali","JI-P",1,"Noor Ali"
"Qamar_Zaman_Cheema","JI-P",1,"Qamar Zaman Cheema"
"Qari_Saeed_Ahmad","JI-P",1,"Qari Saeed Ahmad"
"Qasim_Mehmood","JI-P",1,"Qasim Mehmood"
"Raja_Sajid_Sharif","JI-P",1,"Raja Sajid Sharif"
"Rana_Abdul_Waheed","JI-P",1,"Rana Abdul Waheed"
"Rana_Muhammad_Afzal","JI-P",1,"Rana Muhammad Afzal"
"Rana_Muhammad_Sikandar_Azam_Khan","JI-P",1,"Rana Muhammad Sikandar Azam Khan"
"Rasheed_Ahmad","JI-P",1,"Rasheed Ahmad"
"Rashid_Farooq","JI-P",1,"Rashid Farooq"
"Rustam_Ali_Saqi","JI-P",1,"Rustam Ali Saqi"
"Safia_Khanum","JI-P",1,"Safia Khanum"
"Sahibzada_Haroon_u_Rasheed","JI-P",1,"Sahibzada Haroon u Rasheed"
"Sahibzada_Tariq_Ullah","JI-P",1,"Sahibzada Tariq Ullah"
"Saif_Ud_Din","JI-P",1,"Saif Ud Din"
"Saif_Ur_Rehman","JI-P",1,"Saif Ur Rehman"
"Sakeena","JI-P",1,"Sakeena"
"Saleh_Muhammad","JI-P",1,"Saleh Muhammad"
"Salman_Ahmed","JI-P",1,"Salman Ahmed"
"Samina_Saeed","JI-P",1,"Samina Saeed"
"Sardar_Abdul_Razaq","JI-P",1,"Sardar Abdul Razaq"
"Sardar_Karam_Khan","JI-P",1,"Sardar Karam Khan"
"Shafiq_Ahmad_Rouf","JI-P",1,"Shafiq Ahmad Rouf"
"Shah_Faisal_Afridi","JI-P",1,"Shah Faisal Afridi"
"Shakeela","JI-P",1,"Shakeela"
"Shamas_Ur_Rehman","JI-P",1,"Shamas Ur Rehman"
"Sharaf_Ud_Din","JI-P",1,"Sharaf Ud Din"
"Sheikh_Muhammad_Afzaal_Shaheen","JI-P",1,"Sheikh Muhammad Afzaal Shaheen"
"Shiekh_Usman_Farooq","JI-P",1,"Shiekh Usman Farooq"
"Shiraz_Khan_Jadoon","JI-P",1,"Shiraz Khan Jadoon"
"Shoukat_Ali_Bhatti","JI-P",1,"Shoukat Ali Bhatti"
"Siraj_Ul_Haq","JI-P",1,"Siraj Ul Haq"
"Sufi_Khalique_Ahmad_Butt","JI-P",1,"Sufi Khalique Ahmad Butt"
"Sultan_Ahmed_Lashari","JI-P",1,"Sultan Ahmed Lashari"
"Syed_Abdul_Rasheed","JI-P",1,"Syed Abdul Rasheed"
"Syed_Ahmad","JI-P",1,"Syed Ahmad"
"Syed_Arif_Shirazi","JI-P",1,"Syed Arif Shirazi"
"Syed_Ghaffar","JI-P",1,"Syed Ghaffar"
"Syed_Ihsan_Ullah_Waqas","JI-P",1,"Syed Ihsan Ullah Waqas"
"Syed_Javed_Hussain_Shah","JI-P",1,"Syed Javed Hussain Shah"
"Syed_Tariq_Hussain_Shah_Sherazi","JI-P",1,"Syed Tariq Hussain Shah Sherazi"
"Syed_Umer_Farooq","JI-P",1,"Syed Umer Farooq"
"Syed_Ziaullah_Shah_Bukhari","JI-P",1,"Syed Ziaullah Shah Bukhari"
"Tahir_Majeed","JI-P",1,"Tahir Majeed"
"Tahir_Mehmood_Butt","JI-P",1,"Tahir Mehmood Butt"
"Talib_Jan","JI-P",1,"Talib Jan"
"Tariq_Mateen","JI-P",1,"Tariq Mateen"
"Tasheen","JI-P",1,"Tasheen"
"Tasnim_Khurshid","JI-P",1,"Tasnim Khurshid"
"Tofiq_Ul_Din_Siddiqui","JI-P",1,"Tofiq Ul Din Siddiqui"
"Tohfa_Dastgir_Ahmad","JI-P",1,"Tohfa Dastgir Ahmad"
"Umar_Farooq","JI-P",1,"Umar Farooq"
"Umar_Farooq_Kanju","JI-P",1,"Umar Farooq Kanju"
"Umar_Gul","JI-P",1,"Umar Gul"
"Usman_Ali","JI-P",1,"Usman Ali"
"Zabeeh_Ullah_Balgan","JI-P",1,"Zabeeh Ullah Balgan"
"Zafar_Ali","JI-P",1,"Zafar Ali"
"Zafar_Hussain_Khan","JI-P",1,"Zafar Hussain Khan"
"Zaheer_Babar","JI-P",1,"Zaheer Babar"
"Zaheer_Ud_Din_Jatoi","JI-P",1,"Zaheer Ud Din Jatoi"
"Zubair_Ahmed_Gondal","JI-P",1,"Zubair Ahmed Gondal"
"Zubair_Khadim","JI-P",1,"Zubair Khadim"
"Zulfiqar_Ali_Shah","JI-P",1,"Zulfiqar Ali Shah"
"Zulifqar_Ali_Ahmad","JI-P",1,"Zulifqar Ali Ahmad"
"Majida_Abro","JQM",1,"Majida Abro"
"Muhammad_Faiq","JQM",1,"Muhammad Faiq"
"Abdul_Aziz","JUI",1,"Abdul Aziz"
"Abdul_Bari","JUI",1,"Abdul Bari"
"Abdul_Khaliq","JUI",1,"Abdul Khaliq"
"Abdul_Latif","JUI",1,"Abdul Latif"
"Abdul_Malik","JUI",1,"Abdul Malik"
"Abdul_Nabi","JUI",1,"Abdul Nabi"
"Abdul_Nasir","JUI",1,"Abdul Nasir"
"Abdul_Qadir_Luni","JUI",1,"Abdul Qadir Luni"
"Abdul_Sadiq","JUI",1,"Abdul Sadiq"
"Abdul_Waheed_Khan","JUI",1,"Abdul Waheed Khan"
"Abdul_Wahid","JUI",1,"Abdul Wahid"
"Abul_Khair_Muhammad_Zubair","JUI",1,"Abul Khair Muhammad Zubair"
"Ameer_Ullah","JUI",1,"Ameer Ullah"
"Arman_Ahmed","JUI",1,"Arman Ahmed"
"Ashiq_Ali","JUI",1,"Ashiq Ali"
"Atta_Ullah_Khan","JUI",1,"Atta Ullah Khan"
"Aziz_Ullah","JUI",1,"Aziz Ullah"
"Azizullah_Satakzai","JUI",1,"Azizullah Satakzai"
"Faaiz_Mehmood","JUI",1,"Faaiz Mehmood"
"Faiz_Ul_Hassan","JUI",1,"Faiz Ul Hassan"
"Fazal_Muhammad_Kakar","JUI",1,"Fazal Muhammad Kakar"
"Ghous_Baksh_Fareed","JUI",1,"Ghous Baksh Fareed"
"Gul_Naseeb_Khan","JUI",1,"Gul Naseeb Khan"
"Hafiz_Ahmed_Ali","JUI",1,"Hafiz Ahmed Ali"
"Hafiz_Muhammad_Muzaffar","JUI",1,"Hafiz Muhammad Muzaffar"
"Haji_Naseem_Shah","JUI",1,"Haji Naseem Shah"
"Ishfaq_Ahmad","JUI",1,"Ishfaq Ahmad"
"Islam_Noor","JUI",1,"Islam Noor"
"Khalid_Mehmood","JUI",1,"Khalid Mehmood"
"Khalil_Ahmad","JUI",1,"Khalil Ahmad"
"m_Ajmal_Qadri","JUI",1,"m Ajmal Qadri"
"m_Esa","JUI",1,"m Esa"
"m_Iqbal","JUI",1,"m Iqbal"
"Mahmood_Ahmed_Qadri","JUI",1,"Mahmood Ahmed Qadri"
"Malik_Amjad_Kakar","JUI",1,"Malik Amjad Kakar"
"Maqsood_Ahmed","JUI",1,"Maqsood Ahmed"
"Mher_Ullah","JUI",1,"Mher Ullah"
"Mohammad_Ismail_Buledi","JUI",1,"Mohammad Ismail Buledi"
"Moheb_Ullah","JUI",1,"Moheb Ullah"
"Mufti_Syed_Zain_Ul_Abidin","JUI",1,"Mufti Syed Zain Ul Abidin"
"Muhammad_Alam","JUI",1,"Muhammad Alam"
"Muhammad_Anwar","JUI",1,"Muhammad Anwar"
"Muhammad_Aslam","JUI",1,"Muhammad Aslam"
"Muhammad_Ayoub","JUI",1,"Muhammad Ayoub"
"Muhammad_Bashir_Yousaf","JUI",1,"Muhammad Bashir Yousaf"
"Muhammad_Dawood","JUI",1,"Muhammad Dawood"
"Muhammad_Hassan","JUI",1,"Muhammad Hassan"
"Muhammad_Ishtiaq_Khan_Jadoon","JUI",1,"Muhammad Ishtiaq Khan Jadoon"
"Muhammad_Jamal_Ud_Din","JUI",1,"Muhammad Jamal Ud Din"
"Muhammad_Jan","JUI",1,"Muhammad Jan"
"Muhammad_Khalid_Shakir","JUI",1,"Muhammad Khalid Shakir"
"Muhammad_Maroof","JUI",1,"Muhammad Maroof"
"Muhammad_Owais_Siddiqui","JUI",1,"Muhammad Owais Siddiqui"
"Muhammad_Rafique","JUI",1,"Muhammad Rafique"
"Muhammad_Rizwan_Sheikh","JUI",1,"Muhammad Rizwan Sheikh"
"Muhammad_Sadiq_Serani","JUI",1,"Muhammad Sadiq Serani"
"Muhammad_Wali_Shah","JUI",1,"Muhammad Wali Shah"
"Naqeeb_Ullah","JUI",1,"Naqeeb Ullah"
"Naveed_Anjum_Khan","JUI",1,"Naveed Anjum Khan"
"Noor_Ahmad_Sial","JUI",1,"Noor Ahmad Sial"
"Rao_Azmat_Ullah","JUI",1,"Rao Azmat Ullah"
"Sana_Ullah","JUI",1,"Sana Ullah"
"Shafi_Ud_Din","JUI",1,"Shafi Ud Din"
"Shafi_Ullah","JUI",1,"Shafi Ullah"
"Shaheen_Iqbal","JUI",1,"Shaheen Iqbal"
"Shuja_Al_Malik","JUI",1,"Shuja Al Malik"
"Zubair_Ahmad","JUI",1,"Zubair Ahmad"
"Abd_Ul_Ghafoor","JUI-F",1,"Abd Ul Ghafoor"
"Abdul_Aziz","JUI-F",1,"Abdul Aziz"
"Abdul_Haleem","JUI-F",1,"Abdul Haleem"
"Abdul_Hameed","JUI-F",1,"Abdul Hameed"
"Abdul_Khaliq","JUI-F",1,"Abdul Khaliq"
"Abdul_Majeed_Anwar","JUI-F",1,"Abdul Majeed Anwar"
"Abdul_Majeed_Hazarvi","JUI-F",1,"Abdul Majeed Hazarvi"
"Abdul_Qayoom","JUI-F",1,"Abdul Qayoom"
"Abdul_Qayyum","JUI-F",1,"Abdul Qayyum"
"Abdul_Quyyum","JUI-F",1,"Abdul Quyyum"
"Abdul_Rashid","JUI-F",1,"Abdul Rashid"
"Abdul_Rehman","JUI-F",1,"Abdul Rehman"
"Abdul_Salam","JUI-F",1,"Abdul Salam"
"Abdul_Samad_Son_of_Muhammad_Yousuf","JUI-F",1,"Abdul Samad Son of Muhammad Yousuf"
"Abdul_Wajid_Hussain","JUI-F",1,"Abdul Wajid Hussain"
"Abdullah_Ahmed","JUI-F",1,"Abdullah Ahmed"
"Abdur_Rahim_Khan","JUI-F",1,"Abdur Rahim Khan"
"Abu_Bakar_Brohi","JUI-F",1,"Abu Bakar Brohi"
"Adnan_Bin_Abdul_Aziz","JUI-F",1,"Adnan Bin Abdul Aziz"
"Agha_Syed_Muhammad_Ayyoob","JUI-F",1,"Agha Syed Muhammad Ayyoob"
"Ahmad_Mujeeb_Aslam","JUI-F",1,"Ahmad Mujeeb Aslam"
"Ahmed_Naseer","JUI-F",1,"Ahmed Naseer"
"Aijaz_Ali","JUI-F",1,"Aijaz Ali"
"Akhunzada_Irfan_Ullah_Shah","JUI-F",1,"Akhunzada Irfan Ullah Shah"
"Akram_Khan_Durrani","JUI-F",1,"Akram Khan Durrani"
"Allama_Abdul_Raoof_Rabbani","JUI-F",1,"Allama Abdul Raoof Rabbani"
"Amanullah_Khan","JUI-F",1,"Amanullah Khan"
"Amin_Ullah","JUI-F",1,"Amin Ullah"
"Aneela","JUI-F",1,"Aneela"
"Arbab_Kamal_Ahmad","JUI-F",1,"Arbab Kamal Ahmad"
"Asad_Mahmood","JUI-F",1,"Asad Mahmood"
"Asad_Mehmood","JUI-F",1,"Asad Mehmood"
"Asghar_Ali_Nasir","JUI-F",1,"Asghar Ali Nasir"
"Asjad_Mahmood","JUI-F",1,"Asjad Mahmood"
"Asmat_Ullah","JUI-F",1,"Asmat Ullah"
"Atta_Ur_Rehman","JUI-F",1,"Atta Ur Rehman"
"Attaul_Haq","JUI-F",1,"Attaul Haq"
"Azam_Khan","JUI-F",1,"Azam Khan"
"Ch_Waseem_Ahmed","JUI-F",1,"Ch Waseem Ahmed"
"Engineer_Tahir_Iqbal_Orakzai","JUI-F",1,"Engineer Tahir Iqbal Orakzai"
"Fakharul_Hassan","JUI-F",1,"Fakharul Hassan"
"Farooq_Hussain_Shah","JUI-F",1,"Farooq Hussain Shah"
"Fazal_Ali","JUI-F",1,"Fazal Ali"
"Fazal_Ur_Rehman","JUI-F",1,"Fazal Ur Rehman"
"Fazlullah","JUI-F",1,"Fazlullah"
"Ghulam_Mohammad_Sadiq","JUI-F",1,"Ghulam Mohammad Sadiq"
"Ghulam_Qadir","JUI-F",1,"Ghulam Qadir"
"Gohar_Ali","JUI-F",1,"Gohar Ali"
"Gohar_Mohammad_Khan_Bangesh","JUI-F",1,"Gohar Mohammad Khan Bangesh"
"Gohar_Muhammad_Khan_Bangash","JUI-F",1,"Gohar Muhammad Khan Bangash"
"Hafiz_Abdul_Qadeer","JUI-F",2,"Hafiz Abdul Qadeer"
"Hafiz_Abdul_Razzak","JUI-F",1,"Hafiz Abdul Razzak"
"Hafiz_Abdul_Wadood","JUI-F",1,"Hafiz Abdul Wadood"
"Hafiz_Hamdullah","JUI-F",1,"Hafiz Hamdullah"
"Hafiz_Mahmood_Ul_Hassan","JUI-F",2,"Hafiz Mahmood Ul Hassan"
"Hafiz_Muhammad_Afzaal","JUI-F",1,"Hafiz Muhammad Afzaal"
"Hafiz_Muhammad_Azam","JUI-F",1,"Hafiz Muhammad Azam"
"Hafiz_Muhammad_Jameel_Ahmed","JUI-F",1,"Hafiz Muhammad Jameel Ahmed"
"Hafiz_Muhammad_Saeed","JUI-F",1,"Hafiz Muhammad Saeed"
"Hafiz_Muhammad_Zubair","JUI-F",1,"Hafiz Muhammad Zubair"
"Hafiz_Shahzad_Bashir","JUI-F",1,"Hafiz Shahzad Bashir"
"Haider_Ali_Khan","JUI-F",1,"Haider Ali Khan"
"Hajan_Khan_Leghari","JUI-F",1,"Hajan Khan Leghari"
"Haji_Abdul_Rasheed_Khan_Bhatti","JUI-F",1,"Haji Abdul Rasheed Khan Bhatti"
"Haji_Ghulam_Ali","JUI-F",1,"Haji Ghulam Ali"
"Haji_Ghulam_Qadir_Noohani","JUI-F",1,"Haji Ghulam Qadir Noohani"
"Haji_Mangey_Khan_Rahija","JUI-F",1,"Haji Mangey Khan Rahija"
"Haji_Manzoor_Ahmed_Mengal","JUI-F",1,"Haji Manzoor Ahmed Mengal"
"Hakeem_Muhammad_Asaad","JUI-F",1,"Hakeem Muhammad Asaad"
"Hameed_Ullah_Jan_Afridi","JUI-F",1,"Hameed Ullah Jan Afridi"
"Hidayat_Ur_Rehman","JUI-F",1,"Hidayat Ur Rehman"
"Ihsan_Ul_Haq","JUI-F",1,"Ihsan Ul Haq"
"Ijaz_Ul_Haq","JUI-F",1,"Ijaz Ul Haq"
"Ilhaj_Pervaiz_Khan_Khattak","JUI-F",1,"Ilhaj Pervaiz Khan Khattak"
"Imdad_Ullah_Yousafzai","JUI-F",1,"Imdad Ullah Yousafzai"
"Ishfaq_Ullah_Khan","JUI-F",1,"Ishfaq Ullah Khan"
"Kaleem_Ullah_Khan","JUI-F",1,"Kaleem Ullah Khan"
"Khalid_Mahmood","JUI-F",1,"Khalid Mahmood"
"Khalid_Mobeen","JUI-F",1,"Khalid Mobeen"
"Khalid_Waleed","JUI-F",1,"Khalid Waleed"
"Kifayat_Ullah","JUI-F",1,"Kifayat Ullah"
"Liaq_Muhammad_Khan","JUI-F",1,"Liaq Muhammad Khan"
"Makhdoom_Zada_Syed_Muhammad_Zakaria_Shah","JUI-F",1,"Makhdoom Zada Syed Muhammad Zakaria Shah"
"Malik_Gulfraz_Ahmad_Faraz","JUI-F",1,"Malik Gulfraz Ahmad Faraz"
"Malik_Naveed_Ahmed_Advocate","JUI-F",1,"Malik Naveed Ahmed Advocate"
"Malik_Qadir_Bukhsh","JUI-F",1,"Malik Qadir Bukhsh"
"Malik_Sikandar_Khan","JUI-F",1,"Malik Sikandar Khan"
"Malik_Zafar_Borrana_Sahab","JUI-F",1,"Malik Zafar Borrana Sahab"
"Maulana_Abdul_Ghafar_Tauhadi","JUI-F",1,"Maulana Abdul Ghafar Tauhadi"
"Maulana_Abdullah_Ahmad","JUI-F",1,"Maulana Abdullah Ahmad"
"Maulana_Abdur_Rashid","JUI-F",1,"Maulana Abdur Rashid"
"Maulana_Fazal_Ur_Rehman","JUI-F",1,"Maulana Fazal Ur Rehman"
"Maulana_Fazli_Azeem","JUI-F",1,"Maulana Fazli Azeem"
"Maulana_Haleem_Ur_Rahman","JUI-F",1,"Maulana Haleem Ur Rahman"
"Maulana_Mian_Hussain_Jalali","JUI-F",1,"Maulana Mian Hussain Jalali"
"Maulana_Muhammad_Gohar_Shah","JUI-F",1,"Maulana Muhammad Gohar Shah"
"Maulana_Nizam_Ud_Din","JUI-F",1,"Maulana Nizam Ud Din"
"Maulana_Shirin_Muhammad","JUI-F",1,"Maulana Shirin Muhammad"
"Maulvi_Mohammad_Abdullah_Jatak","JUI-F",1,"Maulvi Mohammad Abdullah Jatak"
"Mehboobullah_Jan_Baqi","JUI-F",1,"Mehboobullah Jan Baqi"
"Mian_Muhammad_Asif","JUI-F",1,"Mian Muhammad Asif"
"Mir_Baz_Muhammad_Marri","JUI-F",1,"Mir Baz Muhammad Marri"
"Mir_Hussain","JUI-F",1,"Mir Hussain"
"Misbah_Ud_Din_Wald_e_Ahmad_Din","JUI-F",1,"Misbah Ud Din Wald e Ahmad Din"
"Misbahul_Alam","JUI-F",1,"Misbahul Alam"
"Mohammad_Akram_Khan","JUI-F",1,"Mohammad Akram Khan"
"Mohammad_Ibrahim_Jatol","JUI-F",1,"Mohammad Ibrahim Jatol"
"Molana_Abdul_Ghafoor_Haideri","JUI-F",1,"Molana Abdul Ghafoor Haideri"
"Molana_Ameer_Zaman","JUI-F",1,"Molana Ameer Zaman"
"Molana_Fazal_Ur_Rehman","JUI-F",1,"Molana Fazal Ur Rehman"
"Molana_Muhammad_Gohar_Shah","JUI-F",1,"Molana Muhammad Gohar Shah"
"Molana_Muhammad_Iqbal_Rasheed","JUI-F",1,"Molana Muhammad Iqbal Rasheed"
"Molana_Muhammad_Sabir_Aarfi","JUI-F",1,"Molana Muhammad Sabir Aarfi"
"Molana_Qamar_Din","JUI-F",1,"Molana Qamar Din"
"Mollana_Ghulam_Qadir_Qasmi","JUI-F",1,"Mollana Ghulam Qadir Qasmi"
"Molvi_Mohammad_Ishaque_Laghari","JUI-F",1,"Molvi Mohammad Ishaque Laghari"
"Molvi_Muhammad_Saleh_Alhadad","JUI-F",1,"Molvi Muhammad Saleh Alhadad"
"Moulana_Abdul_Ghafoor_Haideri","JUI-F",1,"Moulana Abdul Ghafoor Haideri"
"Moulana_Abdul_Malik","JUI-F",1,"Moulana Abdul Malik"
"Moulana_Abdul_Naeem_Nomani","JUI-F",1,"Moulana Abdul Naeem Nomani"
"Moulana_Abdullah_Pahore","JUI-F",1,"Moulana Abdullah Pahore"
"Moulana_Hafiz_Sana_Ullah","JUI-F",1,"Moulana Hafiz Sana Ullah"
"Moulana_Mohammad_Khan_Sherani","JUI-F",1,"Moulana Mohammad Khan Sherani"
"Moulana_Muhammad_Yakoob_Mahar","JUI-F",1,"Moulana Muhammad Yakoob Mahar"
"Moulana_Noor_Ul_Haq","JUI-F",1,"Moulana Noor Ul Haq"
"Moulvi_Agha_Muhammad","JUI-F",1,"Moulvi Agha Muhammad"
"Mualana_Muhammad_Qasim","JUI-F",1,"Mualana Muhammad Qasim"
"Mufti_Abdul_Shakoor","JUI-F",1,"Mufti Abdul Shakoor"
"Mufti_Faizul_Haq","JUI-F",1,"Mufti Faizul Haq"
"Mufti_Kifayat_Ullah","JUI-F",1,"Mufti Kifayat Ullah"
"Mufti_Nazir_Ahmed_Umrani","JUI-F",1,"Mufti Nazir Ahmed Umrani"
"Mufti_Taj_Ud_Din_Rabani","JUI-F",1,"Mufti Taj Ud Din Rabani"
"Muhammad_Abdullah","JUI-F",1,"Muhammad Abdullah"
"Muhammad_Afzal","JUI-F",1,"Muhammad Afzal"
"Muhammad_Akbar_Tabani","JUI-F",1,"Muhammad Akbar Tabani"
"Muhammad_Arif_Wald_Meer_Azam_Khan","JUI-F",1,"Muhammad Arif Wald Meer Azam Khan"
"Muhammad_Ayaz_Chaudhary","JUI-F",1,"Muhammad Ayaz Chaudhary"
"Muhammad_Ayub","JUI-F",1,"Muhammad Ayub"
"Muhammad_Hafeezur_Rahman","JUI-F",1,"Muhammad Hafeezur Rahman"
"Muhammad_Jamal_Ud_Din","JUI-F",1,"Muhammad Jamal Ud Din"
"Muhammad_Nabi","JUI-F",1,"Muhammad Nabi"
"Muhammad_Naseef_Awan","JUI-F",1,"Muhammad Naseef Awan"
"Muhammad_Nasrullah","JUI-F",1,"Muhammad Nasrullah"
"Muhammad_Rafiq","JUI-F",1,"Muhammad Rafiq"
"Muhammad_Rafique_Abid_Alwi","JUI-F",1,"Muhammad Rafique Abid Alwi"
"Muhammad_Riaz_Shaheen","JUI-F",1,"Muhammad Riaz Shaheen"
"Muhammad_Saddiq","JUI-F",1,"Muhammad Saddiq"
"Muhammad_Saeed_Jan","JUI-F",2,"Muhammad Saeed Jan"
"Muhammad_Safdar","JUI-F",1,"Muhammad Safdar"
"Muhammad_Safi_Ullah","JUI-F",1,"Muhammad Safi Ullah"
"Muhammad_Saleh_Indhar","JUI-F",1,"Muhammad Saleh Indhar"
"Muhammad_Sardar","JUI-F",1,"Muhammad Sardar"
"Muhammad_Shah_Zaman","JUI-F",1,"Muhammad Shah Zaman"
"Muhammad_Sharif_Sadwani_Mazari","JUI-F",1,"Muhammad Sharif Sadwani Mazari"
"Muhammad_Sher_Khan","JUI-F",1,"Muhammad Sher Khan"
"Muhammad_Sufyan_Muavia","JUI-F",1,"Muhammad Sufyan Muavia"
"Muhammad_Tahir_Siddique","JUI-F",1,"Muhammad Tahir Siddique"
"Muhammad_Talha_Mahmood","JUI-F",1,"Muhammad Talha Mahmood"
"Muhammad_Usman_Badini","JUI-F",1,"Muhammad Usman Badini"
"Muhammad_Uzair_Jagirani","JUI-F",1,"Muhammad Uzair Jagirani"
"Muhammad_Wali_Shah","JUI-F",1,"Muhammad Wali Shah"
"Muhammad_Yousaf","JUI-F",1,"Muhammad Yousaf"
"Muhammad_Zakriya","JUI-F",1,"Muhammad Zakriya"
"Muhammad_Zia_Ul_Haq","JUI-F",1,"Muhammad Zia Ul Haq"
"Muhammad_Zubair_Abbasi","JUI-F",2,"Muhammad Zubair Abbasi"
"Mulana_Ain_u_Din_Shaker","JUI-F",1,"Mulana Ain u Din Shaker"
"Mulana_Muhammad_Abdul_Majeed_Farooqe","JUI-F",1,"Mulana Muhammad Abdul Majeed Farooqe"
"Musammir_Shah","JUI-F",1,"Musammir Shah"
"Mushtaq_Ahmad","JUI-F",1,"Mushtaq Ahmad"
"Nasir_Khan","JUI-F",1,"Nasir Khan"
"Nasir_Mahmood","JUI-F",1,"Nasir Mahmood"
"Naveed_Iqbal","JUI-F",1,"Naveed Iqbal"
"Niyaz_Ali","JUI-F",1,"Niyaz Ali"
"Nizam_Din","JUI-F",1,"Nizam Din"
"Nizam_Ud_Din_Lehri","JUI-F",1,"Nizam Ud Din Lehri"
"Nizamuddin","JUI-F",1,"Nizamuddin"
"Noor_Alam_Khan","JUI-F",1,"Noor Alam Khan"
"Noor_Muhammad","JUI-F",1,"Noor Muhammad"
"Noor_Muhammad_Shah","JUI-F",1,"Noor Muhammad Shah"
"Obaid_Ullah","JUI-F",1,"Obaid Ullah"
"Obaid_Ur_Rehman","JUI-F",1,"Obaid Ur Rehman"
"Pir_Muhammad_Aqal_Shah","JUI-F",1,"Pir Muhammad Aqal Shah"
"Pir_Syed_Alamzeb_Shah","JUI-F",1,"Pir Syed Alamzeb Shah"
"Qaiser_Khan","JUI-F",1,"Qaiser Khan"
"Qari_Abdul_Aziz","JUI-F",1,"Qari Abdul Aziz"
"Qari_Attique_Ur_Rehman","JUI-F",1,"Qari Attique Ur Rehman"
"Qari_Khalil_Ur_Rehman","JUI-F",1,"Qari Khalil Ur Rehman"
"Qari_Mohammad_Yousif","JUI-F",1,"Qari Mohammad Yousif"
"Qari_Muhammad_Safdar_Javed","JUI-F",1,"Qari Muhammad Safdar Javed"
"Qari_Muhammad_Shair_Ali","JUI-F",1,"Qari Muhammad Shair Ali"
"Rahat_Hussain","JUI-F",1,"Rahat Hussain"
"Raheem_Ullah","JUI-F",1,"Raheem Ullah"
"Rashid_Ahmad_Khan","JUI-F",1,"Rashid Ahmad Khan"
"Rashid_Mahmood_Soomro","JUI-F",1,"Rashid Mahmood Soomro"
"Rashid_Mehmood_Soomro","JUI-F",1,"Rashid Mehmood Soomro"
"Saad_Sultan","JUI-F",1,"Saad Sultan"
"Saeed_Ahmad_Awan","JUI-F",1,"Saeed Ahmad Awan"
"Safeer_Alam","JUI-F",1,"Safeer Alam"
"Sahabzada_Hafiz_Aziz_Ur_Rehman_Darkhuwasti","JUI-F",1,"Sahabzada Hafiz Aziz Ur Rehman Darkhuwasti"
"Saida_Jan","JUI-F",1,"Saida Jan"
"Saif_Ullah_Saifi","JUI-F",1,"Saif Ullah Saifi"
"Saif_Ur_Rehman_Rashidi","JUI-F",1,"Saif Ur Rehman Rashidi"
"Saifullah_Khalid","JUI-F",1,"Saifullah Khalid"
"Sajjad_Ahmad","JUI-F",1,"Sajjad Ahmad"
"Salah_Ud_Din","JUI-F",1,"Salah Ud Din"
"Salahuddin_","JUI-F",1,"Salahuddin,"
"Saleem_Ullah","JUI-F",1,"Saleem Ullah"
"Sardar_Ibrar_Khan","JUI-F",1,"Sardar Ibrar Khan"
"Sardar_Meer_Badshah_Khan_Qaisrani","JUI-F",1,"Sardar Meer Badshah Khan Qaisrani"
"Shafqat_Rehman","JUI-F",1,"Shafqat Rehman"
"Shah_Abdul_Aziz","JUI-F",1,"Shah Abdul Aziz"
"Shahzane_Khan","JUI-F",1,"Shahzane Khan"
"Shamsuddin","JUI-F",1,"Shamsuddin"
"Shuja_Ul_Mulk","JUI-F",1,"Shuja Ul Mulk"
"Siraj_Ud_Din","JUI-F",1,"Siraj Ud Din"
"Sultan_Ahmad","JUI-F",1,"Sultan Ahmad"
"Syed_Abdul_Wadood_Azad","JUI-F",1,"Syed Abdul Wadood Azad"
"Syed_Haroon_Sultan_Bukhari","JUI-F",1,"Syed Haroon Sultan Bukhari"
"Syed_Muhammad_Athar","JUI-F",1,"Syed Muhammad Athar"
"Syed_Qasim_Shah","JUI-F",1,"Syed Qasim Shah"
"Syed_Sami_Ullah","JUI-F",1,"Syed Sami Ullah"
"Tanveer_Rasool_Qureshi","JUI-F",1,"Tanveer Rasool Qureshi"
"Tariq_Sultan","JUI-F",1,"Tariq Sultan"
"Tipu_Sultan","JUI-F",1,"Tipu Sultan"
"Umar_Farooq","JUI-F",1,"Umar Farooq"
"Umer_Ali","JUI-F",1,"Umer Ali"
"Waheed_Ahmad","JUI-F",1,"Waheed Ahmad"
"Zafarullah_Khan_Gichki","JUI-F",1,"Zafarullah Khan Gichki"
"Zahid_Akram_Durrani","JUI-F",1,"Zahid Akram Durrani"
"Zia_Ur_Rehman_Tamimi","JUI-F",2,"Zia Ur Rehman Tamimi"
"Fakhar_Ul_Din","JUP",1,"Fakhar Ul Din"
"Fathe_Muhammad","JUP",1,"Fathe Muhammad"
"Ghazanfar_Aziz","JUP",1,"Ghazanfar Aziz"
"Hussain_Ahmed_Madni","JUP",1,"Hussain Ahmed Madni"
"Muhammad_Tasadduq","JUP",1,"Muhammad Tasadduq"
"Naseer_Ahmed_Kakar","JUP",1,"Naseer Ahmed Kakar"
"Noor_Alam","JUP",1,"Noor Alam"
"Saddam_Ul_Haq","JUP",1,"Saddam Ul Haq"
"Zia_Ur_Rehman_Amazai","JUP",1,"Zia Ur Rehman Amazai"
"Abdul_Basit","JWP",1,"Abdul Basit"
"Hazoor_Baksh","JWP",1,"Hazoor Baksh"
"Ijaz_Ahmad","JWP",1,"Ijaz Ahmad"
"Ikhtiar_Ahmed","JWP",1,"Ikhtiar Ahmed"
"Mir_Muhammad_Ali_Reki_Baloch","JWP",1,"Mir Muhammad Ali Reki Baloch"
"Muhammad_Jawad","JWP",1,"Muhammad Jawad"
"Nawab_Zada_Shahzain","JWP",1,"Nawab Zada Shahzain"
"Aizaz_Haider","Karwan-i-Millat Pakistan",1,"Aizaz Haider"
"Baqa_Muhammad","Karwan-i-Millat Pakistan",1,"Baqa Muhammad"
"Abdul_Rauf","KIAP",1,"Abdul Rauf"
"Khalil_Ur_Rehman","KIAP",1,"Khalil Ur Rehman"
"Muhammad_Arshad","KIAP",1,"Muhammad Arshad"
"Ahmed_Noonari","KS",1,"Ahmed Noonari"
"Zeeshan","KS",1,"Zeeshan"
"Abdullah_Mangi","Majlis-e-Wahdat-e-Muslimeen Pakistan",1,"Abdullah Mangi"
"Aijaz_Ahmed_Sanjrani","Majlis-e-Wahdat-e-Muslimeen Pakistan",1,"Aijaz Ahmed Sanjrani"
"Allama_Muhammad_Hasnain_Arif","Majlis-e-Wahdat-e-Muslimeen Pakistan",1,"Allama Muhammad Hasnain Arif"
"Asghar_Ali_Mubarik","Majlis-e-Wahdat-e-Muslimeen Pakistan",1,"Asghar Ali Mubarik"
"Darban_Ali_Jaffry","Majlis-e-Wahdat-e-Muslimeen Pakistan",1,"Darban Ali Jaffry"
"Ehsan_Ullah_Khan_Baluch","Majlis-e-Wahdat-e-Muslimeen Pakistan",1,"Ehsan Ullah Khan Baluch"
"Ghulam_Hussain","Majlis-e-Wahdat-e-Muslimeen Pakistan",1,"Ghulam Hussain"
"Hakeem_Muhammad_Tufail","Majlis-e-Wahdat-e-Muslimeen Pakistan",1,"Hakeem Muhammad Tufail"
"Hakeem_Syed_Jaffar_Hussain_Bukhari","Majlis-e-Wahdat-e-Muslimeen Pakistan",1,"Hakeem Syed Jaffar Hussain Bukhari"
"Imran_Ali","Majlis-e-Wahdat-e-Muslimeen Pakistan",1,"Imran Ali"
"Khair_Mohammad","Majlis-e-Wahdat-e-Muslimeen Pakistan",1,"Khair Mohammad"
"Khuwaja_Aftab_Ali_Jaafri","Majlis-e-Wahdat-e-Muslimeen Pakistan",1,"Khuwaja Aftab Ali Jaafri"
"Maqsood_Ali_Domki","Majlis-e-Wahdat-e-Muslimeen Pakistan",1,"Maqsood Ali Domki"
"Molana_Moula_Bux_Murtazai","Majlis-e-Wahdat-e-Muslimeen Pakistan",1,"Molana Moula Bux Murtazai"
"Muhammad_Askari_Ul_Hidayat","Majlis-e-Wahdat-e-Muslimeen Pakistan",1,"Muhammad Askari Ul Hidayat"
"Muhammad_Hussain_Karimi","Majlis-e-Wahdat-e-Muslimeen Pakistan",1,"Muhammad Hussain Karimi"
"Muhammad_Ismail_Jaffery","Majlis-e-Wahdat-e-Muslimeen Pakistan",1,"Muhammad Ismail Jaffery"
"Muhammad_Sarwer","Majlis-e-Wahdat-e-Muslimeen Pakistan",1,"Muhammad Sarwer"
"Mukhtar_Ahmed_Chandio","Majlis-e-Wahdat-e-Muslimeen Pakistan",1,"Mukhtar Ahmed Chandio"
"Rasool_Bux_Shah","Majlis-e-Wahdat-e-Muslimeen Pakistan",1,"Rasool Bux Shah"
"Shumaila_Bibi","Majlis-e-Wahdat-e-Muslimeen Pakistan",1,"Shumaila Bibi"
"Syed_Ali_Hussain","Majlis-e-Wahdat-e-Muslimeen Pakistan",1,"Syed Ali Hussain"
"Syed_Asghar_Abbas_Zaidi","Majlis-e-Wahdat-e-Muslimeen Pakistan",1,"Syed Asghar Abbas Zaidi"
"Syed_Basheer_Ahmed_Shah_Naqvi","Majlis-e-Wahdat-e-Muslimeen Pakistan",1,"Syed Basheer Ahmed Shah Naqvi"
"Syed_Muhammad_Hassan_Zaidi","Majlis-e-Wahdat-e-Muslimeen Pakistan",1,"Syed Muhammad Hassan Zaidi"
"Zaheer_Abass_Hajano","Majlis-e-Wahdat-e-Muslimeen Pakistan",1,"Zaheer Abass Hajano"
"Dr_Sarfraz_Ahmad_Cheema","Markazi Jamiat Mushaikh Pakistan",1,"Dr Sarfraz Ahmad Cheema"
"Syed_Ghulam_Abul_Hassan_Shah","Markazi Jamiat Mushaikh Pakistan",1,"Syed Ghulam Abul Hassan Shah"
"Wajid_Hussain_Mughal","Markazi Jamiat Mushaikh Pakistan",1,"Wajid Hussain Mughal"
"Syed_Muhammad_Mafooz_Mushadi","Markazi Jamiat Ulema-e-Pakistan (FK)",1,"Syed Muhammad Mafooz Mushadi"
"Muhammad_Aslam","Menecracy Action Party of Pakistan",1,"Muhammad Aslam"
"Muhammad_Tahir_Khan","Menecracy Action Party of Pakistan",1,"Muhammad Tahir Khan"
"Ali_Muhammad","MJAHP",1,"Ali Muhammad"
"Masood_Ahmed","MJAHP",1,"Masood Ahmed"
"Saeed_Ahmed","MJAHP",1,"Saeed Ahmed"
"Zaeem_Ud_Din_Abid","MJAHP",1,"Zaeem Ud Din Abid"
"Abdul_Rehman","MKQM",1,"Abdul Rehman"
"Ajab_Khan","MKQM",1,"Ajab Khan"
"Essa_Khan","MKQM",1,"Essa Khan"
"Gul_Meer_Khan","MKQM",1,"Gul Meer Khan"
"Gulab_Khan","MKQM",1,"Gulab Khan"
"Gull_Meer_Khan","MKQM",1,"Gull Meer Khan"
"Hakeem_Khan","MKQM",1,"Hakeem Khan"
"Alhaaj_Choudhry_Zulfiqar_Ali","Mohib-e-Wattan Nowjawan Inqilabion Ki Anjuman",1,"Alhaaj Choudhry Zulfiqar Ali"
"Muhammad_Asghar","Mohib-e-Wattan Nowjawan Inqilabion Ki Anjuman",1,"Muhammad Asghar"
"Ajab_Khan","MOTP",1,"Ajab Khan"
"Badshah_Rawan","MOTP",1,"Badshah Rawan"
"Mohsin_Faraz","MOTP",1,"Mohsin Faraz"
"Muhammad_Ebrahim_Ali","MOTP",1,"Muhammad Ebrahim Ali"
"Muhammad_Sadiq","MOTP",1,"Muhammad Sadiq"
"Naqeeb_Ullah","MOTP",1,"Naqeeb Ullah"
"Sohail_Wahab","MOTP",1,"Sohail Wahab"
"Aasia_Ishaq","MQM",1,"Aasia Ishaq"
"Abdul_Aleem_Khan","MQM",1,"Abdul Aleem Khan"
"Abdul_Baqi","MQM",1,"Abdul Baqi"
"Abdul_Hameed_Khan","MQM",1,"Abdul Hameed Khan"
"Abdul_Jalil_Bazai","MQM",1,"Abdul Jalil Bazai"
"Abdul_Kareem","MQM",1,"Abdul Kareem"
"Abdul_Khalid","MQM",1,"Abdul Khalid"
"Abdul_Majeed_Chohan","MQM",1,"Abdul Majeed Chohan"
"Abdul_Qadeer_Khan","MQM",1,"Abdul Qadeer Khan"
"Abdul_Qadir_Solangi","MQM",1,"Abdul Qadir Solangi"
"Abdul_Rasheed_Godil","MQM",1,"Abdul Rasheed Godil"
"Abdul_Salam_Ansari","MQM",1,"Abdul Salam Ansari"
"Abdul_Sattar","MQM",1,"Abdul Sattar"
"Abdul_Sattar_Chaudhary","MQM",1,"Abdul Sattar Chaudhary"
"Abdul_Sattar_Jatoi","MQM",1,"Abdul Sattar Jatoi"
"Abdul_Waseem","MQM",2,"Abdul Waseem"
"Abdul_Waseem_Khan_Ghouri","MQM",1,"Abdul Waseem Khan Ghouri"
"Abid_Hussain","MQM",1,"Abid Hussain"
"Adbul_Rashid_Godil","MQM",1,"Adbul Rashid Godil"
"Advocate_Sikandar_Ali_Keerio","MQM",1,"Advocate Sikandar Ali Keerio"
"Advocate_Zulfiqar_Ali_Qazi","MQM",1,"Advocate Zulfiqar Ali Qazi"
"Afaq_Shafqat","MQM",1,"Afaq Shafqat"
"Aftab_Ahmed_Rajput","MQM",1,"Aftab Ahmed Rajput"
"Aftikhar_Akbar_Randhawa","MQM",1,"Aftikhar Akbar Randhawa"
"Agha_Muhammad_Ali_Khan","MQM",1,"Agha Muhammad Ali Khan"
"Agha_Muhammad_Naved","MQM",1,"Agha Muhammad Naved"
"Ahmed_Ali_Buriro","MQM",1,"Ahmed Ali Buriro"
"Ahmed_Gabol","MQM",1,"Ahmed Gabol"
"Ahmed_Saleem_Siddiqui","MQM",1,"Ahmed Saleem Siddiqui"
"Aijaz_Ali","MQM",1,"Aijaz Ali"
"Alam_Dar_Hussain_Shah","MQM",1,"Alam Dar Hussain Shah"
"Alama_Syed_Farman_Raza_Abidi","MQM",1,"Alama Syed Farman Raza Abidi"
"Alambardar_Hussain_Rizvi","MQM",1,"Alambardar Hussain Rizvi"
"Ali_Asghar_Rind","MQM",1,"Ali Asghar Rind"
"Ali_Muhammad_Memon","MQM",1,"Ali Muhammad Memon"
"Amin","MQM",1,"Amin"
"Aminul_Haque","MQM",1,"Aminul Haque"
"Anwar_Ali_Khan","MQM",1,"Anwar Ali Khan"
"Anwer_Sial_Bhai_","MQM",1,"Anwer Sial Bhai."
"Arbab_Abdul_Ghani_Kasi","MQM",1,"Arbab Abdul Ghani Kasi"
"Arif_Jamal","MQM",1,"Arif Jamal"
"Arshad_Abdullah_Vohra","MQM",1,"Arshad Abdullah Vohra"
"Arshad_Iqbal","MQM",1,"Arshad Iqbal"
"Arshad_Mahmood_Rabbani","MQM",1,"Arshad Mahmood Rabbani"
"Asad_Ullah_Shah","MQM",1,"Asad Ullah Shah"
"Asghar_Ali_Parhiar","MQM",1,"Asghar Ali Parhiar"
"Asghar_Ali_Parhiar_Advocate","MQM",1,"Asghar Ali Parhiar Advocate"
"Ashfaq","MQM",1,"Ashfaq"
"Atta_Shaikh_Advocate","MQM",1,"Atta Shaikh Advocate"
"Aziz_Ullah_Marwat","MQM",1,"Aziz Ullah Marwat"
"Babar_Siraj_Mirza","MQM",1,"Babar Siraj Mirza"
"Basir_Ahmad","MQM",1,"Basir Ahmad"
"Begum_Tahira_Asif","MQM",2,"Begum Tahira Asif"
"Bilal_Hussain","MQM",1,"Bilal Hussain"
"Bisma_Asif","MQM",1,"Bisma Asif"
"Ch__Hamid_Ali_Wahla","MQM",1,"Ch. Hamid Ali Wahla"
"Ch__Muahmmad_Shabbir_Kamboh","MQM",1,"Ch. Muahmmad Shabbir Kamboh"
"Ch__Muhammad_Safdar_Jamna","MQM",1,"Ch. Muhammad Safdar Jamna"
"Ch__Muhammad_Suleman_Gujar","MQM",1,"Ch. Muhammad Suleman Gujar"
"Ch__Zafar_Iqbal","MQM",1,"Ch. Zafar Iqbal"
"Ch_Abdul_Qayyum_Bajwa_Advocate","MQM",1,"Ch Abdul Qayyum Bajwa Advocate"
"Ch_Khalid_Hussain_Bhatti_Advocate","MQM",1,"Ch Khalid Hussain Bhatti Advocate"
"Chaudhry_Iftikhar_Ahmed_Siddhu_Advocate","MQM",1,"Chaudhry Iftikhar Ahmed Siddhu Advocate"
"Chaudhry_Javed_Sarwar","MQM",1,"Chaudhry Javed Sarwar"
"Chaudhry_Munawar_Hafeez","MQM",1,"Chaudhry Munawar Hafeez"
"Choudhary_Anwar_Ali_Gill_Advocate","MQM",1,"Choudhary Anwar Ali Gill Advocate"
"Choudhary_Muhammad_Ilyas","MQM",1,"Choudhary Muhammad Ilyas"
"Dev_Das","MQM",2,"Dev Das"
"Dildar_Ahmed_Khaskheli","MQM",1,"Dildar Ahmed Khaskheli"
"Doctor_Asif_Rafique","MQM",1,"Doctor Asif Rafique"
"Doctor_Hafiz_Mohammad_Sarwar_Joyia","MQM",1,"Doctor Hafiz Mohammad Sarwar Joyia"
"Dr__Abdul_Qadir_Khanzada","MQM",1,"Dr. Abdul Qadir Khanzada"
"Dr__Ejaz_Hussain","MQM",1,"Dr. Ejaz Hussain"
"Dr__Farooq_Sattar","MQM",1,"Dr. Farooq Sattar"
"Dr__K_s__Mujahid_Khan_Baloch","MQM",1,"Dr. K.s. Mujahid Khan Baloch"
"Dr__Khalid_Maqbool_Siddiqui","MQM",1,"Dr. Khalid Maqbool Siddiqui"
"Dr__Lala_Rukh_Mustafa","MQM",1,"Dr. Lala Rukh Mustafa"
"Dr__Muhammad_Ayoub_Shaikh","MQM",1,"Dr. Muhammad Ayoub Shaikh"
"Dr__Muhammad_Farooq_Sattar","MQM",2,"Dr. Muhammad Farooq Sattar"
"Dr__Mumtaz_Ali_Chandio","MQM",1,"Dr. Mumtaz Ali Chandio"
"Dr__Taj_Hussain_Fani","MQM",1,"Dr. Taj Hussain Fani"
"Dr_Abdul_Razaque_Lashari","MQM",1,"Dr Abdul Razaque Lashari"
"Dr_imam_Bux_Khilji","MQM",1,"Dr.imam Bux Khilji"
"Dr_Muhammad_Musa_Advocate","MQM",1,"Dr Muhammad Musa Advocate"
"Dr_nadeem_Ehsan","MQM",1,"Dr.nadeem Ehsan"
"Dr_Zaib_Un_Nisa","MQM",1,"Dr Zaib Un Nisa"
"Engineer_Afridi","MQM",1,"Engineer Afridi"
"Engineer_Muhammad_Zakir","MQM",1,"Engineer Muhammad Zakir"
"Fahmida_Shah_Bukhari","MQM",1,"Fahmida Shah Bukhari"
"Faiz_Muhammad","MQM",1,"Faiz Muhammad"
"Farhan_Chishti","MQM",1,"Farhan Chishti"
"Farhat_Muhammad_Khan","MQM",1,"Farhat Muhammad Khan"
"Farkhanda_Khalid","MQM",1,"Farkhanda Khalid"
"Farrukh_Hussain","MQM",1,"Farrukh Hussain"
"Fayyaz_Ali","MQM",1,"Fayyaz Ali"
"Fazal_Ul_Rehman","MQM",1,"Fazal Ul Rehman"
"Feroz_Khan","MQM",1,"Feroz Khan"
"Fouzia_Hameed","MQM",1,"Fouzia Hameed"
"Ghaman","MQM",1,"Ghaman"
"Ghazanfar_Anjum_Yousafzai_Advocate","MQM",1,"Ghazanfar Anjum Yousafzai Advocate"
"Ghazi_Salahuddin","MQM",1,"Ghazi Salahuddin"
"Ghulam_Akber_Mallah","MQM",1,"Ghulam Akber Mallah"
"Ghulam_Asghar_Rind","MQM",1,"Ghulam Asghar Rind"
"Ghulam_Farooq_Shahwani","MQM",1,"Ghulam Farooq Shahwani"
"Ghulam_Muhammad_Rajoka","MQM",1,"Ghulam Muhammad Rajoka"
"Ghulam_Murtza_Solangi","MQM",1,"Ghulam Murtza Solangi"
"Ghulam_Mustafa_Sumsam_Qureshi","MQM",1,"Ghulam Mustafa Sumsam Qureshi"
"Ghulam_Nabi","MQM",1,"Ghulam Nabi"
"Ghulam_Rasool","MQM",1,"Ghulam Rasool"
"Ghulam_Yasin","MQM",1,"Ghulam Yasin"
"Gulzar_Ali_Mugheri","MQM",1,"Gulzar Ali Mugheri"
"Habibullah_Khan","MQM",1,"Habibullah Khan"
"Hafeezuddin","MQM",1,"Hafeezuddin"
"Hafiz_Muhammad_Hanif","MQM",1,"Hafiz Muhammad Hanif"
"Haji_Muhammad_Saeed_Arian","MQM",1,"Haji Muhammad Saeed Arian"
"Hameed_Hussain","MQM",1,"Hameed Hussain"
"Hamid_Mehmood","MQM",1,"Hamid Mehmood"
"Hassan_Sabir","MQM",1,"Hassan Sabir"
"Heer_Soho","MQM",1,"Heer Soho"
"Hubdar_Ali","MQM",1,"Hubdar Ali"
"Humayu_Usman","MQM",1,"Humayu Usman"
"Hussain_Bakhsh_Panhwar","MQM",1,"Hussain Bakhsh Panhwar"
"Iftikhar_Mughal","MQM",1,"Iftikhar Mughal"
"Imran_Khan","MQM",1,"Imran Khan"
"Imran_Khan_Rajput","MQM",1,"Imran Khan Rajput"
"Imtiaz_Ali","MQM",1,"Imtiaz Ali"
"Imtiaz_Ali_Lakho","MQM",1,"Imtiaz Ali Lakho"
"Imtiaz_Hussain","MQM",1,"Imtiaz Hussain"
"Inayat_Ali_Rind","MQM",1,"Inayat Ali Rind"
"Inayat_Ul_Haq","MQM",1,"Inayat Ul Haq"
"Iqbal_Muhammad_Ali_Khan","MQM",2,"Iqbal Muhammad Ali Khan"
"Irfan_Ali_Bikak","MQM",1,"Irfan Ali Bikak"
"Irfan_Siddique","MQM",1,"Irfan Siddique"
"Irshad_Bano","MQM",1,"Irshad Bano"
"Izhar_Ul_Haq_Qureshi_Siddiqui","MQM",2,"Izhar Ul Haq Qureshi Siddiqui"
"Junaid_Ahmed_Samejo","MQM",1,"Junaid Ahmed Samejo"
"Junaid_Tariq_Qureshi_Advocate","MQM",1,"Junaid Tariq Qureshi Advocate"
"Kaleem_Khan","MQM",1,"Kaleem Khan"
"Karim_Khan","MQM",1,"Karim Khan"
"Kashif_Ali_Khan","MQM",1,"Kashif Ali Khan"
"Khair_Bux_Khosa","MQM",1,"Khair Bux Khosa"
"Khalid_Maqbool_Siddiqui","MQM",1,"Khalid Maqbool Siddiqui"
"Khalid_Mehmood","MQM",1,"Khalid Mehmood"
"Khawaja_Awais_Mushtaq","MQM",1,"Khawaja Awais Mushtaq"
"Khawaja_Izhar_Ul_Hassan","MQM",1,"Khawaja Izhar Ul Hassan"
"Khawaja_Sohail_Mansoor","MQM",1,"Khawaja Sohail Mansoor"
"Khursheed_Abbas","MQM",1,"Khursheed Abbas"
"Khursheed_Ali","MQM",1,"Khursheed Ali"
"Khushbakht_Shujat","MQM",1,"Khushbakht Shujat"
"Kiran_Muhammad_Ali","MQM",1,"Kiran Muhammad Ali"
"Kokab_Bukhari","MQM",1,"Kokab Bukhari"
"Liaqat_Ali","MQM",1,"Liaqat Ali"
"m_Ameen_Watoo","MQM",1,"m Ameen Watoo"
"Mahrukh_Mirza","MQM",1,"Mahrukh Mirza"
"Major_r__Habib_Ur_Rehman_Khan_Myo_Advocate","MQM",1,"Major(r) Habib Ur Rehman Khan Myo Advocate"
"Makhdoom_Syyed_Zawar_Hussain","MQM",1,"Makhdoom Syyed Zawar Hussain"
"Malik_Abdul_Hameed_Awan","MQM",1,"Malik Abdul Hameed Awan"
"Malik_Abdul_Rehman_Dehwar","MQM",1,"Malik Abdul Rehman Dehwar"
"Malik_Ameer_Abdullah_Awan","MQM",1,"Malik Ameer Abdullah Awan"
"Malik_Amjid_Hussain_Uttera","MQM",1,"Malik Amjid Hussain Uttera"
"Malik_Aurang_Zaib_Awan","MQM",1,"Malik Aurang Zaib Awan"
"Malik_Ejaz_Ahmad_Channar","MQM",1,"Malik Ejaz Ahmad Channar"
"Malik_Javed_Khan","MQM",1,"Malik Javed Khan"
"Malik_Mazhar_Hussain","MQM",1,"Malik Mazhar Hussain"
"Malik_Muhammad_Asif_Awan","MQM",1,"Malik Muhammad Asif Awan"
"Malik_Muhammad_Asim","MQM",1,"Malik Muhammad Asim"
"Malik_Subhoh_Saddiq","MQM",1,"Malik Subhoh Saddiq"
"Malik_Tanveer_Hussain","MQM",1,"Malik Tanveer Hussain"
"Malik_Tariq_Mehmood","MQM",1,"Malik Tariq Mehmood"
"Malik_Zafar_Iqbal_Boorh","MQM",1,"Malik Zafar Iqbal Boorh"
"Mangharam","MQM",1,"Mangharam"
"Manzoor_Joori","MQM",1,"Manzoor Joori"
"Maqsood_Ahmed_Awan","MQM",1,"Maqsood Ahmed Awan"
"Maryam_Bibi","MQM",1,"Maryam Bibi"
"Maulana_Noor_Ul_Haq","MQM",1,"Maulana Noor Ul Haq"
"Mazhar_Ali_Alvi","MQM",1,"Mazhar Ali Alvi"
"Mazhar_Hussain","MQM",1,"Mazhar Hussain"
"Mehar_Tajamal_Hussain_Luck","MQM",1,"Mehar Tajamal Hussain Luck"
"Mehboob_Alam","MQM",1,"Mehboob Alam"
"Mehmood_Qadir_Khanzada","MQM",1,"Mehmood Qadir Khanzada"
"Mehr_Tariq_Maqsood_Advocate","MQM",1,"Mehr Tariq Maqsood Advocate"
"Mian_Aftab_Ahmad_Qureshi","MQM",1,"Mian Aftab Ahmad Qureshi"
"Mian_Muhammad_Ateeq_Sheikh","MQM",1,"Mian Muhammad Ateeq Sheikh"
"Mian_Nadeem_Anwar","MQM",1,"Mian Nadeem Anwar"
"Mian_Sarfraz_Watto","MQM",1,"Mian Sarfraz Watto"
"Mian_Tariq_Ali_Bodla","MQM",1,"Mian Tariq Ali Bodla"
"Mian_Tariq_Mehmood","MQM",1,"Mian Tariq Mehmood"
"Mihtab_Hayat_Khan","MQM",1,"Mihtab Hayat Khan"
"Mir_Sanaullah_Khan_Murghazani","MQM",1,"Mir Sanaullah Khan Murghazani"
"Mirza_Muhammad_Jameel_Raza","MQM",1,"Mirza Muhammad Jameel Raza"
"Mohammad_Salman_Khan_Baloch","MQM",1,"Mohammad Salman Khan Baloch"
"Mohammad_Umer_Agha_Awaan","MQM",1,"Mohammad Umer Agha Awaan"
"Mohammad_Zubair_Anjum","MQM",1,"Mohammad Zubair Anjum"
"Mohsin_Badshah_Advocate","MQM",1,"Mohsin Badshah Advocate"
"Mr__Ghulam_Mohiuddin_Durrani__Advocate_","MQM",1,"Mr. Ghulam Mohiuddin Durrani (Advocate)"
"Mr__Rana_Fateh_Muhammad_Rajput","MQM",1,"Mr. Rana Fateh Muhammad Rajput"
"Mr_ferozuddin_Narejo","MQM",1,"Mr.ferozuddin Narejo"
"Mrs__Khush_Bakhat_Shujaat","MQM",1,"Mrs. Khush Bakhat Shujaat"
"Mudassar_Ejaz","MQM",1,"Mudassar Ejaz"
"Muhamamd_Moin_Aamer_Pirzada","MQM",1,"Muhamamd Moin Aamer Pirzada"
"Muhammad_Abdul_Rauf_Siddiqui","MQM",1,"Muhammad Abdul Rauf Siddiqui"
"Muhammad_Adrees","MQM",1,"Muhammad Adrees"
"Muhammad_Afzal","MQM",1,"Muhammad Afzal"
"Muhammad_Akhtar","MQM",1,"Muhammad Akhtar"
"Muhammad_Akram_Arain_Advocate","MQM",1,"Muhammad Akram Arain Advocate"
"Muhammad_Aleem","MQM",1,"Muhammad Aleem"
"Muhammad_Ali_Jawad","MQM",1,"Muhammad Ali Jawad"
"Muhammad_Ali_Rashid","MQM",1,"Muhammad Ali Rashid"
"Muhammad_Ali_Rodeni","MQM",1,"Muhammad Ali Rodeni"
"Muhammad_Amin","MQM",1,"Muhammad Amin"
"Muhammad_Amin_Wattoo_","MQM",1,"Muhammad Amin Wattoo."
"Muhammad_Anwar","MQM",1,"Muhammad Anwar"
"Muhammad_Anwar_Khantareen","MQM",1,"Muhammad Anwar Khantareen"
"Muhammad_Arif_Brohi","MQM",1,"Muhammad Arif Brohi"
"Muhammad_Arshad","MQM",1,"Muhammad Arshad"
"Muhammad_Asif_Jah","MQM",1,"Muhammad Asif Jah"
"Muhammad_Aslam__Retired_","MQM",1,"Muhammad Aslam (Retired)"
"Muhammad_Ayoub","MQM",1,"Muhammad Ayoub"
"Muhammad_Azam","MQM",1,"Muhammad Azam"
"Muhammad_Hafeez_Tabassum","MQM",1,"Muhammad Hafeez Tabassum"
"Muhammad_Hanif_Ansari","MQM",1,"Muhammad Hanif Ansari"
"Muhammad_Hussain_Awan","MQM",1,"Muhammad Hussain Awan"
"Muhammad_Ilyas","MQM",1,"Muhammad Ilyas"
"Muhammad_Imran_Gill","MQM",1,"Muhammad Imran Gill"
"Muhammad_Imran_Ijaz_Butt","MQM",1,"Muhammad Imran Ijaz Butt"
"Muhammad_Iqbal_Khan","MQM",1,"Muhammad Iqbal Khan"
"Muhammad_Ismail","MQM",1,"Muhammad Ismail"
"Muhammad_Jan_Rind","MQM",1,"Muhammad Jan Rind"
"Muhammad_Javed","MQM",1,"Muhammad Javed"
"Muhammad_Jawed_Hanif_Khan","MQM",1,"Muhammad Jawed Hanif Khan"
"Muhammad_Jumma_Changazi","MQM",1,"Muhammad Jumma Changazi"
"Muhammad_Junaid_Niaz_Siddiqui","MQM",1,"Muhammad Junaid Niaz Siddiqui"
"Muhammad_Malik","MQM",1,"Muhammad Malik"
"Muhammad_Meraj_Ahmed","MQM",1,"Muhammad Meraj Ahmed"
"Muhammad_Mureed_Brohi","MQM",1,"Muhammad Mureed Brohi"
"Muhammad_Muzammil_Qureshi","MQM",1,"Muhammad Muzammil Qureshi"
"Muhammad_Nawaz","MQM",1,"Muhammad Nawaz"
"Muhammad_Pervaiz","MQM",1,"Muhammad Pervaiz"
"Muhammad_Ramzan_Lashari","MQM",1,"Muhammad Ramzan Lashari"
"Muhammad_Rashid_Saleem_Khanzada","MQM",1,"Muhammad Rashid Saleem Khanzada"
"Muhammad_Rehan_Hashmi","MQM",1,"Muhammad Rehan Hashmi"
"Muhammad_Roshan_Khan","MQM",1,"Muhammad Roshan Khan"
"Muhammad_Sadiq","MQM",1,"Muhammad Sadiq"
"Muhammad_Saeed_Anwar","MQM",1,"Muhammad Saeed Anwar"
"Muhammad_Saleem","MQM",1,"Muhammad Saleem"
"Muhammad_Saleem_Langah","MQM",1,"Muhammad Saleem Langah"
"Muhammad_Sarwar_Alvi","MQM",1,"Muhammad Sarwar Alvi"
"Muhammad_Shafique","MQM",1,"Muhammad Shafique"
"Muhammad_Shafique_Bhatti","MQM",1,"Muhammad Shafique Bhatti"
"Muhammad_Shahid","MQM",1,"Muhammad Shahid"
"Muhammad_Talib_Bhatti","MQM",1,"Muhammad Talib Bhatti"
"Muhammad_Tariq_Pachar","MQM",1,"Muhammad Tariq Pachar"
"Muhammad_Tufail_Thakar_Advocate","MQM",1,"Muhammad Tufail Thakar Advocate"
"Muhammad_Yaqoob","MQM",1,"Muhammad Yaqoob"
"Muhammad_Yaseen","MQM",2,"Muhammad Yaseen"
"Muhammad_Yousaf","MQM",1,"Muhammad Yousaf"
"Muhammad_Zakir_Shaikh","MQM",1,"Muhammad Zakir Shaikh"
"Muhammad_Zunbair_Anjum","MQM",1,"Muhammad Zunbair Anjum"
"Mujahid_Abbas_Khan","MQM",1,"Mujahid Abbas Khan"
"Mulana_Abdul_Baqi_Torkhel","MQM",1,"Mulana Abdul Baqi Torkhel"
"Mumtaz_Bhai","MQM",1,"Mumtaz Bhai"
"Munawar_Ali_Chohan","MQM",1,"Munawar Ali Chohan"
"Munawar_Ali_Choohan_","MQM",1,"Munawar Ali Choohan."
"Munir_Ahmad","MQM",1,"Munir Ahmad"
"Munir_Ahmed_Pathan","MQM",1,"Munir Ahmed Pathan"
"Munzleen","MQM",1,"Munzleen"
"Mushtaq_Ali","MQM",1,"Mushtaq Ali"
"Mustafa_Kamal","MQM",1,"Mustafa Kamal"
"Muzammil_Hussain_Joyia","MQM",1,"Muzammil Hussain Joyia"
"Nabeel_Ahmed_Gabol","MQM",1,"Nabeel Ahmed Gabol"
"Nadeem_Brohi_Bhai","MQM",1,"Nadeem Brohi Bhai"
"Naeem_Ajmal_Khan_Lashari_Bedar","MQM",1,"Naeem Ajmal Khan Lashari Bedar"
"Najma","MQM",1,"Najma"
"Naseem_Akhtar","MQM",1,"Naseem Akhtar"
"Naseer_Ahmed_Farooqi","MQM",1,"Naseer Ahmed Farooqi"
"Nasir_Ayyub_Awan_Advocate","MQM",1,"Nasir Ayyub Awan Advocate"
"Naveed_Akhter_Khan","MQM",1,"Naveed Akhter Khan"
"Naveed_Hasan","MQM",1,"Naveed Hasan"
"Nawab_Ali","MQM",1,"Nawab Ali"
"Nazir_Ahmed","MQM",1,"Nazir Ahmed"
"Nazir_Ahmed_Abbasi","MQM",1,"Nazir Ahmed Abbasi"
"Nazir_Hussain","MQM",1,"Nazir Hussain"
"Nazli_Ifat_Tabasum","MQM",1,"Nazli Ifat Tabasum"
"Niaz_Muhammad","MQM",1,"Niaz Muhammad"
"Nisar_Ahmed_Shar","MQM",1,"Nisar Ahmed Shar"
"Nisar_Ahmed_Sultan_Tanoli","MQM",1,"Nisar Ahmed Sultan Tanoli"
"Noor_Ahmad","MQM",1,"Noor Ahmad"
"Noor_Mohammad_Sahito","MQM",1,"Noor Mohammad Sahito"
"Paras","MQM",1,"Paras"
"Peer_Nasir_Saqlalin_Muhammadi","MQM",1,"Peer Nasir Saqlalin Muhammadi"
"Pir_Bux_Solangi","MQM",1,"Pir Bux Solangi"
"Pir_Syed_Farzand_Ali_Shah","MQM",1,"Pir Syed Farzand Ali Shah"
"Pir_Zaman_Shah","MQM",1,"Pir Zaman Shah"
"Poonjo_Bheel_Advocate","MQM",1,"Poonjo Bheel Advocate"
"Prem_Chand","MQM",1,"Prem Chand"
"Prof__Mushtaq_Hussain_Mughal","MQM",1,"Prof. Mushtaq Hussain Mughal"
"Prof_muhammad_Sagheer_Choudhary_","MQM",1,"Prof.muhammad Sagheer Choudhary."
"Professor_Khursheed_Ahmed_Siddiqui","MQM",1,"Professor Khursheed Ahmed Siddiqui"
"Qalib_Abbas_Malik","MQM",1,"Qalib Abbas Malik"
"Qayum_Khan","MQM",1,"Qayum Khan"
"Rai_Muhammad_Younas","MQM",1,"Rai Muhammad Younas"
"Raja_Ajaz_Hussain","MQM",1,"Raja Ajaz Hussain"
"Raja_Imran_Ashraf","MQM",1,"Raja Imran Ashraf"
"Rana_Abdul_Rehman_Sultani","MQM",1,"Rana Abdul Rehman Sultani"
"Rana_Farhat_Ali_Advocate","MQM",1,"Rana Farhat Ali Advocate"
"Rana_Muhamamd_Ashraf","MQM",1,"Rana Muhamamd Ashraf"
"Rana_Muhammad_Abu_Bakar","MQM",1,"Rana Muhammad Abu Bakar"
"Rana_Muhammad_Arif_Raza","MQM",1,"Rana Muhammad Arif Raza"
"Rana_Muhammad_Arshad_Khan","MQM",1,"Rana Muhammad Arshad Khan"
"Rana_Nisar_Ahmed","MQM",1,"Rana Nisar Ahmed"
"Rana_Sajid_Mehmood_Advocate","MQM",2,"Rana Sajid Mehmood Advocate"
"Rana_Zafar_Ali_Khan","MQM",1,"Rana Zafar Ali Khan"
"Rana_Zahoor_Ul_Haq_Advocate","MQM",1,"Rana Zahoor Ul Haq Advocate"
"Rana_Zulqarnain_Khan","MQM",1,"Rana Zulqarnain Khan"
"Rao_Abdul_Qayoum_Khan_Advocate","MQM",1,"Rao Abdul Qayoum Khan Advocate"
"Rao_Abdul_Qayyum_Khan_Advocate","MQM",1,"Rao Abdul Qayyum Khan Advocate"
"Rao_Muhammad_Farman_Uarf_Chotu_Chacha","MQM",1,"Rao Muhammad Farman Uarf Chotu Chacha"
"Razia_Iqbal","MQM",1,"Razia Iqbal"
"Razziq_Mehmood_Bhatti","MQM",1,"Razziq Mehmood Bhatti"
"Riaz_Ahmed","MQM",1,"Riaz Ahmed"
"Riaz_Shar","MQM",1,"Riaz Shar"
"Rizwan_Zafar","MQM",1,"Rizwan Zafar"
"S_a_iqbal_Qadri","MQM",1,"S.a.iqbal Qadri"
"Saba_Anwar","MQM",1,"Saba Anwar"
"Sadiq_Iftikhar","MQM",1,"Sadiq Iftikhar"
"Safdar_Ali","MQM",1,"Safdar Ali"
"Saifullah_Khan","MQM",1,"Saifullah Khan"
"Sajid_Ahmed","MQM",2,"Sajid Ahmed"
"Sajid_Ali","MQM",1,"Sajid Ali"
"Sajid_Wahab_Khanzada","MQM",1,"Sajid Wahab Khanzada"
"Sajjad_Ahmad_Naseem","MQM",1,"Sajjad Ahmad Naseem"
"Sakhi_Dad_Mari","MQM",1,"Sakhi Dad Mari"
"Salahuddin","MQM",1,"Salahuddin"
"Samia_Naz","MQM",2,"Samia Naz"
"Sardar_Afzaal_Ahmed_Madahar_Advocate","MQM",1,"Sardar Afzaal Ahmed Madahar Advocate"
"Sardar_Ameer_Qalam_Awan","MQM",1,"Sardar Ameer Qalam Awan"
"Sardar_Ghulam_Mujtaba_Khan","MQM",1,"Sardar Ghulam Mujtaba Khan"
"Sardar_Nabeel_Ahmed_Gabol","MQM",1,"Sardar Nabeel Ahmed Gabol"
"Sarfaraz_Khan","MQM",1,"Sarfaraz Khan"
"Sarwar_Khan_Lashri_Advocate_High_Court_","MQM",1,"Sarwar Khan Lashri Advocate High Court."
"Shabbir_Ahmed_Qaimkhani","MQM",2,"Shabbir Ahmed Qaimkhani"
"Shah_Nawaz_Mahar","MQM",1,"Shah Nawaz Mahar"
"Shahid_Akram","MQM",1,"Shahid Akram"
"Shahid_Khan_Advocate","MQM",1,"Shahid Khan Advocate"
"Shahid_Parvaiz_Dogar_Advocate","MQM",1,"Shahid Parvaiz Dogar Advocate"
"Shahid_Sultan","MQM",1,"Shahid Sultan"
"Shahinshah_Khuddar","MQM",1,"Shahinshah Khuddar"
"Shaikh_Salahuddin","MQM",1,"Shaikh Salahuddin"
"Shakeel_Ahmed","MQM",1,"Shakeel Ahmed"
"Shaukatullah_Farooqui","MQM",1,"Shaukatullah Farooqui"
"Shehbaz_Khan_Umrani","MQM",1,"Shehbaz Khan Umrani"
"Shehzad_Asif_Javed","MQM",1,"Shehzad Asif Javed"
"Sheikh_Qaisar_Javed","MQM",1,"Sheikh Qaisar Javed"
"Sheikh_Salahuddin","MQM",1,"Sheikh Salahuddin"
"Sher_Muhammad_Nohri","MQM",1,"Sher Muhammad Nohri"
"Siraj-Ud-Din","MQM",1,"Siraj-Ud-Din"
"Sohail_Ahmed_Abbasi","MQM",1,"Sohail Ahmed Abbasi"
"Sohail_Mansoor_Khawaja","MQM",1,"Sohail Mansoor Khawaja"
"Sufyan_Yousuf","MQM",2,"Sufyan Yousuf"
"Suhail_Ahmed_Abbasi_Advocate_","MQM",1,"Suhail Ahmed Abbasi Advocate."
"Suheno","MQM",1,"Suheno"
"Syed_Akhter_Ul_Iqbal_Qadri","MQM",1,"Syed Akhter Ul Iqbal Qadri"
"Syed_Ali_Abbas_Shah","MQM",1,"Syed Ali Abbas Shah"
"Syed_Ali_Raza_Abidi","MQM",1,"Syed Ali Raza Abidi"
"Syed_Asghar_Ali_Shah","MQM",1,"Syed Asghar Ali Shah"
"Syed_Ashraf_Hussain_Shah","MQM",1,"Syed Ashraf Hussain Shah"
"Syed_Asif_Hasnain","MQM",2,"Syed Asif Hasnain"
"Syed_Baqar_Ahsan","MQM",1,"Syed Baqar Ahsan"
"Syed_Farzand_Ali_Shah","MQM",1,"Syed Farzand Ali Shah"
"Syed_Ghulam_Shabbir_Shah","MQM",1,"Syed Ghulam Shabbir Shah"
"Syed_Haider_Abbas_Rizvi","MQM",1,"Syed Haider Abbas Rizvi"
"Syed_Imran_Abdullah_so_Syed_Muhammd_Abdullah_Shah","MQM",1,"Syed Imran Abdullah so Syed Muhammd Abdullah Shah"
"Syed_Imran_Hyder_Shah","MQM",1,"Syed Imran Hyder Shah"
"Syed_Iqbal_Hussain","MQM",1,"Syed Iqbal Hussain"
"Syed_Jamil_Ur_Rab","MQM",1,"Syed Jamil Ur Rab"
"Syed_Jehan_Shah__Retd_","MQM",1,"Syed Jehan Shah (Retd)"
"Syed_Munir_Ul_Haq_Advocate_Attock","MQM",1,"Syed Munir Ul Haq Advocate Attock"
"Syed_Murtaza_Hussain_Shah","MQM",1,"Syed Murtaza Hussain Shah"
"Syed_Nadeem_Hyder_Shah_Advocate","MQM",1,"Syed Nadeem Hyder Shah Advocate"
"Syed_Nadeem_Mansoor","MQM",1,"Syed Nadeem Mansoor"
"Syed_Naveed_Anjum_Bukhari","MQM",1,"Syed Naveed Anjum Bukhari"
"Syed_Rafi_Uddin","MQM",1,"Syed Rafi Uddin"
"Syed_Riffat_Hussain_Shah","MQM",1,"Syed Riffat Hussain Shah"
"Syed_Sajjad_Hussain_Shah","MQM",1,"Syed Sajjad Hussain Shah"
"Syed_Tayyab_Hussain","MQM",1,"Syed Tayyab Hussain"
"Syed_Waseem_Hussain","MQM",2,"Syed Waseem Hussain"
"Syed_Zafar_Iqbal_Bukhari","MQM",1,"Syed Zafar Iqbal Bukhari"
"Syed_Zahid_Ali_Shah","MQM",1,"Syed Zahid Ali Shah"
"Ubedullah","MQM",1,"Ubedullah"
"Usman_Ghani","MQM",1,"Usman Ghani"
"Waheed_Ahmed_Mughal","MQM",1,"Waheed Ahmed Mughal"
"Waheed_Ud_Din","MQM",1,"Waheed Ud Din"
"Walidad","MQM",1,"Walidad"
"Waseem_Ahmed","MQM",1,"Waseem Ahmed"
"Waseem_Akhter","MQM",1,"Waseem Akhter"
"Wasiullah_Lakhoo","MQM",1,"Wasiullah Lakhoo"
"Wing_Commander_r__Muhammad_Nawaz_Asim","MQM",1,"Wing Commander(r) Muhammad Nawaz Asim"
"Zafar_Iqbal","MQM",1,"Zafar Iqbal"
"Zaheer_Ahmed","MQM",1,"Zaheer Ahmed"
"Zahid_Ali_Ujjan","MQM",1,"Zahid Ali Ujjan"
"Zahid_Mehmood_Kiani","MQM",1,"Zahid Mehmood Kiani"
"Zair_Ullah_Khan","MQM",1,"Zair Ullah Khan"
"Zameer_Ahmed","MQM",1,"Zameer Ahmed"
"Zeeshan_Hasan_Sidhu_Advocate","MQM",1,"Zeeshan Hasan Sidhu Advocate"
"Zulfiqar_Ali","MQM",1,"Zulfiqar Ali"
"Khadam_Hussain","Mustaqbil Pakistan",1,"Khadam Hussain"
"Nadeem_Mumtaz_Qureshi","Mustaqbil Pakistan",1,"Nadeem Mumtaz Qureshi"
"Meer_Rab_Nawaz_Khan","Mutahida Baloch Movement Pakistan",1,"Meer Rab Nawaz Khan"
"Abdul_Ghafoor","MUTAHIDA DEENI MAHAZ",1,"Abdul Ghafoor"
"Abdul_Hai_Sheikh_Qari_Sahab","MUTAHIDA DEENI MAHAZ",1,"Abdul Hai Sheikh Qari Sahab"
"Abdul_Hakam","MUTAHIDA DEENI MAHAZ",1,"Abdul Hakam"
"Abdul_Hameed","MUTAHIDA DEENI MAHAZ",1,"Abdul Hameed"
"Abdul_Hanan","MUTAHIDA DEENI MAHAZ",1,"Abdul Hanan"
"Abdul_Khaliq_Rehmani","MUTAHIDA DEENI MAHAZ",1,"Abdul Khaliq Rehmani"
"Abdul_Rasheed","MUTAHIDA DEENI MAHAZ",1,"Abdul Rasheed"
"Amanullah_Usmani","MUTAHIDA DEENI MAHAZ",1,"Amanullah Usmani"
"Anus_Bin_Malik","MUTAHIDA DEENI MAHAZ",1,"Anus Bin Malik"
"Asghar_Ali_Abbasi","MUTAHIDA DEENI MAHAZ",1,"Asghar Ali Abbasi"
"Atta_Ullah","MUTAHIDA DEENI MAHAZ",1,"Atta Ullah"
"Atta_Ur_Rehman","MUTAHIDA DEENI MAHAZ",1,"Atta Ur Rehman"
"Babar_Ali","MUTAHIDA DEENI MAHAZ",1,"Babar Ali"
"Bashir_Ahmad","MUTAHIDA DEENI MAHAZ",1,"Bashir Ahmad"
"Bilal_Ahmed","MUTAHIDA DEENI MAHAZ",1,"Bilal Ahmed"
"Chand_Faisal","MUTAHIDA DEENI MAHAZ",1,"Chand Faisal"
"Faridullah","MUTAHIDA DEENI MAHAZ",1,"Faridullah"
"Fiaz_Ur_Rehman_Siddiqui","MUTAHIDA DEENI MAHAZ",1,"Fiaz Ur Rehman Siddiqui"
"Ghulam_Muhammad","MUTAHIDA DEENI MAHAZ",1,"Ghulam Muhammad"
"Gul_Wazir_Shaheen","MUTAHIDA DEENI MAHAZ",1,"Gul Wazir Shaheen"
"Habibullah_Mukhtiar","MUTAHIDA DEENI MAHAZ",1,"Habibullah Mukhtiar"
"Hafeezullah_Chandio","MUTAHIDA DEENI MAHAZ",1,"Hafeezullah Chandio"
"Hafiz_Asim_Makdoom","MUTAHIDA DEENI MAHAZ",1,"Hafiz Asim Makdoom"
"Hafiz_Manzoor_Ahmed_Solangi","MUTAHIDA DEENI MAHAZ",1,"Hafiz Manzoor Ahmed Solangi"
"Hafiz_Mohammad_Akber","MUTAHIDA DEENI MAHAZ",1,"Hafiz Mohammad Akber"
"Hafiz_Muhammad_Hanif_Usmani","MUTAHIDA DEENI MAHAZ",1,"Hafiz Muhammad Hanif Usmani"
"Hafiz_Muhammad_Safdar_Qasmi","MUTAHIDA DEENI MAHAZ",1,"Hafiz Muhammad Safdar Qasmi"
"Hafiz_Orangzaib","MUTAHIDA DEENI MAHAZ",1,"Hafiz Orangzaib"
"Hafiz_Qudratullah_Arif_Khan","MUTAHIDA DEENI MAHAZ",1,"Hafiz Qudratullah Arif Khan"
"Hafiz_Rana_Muhammad_Usman_Shakar","MUTAHIDA DEENI MAHAZ",1,"Hafiz Rana Muhammad Usman Shakar"
"Hakeem_Jameel_Asghar_Khizri","MUTAHIDA DEENI MAHAZ",1,"Hakeem Jameel Asghar Khizri"
"Hakeem_Muhammad_Sadique","MUTAHIDA DEENI MAHAZ",1,"Hakeem Muhammad Sadique"
"Imdad_Ali","MUTAHIDA DEENI MAHAZ",1,"Imdad Ali"
"Ishtiaq_Ahmad","MUTAHIDA DEENI MAHAZ",1,"Ishtiaq Ahmad"
"Khalifa_Abdul_Qayyum","MUTAHIDA DEENI MAHAZ",1,"Khalifa Abdul Qayyum"
"Khwaja_Muhammad","MUTAHIDA DEENI MAHAZ",1,"Khwaja Muhammad"
"Mahar_Ghulam_Shabir","MUTAHIDA DEENI MAHAZ",1,"Mahar Ghulam Shabir"
"Maulana_Rasheed_Ahmad","MUTAHIDA DEENI MAHAZ",1,"Maulana Rasheed Ahmad"
"Maulana_Umar_Farooq_Saddiqui","MUTAHIDA DEENI MAHAZ",1,"Maulana Umar Farooq Saddiqui"
"Mohammad_Ramzan_Malik_Mdm","MUTAHIDA DEENI MAHAZ",1,"Mohammad Ramzan Malik Mdm"
"Mohammad_Tayyab","MUTAHIDA DEENI MAHAZ",1,"Mohammad Tayyab"
"Molana_Abdul_Waheed","MUTAHIDA DEENI MAHAZ",1,"Molana Abdul Waheed"
"Molana_Hamid_Ul_Haq_Haqqani","MUTAHIDA DEENI MAHAZ",1,"Molana Hamid Ul Haq Haqqani"
"Molana_Hidayat_Ullah_Khan_Chishti","MUTAHIDA DEENI MAHAZ",1,"Molana Hidayat Ullah Khan Chishti"
"Molana_Iftikhar_Ahmed","MUTAHIDA DEENI MAHAZ",1,"Molana Iftikhar Ahmed"
"Molana_Muhammad_Ahmad_Ludhianvi","MUTAHIDA DEENI MAHAZ",1,"Molana Muhammad Ahmad Ludhianvi"
"Molana_Muhammad_Bilal_Umer","MUTAHIDA DEENI MAHAZ",1,"Molana Muhammad Bilal Umer"
"Molana_Taj_Muhammad_Hanfi","MUTAHIDA DEENI MAHAZ",1,"Molana Taj Muhammad Hanfi"
"Mollana_Abdul_Kabeer_Shahkir","MUTAHIDA DEENI MAHAZ",1,"Mollana Abdul Kabeer Shahkir"
"Molvi_Abdul_Hai","MUTAHIDA DEENI MAHAZ",1,"Molvi Abdul Hai"
"Mr_ayoub_Chandio","MUTAHIDA DEENI MAHAZ",1,"Mr.ayoub Chandio"
"Muhammad_Arfan_Siddiquei_Advocate","MUTAHIDA DEENI MAHAZ",1,"Muhammad Arfan Siddiquei Advocate"
"Muhammad_Ashiq_Khan","MUTAHIDA DEENI MAHAZ",1,"Muhammad Ashiq Khan"
"Muhammad_Aslam_Siddiqui","MUTAHIDA DEENI MAHAZ",1,"Muhammad Aslam Siddiqui"
"Muhammad_Basir_Sikhan_Advocate","MUTAHIDA DEENI MAHAZ",1,"Muhammad Basir Sikhan Advocate"
"Muhammad_Hayat_Muhammad_Hassani","MUTAHIDA DEENI MAHAZ",1,"Muhammad Hayat Muhammad Hassani"
"Muhammad_Ibrahim_Qasmi","MUTAHIDA DEENI MAHAZ",1,"Muhammad Ibrahim Qasmi"
"Muhammad_Iqbal_Jutt","MUTAHIDA DEENI MAHAZ",1,"Muhammad Iqbal Jutt"
"Muhammad_Ishaq","MUTAHIDA DEENI MAHAZ",1,"Muhammad Ishaq"
"Muhammad_Muhsan_Rahmani","MUTAHIDA DEENI MAHAZ",1,"Muhammad Muhsan Rahmani"
"Muhammad_Naseem_Khan","MUTAHIDA DEENI MAHAZ",1,"Muhammad Naseem Khan"
"Muhammad_Saeed","MUTAHIDA DEENI MAHAZ",1,"Muhammad Saeed"
"Muhammad_Sarwar","MUTAHIDA DEENI MAHAZ",1,"Muhammad Sarwar"
"Muhammad_Tahir_Makhdoom","MUTAHIDA DEENI MAHAZ",1,"Muhammad Tahir Makhdoom"
"Mulana_Muhammad_Asif_Moavia_Sial","MUTAHIDA DEENI MAHAZ",1,"Mulana Muhammad Asif Moavia Sial"
"Qari_Abdul_Majeed","MUTAHIDA DEENI MAHAZ",1,"Qari Abdul Majeed"
"Qari_Abdul_Majeed_Pitafi","MUTAHIDA DEENI MAHAZ",1,"Qari Abdul Majeed Pitafi"
"Qari_Asghar_Ali","MUTAHIDA DEENI MAHAZ",1,"Qari Asghar Ali"
"Qari_Faqir_Mohammad_Hazarvi","MUTAHIDA DEENI MAHAZ",1,"Qari Faqir Mohammad Hazarvi"
"Qari_Hussain_Ahmad_Shad","MUTAHIDA DEENI MAHAZ",1,"Qari Hussain Ahmad Shad"
"Qazi_Naeem_Akhtar","MUTAHIDA DEENI MAHAZ",1,"Qazi Naeem Akhtar"
"Qazi_Saif_Ullah_Khan","MUTAHIDA DEENI MAHAZ",1,"Qazi Saif Ullah Khan"
"Qudratullah_Rajput","MUTAHIDA DEENI MAHAZ",1,"Qudratullah Rajput"
"Raheem_Bukhsh","MUTAHIDA DEENI MAHAZ",1,"Raheem Bukhsh"
"Rana_Hafiz_Abdul_Jabbar_Muavia","MUTAHIDA DEENI MAHAZ",1,"Rana Hafiz Abdul Jabbar Muavia"
"Rao_Habib_Ur_Rehman","MUTAHIDA DEENI MAHAZ",1,"Rao Habib Ur Rehman"
"Rao_Muhammad_Javaid_Iqbal","MUTAHIDA DEENI MAHAZ",1,"Rao Muhammad Javaid Iqbal"
"Rehan_Mehmood_Zia","MUTAHIDA DEENI MAHAZ",1,"Rehan Mehmood Zia"
"Shah_Abdul_Aziz","MUTAHIDA DEENI MAHAZ",1,"Shah Abdul Aziz"
"Syed_Bahroon_Shah","MUTAHIDA DEENI MAHAZ",1,"Syed Bahroon Shah"
"Syed_Faisal_Hussain_Shah_Gillani","MUTAHIDA DEENI MAHAZ",1,"Syed Faisal Hussain Shah Gillani"
"Syed_Muhammad_Subtain_Shah_Naqvi","MUTAHIDA DEENI MAHAZ",1,"Syed Muhammad Subtain Shah Naqvi"
"Tahir_Aqeel","MUTAHIDA DEENI MAHAZ",1,"Tahir Aqeel"
"Ubaid_Ullah","MUTAHIDA DEENI MAHAZ",1,"Ubaid Ullah"
"Umar_Farooq","MUTAHIDA DEENI MAHAZ",1,"Umar Farooq"
"Zaheer_Uddin_Baber","MUTAHIDA DEENI MAHAZ",1,"Zaheer Uddin Baber"
"Zar_Wali_Khan","MUTAHIDA DEENI MAHAZ",1,"Zar Wali Khan"
"Habib_Noor","Mutahidda Qabil Party",1,"Habib Noor"
"Malik_Habib_Malak_Orakzai","Mutahidda Qabil Party",1,"Malik Habib Malak Orakzai"
"Noor_Jamal_Shah","Mutahidda Qabil Party",1,"Noor Jamal Shah"
"Abdul_Aziz_Baloch","Muttahidda Majlis-e-Amal Pakistan",1,"Abdul Aziz Baloch"
"Abdul_Aziz_Khan_Khilji_Advocate","Muttahidda Majlis-e-Amal Pakistan",1,"Abdul Aziz Khan Khilji Advocate"
"Abdul_Moeen_Qureshi","Muttahidda Majlis-e-Amal Pakistan",1,"Abdul Moeen Qureshi"
"Abdullah_Shaikh","Muttahidda Majlis-e-Amal Pakistan",1,"Abdullah Shaikh"
"Allama_Doctor_Muhammad_Anees_Rohani","Muttahidda Majlis-e-Amal Pakistan",1,"Allama Doctor Muhammad Anees Rohani"
"Anwar_Ul_Habib","Muttahidda Majlis-e-Amal Pakistan",1,"Anwar Ul Habib"
"Aslam_Katchela","Muttahidda Majlis-e-Amal Pakistan",1,"Aslam Katchela"
"Atta_Ur_Rehman","Muttahidda Majlis-e-Amal Pakistan",1,"Atta Ur Rehman"
"Attaullah_Khoso","Muttahidda Majlis-e-Amal Pakistan",1,"Attaullah Khoso"
"Aziz_Ud_Din","Muttahidda Majlis-e-Amal Pakistan",1,"Aziz Ud Din"
"Doctor_Muhammad_Khalid_Raza_Pir_Zakori_Sharif","Muttahidda Majlis-e-Amal Pakistan",1,"Doctor Muhammad Khalid Raza Pir Zakori Sharif"
"Dr__Abdul_Rehman_Shakir","Muttahidda Majlis-e-Amal Pakistan",1,"Dr. Abdul Rehman Shakir"
"Dr__Abid_Rauf_Orakzai","Muttahidda Majlis-e-Amal Pakistan",1,"Dr. Abid Rauf Orakzai"
"Ehsan_Bari_Mian_Doctor_Sahib","Muttahidda Majlis-e-Amal Pakistan",1,"Ehsan Bari Mian Doctor Sahib"
"Ghulam_Kibriya_Rizwan__G_k__Rizwan_Advocate_","Muttahidda Majlis-e-Amal Pakistan",1,"Ghulam Kibriya Rizwan (G.k. Rizwan Advocate)"
"Hafiz_Abdul_Razaq_Parhyar","Muttahidda Majlis-e-Amal Pakistan",1,"Hafiz Abdul Razaq Parhyar"
"Hafiz_Muhammad_Ejaz-Ul-Haq_Ch_","Muttahidda Majlis-e-Amal Pakistan",1,"Hafiz Muhammad Ejaz-Ul-Haq Ch."
"Hafiz_Muhammad_Hanif_Zafar__Advocate_","Muttahidda Majlis-e-Amal Pakistan",1,"Hafiz Muhammad Hanif Zafar (Advocate)"
"Hafiz_Muhammad_Ibrahim_Soomro","Muttahidda Majlis-e-Amal Pakistan",1,"Hafiz Muhammad Ibrahim Soomro"
"Hafiz_Muhammad_Idrees","Muttahidda Majlis-e-Amal Pakistan",1,"Hafiz Muhammad Idrees"
"Hafiz_Muhammad_Nadeem","Muttahidda Majlis-e-Amal Pakistan",1,"Hafiz Muhammad Nadeem"
"Hafiz_Saeed_Ahmad","Muttahidda Majlis-e-Amal Pakistan",1,"Hafiz Saeed Ahmad"
"Hafiz_Sana_Ullah","Muttahidda Majlis-e-Amal Pakistan",1,"Hafiz Sana Ullah"
"Haji_Abdul_Jalil_Jan","Muttahidda Majlis-e-Amal Pakistan",1,"Haji Abdul Jalil Jan"
"Haji_Ghulam_Qadir_Noohani","Muttahidda Majlis-e-Amal Pakistan",1,"Haji Ghulam Qadir Noohani"
"Haji_Rozuddin","Muttahidda Majlis-e-Amal Pakistan",1,"Haji Rozuddin"
"Hidayat-Ur-Rehman","Muttahidda Majlis-e-Amal Pakistan",1,"Hidayat-Ur-Rehman"
"Hizbullah","Muttahidda Majlis-e-Amal Pakistan",1,"Hizbullah"
"Ibrahim_Rais_Advocate","Muttahidda Majlis-e-Amal Pakistan",1,"Ibrahim Rais Advocate"
"Iftikhar_Ahmed_Haqani","Muttahidda Majlis-e-Amal Pakistan",1,"Iftikhar Ahmed Haqani"
"Iftikhar_Ahmed_Haqqani","Muttahidda Majlis-e-Amal Pakistan",1,"Iftikhar Ahmed Haqqani"
"Imdad_Hussain_Pitafi","Muttahidda Majlis-e-Amal Pakistan",1,"Imdad Hussain Pitafi"
"Kari_Abdul_Rasheed_Awan__Retired_","Muttahidda Majlis-e-Amal Pakistan",1,"Kari Abdul Rasheed Awan (Retired)"
"Khawja_Ghulam_Nizam_Ud_Din","Muttahidda Majlis-e-Amal Pakistan",1,"Khawja Ghulam Nizam Ud Din"
"Malik_Faiz_Muhammad_Adovocate","Muttahidda Majlis-e-Amal Pakistan",1,"Malik Faiz Muhammad Adovocate"
"Malik_Sikandar_Khan","Muttahidda Majlis-e-Amal Pakistan",1,"Malik Sikandar Khan"
"Manzoor_Ahmed_Soomro","Muttahidda Majlis-e-Amal Pakistan",1,"Manzoor Ahmed Soomro"
"Maulana_Atta-Ul-Haq","Muttahidda Majlis-e-Amal Pakistan",1,"Maulana Atta-Ul-Haq"
"Maulana_Fazal_Ur_Rehman","Muttahidda Majlis-e-Amal Pakistan",1,"Maulana Fazal Ur Rehman"
"Maulana_Malik_Muhammad_Khan_Sherani","Muttahidda Majlis-e-Amal Pakistan",1,"Maulana Malik Muhammad Khan Sherani"
"Maulana_Mian_Hussain_Jalali","Muttahidda Majlis-e-Amal Pakistan",1,"Maulana Mian Hussain Jalali"
"Maulana_Mohammad_Qasim","Muttahidda Majlis-e-Amal Pakistan",1,"Maulana Mohammad Qasim"
"Maulana_Nisar_Khan","Muttahidda Majlis-e-Amal Pakistan",1,"Maulana Nisar Khan"
"Maulana_Rehmat_Ullah","Muttahidda Majlis-e-Amal Pakistan",1,"Maulana Rehmat Ullah"
"Maulana_Sadiq_Ahmad","Muttahidda Majlis-e-Amal Pakistan",1,"Maulana Sadiq Ahmad"
"Maulana_Zahoor_Ahmad_Ranjha","Muttahidda Majlis-e-Amal Pakistan",1,"Maulana Zahoor Ahmad Ranjha"
"Mir_Wali","Muttahidda Majlis-e-Amal Pakistan",1,"Mir Wali"
"Mohammad_Hafizur_Rehman","Muttahidda Majlis-e-Amal Pakistan",1,"Mohammad Hafizur Rehman"
"Molana_Abdul_Ghafoor_Hyderi_","Muttahidda Majlis-e-Amal Pakistan",1,"Molana Abdul Ghafoor Hyderi."
"Molana_Abdul_Ghafoor_Qasimi","Muttahidda Majlis-e-Amal Pakistan",1,"Molana Abdul Ghafoor Qasimi"
"Molana_Abdul_Hai","Muttahidda Majlis-e-Amal Pakistan",1,"Molana Abdul Hai"
"Molana_Fazal_Azim","Muttahidda Majlis-e-Amal Pakistan",1,"Molana Fazal Azim"
"Molana_Shujah-Ul-Mulk","Muttahidda Majlis-e-Amal Pakistan",1,"Molana Shujah-Ul-Mulk"
"Molvi_Agha_Muhammad","Muttahidda Majlis-e-Amal Pakistan",1,"Molvi Agha Muhammad"
"Molvi_Attaullah","Muttahidda Majlis-e-Amal Pakistan",1,"Molvi Attaullah"
"Molvi_Faizullah","Muttahidda Majlis-e-Amal Pakistan",1,"Molvi Faizullah"
"Molvi_Fateh_Mohammad_Maheri","Muttahidda Majlis-e-Amal Pakistan",1,"Molvi Fateh Mohammad Maheri"
"Molvi_Karimdad","Muttahidda Majlis-e-Amal Pakistan",1,"Molvi Karimdad"
"Molvi_Muhammad_Idrees_Soomro","Muttahidda Majlis-e-Amal Pakistan",1,"Molvi Muhammad Idrees Soomro"
"Molvi_Muhammad_Jehangir_Khan","Muttahidda Majlis-e-Amal Pakistan",1,"Molvi Muhammad Jehangir Khan"
"Molvi_Qamar-Ud-Din","Muttahidda Majlis-e-Amal Pakistan",1,"Molvi Qamar-Ud-Din"
"Moulana_Abdul_Karim_Abid","Muttahidda Majlis-e-Amal Pakistan",1,"Moulana Abdul Karim Abid"
"Moulana_Abdul_Razaque_Abid_Lakho_","Muttahidda Majlis-e-Amal Pakistan",1,"Moulana Abdul Razaque Abid Lakho."
"Moulana_Abdul_Samad_Shahwani___r_","Muttahidda Majlis-e-Amal Pakistan",1,"Moulana Abdul Samad Shahwani. (r)"
"Moulana_Abdullah_Pahore","Muttahidda Majlis-e-Amal Pakistan",1,"Moulana Abdullah Pahore"
"Moulana_Muhammad_Zahid_Anwar","Muttahidda Majlis-e-Amal Pakistan",1,"Moulana Muhammad Zahid Anwar"
"Moulana_Siddique_Mughari","Muttahidda Majlis-e-Amal Pakistan",1,"Moulana Siddique Mughari"
"Moulanataj_Muhammad_Nahiyon","Muttahidda Majlis-e-Amal Pakistan",1,"Moulanataj Muhammad Nahiyon"
"Mr__Mufti_Wali_Muhammad","Muttahidda Majlis-e-Amal Pakistan",1,"Mr. Mufti Wali Muhammad"
"Mufti_Abdul_Nabi_Langah","Muttahidda Majlis-e-Amal Pakistan",1,"Mufti Abdul Nabi Langah"
"Mufti_Ahtisham-Ul-Haq_Asia_Abadi","Muttahidda Majlis-e-Amal Pakistan",1,"Mufti Ahtisham-Ul-Haq Asia Abadi"
"Mufti_Ajmal_Khan","Muttahidda Majlis-e-Amal Pakistan",1,"Mufti Ajmal Khan"
"Mufti_Ali_Hassan_Buriro_","Muttahidda Majlis-e-Amal Pakistan",1,"Mufti Ali Hassan Buriro."
"Mufti_Fazal-Ur-Rehman_Nasir_","Muttahidda Majlis-e-Amal Pakistan",1,"Mufti Fazal-Ur-Rehman Nasir."
"Mufti_Hafiz_Muhammad_Usman","Muttahidda Majlis-e-Amal Pakistan",1,"Mufti Hafiz Muhammad Usman"
"Mufti_Muhammad_Hanif_Khoso","Muttahidda Majlis-e-Amal Pakistan",1,"Mufti Muhammad Hanif Khoso"
"Mufti_Muhammad_Sajjad","Muttahidda Majlis-e-Amal Pakistan",1,"Mufti Muhammad Sajjad"
"Mufti_Muhammad_Younas","Muttahidda Majlis-e-Amal Pakistan",1,"Mufti Muhammad Younas"
"Muhammad_Akram_Abbasi","Muttahidda Majlis-e-Amal Pakistan",1,"Muhammad Akram Abbasi"
"Muhammad_Faiz-Ur-Rehman","Muttahidda Majlis-e-Amal Pakistan",1,"Muhammad Faiz-Ur-Rehman"
"Muhammad_Idrees_Haqani","Muttahidda Majlis-e-Amal Pakistan",1,"Muhammad Idrees Haqani"
"Muhammad_Ilyas_Siddique_Advocate","Muttahidda Majlis-e-Amal Pakistan",1,"Muhammad Ilyas Siddique Advocate"
"Muhammad_Rab_Nawaz","Muttahidda Majlis-e-Amal Pakistan",1,"Muhammad Rab Nawaz"
"Muhammad_Ramzan_Phulpoto","Muttahidda Majlis-e-Amal Pakistan",1,"Muhammad Ramzan Phulpoto"
"Muhammad_Riaz_Noori","Muttahidda Majlis-e-Amal Pakistan",1,"Muhammad Riaz Noori"
"Muhammad_Siddique_Rathor","Muttahidda Majlis-e-Amal Pakistan",1,"Muhammad Siddique Rathor"
"Muhammad_Zubair_Kayani","Muttahidda Majlis-e-Amal Pakistan",1,"Muhammad Zubair Kayani"
"Prof__Abdul_Rehman_Ludhanvi","Muttahidda Majlis-e-Amal Pakistan",1,"Prof. Abdul Rehman Ludhanvi"
"Professor_Raja_Aurangzeb_Khan","Muttahidda Majlis-e-Amal Pakistan",1,"Professor Raja Aurangzeb Khan"
"Qari_Muhammad_Usman","Muttahidda Majlis-e-Amal Pakistan",1,"Qari Muhammad Usman"
"Qari_Muhammad_Yousaf","Muttahidda Majlis-e-Amal Pakistan",1,"Qari Muhammad Yousaf"
"Qari_Muhammad_Zawar_Bahadur","Muttahidda Majlis-e-Amal Pakistan",1,"Qari Muhammad Zawar Bahadur"
"Qari_Muhammad_Zawar_Bahadur__Retired_","Muttahidda Majlis-e-Amal Pakistan",1,"Qari Muhammad Zawar Bahadur (Retired)"
"Qari_Syed_Abdul_Rahim_Shah","Muttahidda Majlis-e-Amal Pakistan",1,"Qari Syed Abdul Rahim Shah"
"Qazi_Fazal_Ullah","Muttahidda Majlis-e-Amal Pakistan",1,"Qazi Fazal Ullah"
"Qazi_Hameed_Ullah_Khan","Muttahidda Majlis-e-Amal Pakistan",1,"Qazi Hameed Ullah Khan"
"Rahat_Hussain","Muttahidda Majlis-e-Amal Pakistan",1,"Rahat Hussain"
"Raja_Ishtiaq_Ahmed","Muttahidda Majlis-e-Amal Pakistan",1,"Raja Ishtiaq Ahmed"
"Rauy_Bashir_Ahmad","Muttahidda Majlis-e-Amal Pakistan",1,"Rauy Bashir Ahmad"
"Rehmatullah_Tunsuwani","Muttahidda Majlis-e-Amal Pakistan",1,"Rehmatullah Tunsuwani"
"Sahibzada_Abul_Khair_Muhammad_Zubair","Muttahidda Majlis-e-Amal Pakistan",1,"Sahibzada Abul Khair Muhammad Zubair"
"Sahibzada_Khalid_Jan","Muttahidda Majlis-e-Amal Pakistan",1,"Sahibzada Khalid Jan"
"Said_Mukhtar_Ahmed","Muttahidda Majlis-e-Amal Pakistan",1,"Said Mukhtar Ahmed"
"Saleemullah_Khan_Tarak","Muttahidda Majlis-e-Amal Pakistan",1,"Saleemullah Khan Tarak"
"Saqib_Rehman_","Muttahidda Majlis-e-Amal Pakistan",1,"Saqib Rehman."
"Shabbir_Abu_Talib","Muttahidda Majlis-e-Amal Pakistan",1,"Shabbir Abu Talib"
"Sibghatullah_Chuadhry","Muttahidda Majlis-e-Amal Pakistan",1,"Sibghatullah Chuadhry"
"Syed_Abdul_Salam_Hassan_Raza_Naqvi","Muttahidda Majlis-e-Amal Pakistan",1,"Syed Abdul Salam Hassan Raza Naqvi"
"Syed_Muhammad_Ayoub_","Muttahidda Majlis-e-Amal Pakistan",1,"Syed Muhammad Ayoub."
"Arbab_Liaquat_Ali","MWMP",1,"Arbab Liaquat Ali"
"Hameed_Hussain","MWMP",1,"Hameed Hussain"
"Jaffar_Ali","MWMP",1,"Jaffar Ali"
"Mohsin_Sajjad_Utraa","MWMP",1,"Mohsin Sajjad Utraa"
"Muntazir_Mehdi","MWMP",1,"Muntazir Mehdi"
"Ruqia_Sultana","MWMP",1,"Ruqia Sultana"
"Syed_Arif_Raza_Zaidi","MWMP",1,"Syed Arif Raza Zaidi"
"Syeda_Zainab_Kazmi","MWMP",1,"Syeda Zainab Kazmi"
"Abdul_Kareem_Khetran","National Party",1,"Abdul Kareem Khetran"
"Abdul_Khaliq_Baloch","National Party",1,"Abdul Khaliq Baloch"
"Abdul_Sattar","National Party",1,"Abdul Sattar"
"Dr_Abdul_Hayee_Baloch","National Party",1,"Dr Abdul Hayee Baloch"
"Haji_Musa_Jan_Khilji","National Party",1,"Haji Musa Jan Khilji"
"Mir_Muhammad_Ayoub_Jattak","National Party",1,"Mir Muhammad Ayoub Jattak"
"Mmad_Yasin_Baloch","National Party",1,"Mmad Yasin Baloch"
"Muhammad_Yousaf","National Party",1,"Muhammad Yousaf"
"Sardar_Kamal_Khan_Bangulzai","National Party",1,"Sardar Kamal Khan Bangulzai"
"Sardar_Sanaullah_Zehri_","National Party",1,"Sardar Sanaullah Zehri."
"Shah_Nawaz","National Party",1,"Shah Nawaz"
"Yar_Muhammad_Bangulzai","National Party",1,"Yar Muhammad Bangulzai"
"Abdul_Mujeeb_Pirzada","National Peoples Party",1,"Abdul Mujeeb Pirzada"
"Ghulam_Murtaza_Khan_Jatoi","National Peoples Party",1,"Ghulam Murtaza Khan Jatoi"
"Ghulam_Rasool_Khan_Jatoi","National Peoples Party",1,"Ghulam Rasool Khan Jatoi"
"Mir_Ali_Nawaz_Talpur","National Peoples Party",1,"Mir Ali Nawaz Talpur"
"Muhammad_Ibrahim_Jatoi","National Peoples Party",2,"Muhammad Ibrahim Jatoi"
"Rais_Ghulam_Murtaza_Jatoi","National Peoples Party",1,"Rais Ghulam Murtaza Jatoi"
"Ahmad_Jaan","NDM",1,"Ahmad Jaan"
"Aimal_Nasir_Khan","NDM",1,"Aimal Nasir Khan"
"Mohsin_Javed","NDM",1,"Mohsin Javed"
"Muhammad_Asghar_Khan","NDM",1,"Muhammad Asghar Khan"
"Muhammad_Sher_Khan","NDM",1,"Muhammad Sher Khan"
"Syed_Nadeem_Shah","NDM",1,"Syed Nadeem Shah"
"Abdul_Khalique","NP",1,"Abdul Khalique"
"Abdul_Malik","NP",1,"Abdul Malik"
"Faiza_Rafique","NP",1,"Faiza Rafique"
"Ijaz_Hussain","NP",1,"Ijaz Hussain"
"m_Naeem","NP",1,"m Naeem"
"Mir_Kabeer_Ahmed","NP",1,"Mir Kabeer Ahmed"
"Muhammad_Bilal","NP",1,"Muhammad Bilal"
"Muhammad_Hussain_Wattoo","NP",1,"Muhammad Hussain Wattoo"
"Niaz_Muhammad","NP",1,"Niaz Muhammad"
"Phaleen","NP",1,"Phaleen"
"Sabira_Asad","NP",1,"Sabira Asad"
"Yar_Muhammad","NP",1,"Yar Muhammad"
"Yasar_Altaf_Rana","NP",1,"Yasar Altaf Rana"
"Yasmeen_Bibi_Lehri","NP",1,"Yasmeen Bibi Lehri"
"Major_General_Saad_Khattak","PAAM",1,"Major General Saad Khattak"
"Zulfiqar_Ali_Dasti","PAAM",1,"Zulfiqar Ali Dasti"
"Saira_Khatoon","Pak Justice Party",1,"Saira Khatoon"
"Sayyed_Khalid_Mehmood_Shah","Pak Justice Party",1,"Sayyed Khalid Mehmood Shah"
"Shahid_Ahmad","Pak Justice Party",1,"Shahid Ahmad"
"Moulana_Abdul_Hafiz","Pak Muslim Alliance",1,"Moulana Abdul Hafiz"
"S_m_Farooq","Pak Muslim Alliance",1,"S.m Farooq"
"Ali_Adrees","Pak Wattan Party",1,"Ali Adrees"
"Syed_Zahid_Abbas_Kazmi","Pak Wattan Party",1,"Syed Zahid Abbas Kazmi"
"Asia_Chudhary","Pakistan Aman Party",1,"Asia Chudhary"
"Haji_Muhammad_Gulzar_Awan","Pakistan Aman Party",1,"Haji Muhammad Gulzar Awan"
"Mirza_Zaheer_Ahmed_Babar","Pakistan Aman Party",1,"Mirza Zaheer Ahmed Babar"
"Raja_Muhammad_Aftab_Satti","Pakistan Aman Party",1,"Raja Muhammad Aftab Satti"
"Fanoos_Gujar","Pakistan Awami Party",1,"Fanoos Gujar"
"Raziq_Dad","Pakistan Awami Party",1,"Raziq Dad"
"Abdul_Aziz_Khan","Pakistan Bachao Party",1,"Abdul Aziz Khan"
"Ghulam_Habib_Marwat","Pakistan Bachao Party",1,"Ghulam Habib Marwat"
"Makhdoom_Nasir_Farid_Chishti","Pakistan Bachao Party",1,"Makhdoom Nasir Farid Chishti"
"Rubina_Shaheen_Wattoo","Pakistan Bachao Party",1,"Rubina Shaheen Wattoo"
"Imam_Ali_Brohi","Pakistan Brohi Party",1,"Imam Ali Brohi"
"Abdul_Qayyum","Pakistan Citizen Movement",1,"Abdul Qayyum"
"Danish_Channa","Pakistan Conservative Party",1,"Danish Channa"
"Muhammad_Jaffar_Jatoi","Pakistan Conservative Party",1,"Muhammad Jaffar Jatoi"
"Raheeman","Pakistan Conservative Party",1,"Raheeman"
"Ch_muhammad_Ashraf","Pakistan Democratic party",1,"Ch.muhammad Ashraf"
"Nawab_Zada_Mansoor_Ahmad_Khan","Pakistan Democratic party",1,"Nawab Zada Mansoor Ahmad Khan"
"Abdul_Shakoor","Pakistan Falah Party",1,"Abdul Shakoor"
"Admiral_r_Javaid_Iqbal","Pakistan Falah Party",1,"Admiral r Javaid Iqbal"
"Admiral_r_Javed_Iqbal","Pakistan Falah Party",1,"Admiral r Javed Iqbal"
"Ameer_Ahmad_Awan","Pakistan Falah Party",1,"Ameer Ahmad Awan"
"Asghar_Ali_Javed","Pakistan Falah Party",1,"Asghar Ali Javed"
"Choudhary_Muhammad_Rafi","Pakistan Falah Party",1,"Choudhary Muhammad Rafi"
"Hafiz_Muhammad_Abid_Khan_Saeedi","Pakistan Falah Party",1,"Hafiz Muhammad Abid Khan Saeedi"
"Khalid_Jamal_Siddiqui","Pakistan Falah Party",1,"Khalid Jamal Siddiqui"
"Muhammad_Salman_Ansari","Pakistan Falah Party",1,"Muhammad Salman Ansari"
"Nasir_Abbas","Pakistan Falah Party",1,"Nasir Abbas"
"Nasir_Raheem","Pakistan Falah Party",1,"Nasir Raheem"
"Nazar_Ali_Mazari","Pakistan Falah Party",1,"Nazar Ali Mazari"
"Rahmaan_Alli","Pakistan Falah Party",1,"Rahmaan Alli"
"Syed_Ahmed_Ali","Pakistan Falah Party",1,"Syed Ahmed Ali"
"Syed_Iqbal_Shah","Pakistan Falah Party",1,"Syed Iqbal Shah"
"Syed_Rashid_Ali_Gerdazi","Pakistan Falah Party",1,"Syed Rashid Ali Gerdazi"
"Tariq_Yaseen","Pakistan Falah Party",1,"Tariq Yaseen"
"Abdul_Ghafoor","Pakistan Freedom Party",1,"Abdul Ghafoor"
"Doctor_Muhammad_Rashid_Qammar","Pakistan Freedom Party",1,"Doctor Muhammad Rashid Qammar"
"Muhammad_Arshad_Hussain_Chishti","Pakistan Freedom Party",1,"Muhammad Arshad Hussain Chishti"
"Sardar_Naseer_Ahmed","Pakistan Freedom Party",1,"Sardar Naseer Ahmed"
"Sufi_Muhammad_Ali_Naqshbandi","Pakistan Freedom Party",1,"Sufi Muhammad Ali Naqshbandi"
"Miss_Mehwish_Chaudhary","Pakistan Gharib Party",1,"Miss Mehwish Chaudhary"
"Mrs_Mehwish_Chaudhry_Advocate","Pakistan Gharib Party",1,"Mrs Mehwish Chaudhry Advocate"
"Muhammad_Shahid","Pakistan Human Rights Party",1,"Muhammad Shahid"
"Muhammad_Ali_Sheikh","Pakistan Insani Haqook Party",1,"Muhammad Ali Sheikh"
"Ilhaaj_Muhammad_Hassan_Chaudhry","Pakistan Islami Justice Party",1,"Ilhaaj Muhammad Hassan Chaudhry"
"Muhammad_Yousuf_Kureshy","Pakistan Ittehad Tehreek",1,"Muhammad Yousuf Kureshy"
"Ch_Ijaz_Hussain_Gujjar_Advocate","Pakistan Justice Party",1,"Ch Ijaz Hussain Gujjar Advocate"
"Ch_Muhammad_Majeed_Gill_Advocate","Pakistan Justice Party",1,"Ch Muhammad Majeed Gill Advocate"
"Chudhary_Ghulam_Rasool_Mehr","Pakistan Justice Party",1,"Chudhary Ghulam Rasool Mehr"
"Malik_Mansaf_Awan_Advocate","Pakistan Justice Party",1,"Malik Mansaf Awan Advocate"
"Malik_Noor_Muhammad_Sarfraz_Awan_Advocate","Pakistan Justice Party",1,"Malik Noor Muhammad Sarfraz Awan Advocate"
"Mian_Ghulam_Rasool_Advocate","Pakistan Justice Party",1,"Mian Ghulam Rasool Advocate"
"Muhammad_Arshad_Faqir","Pakistan Justice Party",1,"Muhammad Arshad Faqir"
"Muhammad_Aslam","Pakistan Justice Party",1,"Muhammad Aslam"
"Muhammad_Naeem_Kashif_Adv","Pakistan Justice Party",1,"Muhammad Naeem Kashif Adv"
"Muhammad_Shakeel_Tahir","Pakistan Justice Party",1,"Muhammad Shakeel Tahir"
"Qari_Nadeem_Ahmad_Owaisi","Pakistan Justice Party",1,"Qari Nadeem Ahmad Owaisi"
"Rai_Muhammad_Nawaz_Kharal_Advocate","Pakistan Justice Party",1,"Rai Muhammad Nawaz Kharal Advocate"
"Zafar_Iqbal_Rajput_Khokhar","Pakistan Justice Party",1,"Zafar Iqbal Rajput Khokhar"
"Abdul_Ghafoor_Kolachi","Pakistan Kissan Ittehad",1,"Abdul Ghafoor Kolachi"
"Malik_Zulfiqar_Hussain","Pakistan Kissan Ittehad",1,"Malik Zulfiqar Hussain"
"Muhammad_Amir_Wattoo","Pakistan Kissan Ittehad",1,"Muhammad Amir Wattoo"
"Syed_Muhammad_Asad_Shah_Athar","Pakistan Kissan Ittehad",1,"Syed Muhammad Asad Shah Athar"
"Tariq_Iqbal","Pakistan Kissan Ittehad",1,"Tariq Iqbal"
"Abd-Ul-Qadoos_Awan","Pakistan Muhafiz Party",1,"Abd-Ul-Qadoos Awan"
"Syed_Yousaf_Shah","Pakistan Muhafiz Party",1,"Syed Yousaf Shah"
"Ch_Muhammad_Yaseen_Cheema","Pakistan Muhafiz Watan Party",1,"Ch Muhammad Yaseen Cheema"
"Ch_Shoukat_Ali_Cabail","Pakistan Muhafiz Watan Party",1,"Ch Shoukat Ali Cabail"
"Arslan_Ul_Mulk_Dhariwal","Pakistan Muhajir League",1,"Arslan Ul Mulk Dhariwal"
"Meharban_Saeen_Rana_Abdul_Ghafoor_Mian","Pakistan Muhammadi Party",1,"Meharban Saeen Rana Abdul Ghafoor Mian"
"Abdul_Aleem_Khan","Pakistan Muslim League",1,"Abdul Aleem Khan"
"Abdul_Rehman_Khan_Jamali","Pakistan Muslim League",1,"Abdul Rehman Khan Jamali"
"Abdur_Raj_Khan","Pakistan Muslim League",1,"Abdur Raj Khan"
"Adeeba_Gul_Magsi","Pakistan Muslim League",1,"Adeeba Gul Magsi"
"Alhaaj_Malak_Aurangzeb_Khan","Pakistan Muslim League",1,"Alhaaj Malak Aurangzeb Khan"
"Ali_Asjad_Malhi","Pakistan Muslim League",2,"Ali Asjad Malhi"
"Altaf_Hussain_Unar","Pakistan Muslim League",1,"Altaf Hussain Unar"
"Amanullah_Khan_Jadoon","Pakistan Muslim League",1,"Amanullah Khan Jadoon"
"Amanullah_Paracha","Pakistan Muslim League",1,"Amanullah Paracha"
"Ameer_Maqam","Pakistan Muslim League",1,"Ameer Maqam"
"Anwar_Ul_Haq_Alias_Anno","Pakistan Muslim League",1,"Anwar Ul Haq Alias Anno"
"Arbab_Zakaullah","Pakistan Muslim League",1,"Arbab Zakaullah"
"Asif_Tauseef_","Pakistan Muslim League",1,"Asif Tauseef."
"Aurangzaib_Khan_Khichi","Pakistan Muslim League",1,"Aurangzaib Khan Khichi"
"Azeem_u_Deen_Zahid","Pakistan Muslim League",1,"Azeem u Deen Zahid"
"Begum_Malik_Shoaib_Awan","Pakistan Muslim League",1,"Begum Malik Shoaib Awan"
"Bibi_Yasmeen_Shah","Pakistan Muslim League",1,"Bibi Yasmeen Shah"
"Brgd_r__Zulfiqar_Ahmad_Dhillon","Pakistan Muslim League",1,"Brgd(r) Zulfiqar Ahmad Dhillon"
"Ch__Abdul_Sattar","Pakistan Muslim League",1,"Ch: Abdul Sattar"
"Ch__Anwar_Ali_Cheema","Pakistan Muslim League",1,"Ch. Anwar Ali Cheema"
"Ch__Bilal_Ijaz","Pakistan Muslim League",1,"Ch. Bilal Ijaz"
"Ch__Ghais_Ahmed_Mela","Pakistan Muslim League",1,"Ch. Ghais Ahmed Mela"
"Ch__Imran_Ullah","Pakistan Muslim League",1,"Ch. Imran Ullah"
"Ch__Muhammad_Ashiq_Dyial","Pakistan Muslim League",1,"Ch. Muhammad Ashiq Dyial"
"Ch__Nazir_Ahmed_Jatt","Pakistan Muslim League",1,"Ch. Nazir Ahmed Jatt"
"Ch__Pervaiz_Ellahi","Pakistan Muslim League",1,"Ch. Pervaiz Ellahi"
"Ch__Shahid_Akram_Bhinder","Pakistan Muslim League",1,"Ch. Shahid Akram Bhinder"
"Ch__Shamshad_Ahmad_Khan","Pakistan Muslim League",1,"Ch. Shamshad Ahmad Khan"
"Ch__Shujaat_Hussain","Pakistan Muslim League",1,"Ch. Shujaat Hussain"
"Ch__Zaffar_Iqbal_Warraich","Pakistan Muslim League",1,"Ch. Zaffar Iqbal Warraich"
"Ch_amir_Hussain_","Pakistan Muslim League",1,"Ch.amir Hussain."
"Ch_Anwar_Ali_Cheema","Pakistan Muslim League",1,"Ch Anwar Ali Cheema"
"Ch_Liaqat_Abbas_Bhatti","Pakistan Muslim League",1,"Ch Liaqat Abbas Bhatti"
"Ch_muhammad_Saeed_Virk","Pakistan Muslim League",1,"Ch.muhammad Saeed Virk"
"Ch_nauraiz_Shakoor_Khan","Pakistan Muslim League",1,"Ch.nauraiz Shakoor Khan"
"Ch_Parvez_Elahi","Pakistan Muslim League",1,"Ch Parvez Elahi"
"Ch_pervaiz_Elahi","Pakistan Muslim League",1,"Ch.pervaiz Elahi"
"Ch_pervaiz_Ellahi","Pakistan Muslim League",1,"Ch.pervaiz Ellahi"
"Ch_Sajid_Hussain_Chatha","Pakistan Muslim League",1,"Ch Sajid Hussain Chatha"
"Ch_shahbaz_Hussain","Pakistan Muslim League",1,"Ch.shahbaz Hussain"
"Ch_Shoukat_Ali_Bhatti","Pakistan Muslim League",1,"Ch Shoukat Ali Bhatti"
"Ch_shujat_Hussain","Pakistan Muslim League",1,"Ch.shujat Hussain"
"Ch_Wajahat_Hussain","Pakistan Muslim League",1,"Ch Wajahat Hussain"
"Chaudhary_Shahbaz_Hussain","Pakistan Muslim League",1,"Chaudhary Shahbaz Hussain"
"Chaudhary_Wajahat_Hussain","Pakistan Muslim League",1,"Chaudhary Wajahat Hussain"
"Chaudhry_Muhammad_Anwar_Bhinder","Pakistan Muslim League",1,"Chaudhry Muhammad Anwar Bhinder"
"Choudhry_Adil_Saboor","Pakistan Muslim League",1,"Choudhry Adil Saboor"
"Choudhry_Farrukh_Altaf","Pakistan Muslim League",1,"Choudhry Farrukh Altaf"
"Choudhry_Tariq_Bashir_Cheema","Pakistan Muslim League",1,"Choudhry Tariq Bashir Cheema"
"Daniyal_Aziz","Pakistan Muslim League",1,"Daniyal Aziz"
"Dawa_Khan","Pakistan Muslim League",1,"Dawa Khan"
"Dewan_Syed_Ashiq_Hussain_Bukhari","Pakistan Muslim League",1,"Dewan Syed Ashiq Hussain Bukhari"
"Doctor_Nisar_Ahmad_Jat_","Pakistan Muslim League",1,"Doctor Nisar Ahmad Jat."
"Dr__Ghulam_Hyder_Samejo","Pakistan Muslim League",1,"Dr. Ghulam Hyder Samejo"
"Dr_junaid_Mumtaz_Joya","Pakistan Muslim League",1,"Dr.junaid Mumtaz Joya"
"Dr_sher_Afghan_Khan_Niazi","Pakistan Muslim League",1,"Dr.sher Afghan Khan Niazi"
"Ehsanullah_Reki","Pakistan Muslim League",1,"Ehsanullah Reki"
"Engineer_Amir_Muqam","Pakistan Muslim League",1,"Engineer Amir Muqam"
"Fahad_Malik","Pakistan Muslim League",1,"Fahad Malik"
"Farhad_Ali_Khan","Pakistan Muslim League",1,"Farhad Ali Khan"
"Farkhanda_Amjad_Warraich","Pakistan Muslim League",1,"Farkhanda Amjad Warraich"
"Farooq_Ahmed_Khan_Leghari","Pakistan Muslim League",1,"Farooq Ahmed Khan Leghari"
"Fawad_Ahmad","Pakistan Muslim League",1,"Fawad Ahmad"
"Fazal_Ahmad_Sheikh","Pakistan Muslim League",1,"Fazal Ahmad Sheikh"
"Ghias_Ahmad_Mela","Pakistan Muslim League",1,"Ghias Ahmad Mela"
"Ghous_Bux_Khan_Mahar","Pakistan Muslim League",1,"Ghous Bux Khan Mahar"
"Ghulam_Bibi_Bharwana","Pakistan Muslim League",1,"Ghulam Bibi Bharwana"
"Ghulam_Sarwar_Khan","Pakistan Muslim League",1,"Ghulam Sarwar Khan"
"Ghulam_Sarwar_Siyal_Babu","Pakistan Muslim League",1,"Ghulam Sarwar Siyal Babu"
"Habibullah_Khan_Kundi","Pakistan Muslim League",1,"Habibullah Khan Kundi"
"Haji_Bilal_Noor_Ansari_","Pakistan Muslim League",1,"Haji Bilal Noor Ansari."
"Haji_Mohammad_Islam_Qureshi","Pakistan Muslim League",1,"Haji Mohammad Islam Qureshi"
"Haleem_Adil_Shaikh","Pakistan Muslim League",1,"Haleem Adil Shaikh"
"Hamayun_Akhtar_Khan","Pakistan Muslim League",1,"Hamayun Akhtar Khan"
"Hamayun_Saifullah_Khan","Pakistan Muslim League",1,"Hamayun Saifullah Khan"
"Hamid_Nasir_Chatha","Pakistan Muslim League",1,"Hamid Nasir Chatha"
"Hamid_Yar_Hiraj","Pakistan Muslim League",2,"Hamid Yar Hiraj"
"Haroon_Ehsan_Piracha","Pakistan Muslim League",1,"Haroon Ehsan Piracha"
"Humayun_Akhtar_Khan","Pakistan Muslim League",1,"Humayun Akhtar Khan"
"Hussaini_Shahabuddin_Shah","Pakistan Muslim League",1,"Hussaini Shahabuddin Shah"
"Ihsan_Ali_Jatoi","Pakistan Muslim League",1,"Ihsan Ali Jatoi"
"Inam_Khan","Pakistan Muslim League",1,"Inam Khan"
"Irshad_Alam","Pakistan Muslim League",1,"Irshad Alam"
"Ishaq_Khan_Khakwani","Pakistan Muslim League",1,"Ishaq Khan Khakwani"
"Jaffar_Khan_Mandokhel","Pakistan Muslim League",1,"Jaffar Khan Mandokhel"
"Jam_Mir_Muhammad_Yousuf","Pakistan Muslim League",1,"Jam Mir Muhammad Yousuf"
"Javed_Iqbal","Pakistan Muslim League",1,"Javed Iqbal"
"Javed_Iqbal_Satti","Pakistan Muslim League",1,"Javed Iqbal Satti"
"Kh__Tahir_Zia","Pakistan Muslim League",1,"Kh. Tahir Zia"
"Khalid_Ahmad_Gurmani","Pakistan Muslim League",1,"Khalid Ahmad Gurmani"
"Khalid_Ahmed_Khan_Lund","Pakistan Muslim League",1,"Khalid Ahmed Khan Lund"
"Khan_Aftab_Ahmad_Khan_Khichi","Pakistan Muslim League",1,"Khan Aftab Ahmad Khan Khichi"
"Khan_Amanullah_Khan","Pakistan Muslim League",1,"Khan Amanullah Khan"
"Khan_Muhammad_Dhari","Pakistan Muslim League",1,"Khan Muhammad Dhari"
"Khawja_Sheeraz_Mehmood","Pakistan Muslim League",1,"Khawja Sheeraz Mehmood"
"Khurram_Munawar_Manj","Pakistan Muslim League",1,"Khurram Munawar Manj"
"Khurram_Munawwar_Munj","Pakistan Muslim League",1,"Khurram Munawwar Munj"
"Khurshid_Ali_Khan","Pakistan Muslim League",1,"Khurshid Ali Khan"
"Liaquat_Ali_Qureshi","Pakistan Muslim League",1,"Liaquat Ali Qureshi"
"Lietutant_Col__r_Ghulam_Rasul_Sahi_","Pakistan Muslim League",1,"Lietutant Col (r)Ghulam Rasul Sahi."
"Liquat_Ali_Khan_Jatoi","Pakistan Muslim League",1,"Liquat Ali Khan Jatoi"
"Maj__r__Habib_Ullah_Warraich","Pakistan Muslim League",1,"Maj.(r) Habib Ullah Warraich"
"Makhdom_Zada_Syed_Basit_Ahmad_Sultan_Bukhari","Pakistan Muslim League",1,"Makhdom Zada Syed Basit Ahmad Sultan Bukhari"
"Makhdoom_Khusru_Bakhtiar","Pakistan Muslim League",1,"Makhdoom Khusru Bakhtiar"
"Makhdoom_Syed_Ahmad_Alam_Anwar","Pakistan Muslim League",1,"Makhdoom Syed Ahmad Alam Anwar"
"Makhdoom_Syed_Ali_Akbar_Mehmood","Pakistan Muslim League",1,"Makhdoom Syed Ali Akbar Mehmood"
"Makhdoom_Syed_Faisal_Saleh_Hayat","Pakistan Muslim League",1,"Makhdoom Syed Faisal Saleh Hayat"
"Malik_Ghulam_Murtaza_Maitla","Pakistan Muslim League",1,"Malik Ghulam Murtaza Maitla"
"Malik_Ghulam_Qasim_Hinjra","Pakistan Muslim League",1,"Malik Ghulam Qasim Hinjra"
"Malik_Najab_Gul_Khalil_Adv_","Pakistan Muslim League",1,"Malik Najab Gul Khalil Adv:"
"Malik_Nauman_Ahmad_Langrial","Pakistan Muslim League",1,"Malik Nauman Ahmad Langrial"
"Malik_Nauman_Ahmed_Langriyal","Pakistan Muslim League",1,"Malik Nauman Ahmed Langriyal"
"Malik_Niaz_Ahmad_Jakhar","Pakistan Muslim League",1,"Malik Niaz Ahmad Jakhar"
"Mian_Ahmad_Raza_Khan_Maneka","Pakistan Muslim League",1,"Mian Ahmad Raza Khan Maneka"
"Mian_Khursheed_Mehmood_Kasuri","Pakistan Muslim League",1,"Mian Khursheed Mehmood Kasuri"
"Mian_Mazhar_Ahmed_Qureshi","Pakistan Muslim League",1,"Mian Mazhar Ahmed Qureshi"
"Mian_Muhammad_Asif","Pakistan Muslim League",1,"Mian Muhammad Asif"
"Mian_Muhammad_Azhar","Pakistan Muslim League",1,"Mian Muhammad Azhar"
"Mian_Muhammad_Jehangir","Pakistan Muslim League",1,"Mian Muhammad Jehangir"
"Mian_Muhammad_Kashif_Ashfaq","Pakistan Muslim League",1,"Mian Muhammad Kashif Ashfaq"
"Mian_Muhammad_Riaz_","Pakistan Muslim League",1,"Mian Muhammad Riaz."
"Mian_Najeeb_Ud_Din_Awasi","Pakistan Muslim League",1,"Mian Najeeb Ud Din Awasi"
"Mian_Rajab_Ali_Khan_Baloch_","Pakistan Muslim League",1,"Mian Rajab Ali Khan Baloch."
"Mian_Riaz_Hussain_Pirzada","Pakistan Muslim League",1,"Mian Riaz Hussain Pirzada"
"Mian_Shamim_Haidar","Pakistan Muslim League",1,"Mian Shamim Haidar"
"Mian_Yahya_Shah_Kaka_Khel","Pakistan Muslim League",1,"Mian Yahya Shah Kaka Khel"
"Mir_Ahmadan_Khan_Bugti","Pakistan Muslim League",1,"Mir Ahmadan Khan Bugti"
"Mir_Ahmedan_Khan_Bugti","Pakistan Muslim League",1,"Mir Ahmedan Khan Bugti"
"Mir_Asim_Kurd","Pakistan Muslim League",1,"Mir Asim Kurd"
"Mir_Atta-Ur-Rehman_Mengal","Pakistan Muslim League",1,"Mir Atta-Ur-Rehman Mengal"
"Mir_Zeeshan_Ali_Panhwar","Pakistan Muslim League",1,"Mir Zeeshan Ali Panhwar"
"Mr__Ghulam_Sarwar_Siyal__Babu_","Pakistan Muslim League",1,"Mr. Ghulam Sarwar Siyal (Babu)"
"Muhammad_Afrooq_Anwar_Abbasi","Pakistan Muslim League",1,"Muhammad Afrooq Anwar Abbasi"
"Muhammad_Ajmal_Khan_Kanjoo","Pakistan Muslim League",1,"Muhammad Ajmal Khan Kanjoo"
"Muhammad_Asim_Nazir","Pakistan Muslim League",1,"Muhammad Asim Nazir"
"Muhammad_Aslam_Khan_Kharral","Pakistan Muslim League",1,"Muhammad Aslam Khan Kharral"
"Muhammad_Ayub_Khan_Khattak","Pakistan Muslim League",1,"Muhammad Ayub Khan Khattak"
"Muhammad_Basharat_Raja","Pakistan Muslim League",2,"Muhammad Basharat Raja"
"Muhammad_Idrees","Pakistan Muslim League",1,"Muhammad Idrees"
"Muhammad_Ijaz-Ul-Haq","Pakistan Muslim League",1,"Muhammad Ijaz-Ul-Haq"
"Muhammad_Intikhab_Khan","Pakistan Muslim League",1,"Muhammad Intikhab Khan"
"Muhammad_Mehboob_Sultan","Pakistan Muslim League",1,"Muhammad Mehboob Sultan"
"Muhammad_Naseer_Khan","Pakistan Muslim League",1,"Muhammad Naseer Khan"
"Muhammad_Nasir_Raja","Pakistan Muslim League",1,"Muhammad Nasir Raja"
"Muhammad_Nawaz_Khan","Pakistan Muslim League",1,"Muhammad Nawaz Khan"
"Muhammad_Raza_Hayat_Hiraj","Pakistan Muslim League",1,"Muhammad Raza Hayat Hiraj"
"Muhammad_Riaz","Pakistan Muslim League",1,"Muhammad Riaz"
"Muhammad_Saddique_Khan_Baluch","Pakistan Muslim League",1,"Muhammad Saddique Khan Baluch"
"Muhammad_Safdar_Shakir_","Pakistan Muslim League",1,"Muhammad Safdar Shakir."
"Muhammad_Sarwar_Khan_Kakar","Pakistan Muslim League",1,"Muhammad Sarwar Khan Kakar"
"Muhammad_Shah_Khagga","Pakistan Muslim League",1,"Muhammad Shah Khagga"
"Muhammad_Tahir_Shah","Pakistan Muslim League",1,"Muhammad Tahir Shah"
"Muhammad_Urs_Khero","Pakistan Muslim League",1,"Muhammad Urs Khero"
"Muhtarma_Amna_Zulifqar_Dhillon","Pakistan Muslim League",1,"Muhtarma Amna Zulifqar Dhillon"
"Mukhdoom_Syed_Sami-Ul-Hassan_Gilani","Pakistan Muslim League",1,"Mukhdoom Syed Sami-Ul-Hassan Gilani"
"Mushtaq_Ali_Cheema_","Pakistan Muslim League",1,"Mushtaq Ali Cheema."
"Mustafa_Nawaz_Khokhar","Pakistan Muslim League",1,"Mustafa Nawaz Khokhar"
"Naseem_Muhammad_Khan","Pakistan Muslim League",1,"Naseem Muhammad Khan"
"Naseer_Ahmed_Kakar","Pakistan Muslim League",1,"Naseer Ahmed Kakar"
"Nasir_Iqbal_Busal","Pakistan Muslim League",1,"Nasir Iqbal Busal"
"Nasrullah_Khan_Bijarani","Pakistan Muslim League",1,"Nasrullah Khan Bijarani"
"Nawab_Zada_Iftikhar_Ahmad_Khan_Babar","Pakistan Muslim League",1,"Nawab Zada Iftikhar Ahmad Khan Babar"
"Nawabzada_Sardar_Khan_Chandio","Pakistan Muslim League",1,"Nawabzada Sardar Khan Chandio"
"Niloufer_Qasim_Mahdi","Pakistan Muslim League",1,"Niloufer Qasim Mahdi"
"Peer_Tariq_Ahmed_Shah","Pakistan Muslim League",1,"Peer Tariq Ahmed Shah"
"Pir_Aslam_Bodla","Pakistan Muslim League",1,"Pir Aslam Bodla"
"Pir_Muhammad_Shah_Khagga","Pakistan Muslim League",1,"Pir Muhammad Shah Khagga"
"Pir_Sajjad_Saeed_Jan_Sirhandi","Pakistan Muslim League",1,"Pir Sajjad Saeed Jan Sirhandi"
"Professor_Engineer_Rana_Saeed_Ahmed_Zafar","Pakistan Muslim League",1,"Professor Engineer Rana Saeed Ahmed Zafar"
"Qari_Mushtaque_Ahmed_Farooqui","Pakistan Muslim League",1,"Qari Mushtaque Ahmed Farooqui"
"Rai_Mansab_Ali","Pakistan Muslim League",1,"Rai Mansab Ali"
"Rai_Muhammad_Aslam_Kharal","Pakistan Muslim League",1,"Rai Muhammad Aslam Kharal"
"Rais_Munir_Ahmad","Pakistan Muslim League",1,"Rais Munir Ahmad"
"Raja_Qasim_Javaid_Ikhlas","Pakistan Muslim League",1,"Raja Qasim Javaid Ikhlas"
"Raja_Talia_Saeed_Khan","Pakistan Muslim League",1,"Raja Talia Saeed Khan"
"Rana_Asif_Touseef","Pakistan Muslim League",1,"Rana Asif Touseef"
"Rana_Tariq_Javed","Pakistan Muslim League",1,"Rana Tariq Javed"
"Rana_Zahid_Mahmood_","Pakistan Muslim League",1,"Rana Zahid Mahmood."
"Rao_Muhammad_Ajmal_Khan","Pakistan Muslim League",1,"Rao Muhammad Ajmal Khan"
"Rao_Sikandar_Iqbal","Pakistan Muslim League",1,"Rao Sikandar Iqbal"
"Rehman_Naseer","Pakistan Muslim League",1,"Rehman Naseer"
"Rehman_Naseer_Ch_","Pakistan Muslim League",1,"Rehman Naseer Ch."
"Riaz_Fatiyana","Pakistan Muslim League",1,"Riaz Fatiyana"
"Rifat_Javed_Kahloon","Pakistan Muslim League",1,"Rifat Javed Kahloon"
"Rizwan_Sadiq_Khan","Pakistan Muslim League",1,"Rizwan Sadiq Khan"
"Ruquiya_Saeed_Hashmi","Pakistan Muslim League",1,"Ruquiya Saeed Hashmi"
"Sahibzada_Muhammad_Nazir_Sultan","Pakistan Muslim League",1,"Sahibzada Muhammad Nazir Sultan"
"Said_Badshah","Pakistan Muslim League",1,"Said Badshah"
"Sajad_Hussain","Pakistan Muslim League",1,"Sajad Hussain"
"Saranzaib_Khan","Pakistan Muslim League",1,"Saranzaib Khan"
"Sardar_Aqil_Omer","Pakistan Muslim League",1,"Sardar Aqil Omer"
"Sardar_Ashiq_Hussain_Gopan","Pakistan Muslim League",1,"Sardar Ashiq Hussain Gopan"
"Sardar_Awais_Ahmad_Khan_Leghari","Pakistan Muslim League",1,"Sardar Awais Ahmad Khan Leghari"
"Sardar_Bahadar_Ahmad_Khan_Seehar","Pakistan Muslim League",1,"Sardar Bahadar Ahmad Khan Seehar"
"Sardar_Fateh_Muhammad_Muhammad_Hassani","Pakistan Muslim League",1,"Sardar Fateh Muhammad Muhammad Hassani"
"Sardar_Maqsood_Khan_Leghari","Pakistan Muslim League",1,"Sardar Maqsood Khan Leghari"
"Sardar_Masood_Ali_Khan_Luni","Pakistan Muslim League",1,"Sardar Masood Ali Khan Luni"
"Sardar_Muhammad_Asif_Nakai","Pakistan Muslim League",1,"Sardar Muhammad Asif Nakai"
"Sardar_Muhammad_Israr_Tareen","Pakistan Muslim League",1,"Sardar Muhammad Israr Tareen"
"Sardar_Muhammad_Jafar_Khan_Leghari","Pakistan Muslim League",1,"Sardar Muhammad Jafar Khan Leghari"
"Sardar_Muhammad_Nawab_Khan","Pakistan Muslim League",1,"Sardar Muhammad Nawab Khan"
"Sardar_Muhammad_Yaqoob","Pakistan Muslim League",1,"Sardar Muhammad Yaqoob"
"Sardar_Nasrullh_Khan_Dreshak_","Pakistan Muslim League",1,"Sardar Nasrullh Khan Dreshak."
"Sardar_Shajehan_Yousaf","Pakistan Muslim League",1,"Sardar Shajehan Yousaf"
"Sardar_Talib_Hassan_Nakai","Pakistan Muslim League",2,"Sardar Talib Hassan Nakai"
"Sardar_Tofail_Ahmed_Khan","Pakistan Muslim League",1,"Sardar Tofail Ahmed Khan"
"Sardar_Yar_Muhammad_Rind","Pakistan Muslim League",1,"Sardar Yar Muhammad Rind"
"Sayed_Murad_Ali_Shah","Pakistan Muslim League",1,"Sayed Murad Ali Shah"
"Sh__Rasheed_Ahmed","Pakistan Muslim League",1,"Sh. Rasheed Ahmed"
"Shad_Ali_Khan","Pakistan Muslim League",1,"Shad Ali Khan"
"Shahid_Manzoor_Gill","Pakistan Muslim League",1,"Shahid Manzoor Gill"
"Shahid_Manzoor_Gill_","Pakistan Muslim League",1,"Shahid Manzoor Gill."
"Shahida_Sattar_Laleka","Pakistan Muslim League",1,"Shahida Sattar Laleka"
"Shahzada_Muhyuddin","Pakistan Muslim League",1,"Shahzada Muhyuddin"
"Sheikh_Jafar_Khan_Mandokhail","Pakistan Muslim League",1,"Sheikh Jafar Khan Mandokhail"
"Sheikh_Muhammad_Anwar","Pakistan Muslim League",1,"Sheikh Muhammad Anwar"
"Sheikh_Muhammad_Tahir_Rasheed","Pakistan Muslim League",1,"Sheikh Muhammad Tahir Rasheed"
"Sheikh_Rasheed_Ahmed","Pakistan Muslim League",1,"Sheikh Rasheed Ahmed"
"Sheikh_Waqas_Akram","Pakistan Muslim League",1,"Sheikh Waqas Akram"
"Shoukat_Ali_Khan","Pakistan Muslim League",1,"Shoukat Ali Khan"
"Shujaat_Ali_Khan","Pakistan Muslim League",1,"Shujaat Ali Khan"
"Sikandar_Hayat_Khan_Bossan","Pakistan Muslim League",1,"Sikandar Hayat Khan Bossan"
"Suhrab_Ali","Pakistan Muslim League",1,"Suhrab Ali"
"Sultan_Shahab_Jahangir","Pakistan Muslim League",1,"Sultan Shahab Jahangir"
"Sumaira_Malik","Pakistan Muslim League",1,"Sumaira Malik"
"Syed_Ayaz_Ali_Shah_Sheerazi","Pakistan Muslim League",1,"Syed Ayaz Ali Shah Sheerazi"
"Syed_Gulzar_Sabtain_Shah","Pakistan Muslim League",1,"Syed Gulzar Sabtain Shah"
"Syed_Mujahid_Ali_Shah","Pakistan Muslim League",1,"Syed Mujahid Ali Shah"
"Syed_Noor-Ul-Hassan_Shah","Pakistan Muslim League",1,"Syed Noor-Ul-Hassan Shah"
"Syed_Obaidullah","Pakistan Muslim League",1,"Syed Obaidullah"
"Syed_Qurban_Ali_Shah","Pakistan Muslim League",1,"Syed Qurban Ali Shah"
"Syed_Riaz_Hussain_Shah_Sheerazi","Pakistan Muslim League",1,"Syed Riaz Hussain Shah Sheerazi"
"Tahir_Bashir_Cheema","Pakistan Muslim League",1,"Tahir Bashir Cheema"
"Tahir_Hussain_Shah_","Pakistan Muslim League",1,"Tahir Hussain Shah."
"Taj_Mohammad_Shaikh","Pakistan Muslim League",1,"Taj Mohammad Shaikh"
"Tariq_Bashir_Cheema","Pakistan Muslim League",1,"Tariq Bashir Cheema"
"Umar_Ayub_Khan","Pakistan Muslim League",1,"Umar Ayub Khan"
"Umar_Zeb_Khan","Pakistan Muslim League",1,"Umar Zeb Khan"
"Waseem_Gulzar","Pakistan Muslim League",1,"Waseem Gulzar"
"Wazir_Mohammad_Safi","Pakistan Muslim League",1,"Wazir Mohammad Safi"
"Zafarullah_Tarar","Pakistan Muslim League",1,"Zafarullah Tarar"
"Zaheer_Ud_Din","Pakistan Muslim League",1,"Zaheer Ud Din"
"Zahid_Nazir","Pakistan Muslim League",1,"Zahid Nazir"
"Zardali_Khan","Pakistan Muslim League",1,"Zardali Khan"
"Zargul_Khan","Pakistan Muslim League",1,"Zargul Khan"
"Inzar_Gul","Pakistan Muslim League-Muttahida",1,"Inzar Gul"
"Abdul_Razzaque","Pakistan Muslim League (F)",1,"Abdul Razzaque"
"Ali_Akber_Nizamani","Pakistan Muslim League (F)",1,"Ali Akber Nizamani"
"Ali_Asghar_Halepoto","Pakistan Muslim League (F)",1,"Ali Asghar Halepoto"
"Amjad_Hussain","Pakistan Muslim League (F)",1,"Amjad Hussain"
"Bibi_Yasmeen_Shah","Pakistan Muslim League (F)",1,"Bibi Yasmeen Shah"
"Chakar_Khan_Shahani","Pakistan Muslim League (F)",1,"Chakar Khan Shahani"
"Fakir_Ghulam_Nabi_Mangrio","Pakistan Muslim League (F)",1,"Fakir Ghulam Nabi Mangrio"
"Ghous_Bux_Khan_Mahar","Pakistan Muslim League (F)",1,"Ghous Bux Khan Mahar"
"Ghulam_Dastgir_Rajar","Pakistan Muslim League (F)",1,"Ghulam Dastgir Rajar"
"Imamuddin_Shaookeen","Pakistan Muslim League (F)",1,"Imamuddin Shaookeen"
"Inayatullah","Pakistan Muslim League (F)",1,"Inayatullah"
"Jahangir_Khan_Tareen","Pakistan Muslim League (F)",1,"Jahangir Khan Tareen"
"Jam_Mashooque_Ali","Pakistan Muslim League (F)",1,"Jam Mashooque Ali"
"Khuda_Bux_Dars","Pakistan Muslim League (F)",1,"Khuda Bux Dars"
"Main_Sajjad_Ahmad_Sajid","Pakistan Muslim League (F)",1,"Main Sajjad Ahmad Sajid"
"Maj___Rtd__Syed_Tanveer_Hussain_Satara_Juraat","Pakistan Muslim League (F)",1,"Maj: (Rtd) Syed Tanveer Hussain Satara Juraat"
"Makhdoom_Syed_Ahmad_Mahmood","Pakistan Muslim League (F)",1,"Makhdoom Syed Ahmad Mahmood"
"Makhdum_Syed_Ahmad_Mahmud","Pakistan Muslim League (F)",1,"Makhdum Syed Ahmad Mahmud"
"Malik_Ghulam_Mustafa_Khar","Pakistan Muslim League (F)",1,"Malik Ghulam Mustafa Khar"
"Mehtab_Akbar_Rashidi","Pakistan Muslim League (F)",1,"Mehtab Akbar Rashidi"
"Mian_Abdul_Malik","Pakistan Muslim League (F)",1,"Mian Abdul Malik"
"Mir_Hassan_Khoso","Pakistan Muslim League (F)",1,"Mir Hassan Khoso"
"Mir_Naseer_Khan_Khoso_","Pakistan Muslim League (F)",1,"Mir Naseer Khan Khoso."
"Muhammad_Jadam_Mangrio","Pakistan Muslim League (F)",1,"Muhammad Jadam Mangrio"
"Musharraf_Ali_Khan_Khoso","Pakistan Muslim League (F)",1,"Musharraf Ali Khan Khoso"
"Nadeem_Qadir_Bhutto","Pakistan Muslim League (F)",1,"Nadeem Qadir Bhutto"
"Pir_Bux_Junejo","Pakistan Muslim League (F)",1,"Pir Bux Junejo"
"Pir_Noor_Mohammad_Shah_Jeelani","Pakistan Muslim League (F)",1,"Pir Noor Mohammad Shah Jeelani"
"Pir_Sadruddin_Shah","Pakistan Muslim League (F)",1,"Pir Sadruddin Shah"
"Pir_Sajjad_Saeed_Jan_Sirhandi","Pakistan Muslim League (F)",1,"Pir Sajjad Saeed Jan Sirhandi"
"Pir_Syed_Saddaruddin_Shah_Rashdi","Pakistan Muslim League (F)",1,"Pir Syed Saddaruddin Shah Rashdi"
"Sardar_Mir_Hakim_Ali_Khan_Sundrani","Pakistan Muslim League (F)",1,"Sardar Mir Hakim Ali Khan Sundrani"
"Sarfaraz_Ali_Bughio","Pakistan Muslim League (F)",1,"Sarfaraz Ali Bughio"
"Shabir_Ahmed_Qaim_Khani","Pakistan Muslim League (F)",1,"Shabir Ahmed Qaim Khani"
"Shehzad_Mughal","Pakistan Muslim League (F)",1,"Shehzad Mughal"
"Syed_Ghulam_Abbas","Pakistan Muslim League (F)",1,"Syed Ghulam Abbas"
"Syed_Inayat_Ali_Shah","Pakistan Muslim League (F)",1,"Syed Inayat Ali Shah"
"Syed_Javed_Ali_Shah","Pakistan Muslim League (F)",1,"Syed Javed Ali Shah"
"Syed_Kazim_Ali_Shah_Lakyari","Pakistan Muslim League (F)",1,"Syed Kazim Ali Shah Lakyari"
"Syed_Mehr_Mohi_Ud_Din_Hashmi","Pakistan Muslim League (F)",1,"Syed Mehr Mohi Ud Din Hashmi"
"Syed_Qazim_Ali_Shah","Pakistan Muslim League (F)",1,"Syed Qazim Ali Shah"
"Syed_Qurban_Ali_Shah","Pakistan Muslim League (F)",1,"Syed Qurban Ali Shah"
"Syed_Safdar_Ali_Shah","Pakistan Muslim League (F)",1,"Syed Safdar Ali Shah"
"Syed_Zahid_Hussain_Shah","Pakistan Muslim League (F)",2,"Syed Zahid Hussain Shah"
"Adil_Farooq_Khan","Pakistan Muslim League (J)",1,"Adil Farooq Khan"
"Asif_Mamon","Pakistan Muslim League (J)",1,"Asif Mamon"
"Chaudhary_Muhammad_Younas_Hanjra","Pakistan Muslim League (J)",1,"Chaudhary Muhammad Younas Hanjra"
"Choudhary_Amjad_Mehmood","Pakistan Muslim League (J)",1,"Choudhary Amjad Mehmood"
"Fozia_Ashraf","Pakistan Muslim League (J)",1,"Fozia Ashraf"
"Ijaz_Ahmed_Cheena","Pakistan Muslim League (J)",1,"Ijaz Ahmed Cheena"
"Imran_Ahmad_Khan","Pakistan Muslim League (J)",1,"Imran Ahmad Khan"
"Mozaffer_Ali","Pakistan Muslim League (J)",1,"Mozaffer Ali"
"Muhammad_Ahmad_Chatha","Pakistan Muslim League (J)",1,"Muhammad Ahmad Chatha"
"Muhammad_Fiaz_Qadri","Pakistan Muslim League (J)",1,"Muhammad Fiaz Qadri"
"Muhammad_Ismail","Pakistan Muslim League (J)",1,"Muhammad Ismail"
"Muhammad_Mutahar_Ramzan","Pakistan Muslim League (J)",1,"Muhammad Mutahar Ramzan"
"Syed_Ghulam_Abbas_Shah","Pakistan Muslim League (J)",1,"Syed Ghulam Abbas Shah"
"Syed_Safdar_Ali","Pakistan Muslim League (J)",1,"Syed Safdar Ali"
"Safdar_Zaman","Pakistan Muslim League (Safdar)",1,"Safdar Zaman"
"Akbar_Dars","Pakistan Muslim League (Sher-e-Bangal) A.K. Fazal-Ul-",1,"Akbar Dars"
"Mohammad_Hussain","Pakistan Muslim League (Sher-e-Bangal) A.K. Fazal-Ul-",1,"Mohammad Hussain"
"Muhammad_Asghar_Dars","Pakistan Muslim League (Sher-e-Bangal) A.K. Fazal-Ul-",1,"Muhammad Asghar Dars"
"Mir_Zarak_Khan_Zehri","Pakistan Muslim League (Zehri Group)",1,"Mir Zarak Khan Zehri"
"Naveed_Akhtar_Khan","Pakistan Muslim League “H” Haqiqi",1,"Naveed Akhtar Khan"
"Gohar_Ali_Khan","Pakistan Muslim League Council",1,"Gohar Ali Khan"
"Meher_Muhammad_Jhangir_Advocate","Pakistan Muslim League Council",1,"Meher Muhammad Jhangir Advocate"
"Tauseef_Ur_Rehman_Bhatti_Advocate","Pakistan Muslim League Council",1,"Tauseef Ur Rehman Bhatti Advocate"
"Mian_Abu_Bakar_Hamza","Pakistan Muslim League(Z)",1,"Mian Abu Bakar Hamza"
"Muhammad_Ijaz-Ul-Haq","Pakistan Muslim League(Z)",1,"Muhammad Ijaz-Ul-Haq"
"Muhammad_Ijaz_Ul_Haq","Pakistan Muslim League(Z)",1,"Muhammad Ijaz Ul Haq"
"Khurram_Muhammad_Qamar","Pakistan Qaumi League",1,"Khurram Muhammad Qamar"
"Mahmood_Ahmad_Khan_Qalandar_","Pakistan Qaumi Party",1,"Mahmood Ahmad Khan Qalandar."
"Mehmood_Qalandar","Pakistan Qaumi Party",1,"Mehmood Qalandar"
"Faqir_Jamshid_Ahmad","Pakistan Saraiki Party",1,"Faqir Jamshid Ahmad"
"Farah_Noreen","Pakistan Saraiki Party",1,"Farah Noreen"
"Rasheed_Ahmad_Khan_Langha","Pakistan Saraiki Party",1,"Rasheed Ahmad Khan Langha"
"Saleem_Abbas","Pakistan Saraiki Party",1,"Saleem Abbas"
"Aamir_Rasheed","Pakistan Sunni Tehreek",1,"Aamir Rasheed"
"Abdul_Rasheed","Pakistan Sunni Tehreek",1,"Abdul Rasheed"
"Abdul_Rehman","Pakistan Sunni Tehreek",1,"Abdul Rehman"
"Afzal_Ahmad_Gondal","Pakistan Sunni Tehreek",1,"Afzal Ahmad Gondal"
"Ali_Akbar_Kalhoro","Pakistan Sunni Tehreek",1,"Ali Akbar Kalhoro"
"Ali_Nawaz_Qasmi","Pakistan Sunni Tehreek",1,"Ali Nawaz Qasmi"
"Allama_Mujhahid_Abdul_Rasool_Khan","Pakistan Sunni Tehreek",1,"Allama Mujhahid Abdul Rasool Khan"
"Allama_Shabbir_Ahmed_Chasti_Nazimi_Off_Sakka","Pakistan Sunni Tehreek",1,"Allama Shabbir Ahmed Chasti Nazimi Off Sakka"
"Arshad_Mehmood","Pakistan Sunni Tehreek",1,"Arshad Mehmood"
"Awal_Jan_Mazari","Pakistan Sunni Tehreek",1,"Awal Jan Mazari"
"Basharat_Ali_Gujjar","Pakistan Sunni Tehreek",1,"Basharat Ali Gujjar"
"Hafiz_Gul_Sher","Pakistan Sunni Tehreek",1,"Hafiz Gul Sher"
"Hafiz_Malik_Muhammad_Bashir","Pakistan Sunni Tehreek",1,"Hafiz Malik Muhammad Bashir"
"Hafiz_Raja_Muhammad_Sana_Ul_Haq","Pakistan Sunni Tehreek",1,"Hafiz Raja Muhammad Sana Ul Haq"
"Imtiaz","Pakistan Sunni Tehreek",1,"Imtiaz"
"Jahangir_Qadri","Pakistan Sunni Tehreek",1,"Jahangir Qadri"
"Jhangir_Qadri","Pakistan Sunni Tehreek",1,"Jhangir Qadri"
"Mahboob_Ali_Sahto","Pakistan Sunni Tehreek",1,"Mahboob Ali Sahto"
"Malik_Matloob_Ali_Awan","Pakistan Sunni Tehreek",1,"Malik Matloob Ali Awan"
"Malik_Muhammad_Iqbal_Khokhar","Pakistan Sunni Tehreek",1,"Malik Muhammad Iqbal Khokhar"
"Matloob_Awan","Pakistan Sunni Tehreek",1,"Matloob Awan"
"Mian_Ghulam_Shabir_Qadri","Pakistan Sunni Tehreek",1,"Mian Ghulam Shabir Qadri"
"Mohammad_Kashif","Pakistan Sunni Tehreek",1,"Mohammad Kashif"
"Mohammad_Younis_Ansari","Pakistan Sunni Tehreek",1,"Mohammad Younis Ansari"
"Mollana_Mohammad_Illyas_Gabool","Pakistan Sunni Tehreek",1,"Mollana Mohammad Illyas Gabool"
"Muhammad_Afzal_Qadri","Pakistan Sunni Tehreek",1,"Muhammad Afzal Qadri"
"Muhammad_Ajmal_Umar","Pakistan Sunni Tehreek",1,"Muhammad Ajmal Umar"
"Muhammad_Arif_Mansoori","Pakistan Sunni Tehreek",1,"Muhammad Arif Mansoori"
"Muhammad_Imran_Javaid","Pakistan Sunni Tehreek",1,"Muhammad Imran Javaid"
"Muhammad_Jamal_Barket","Pakistan Sunni Tehreek",1,"Muhammad Jamal Barket"
"Muhammad_Jameel","Pakistan Sunni Tehreek",1,"Muhammad Jameel"
"Muhammad_Kaleem","Pakistan Sunni Tehreek",1,"Muhammad Kaleem"
"Muhammad_Murtaza_Rizvi_Wattoo","Pakistan Sunni Tehreek",1,"Muhammad Murtaza Rizvi Wattoo"
"Muhammad_Qasim","Pakistan Sunni Tehreek",1,"Muhammad Qasim"
"Muhammad_Tahir_Qadri","Pakistan Sunni Tehreek",1,"Muhammad Tahir Qadri"
"Peer_Sayed_Munir_Hussain_Shah_Noori","Pakistan Sunni Tehreek",1,"Peer Sayed Munir Hussain Shah Noori"
"Pir_Syed_Mubashar_Hussain_Shah_Shakreelvy","Pakistan Sunni Tehreek",1,"Pir Syed Mubashar Hussain Shah Shakreelvy"
"Professor_Farooq_Ahmed_Tajra","Pakistan Sunni Tehreek",1,"Professor Farooq Ahmed Tajra"
"Rana_Muhammad_Riaz_Qadri","Pakistan Sunni Tehreek",1,"Rana Muhammad Riaz Qadri"
"Raza_e_Mustafa","Pakistan Sunni Tehreek",1,"Raza e Mustafa"
"Rizwan_Ali","Pakistan Sunni Tehreek",1,"Rizwan Ali"
"Rizwan_Qureshi","Pakistan Sunni Tehreek",1,"Rizwan Qureshi"
"Sajid_Mehmood_Qadri","Pakistan Sunni Tehreek",1,"Sajid Mehmood Qadri"
"Sajjad_Haider","Pakistan Sunni Tehreek",1,"Sajjad Haider"
"Shoukat_Ali_Lehri","Pakistan Sunni Tehreek",1,"Shoukat Ali Lehri"
"Syed_Ahmad_Shah","Pakistan Sunni Tehreek",1,"Syed Ahmad Shah"
"Syed_Tawaqal_Hussain_Shah_Bukhari","Pakistan Sunni Tehreek",1,"Syed Tawaqal Hussain Shah Bukhari"
"Tahir_Iqbal","Pakistan Sunni Tehreek",1,"Tahir Iqbal"
"Alamgir_Khan","Pakistan Tehrek-e-Inqalab",1,"Alamgir Khan"
"Ihsan_Ullah_Khan_Mahsood","Pakistan Tehrek-e-Inqalab",1,"Ihsan Ullah Khan Mahsood"
"Muhammad_Sultan","Pakistan Tehrek-e-Inqalab",1,"Muhammad Sultan"
"Raja_Muhammad_Ashraf","Pakistan Tehrek-e-Inqalab",1,"Raja Muhammad Ashraf"
"Azmat_Ali","PAL",1,"Azmat Ali"
"Nasir_Mahmood","PAL",1,"Nasir Mahmood"
"Nasir_Mehmood","PAL",1,"Nasir Mehmood"
"Syed_Mazhar_Ali","PAL",1,"Syed Mazhar Ali"
"Kaleem_Ullah","PAP",1,"Kaleem Ullah"
"Sardar_Taimoor","PAP",1,"Sardar Taimoor"
"Khaqan_Waheed_Khuwaja","PAQ",1,"Khaqan Waheed Khuwaja"
"Ahmad_Nawaz_Khan","Pasban Pakistan",1,"Ahmad Nawaz Khan"
"Prof_javeed_Sandhu","Pasban Pakistan",1,"Prof.javeed Sandhu"
"Abid_Hussain","PAT",1,"Abid Hussain"
"Ahmad_Ikhwan","PAT",1,"Ahmad Ikhwan"
"Ali_Hassan","PAT",1,"Ali Hassan"
"Aman_Ullah","PAT",1,"Aman Ullah"
"Amjad_Arbab_Abbasi","PAT",1,"Amjad Arbab Abbasi"
"Asjad_Hussain","PAT",1,"Asjad Hussain"
"Fayyaz_Ahmed_Tabassum","PAT",1,"Fayyaz Ahmed Tabassum"
"Ghulam_Mustafa","PAT",1,"Ghulam Mustafa"
"Gul_Hassan","PAT",1,"Gul Hassan"
"Haji_Fateh_Din","PAT",1,"Haji Fateh Din"
"Khalil_Ur_Rehman","PAT",1,"Khalil Ur Rehman"
"Latif_Ahmed_Hussain","PAT",1,"Latif Ahmed Hussain"
"Mian_Muhammad_Raza","PAT",1,"Mian Muhammad Raza"
"Mian_Noor_Ahmad","PAT",1,"Mian Noor Ahmad"
"Mubashir_Hussain","PAT",1,"Mubashir Hussain"
"Mudassar_Hussain_Shah","PAT",1,"Mudassar Hussain Shah"
"Muhammad_Amir_Awan","PAT",1,"Muhammad Amir Awan"
"Muhammad_Anwar_Abbasi","PAT",1,"Muhammad Anwar Abbasi"
"Muhammad_Asif_Sulehria","PAT",1,"Muhammad Asif Sulehria"
"Muhammad_Ayoub_Butt","PAT",1,"Muhammad Ayoub Butt"
"Muhammad_Aziz","PAT",1,"Muhammad Aziz"
"Muhammad_Ijaz_Arshad","PAT",1,"Muhammad Ijaz Arshad"
"Muhammad_Khalil","PAT",1,"Muhammad Khalil"
"Muhammad_Nadeem","PAT",1,"Muhammad Nadeem"
"Muhammad_Naveed_Akhtar","PAT",1,"Muhammad Naveed Akhtar"
"Muhammad_Rafi","PAT",1,"Muhammad Rafi"
"Muhammad_Shafique","PAT",1,"Muhammad Shafique"
"Muhammad_Shahzad","PAT",1,"Muhammad Shahzad"
"Muhammad_Usman","PAT",1,"Muhammad Usman"
"Muhammad_Yousaf","PAT",1,"Muhammad Yousaf"
"Mujahid_Mahmood","PAT",1,"Mujahid Mahmood"
"Naseer_Khan","PAT",1,"Naseer Khan"
"Naveed_Akram","PAT",1,"Naveed Akram"
"Pervaiz_Iqbal_Virk","PAT",1,"Pervaiz Iqbal Virk"
"Salwat_Shahzad_Khan","PAT",1,"Salwat Shahzad Khan"
"Sardar_Muhammad_Mansoor_Khan","PAT",1,"Sardar Muhammad Mansoor Khan"
"Shafique_Ahmad","PAT",1,"Shafique Ahmad"
"Sohail_Babar","PAT",1,"Sohail Babar"
"Daud_Ahmed_Fakhri","PCP",1,"Daud Ahmed Fakhri"
"Farzana_Parveen","PCP",1,"Farzana Parveen"
"Jahangir_Hussain_Jafari","PCP",1,"Jahangir Hussain Jafari"
"Muhammad_Bilal_Hussain","PCP",1,"Muhammad Bilal Hussain"
"Muhammad_Zahid_Bashir","PCP",1,"Muhammad Zahid Bashir"
"Rizwan_Ahmed_Khan","PCP",1,"Rizwan Ahmed Khan"
"Sumbul_Akhtar","PCP",1,"Sumbul Akhtar"
"Syed_Muhammad_Ishrat_Ghazali","PCP",1,"Syed Muhammad Ishrat Ghazali"
"Imtiaz_Khan","PDQM",1,"Imtiaz Khan"
"Mubeen_Malik","PDQM",1,"Mubeen Malik"
"Shabbir_Ahmed_Anjum","PDQM",1,"Shabbir Ahmed Anjum"
"Shafaqaat_Ahmad","PDQM",1,"Shafaqaat Ahmad"
"Taimoor_Ahmad_Yar_Khan","PDQM",1,"Taimoor Ahmad Yar Khan"
"Tayyaba_Mubarak","PDQM",1,"Tayyaba Mubarak"
"Muhammad_Syed","PFM",1,"Muhammad Syed"
"Anwar_Hussain","PFP",1,"Anwar Hussain"
"Shahid_Iqbal","PFP",1,"Shahid Iqbal"
"Syed_Rashid_Hussain_Shah","PFP",1,"Syed Rashid Hussain Shah"
"Chaudhry_Zahid_Iqram","PI-P",1,"Chaudhry Zahid Iqram"
"Abdul_Shakoor","PIRP",1,"Abdul Shakoor"
"Muhammad_Mumtaz","PIRP",1,"Muhammad Mumtaz"
"Zaffar_Iqbal_Gurmani","PIRP",1,"Zaffar Iqbal Gurmani"
"Aijaz_Ali_Khokhar","PKI",1,"Aijaz Ali Khokhar"
"Rahim_Bakhsh","PKI",1,"Rahim Bakhsh"
"Shahid_Anjum","PKI",1,"Shahid Anjum"
"Abdul_Rab","PKMAP",1,"Abdul Rab"
"Abdul_Razzaq","PKMAP",1,"Abdul Razzaq"
"Habib_Ur_Rehman","PKMAP",1,"Habib Ur Rehman"
"Jamal_Khan","PKMAP",1,"Jamal Khan"
"Manzoor_Ahmed","PKMAP",1,"Manzoor Ahmed"
"Mehmood_Khan_Achakzai","PKMAP",1,"Mehmood Khan Achakzai"
"Muhammad_Akram_Tareen","PKMAP",1,"Muhammad Akram Tareen"
"Muhammad_Ashraf","PKMAP",1,"Muhammad Ashraf"
"Muhammad_Azam","PKMAP",1,"Muhammad Azam"
"Muhammad_Rahim","PKMAP",1,"Muhammad Rahim"
"Nawab_Muhammad_Ayaz_Khan_Jogezai","PKMAP",1,"Nawab Muhammad Ayaz Khan Jogezai"
"Palwasha_Ramzan","PKMAP",1,"Palwasha Ramzan"
"Riaz_Mahammad_Yousafzai","PKMAP",1,"Riaz Mahammad Yousafzai"
"Qadeer_Hussain","PL",1,"Qadeer Hussain"
"Abdul_Samad_Khan","PMA",1,"Abdul Samad Khan"
"Hazrat_Umar","PMA",1,"Hazrat Umar"
"Irfan_Karim","PMA",1,"Irfan Karim"
"Muhammad_Arif_Khan","PMA",1,"Muhammad Arif Khan"
"Muhammad_Jibran","PMA",1,"Muhammad Jibran"
"Sara_Ashfaq","PMA",1,"Sara Ashfaq"
"Shahbaz_Ali","PMA",1,"Shahbaz Ali"
"Yasir_Ali","PMA",1,"Yasir Ali"
"Abdul_Qadir","PML",1,"Abdul Qadir"
"Aneela_Iftikhar","PML",1,"Aneela Iftikhar"
"Arshad_Ahmad_Qamar","PML",1,"Arshad Ahmad Qamar"
"Chaudhry_Salik_Hussain","PML",1,"Chaudhry Salik Hussain"
"Chaudhry_Tariq_Bashir_Cheema","PML",1,"Chaudhry Tariq Bashir Cheema"
"Hussain_Ellahi","PML",1,"Hussain Ellahi"
"Muhammad_Ishaq","PML",1,"Muhammad Ishaq"
"Muhammad_Jameel_Ahmed_Khan","PML",1,"Muhammad Jameel Ahmed Khan"
"Muhammad_Tariq_Hassan","PML",1,"Muhammad Tariq Hassan"
"Musa_Elahi","PML",1,"Musa Elahi"
"Riaz_Ahmed_Jan","PML",1,"Riaz Ahmed Jan"
"Shakeel_Ahmed_Roshan","PML",1,"Shakeel Ahmed Roshan"
"Syed_Faizan_Anis","PML",1,"Syed Faizan Anis"
"Muzaffar_Ahmed","PML-AKFH",1,"Muzaffar Ahmed"
"Muhammad_Younas","PML-C",1,"Muhammad Younas"
"Abbas_Khan_Afridi","PML-N",1,"Abbas Khan Afridi"
"Abdul_Bari","PML-N",1,"Abdul Bari"
"Abdul_Ghaffar_Dogar","PML-N",1,"Abdul Ghaffar Dogar"
"Abdul_Hakeem_Baloch","PML-N",1,"Abdul Hakeem Baloch"
"Abdul_Hameed_Rajput","PML-N",1,"Abdul Hameed Rajput"
"Abdul_Hamid_Orakzai","PML-N",1,"Abdul Hamid Orakzai"
"Abdul_Khaliq","PML-N",1,"Abdul Khaliq"
"Abdul_Khaliq_Khar","PML-N",1,"Abdul Khaliq Khar"
"Abdul_Majeed_Khan","PML-N",2,"Abdul Majeed Khan"
"Abdul_Qadeer","PML-N",1,"Abdul Qadeer"
"Abdul_Qadir_Khan","PML-N",1,"Abdul Qadir Khan"
"Abdul_Rehman_Khan_Kanju","PML-N",1,"Abdul Rehman Khan Kanju"
"Abdul_Subhan","PML-N",1,"Abdul Subhan"
"Abdulkhaliq","PML-N",1,"Abdulkhaliq"
"Abdullah","PML-N",1,"Abdullah"
"Abdullah_Sheedi","PML-N",1,"Abdullah Sheedi"
"Abid_Ali","PML-N",1,"Abid Ali"
"Abid_Ali_","PML-N",1,"Abid Ali."
"Abid_Azeem","PML-N",1,"Abid Azeem"
"Abid_Sheer_Ali","PML-N",1,"Abid Sheer Ali"
"Adrees_Bajwa_","PML-N",1,"Adrees Bajwa."
"Agha_Muhammad_Munwar","PML-N",1,"Agha Muhammad Munwar"
"Ahmad_Atteeq_Anwer","PML-N",1,"Ahmad Atteeq Anwer"
"Ahmad_Hussain_Dehar","PML-N",1,"Ahmad Hussain Dehar"
"Ahmad_Raza_Maneka","PML-N",1,"Ahmad Raza Maneka"
"Ahsan_Iqbal","PML-N",3,"Ahsan Iqbal"
"Akhlaq_Younas","PML-N",1,"Akhlaq Younas"
"Akhtar_Hussain_Jadoon","PML-N",1,"Akhtar Hussain Jadoon"
"Akhtiar_Wali","PML-N",1,"Akhtiar Wali"
"Akhundzada_Badruddin","PML-N",1,"Akhundzada Badruddin"
"Alam_Dad_Laleka","PML-N",2,"Alam Dad Laleka"
"Alamzeb_Khan","PML-N",1,"Alamzeb Khan"
"Alhaj_Muhammad_Farid_Mufakkar","PML-N",1,"Alhaj Muhammad Farid Mufakkar"
"Ali_Asghar_Rind","PML-N",1,"Ali Asghar Rind"
"Ali_Gohar_Khan","PML-N",1,"Ali Gohar Khan"
"Ali_Mohammad_Khan_Juna_Advocate","PML-N",1,"Ali Mohammad Khan Juna Advocate"
"Ali_Raza_Cholyani","PML-N",1,"Ali Raza Cholyani"
"Ali_Sher_Khan","PML-N",1,"Ali Sher Khan"
"Ali_Zahid","PML-N",1,"Ali Zahid"
"Allando_Shah_Alias_Zafar_Ali_Shah","PML-N",1,"Allando Shah Alias Zafar Ali Shah"
"Amir_Muqam","PML-N",2,"Amir Muqam"
"Amir_Talal_Gopang","PML-N",1,"Amir Talal Gopang"
"Ammar_Ahmad_Khan_Leghari","PML-N",1,"Ammar Ahmad Khan Leghari"
"Anjum_Aqeel_Khan","PML-N",2,"Anjum Aqeel Khan"
"Anwar_Ul_Haq_Chaudhary","PML-N",1,"Anwar Ul Haq Chaudhary"
"Arshad_Manan_Yousaf_Zai","PML-N",1,"Arshad Manan Yousaf Zai"
"Asghar_Ali_Awan","PML-N",1,"Asghar Ali Awan"
"Asghar_Ali_Shah","PML-N",1,"Asghar Ali Shah"
"Asif_Ali_Malik","PML-N",2,"Asif Ali Malik"
"Asif_Aqeel","PML-N",1,"Asif Aqeel"
"Aslam_Bodla","PML-N",1,"Aslam Bodla"
"Atta_Ullah_Tarar","PML-N",1,"Atta Ullah Tarar"
"Ayaz_Amir","PML-N",1,"Ayaz Amir"
"Azad_Ali_Tabassum","PML-N",1,"Azad Ali Tabassum"
"Azhar_Qayyum_Nahra","PML-N",1,"Azhar Qayyum Nahra"
"Azhar_Qayyum_Nehra","PML-N",1,"Azhar Qayyum Nehra"
"Babar_Nawaz_Khan","PML-N",1,"Babar Nawaz Khan"
"Bashir_Ahmed","PML-N",1,"Bashir Ahmed"
"Baz_Gul_Afridi","PML-N",1,"Baz Gul Afridi"
"Begum_Tehmina_Doultana","PML-N",1,"Begum Tehmina Doultana"
"Bilal_Azhar_Kayani","PML-N",1,"Bilal Azhar Kayani"
"Bilal_Yaseen","PML-N",1,"Bilal Yaseen"
"Capt_r_Muhammad_Safdar","PML-N",1,"Capt r Muhammad Safdar"
"Ch__Abid_Raza","PML-N",1,"Ch. Abid Raza"
"Ch__Ashfaq_Ahmed_Mattu","PML-N",1,"Ch. Ashfaq Ahmed Mattu"
"Ch__Mehmood_Bashir_Virk","PML-N",1,"Ch. Mehmood Bashir Virk"
"Ch__Mubashir_Hussain","PML-N",1,"Ch. Mubashir Hussain"
"Ch__Muhammad_Jafar_Iqbal","PML-N",1,"Ch. Muhammad Jafar Iqbal"
"Ch__Muhammad_Riaz","PML-N",1,"Ch. Muhammad Riaz"
"Ch__Nisar_Ali_Khan","PML-N",1,"Ch. Nisar Ali Khan"
"Ch__Safdar-Ur-Rehman","PML-N",1,"Ch. Safdar-Ur-Rehman"
"Ch__Saud_Majeed","PML-N",1,"Ch. Saud Majeed"
"Ch_Armaghan_Subhani","PML-N",1,"Ch Armaghan Subhani"
"Ch_Asad_Ur_Rehman","PML-N",1,"Ch Asad Ur Rehman"
"Ch_bilal_Ahmed_Virk","PML-N",1,"Ch.bilal Ahmed Virk"
"Ch_Jaffar_Iqbal","PML-N",1,"Ch Jaffar Iqbal"
"Ch_muhammad_Ali_Gujar__Advocate","PML-N",1,"Ch.muhammad Ali Gujar, Advocate"
"Ch_Muhammad_Ashraf","PML-N",1,"Ch Muhammad Ashraf"
"Ch_muhammad_Munir_Azhar","PML-N",1,"Ch.muhammad Munir Azhar"
"Ch_Nadeem_Abbas_Rebera","PML-N",1,"Ch Nadeem Abbas Rebera"
"Ch_Nisar_Ali_Khan","PML-N",1,"Ch Nisar Ali Khan"
"Chaudhary_Abid_Raza","PML-N",1,"Chaudhary Abid Raza"
"Chaudhary_Asad-Ur-Rehman","PML-N",1,"Chaudhary Asad-Ur-Rehman"
"Chaudhary_Asad_Ur_Rehman","PML-N",1,"Chaudhary Asad Ur Rehman"
"Chaudhary_Farrukh_Altaf","PML-N",1,"Chaudhary Farrukh Altaf"
"Chaudhary_Iftikhar_Nazir","PML-N",1,"Chaudhary Iftikhar Nazir"
"Chaudhary_Khalid_Javed","PML-N",1,"Chaudhary Khalid Javed"
"Chaudhary_Mahmood_Bashir_Virk","PML-N",1,"Chaudhary Mahmood Bashir Virk"
"Chaudhary_Muhammad_Ashraf","PML-N",1,"Chaudhary Muhammad Ashraf"
"Chaudhary_Muhammad_Ashraf_Gujjar","PML-N",1,"Chaudhary Muhammad Ashraf Gujjar"
"Chaudhary_Muhammad_Barjees_Tahir","PML-N",1,"Chaudhary Muhammad Barjees Tahir"
"Chaudhary_Muhammad_Iqbal","PML-N",1,"Chaudhary Muhammad Iqbal"
"Chaudhary_Muhammad_Shahbaz_Babar","PML-N",1,"Chaudhary Muhammad Shahbaz Babar"
"Chaudhary_Naseer_Ahmed_Sidhu","PML-N",1,"Chaudhary Naseer Ahmed Sidhu"
"Chaudhary_Nazeer_Ahmad","PML-N",1,"Chaudhary Nazeer Ahmad"
"Chaudhary_Nazir_Ahmad","PML-N",1,"Chaudhary Nazir Ahmad"
"Chaudhary_Nisar_Ali_Khan","PML-N",1,"Chaudhary Nisar Ali Khan"
"Chaudhry_Khadim_Hussain","PML-N",1,"Chaudhry Khadim Hussain"
"Chaudhry_Khalid_Javed_Warraich","PML-N",1,"Chaudhry Khalid Javed Warraich"
"Chaudhry_Mahmood_Bashir_Virk","PML-N",1,"Chaudhry Mahmood Bashir Virk"
"Chaudhry_Muhammad_Jamil_Johar_Advocate","PML-N",1,"Chaudhry Muhammad Jamil Johar Advocate"
"Chaudhry_Muhammad_Munir_Azhar","PML-N",1,"Chaudhry Muhammad Munir Azhar"
"Chaudhry_Naseer_Ahmed_Bhutta","PML-N",1,"Chaudhry Naseer Ahmed Bhutta"
"Chaudry_Armaghan_Subhani","PML-N",1,"Chaudry Armaghan Subhani"
"Choudhary_Iftikhar_Nazir","PML-N",1,"Choudhary Iftikhar Nazir"
"Choudhary_Muhammad_Barjees_Tahir","PML-N",1,"Choudhary Muhammad Barjees Tahir"
"Choudhry_Muhammad_Shahbaz_Babar","PML-N",1,"Choudhry Muhammad Shahbaz Babar"
"Choudhry_Muhammad_Tarique","PML-N",1,"Choudhry Muhammad Tarique"
"Chudhary_Bilal_Ahmed_Virk","PML-N",1,"Chudhary Bilal Ahmed Virk"
"Chudhary_Hamid_Hameed","PML-N",1,"Chudhary Hamid Hameed"
"Col_r__Mian_Muhammad_Akram_Advocate","PML-N",1,"Col(r) Mian Muhammad Akram Advocate"
"Daniyal_Ahmed","PML-N",1,"Daniyal Ahmed"
"Daniyal_Aziz","PML-N",1,"Daniyal Aziz"
"Danyal_Choudhary","PML-N",1,"Danyal Choudhary"
"Dewan_Ashiq_Hussain_Bukhari","PML-N",1,"Dewan Ashiq Hussain Bukhari"
"Dewan_Syed_Jaffar_Hussain","PML-N",1,"Dewan Syed Jaffar Hussain"
"Dilawar_Khan","PML-N",1,"Dilawar Khan"
"Doctor_Hafeez_Ur_Rehman_Khan_Drishak","PML-N",1,"Doctor Hafeez Ur Rehman Khan Drishak"
"Doctor_Liaquat_Ali_Khan","PML-N",1,"Doctor Liaquat Ali Khan"
"Dr__Abu-Ul-Hassan_Ansari","PML-N",1,"Dr. Abu-Ul-Hassan Ansari"
"Dr__Azeem-Ud-Din_Zahid_Lakhvi","PML-N",1,"Dr. Azeem-Ud-Din Zahid Lakhvi"
"Dr__Imtiaz_Ahmed","PML-N",1,"Dr: Imtiaz Ahmed"
"Dr__Mian_Akhtar_Ali_Lalika","PML-N",1,"Dr. Mian Akhtar Ali Lalika"
"Dr__Muhammad_Afzal_Khan_Dhandla","PML-N",1,"Dr. Muhammad Afzal Khan Dhandla"
"Dr__Syed_Ali_Hyder_Shah","PML-N",1,"Dr. Syed Ali Hyder Shah"
"Dr__Tariq_Fazal_Chudhary","PML-N",1,"Dr. Tariq Fazal Chudhary"
"Dr__Zulfiqar_Ali_Bhatti","PML-N",2,"Dr. Zulfiqar Ali Bhatti"
"Dr_hafiz_Shabbir_Ahmed","PML-N",1,"Dr.hafiz Shabbir Ahmed"
"Dr_Rahila_Gul_Magsi","PML-N",1,"Dr Rahila Gul Magsi"
"Dr_syed_Khawar_Ali_Shah","PML-N",1,"Dr.syed Khawar Ali Shah"
"Dr_tariq_Fazal_Chaudhry","PML-N",1,"Dr.tariq Fazal Chaudhry"
"Ehsan-Ul-Haq_Idrees_Advocate","PML-N",1,"Ehsan-Ul-Haq Idrees Advocate"
"Ehsan_Ul_Haq_Bajwa","PML-N",1,"Ehsan Ul Haq Bajwa"
"Engineer_Abdul_Munim_Khan","PML-N",1,"Engineer Abdul Munim Khan"
"Engineer_Iqbal_Zafar_Jhagra","PML-N",1,"Engineer Iqbal Zafar Jhagra"
"Engineer_Khuram_Dastgir_Khan","PML-N",1,"Engineer Khuram Dastgir Khan"
"Engr_Khurram_Dastgir_Khan","PML-N",1,"Engr Khurram Dastgir Khan"
"Faheem_Advocate","PML-N",1,"Faheem Advocate"
"Faiz_Muhammad_Khan","PML-N",1,"Faiz Muhammad Khan"
"Farah_Awan_Advocate","PML-N",1,"Farah Awan Advocate"
"Farah_Khan","PML-N",1,"Farah Khan"
"Farhat_Ullah_Khan","PML-N",1,"Farhat Ullah Khan"
"Farid_Khan_Yousafzai","PML-N",1,"Farid Khan Yousafzai"
"Farkhanda_Amjad_Waraich","PML-N",1,"Farkhanda Amjad Waraich"
"Fida_Muhammad","PML-N",1,"Fida Muhammad"
"Furqan_Ali","PML-N",1,"Furqan Ali"
"Ghalib_Khan","PML-N",2,"Ghalib Khan"
"Ghani_Ur_Rehman","PML-N",1,"Ghani Ur Rehman"
"Ghulam_Bibi_Bharwana","PML-N",1,"Ghulam Bibi Bharwana"
"Ghulam_Hyder_Phulpoto","PML-N",1,"Ghulam Hyder Phulpoto"
"Ghulam_Muhammad_Lali","PML-N",1,"Ghulam Muhammad Lali"
"Ghulam_Rasool","PML-N",1,"Ghulam Rasool"
"Ghulam_Rasool_Sahi","PML-N",1,"Ghulam Rasool Sahi"
"Ghulam_Shoaib","PML-N",1,"Ghulam Shoaib"
"Hafeez_Ur_Rehman_Khan_Drishak","PML-N",1,"Hafeez Ur Rehman Khan Drishak"
"Hafiz_Abdul_Kareem","PML-N",1,"Hafiz Abdul Kareem"
"Hafiz_Abdul_Karim","PML-N",1,"Hafiz Abdul Karim"
"Hafiz_Masroor_Lateef","PML-N",1,"Hafiz Masroor Lateef"
"Haji_Arz_Muhammad_Barech","PML-N",1,"Haji Arz Muhammad Barech"
"Haji_Jamal_Shah_Kakar","PML-N",1,"Haji Jamal Shah Kakar"
"Haji_Javed_Iqbal_Jat","PML-N",1,"Haji Javed Iqbal Jat"
"Haji_Muhammad_Akram_Ansari","PML-N",3,"Haji Muhammad Akram Ansari"
"Haji_Muzaffar_Ali_Shajra","PML-N",1,"Haji Muzaffar Ali Shajra"
"Haji_Waris_Khan_Achakzai","PML-N",1,"Haji Waris Khan Achakzai"
"Haji_Zar_Khan_Safi","PML-N",1,"Haji Zar Khan Safi"
"Hameer_Imdad_Unar","PML-N",1,"Hameer Imdad Unar"
"Hammad_Nawaz_Khan","PML-N",1,"Hammad Nawaz Khan"
"Hamza","PML-N",1,"Hamza"
"Hamza_Shahbaz_Sharif","PML-N",1,"Hamza Shahbaz Sharif"
"Hizbullah_Gandapur","PML-N",1,"Hizbullah Gandapur"
"Humair_Hayat_Khan_Rokhari","PML-N",1,"Humair Hayat Khan Rokhari"
"Husnain_Rashid","PML-N",1,"Husnain Rashid"
"Ibadullah","PML-N",1,"Ibadullah"
"Iftikhar_Uddin","PML-N",1,"Iftikhar Uddin"
"Ihasn_Kareem_Qureshi","PML-N",1,"Ihasn Kareem Qureshi"
"Ijaz_Ahmed_Chaudhary","PML-N",1,"Ijaz Ahmed Chaudhary"
"Illah_Bukhsh_Soomro","PML-N",1,"Illah Bukhsh Soomro"
"Illahi_Bux_Soomro","PML-N",1,"Illahi Bux Soomro"
"Imtiaz_Ahmad_Gondal","PML-N",1,"Imtiaz Ahmad Gondal"
"Inamullah_Khan_Niazi","PML-N",1,"Inamullah Khan Niazi"
"Iqbal_Zaffar_Jhagra","PML-N",1,"Iqbal Zaffar Jhagra"
"Irfan_Ahmed","PML-N",1,"Irfan Ahmed"
"Irfan_Aziz_Kurd","PML-N",1,"Irfan Aziz Kurd"
"Ishtiaq_Ahmed_Advocate","PML-N",1,"Ishtiaq Ahmed Advocate"
"Jalal_Khan_Khattak","PML-N",1,"Jalal Khan Khattak"
"Jam_Kamal_Khan","PML-N",1,"Jam Kamal Khan"
"Jamil_Ahmad_Khan","PML-N",1,"Jamil Ahmad Khan"
"Javaid_Ibrahim_Paracha","PML-N",1,"Javaid Ibrahim Paracha"
"Javed_Akhter","PML-N",1,"Javed Akhter"
"Jehanzeb_Khan","PML-N",1,"Jehanzeb Khan"
"Justice_r__Iftikhar_Ahmad_Cheema","PML-N",1,"Justice(r) Iftikhar Ahmad Cheema"
"Justice_r_Iftikhar_Ahmad_Cheema","PML-N",1,"Justice r Iftikhar Ahmad Cheema"
"Kaleem_Akbar_Durrani","PML-N",1,"Kaleem Akbar Durrani"
"Kalim_Akbar","PML-N",1,"Kalim Akbar"
"Karim_Ali_Jatoi","PML-N",1,"Karim Ali Jatoi"
"Khalid_Aziz","PML-N",1,"Khalid Aziz"
"Khawaja_Ahmad_Hassan","PML-N",1,"Khawaja Ahmad Hassan"
"Khawaja_Muhammad_Asif","PML-N",2,"Khawaja Muhammad Asif"
"Khawaja_Muhammad_Asif_","PML-N",1,"Khawaja Muhammad Asif."
"Khawaja_Saad_Rafique","PML-N",3,"Khawaja Saad Rafique"
"Khudai_Noor","PML-N",1,"Khudai Noor"
"Khurram_Dastagir_Khan","PML-N",1,"Khurram Dastagir Khan"
"Liaqat_Ahmed_Khan","PML-N",1,"Liaqat Ahmed Khan"
"Liaquat_Ali_Jamali","PML-N",1,"Liaquat Ali Jamali"
"Lt_Gen_r__Salah-Ud-Din_Trimzi","PML-N",1,"Lt Gen(r) Salah-Ud-Din Trimzi"
"Lt_gen_r_Abdul_Qadir_Baloch","PML-N",1,"Lt.gen r Abdul Qadir Baloch"
"m_Aslam_Buledi","PML-N",1,"m Aslam Buledi"
"m_Junaid_Anwar_Chaudhary","PML-N",1,"m Junaid Anwar Chaudhary"
"Mailk_Sohail_Khan","PML-N",1,"Mailk Sohail Khan"
"Major_r_Amir_Aziz_Kurd","PML-N",1,"Major r Amir Aziz Kurd"
"Major_Rtd_Tahir_Iqbal","PML-N",1,"Major Rtd Tahir Iqbal"
"Makdum_Syed_Ahmad_Alam_Anwer","PML-N",1,"Makdum Syed Ahmad Alam Anwer"
"Makhadom_Jamil_Ahmed_Hussain_Bukhari","PML-N",1,"Makhadom Jamil Ahmed Hussain Bukhari"
"Makhdoom_Faisal_Saleh_Hayat","PML-N",1,"Makhdoom Faisal Saleh Hayat"
"Makhdoom_Moeen_Uddin_Ali","PML-N",1,"Makhdoom Moeen Uddin Ali"
"Makhdoom_Moin_Ud_Din_Ali_Hashmi","PML-N",1,"Makhdoom Moin Ud Din Ali Hashmi"
"Makhdoom_Muhammad_Javed_Hashmi","PML-N",1,"Makhdoom Muhammad Javed Hashmi"
"Makhdoom_Syed_Ali_Hassan_Gillani","PML-N",1,"Makhdoom Syed Ali Hassan Gillani"
"Makhdoom_Syed_Sami_Ul_Hassan_Gilani","PML-N",1,"Makhdoom Syed Sami Ul Hassan Gilani"
"Makhdoomzada_s_b_a_Sultan","PML-N",1,"Makhdoomzada s b a Sultan"
"Malak_Muhammad_Zeb_Khan","PML-N",1,"Malak Muhammad Zeb Khan"
"Malak_Syed_Ahmad","PML-N",1,"Malak Syed Ahmad"
"Malik_Abdul_Ghaffar_Dogar","PML-N",1,"Malik Abdul Ghaffar Dogar"
"Malik_Abrar_Ahmad","PML-N",1,"Malik Abrar Ahmad"
"Malik_Akhtar_Hussain_Awan","PML-N",1,"Malik Akhtar Hussain Awan"
"Malik_Ghulam_Qasim_Hanjra","PML-N",1,"Malik Ghulam Qasim Hanjra"
"Malik_Ibrar_Ahmed","PML-N",2,"Malik Ibrar Ahmed"
"Malik_Ihtebar_Khan","PML-N",1,"Malik Ihtebar Khan"
"Malik_Iqbal_Mehdi_Khan","PML-N",1,"Malik Iqbal Mehdi Khan"
"Malik_Khalid_Naeem","PML-N",1,"Malik Khalid Naeem"
"Malik_Majid_Bucha","PML-N",1,"Malik Majid Bucha"
"Malik_Maula_Dad_Khan_Sherani_","PML-N",1,"Malik Maula Dad Khan Sherani."
"Malik_Muhammad_Afzal_Khokhar","PML-N",1,"Malik Muhammad Afzal Khokhar"
"Malik_Muhammad_Asad_Khan","PML-N",1,"Malik Muhammad Asad Khan"
"Malik_Muhammad_Basit_Khar","PML-N",1,"Malik Muhammad Basit Khar"
"Malik_Muhammad_Iqbal_Chanar","PML-N",1,"Malik Muhammad Iqbal Chanar"
"Malik_Saif_Ul_Malook_Khokar","PML-N",1,"Malik Saif Ul Malook Khokar"
"Malik_Shakeel_Ahmed_Awan","PML-N",1,"Malik Shakeel Ahmed Awan"
"Malik_Shakir_Bashir_Awan","PML-N",3,"Malik Shakir Bashir Awan"
"Malik_Sohail_Khan","PML-N",1,"Malik Sohail Khan"
"Malik_Sultan_Mehmood","PML-N",1,"Malik Sultan Mehmood"
"Mansoor_Kamal_Marwat","PML-N",1,"Mansoor Kamal Marwat"
"Maryam_Nawaz_Sharif","PML-N",1,"Maryam Nawaz Sharif"
"Mehar_Ishtiaq_Ahmad","PML-N",1,"Mehar Ishtiaq Ahmad"
"Mian_Abdul_Manan","PML-N",1,"Mian Abdul Manan"
"Mian_Abdul_Mannan_","PML-N",1,"Mian Abdul Mannan."
"Mian_Abdul_Rasheed","PML-N",1,"Mian Abdul Rasheed"
"Mian_Faiz-Ul-Hassan","PML-N",1,"Mian Faiz-Ul-Hassan"
"Mian_Imtiaz_Ahmad","PML-N",1,"Mian Imtiaz Ahmad"
"Mian_Imtiaz_Ahmed","PML-N",1,"Mian Imtiaz Ahmed"
"Mian_Javed_Latif","PML-N",3,"Mian Javed Latif"
"Mian_Manzoor_Hussain","PML-N",1,"Mian Manzoor Hussain"
"Mian_Margoob_Ahmad","PML-N",1,"Mian Margoob Ahmad"
"Mian_Muhammad_Arshad_Abbas_Qureshi","PML-N",1,"Mian Muhammad Arshad Abbas Qureshi"
"Mian_Muhammad_Farooq","PML-N",1,"Mian Muhammad Farooq"
"Mian_Muhammad_Ilyas_Rasheed","PML-N",1,"Mian Muhammad Ilyas Rasheed"
"Mian_Muhammad_Nawaz_Sharif","PML-N",1,"Mian Muhammad Nawaz Sharif"
"Mian_Muhammad_Qasim_Farooq_","PML-N",1,"Mian Muhammad Qasim Farooq."
"Mian_Muhammad_Rasheed","PML-N",1,"Mian Muhammad Rasheed"
"Mian_Muhammad_Shahbaz_Sharif","PML-N",1,"Mian Muhammad Shahbaz Sharif"
"Mian_Muhammad_Sharif_Zafar_Joia","PML-N",1,"Mian Muhammad Sharif Zafar Joia"
"Mian_Najibuddin_Awaisi","PML-N",1,"Mian Najibuddin Awaisi"
"Mian_Riaz_Hussain_Peerzada","PML-N",1,"Mian Riaz Hussain Peerzada"
"Mian_Riaz_Hussain_Pirzada","PML-N",1,"Mian Riaz Hussain Pirzada"
"Mian_Shahid_Hussain_Khan","PML-N",1,"Mian Shahid Hussain Khan"
"Mian_Shahid_Hussain_Khan_Bhatti","PML-N",1,"Mian Shahid Hussain Khan Bhatti"
"Mian_Tariq_Mehmood","PML-N",1,"Mian Tariq Mehmood"
"Mian_Yawar_Zaman","PML-N",1,"Mian Yawar Zaman"
"Mir_Amanullah_Talpur","PML-N",1,"Mir Amanullah Talpur"
"Mir_Atta_Ullah","PML-N",1,"Mir Atta Ullah"
"Mir_Dosteen_Khan_Domki","PML-N",1,"Mir Dosteen Khan Domki"
"Mir_Khan_Muhammad_Jamali","PML-N",1,"Mir Khan Muhammad Jamali"
"Mir_Mehrullah_Khan_Umrani","PML-N",1,"Mir Mehrullah Khan Umrani"
"Mohammad_Riyaz","PML-N",1,"Mohammad Riyaz"
"Mohmmad-Ul-Mulk__Akhon_Zada_","PML-N",1,"Mohmmad-Ul-Mulk (Akhon Zada)"
"Mohsin_Shah_Nawaz_Ranjah","PML-N",1,"Mohsin Shah Nawaz Ranjah"
"Mohsin_Shah_Nawaz_Ranjha","PML-N",1,"Mohsin Shah Nawaz Ranjha"
"Mohsin_Shahnawaz_Ranjha","PML-N",1,"Mohsin Shahnawaz Ranjha"
"Mohtarmatehmina_Doultana","PML-N",1,"Mohtarmatehmina Doultana"
"Moin_Khan","PML-N",1,"Moin Khan"
"Molana_Asif_Muawia","PML-N",1,"Molana Asif Muawia"
"Mr__Makhdoom_Shah_Nawaz_Qureshi","PML-N",1,"Mr. Makhdoom Shah Nawaz Qureshi"
"Mr_babu_Sarfraz_Khan_Jatoi","PML-N",1,"Mr.babu Sarfraz Khan Jatoi"
"Mr_liaquat_Ali_Jatoi","PML-N",1,"Mr.liaquat Ali Jatoi"
"Mrs_Amjad_Ali_Warraich","PML-N",1,"Mrs Amjad Ali Warraich"
"Muhabbat_Khan","PML-N",1,"Muhabbat Khan"
"Muhammad_Abad","PML-N",1,"Muhammad Abad"
"Muhammad_Abdul_Ghaffar_Watto","PML-N",1,"Muhammad Abdul Ghaffar Watto"
"Muhammad_Afzal","PML-N",1,"Muhammad Afzal"
"Muhammad_Afzal_Khokhar","PML-N",1,"Muhammad Afzal Khokhar"
"Muhammad_Akbar_Khan","PML-N",1,"Muhammad Akbar Khan"
"Muhammad_Akhtar_Khan_Kanjoo","PML-N",1,"Muhammad Akhtar Khan Kanjoo"
"Muhammad_Akhtar_Khan_Kanju","PML-N",1,"Muhammad Akhtar Khan Kanju"
"Muhammad_Akhter_Khadam_Alias_Khadam_Hussain","PML-N",1,"Muhammad Akhter Khadam Alias Khadam Hussain"
"Muhammad_Akram_Mughal","PML-N",1,"Muhammad Akram Mughal"
"Muhammad_Amjad_Farooq_Khan_Khosa","PML-N",1,"Muhammad Amjad Farooq Khan Khosa"
"Muhammad_Arif_Ch","PML-N",1,"Muhammad Arif Ch"
"Muhammad_Arshad_Khan_Laghari","PML-N",1,"Muhammad Arshad Khan Laghari"
"Muhammad_Asad_Ali_Khan_Junejo","PML-N",1,"Muhammad Asad Ali Khan Junejo"
"Muhammad_Asim_Nazeer","PML-N",1,"Muhammad Asim Nazeer"
"Muhammad_Aslam_Khan_Khattak","PML-N",1,"Muhammad Aslam Khan Khattak"
"Muhammad_Azhar_Khan_Laghari","PML-N",1,"Muhammad Azhar Khan Laghari"
"Muhammad_Baleegh-Ur-Rehman","PML-N",1,"Muhammad Baleegh-Ur-Rehman"
"Muhammad_Baligh_Ur_Rehman","PML-N",1,"Muhammad Baligh Ur Rehman"
"Muhammad_Barjees_Tahir","PML-N",1,"Muhammad Barjees Tahir"
"Muhammad_Faiz_Tamman","PML-N",1,"Muhammad Faiz Tamman"
"Muhammad_Farooq_Baha-Ul-Haq_Shah","PML-N",1,"Muhammad Farooq Baha-Ul-Haq Shah"
"Muhammad_Hamid_Hameed","PML-N",1,"Muhammad Hamid Hameed"
"Muhammad_Hamza_Shehbaz_Sharif","PML-N",2,"Muhammad Hamza Shehbaz Sharif"
"Muhammad_Hanif_Abbasi","PML-N",3,"Muhammad Hanif Abbasi"
"Muhammad_Hassan","PML-N",1,"Muhammad Hassan"
"Muhammad_Humair_Hayat_Khan_Niazi","PML-N",1,"Muhammad Humair Hayat Khan Niazi"
"Muhammad_Israr","PML-N",1,"Muhammad Israr"
"Muhammad_Jamil_Malik","PML-N",1,"Muhammad Jamil Malik"
"Muhammad_Junaid_Anwaar_Chaudhry","PML-N",1,"Muhammad Junaid Anwaar Chaudhry"
"Muhammad_Junaid_Anwaar_Chudhary","PML-N",1,"Muhammad Junaid Anwaar Chudhary"
"Muhammad_Kashif","PML-N",1,"Muhammad Kashif"
"Muhammad_Khan_Daha","PML-N",3,"Muhammad Khan Daha"
"Muhammad_Mehboob_Sultan","PML-N",1,"Muhammad Mehboob Sultan"
"Muhammad_Moeen_Wattoo","PML-N",1,"Muhammad Moeen Wattoo"
"Muhammad_Mueen_Watto","PML-N",1,"Muhammad Mueen Watto"
"Muhammad_Nawaz_Sharif","PML-N",2,"Muhammad Nawaz Sharif"
"Muhammad_Nazir_Khan","PML-N",1,"Muhammad Nazir Khan"
"Muhammad_Nisar_Khan","PML-N",1,"Muhammad Nisar Khan"
"Muhammad_Numan","PML-N",1,"Muhammad Numan"
"Muhammad_Pervaiz_Malik","PML-N",1,"Muhammad Pervaiz Malik"
"Muhammad_Qasim_Farooq","PML-N",1,"Muhammad Qasim Farooq"
"Muhammad_Riaz","PML-N",1,"Muhammad Riaz"
"Muhammad_Riaz_Malik","PML-N",1,"Muhammad Riaz Malik"
"Muhammad_Sana_Ullah_Khan_Masti_Khel","PML-N",1,"Muhammad Sana Ullah Khan Masti Khel"
"Muhammad_Shahbaz_Sharif","PML-N",1,"Muhammad Shahbaz Sharif"
"Muhammad_Shoaib_Khan","PML-N",1,"Muhammad Shoaib Khan"
"Muhammad_Tahir_Ameer_Ghroi","PML-N",1,"Muhammad Tahir Ameer Ghroi"
"Muhammad_Talal_Chaudhry_","PML-N",1,"Muhammad Talal Chaudhry."
"Muhammad_Tallal_Choudhary","PML-N",1,"Muhammad Tallal Choudhary"
"Muhammad_Ullah","PML-N",1,"Muhammad Ullah"
"Muhammad_Usman_Awaisi","PML-N",1,"Muhammad Usman Awaisi"
"Muhammad_Uzair_Khan","PML-N",1,"Muhammad Uzair Khan"
"Muhammad_Yaqoob","PML-N",1,"Muhammad Yaqoob"
"Muhammad_Yaqub_Sheikh","PML-N",1,"Muhammad Yaqub Sheikh"
"Muhammad_Yar_Khan_Kamoka","PML-N",1,"Muhammad Yar Khan Kamoka"
"Muhammad_Younas","PML-N",1,"Muhammad Younas"
"Muhammad_Yousaf_Kakar","PML-N",1,"Muhammad Yousaf Kakar"
"Mukhdoom_Syed_Asad_Murtaza_Geelani","PML-N",1,"Mukhdoom Syed Asad Murtaza Geelani"
"Mukhtar_Ahmed_Malik","PML-N",1,"Mukhtar Ahmed Malik"
"Mumtaz_Ahmad_Tarar","PML-N",1,"Mumtaz Ahmad Tarar"
"Munawar_Hayat_Abbasi","PML-N",1,"Munawar Hayat Abbasi"
"Murtaza_Javed_Abbasi","PML-N",3,"Murtaza Javed Abbasi"
"Mushahid_Raza","PML-N",1,"Mushahid Raza"
"Mushahidullah_Khan","PML-N",1,"Mushahidullah Khan"
"Nadeem_Abbas","PML-N",1,"Nadeem Abbas"
"Naheed_Parveen","PML-N",1,"Naheed Parveen"
"Naik_Amal_Khan","PML-N",1,"Naik Amal Khan"
"Najeeb_Ullah_Khan_Niazi","PML-N",1,"Najeeb Ullah Khan Niazi"
"Nasar_Iqbal_Bosal","PML-N",1,"Nasar Iqbal Bosal"
"Naseem_Muhammad_Khan","PML-N",1,"Naseem Muhammad Khan"
"Nasir_Iqbal_Bosal","PML-N",1,"Nasir Iqbal Bosal"
"Nasir_Khan_Mosazai","PML-N",1,"Nasir Khan Mosazai"
"Nawab_Arshad_Ali_Talpur","PML-N",1,"Nawab Arshad Ali Talpur"
"Nawab_Salman_Khan_Khilji","PML-N",1,"Nawab Salman Khan Khilji"
"Nawab_Sher","PML-N",1,"Nawab Sher"
"Nawab_Zada","PML-N",1,"Nawab Zada"
"Nawabzada_Jangaiz_Khan_Marri","PML-N",1,"Nawabzada Jangaiz Khan Marri"
"Nawabzada_Khawaja_Muhammad_Khan_Hoti","PML-N",1,"Nawabzada Khawaja Muhammad Khan Hoti"
"Nawabzada_Mazher_Ali","PML-N",1,"Nawabzada Mazher Ali"
"Niaz_Muhammad_Khan","PML-N",1,"Niaz Muhammad Khan"
"Nisar_Ahmad","PML-N",1,"Nisar Ahmad"
"Nisar_Ahmed_Cheema","PML-N",1,"Nisar Ahmed Cheema"
"Nisar_Akbar_Khan_","PML-N",1,"Nisar Akbar Khan."
"Noor_Ul_Hassan_Tanveer","PML-N",1,"Noor Ul Hassan Tanveer"
"Obaid_Ullah_Khan_Shadi_Khel","PML-N",1,"Obaid Ullah Khan Shadi Khel"
"Obaid_Ullah_Shadi_Khel","PML-N",1,"Obaid Ullah Shadi Khel"
"Omar_Ayub_Khan","PML-N",1,"Omar Ayub Khan"
"Parveen_Bashir","PML-N",1,"Parveen Bashir"
"Pir_Muhammad_Amin_Ul_Hasnat_Shah","PML-N",1,"Pir Muhammad Amin Ul Hasnat Shah"
"Pir_Muhammad_Aslam_Bodla","PML-N",1,"Pir Muhammad Aslam Bodla"
"Pirzada_Muhammad_Ashraf_Zia","PML-N",1,"Pirzada Muhammad Ashraf Zia"
"Professor_Doctor_Noor_Muhammad_Ghafari","PML-N",1,"Professor Doctor Noor Muhammad Ghafari"
"Qadir_Bux","PML-N",1,"Qadir Bux"
"Qaiser_Ahmad_Sheikh","PML-N",1,"Qaiser Ahmad Sheikh"
"Qaiser_Ahmed_Sheikh","PML-N",1,"Qaiser Ahmed Sheikh"
"Raees_Khan","PML-N",1,"Raees Khan"
"Rahim_Bux","PML-N",1,"Rahim Bux"
"Rai_Mansab_Ali_Khan","PML-N",2,"Rai Mansab Ali Khan"
"Rai_Muhammad_Saleem_Raza_Kharral_Advocate","PML-N",1,"Rai Muhammad Saleem Raza Kharral Advocate"
"Rai_Salah-Ud-Din","PML-N",1,"Rai Salah-Ud-Din"
"Raja_Javed_Ikhlas","PML-N",1,"Raja Javed Ikhlas"
"Raja_Muhammad_Asad_Khan","PML-N",1,"Raja Muhammad Asad Khan"
"Raja_Muhammad_Javed_Ikhlas","PML-N",1,"Raja Muhammad Javed Ikhlas"
"Raja_Muhammad_Safdar","PML-N",1,"Raja Muhammad Safdar"
"Raja_Osama_Sarwar","PML-N",1,"Raja Osama Sarwar"
"Raja_Qamar_Ul_Islam","PML-N",1,"Raja Qamar Ul Islam"
"Rajab_Ali_Khan_Baloch","PML-N",1,"Rajab Ali Khan Baloch"
"Rana_Abdul_Sattar_Bin_Rana_Shamim_Ahmed_Khan","PML-N",1,"Rana Abdul Sattar Bin Rana Shamim Ahmed Khan"
"Rana_Afzaal_Hussain","PML-N",1,"Rana Afzaal Hussain"
"Rana_Iradat_Sharif_Khan","PML-N",1,"Rana Iradat Sharif Khan"
"Rana_Mahmood-Ul-Hassan","PML-N",1,"Rana Mahmood-Ul-Hassan"
"Rana_Mehmood_Ul_Hassan","PML-N",1,"Rana Mehmood Ul Hassan"
"Rana_Mubasshir_Iqbal","PML-N",1,"Rana Mubasshir Iqbal"
"Rana_Muhammad_Afzal_Khan","PML-N",1,"Rana Muhammad Afzal Khan"
"Rana_Muhammad_Hayat_Khan","PML-N",3,"Rana Muhammad Hayat Khan"
"Rana_Muhammad_Ishaq_Khan","PML-N",3,"Rana Muhammad Ishaq Khan"
"Rana_Nazir_Ahmad_Khan","PML-N",1,"Rana Nazir Ahmad Khan"
"Rana_Qasim_Noon","PML-N",1,"Rana Qasim Noon"
"Rana_Sana_Ullah_Khan","PML-N",1,"Rana Sana Ullah Khan"
"Rana_Shamim_Ahmed_Khan","PML-N",2,"Rana Shamim Ahmed Khan"
"Rana_Tanveer_Hussain","PML-N",3,"Rana Tanveer Hussain"
"Rana_Umer_Nazir_Khan","PML-N",1,"Rana Umer Nazir Khan"
"Rana_Zahid_Hussain_Khan","PML-N",2,"Rana Zahid Hussain Khan"
"Rao_Abid_Rizwan_Shoukat","PML-N",1,"Rao Abid Rizwan Shoukat"
"Rao_Mazhar_Hayyat_Khan","PML-N",1,"Rao Mazhar Hayyat Khan"
"Rao_Muhammad_Ajmal_Khan","PML-N",2,"Rao Muhammad Ajmal Khan"
"Rao_Muhammad_Mohsin_Ali_Khan","PML-N",1,"Rao Muhammad Mohsin Ali Khan"
"Rasheed_Ahmad_Khan","PML-N",1,"Rasheed Ahmad Khan"
"Rasool_Bux_Jakhro","PML-N",1,"Rasool Bux Jakhro"
"Rehan_Malik_Advocate","PML-N",1,"Rehan Malik Advocate"
"Rehan_Qaiser_Sheikh","PML-N",1,"Rehan Qaiser Sheikh"
"Rehmat_Salam_Khattak","PML-N",1,"Rehmat Salam Khattak"
"Riaz_Ahmad_Khan","PML-N",1,"Riaz Ahmad Khan"
"Riaz_Ul_Haq","PML-N",1,"Riaz Ul Haq"
"Rooh_Ullah_Khan","PML-N",1,"Rooh Ullah Khan"
"Rozina","PML-N",1,"Rozina"
"Saad_Ullah_Tareen","PML-N",1,"Saad Ullah Tareen"
"Saad_Waseem","PML-N",1,"Saad Waseem"
"Saboohuddin_Malik","PML-N",1,"Saboohuddin Malik"
"Saddique_Khan_Baloch","PML-N",1,"Saddique Khan Baloch"
"Sadia_Shabir","PML-N",1,"Sadia Shabir"
"Saeed_Ahmed_Khan_Manais","PML-N",1,"Saeed Ahmed Khan Manais"
"Saeed_Ahmed_Manais","PML-N",1,"Saeed Ahmed Manais"
"Sahabzada_Syed_Murtaza_Amin","PML-N",1,"Sahabzada Syed Murtaza Amin"
"Sahibzada-Faizul-Hassan","PML-N",1,"Sahibzada-Faizul-Hassan"
"Sahibzada_Faiz_Ul_Hassan","PML-N",1,"Sahibzada Faiz Ul Hassan"
"Sahibzada_Haji_Muhammad_Fazal-e-Kareem_","PML-N",1,"Sahibzada Haji Muhammad Fazal-e-Kareem."
"Sahibzada_Muhammad_Tahir_Sultan","PML-N",1,"Sahibzada Muhammad Tahir Sultan"
"Sahibzada_Shabbir_Hassan_Ansari","PML-N",1,"Sahibzada Shabbir Hassan Ansari"
"Saima_Akhtar_Bharwana","PML-N",1,"Saima Akhtar Bharwana"
"Saira_Afzal_Tarar","PML-N",2,"Saira Afzal Tarar"
"Saira_Tarar","PML-N",1,"Saira Tarar"
"Sajid_Mehdi","PML-N",1,"Sajid Mehdi"
"Sajjad_Ahmad","PML-N",2,"Sajjad Ahmad"
"Sajjad_Ahmed_Sohal","PML-N",1,"Sajjad Ahmed Sohal"
"Sajjad_Ali","PML-N",1,"Sajjad Ali"
"Sajjad_Anwar_Khan","PML-N",1,"Sajjad Anwar Khan"
"Sakina_Anwer","PML-N",1,"Sakina Anwer"
"Salar_Khan","PML-N",1,"Salar Khan"
"Saleem_Zia","PML-N",2,"Saleem Zia"
"Salman_Hanif","PML-N",1,"Salman Hanif"
"Sardar_Adil_Umar","PML-N",1,"Sardar Adil Umar"
"Sardar_Awais_Ahmad_Khan_Leghari","PML-N",1,"Sardar Awais Ahmad Khan Leghari"
"Sardar_Ayaz_Sadiq","PML-N",3,"Sardar Ayaz Sadiq"
"Sardar_Fateh_Muhammad_Hasni","PML-N",1,"Sardar Fateh Muhammad Hasni"
"Sardar_Ghulam_Abbas","PML-N",1,"Sardar Ghulam Abbas"
"Sardar_Ghulam_Mustafa_Khaskheli","PML-N",1,"Sardar Ghulam Mustafa Khaskheli"
"Sardar_m_Yaqoob_Nasir","PML-N",1,"Sardar m Yaqoob Nasir"
"Sardar_Mansab_Ali_Dogar","PML-N",1,"Sardar Mansab Ali Dogar"
"Sardar_Mansab_Ali_Doggar","PML-N",1,"Sardar Mansab Ali Doggar"
"Sardar_Meer_Badshah_Khan_Qaisrani","PML-N",1,"Sardar Meer Badshah Khan Qaisrani"
"Sardar_Mehtab_Ahmed_Khan","PML-N",2,"Sardar Mehtab Ahmed Khan"
"Sardar_Muhammad_Amjad_Farooq_Khan_Khosa","PML-N",1,"Sardar Muhammad Amjad Farooq Khan Khosa"
"Sardar_Muhammad_Arshad_Khan_Laghari","PML-N",1,"Sardar Muhammad Arshad Khan Laghari"
"Sardar_Muhammad_Irfan_Dogar","PML-N",3,"Sardar Muhammad Irfan Dogar"
"Sardar_Muhammad_Jaffar_Khan_Leghari","PML-N",1,"Sardar Muhammad Jaffar Khan Leghari"
"Sardar_Muhammad_Mushtaq_Khan","PML-N",1,"Sardar Muhammad Mushtaq Khan"
"Sardar_Muhammad_Saif-Ul-Din_Khan_Khosa","PML-N",1,"Sardar Muhammad Saif-Ul-Din Khan Khosa"
"Sardar_Muhammad_Shafqat_Hayat_Khan","PML-N",1,"Sardar Muhammad Shafqat Hayat Khan"
"Sardar_Muhammad_Yaqoob_Khan_Nasir","PML-N",2,"Sardar Muhammad Yaqoob Khan Nasir"
"Sardar_Muhammad_Yousaf","PML-N",1,"Sardar Muhammad Yousaf"
"Sardar_Muhammad_Yousaf_Zaman","PML-N",1,"Sardar Muhammad Yousaf Zaman"
"Sardar_Mumtaz_Khan","PML-N",1,"Sardar Mumtaz Khan"
"Sardar_Noor_Ahmed_Khan_Malaizai","PML-N",1,"Sardar Noor Ahmed Khan Malaizai"
"Sardar_Riaz_Mahmood_Khan_Mazari","PML-N",1,"Sardar Riaz Mahmood Khan Mazari"
"Sardar_Sanaullah_Zehri","PML-N",1,"Sardar Sanaullah Zehri"
"Sarzamin_Khan","PML-N",1,"Sarzamin Khan"
"Saud_Majeed","PML-N",1,"Saud Majeed"
"Shabbir_Ahmed_Hyderi","PML-N",1,"Shabbir Ahmed Hyderi"
"Shah_Jee_Gul_Afridi","PML-N",1,"Shah Jee Gul Afridi"
"Shahab_Ud_Din_Khan","PML-N",2,"Shahab Ud Din Khan"
"Shahibzada_Faiz_Ul_Hassan","PML-N",1,"Shahibzada Faiz Ul Hassan"
"Shahid_Khaqan_Abbasi","PML-N",1,"Shahid Khaqan Abbasi"
"Shahid_Khaqan_Abbassi","PML-N",1,"Shahid Khaqan Abbassi"
"Shahid_Usman","PML-N",1,"Shahid Usman"
"Shaikh_Maqsood_Ahmed","PML-N",1,"Shaikh Maqsood Ahmed"
"Shaikh_Rohale_Asghar","PML-N",1,"Shaikh Rohale Asghar"
"Shams_Ur_Rehman_Khattak","PML-N",1,"Shams Ur Rehman Khattak"
"Sharafat_Khan","PML-N",1,"Sharafat Khan"
"Shazia_Mubashar","PML-N",1,"Shazia Mubashar"
"Shehzad_Asghar_Khan_Rind__Advocate","PML-N",1,"Shehzad Asghar Khan Rind, Advocate"
"Sheikh_Abdul_Sattar_Mandokhel","PML-N",1,"Sheikh Abdul Sattar Mandokhel"
"Sheikh_Aftab_Ahmad","PML-N",1,"Sheikh Aftab Ahmad"
"Sheikh_Aftab_Ahmed","PML-N",2,"Sheikh Aftab Ahmed"
"Sheikh_Fayyaz_Ud_Din","PML-N",2,"Sheikh Fayyaz Ud Din"
"Sheikh_Muhammad_Akram","PML-N",1,"Sheikh Muhammad Akram"
"Sheikh_Muhammad_Tariq_Rasheed","PML-N",1,"Sheikh Muhammad Tariq Rasheed"
"Sheikh_Rohale_Asghar","PML-N",1,"Sheikh Rohale Asghar"
"Sheikh_Roheel_Asghar","PML-N",1,"Sheikh Roheel Asghar"
"Sher_Afghan_Khan","PML-N",1,"Sher Afghan Khan"
"Sher_Rehman","PML-N",1,"Sher Rehman"
"Shezra_Mansab_Ali_Khan_Kharal","PML-N",1,"Shezra Mansab Ali Khan Kharal"
"Sidra_Tel_Muntaha","PML-N",1,"Sidra Tel Muntaha"
"Sikander_Ali_Mirani","PML-N",1,"Sikander Ali Mirani"
"Skindar_Hayyat_Khan_Bosan","PML-N",1,"Skindar Hayyat Khan Bosan"
"Sobia_Shahid","PML-N",1,"Sobia Shahid"
"Sohail_Ahmad","PML-N",1,"Sohail Ahmad"
"Sohail_Shoukat_Butt","PML-N",1,"Sohail Shoukat Butt"
"Speen_Gul","PML-N",1,"Speen Gul"
"Sumaira_Naz","PML-N",1,"Sumaira Naz"
"Syed_Ansub_Raza_Fatmi","PML-N",1,"Syed Ansub Raza Fatmi"
"Syed_Attaullah_Shah_Bukhari","PML-N",2,"Syed Attaullah Shah Bukhari"
"Syed_Basit_Sultan_Bukhari","PML-N",1,"Syed Basit Sultan Bukhari"
"Syed_Faisal_Abbas","PML-N",1,"Syed Faisal Abbas"
"Syed_Fakhar_Imam","PML-N",1,"Syed Fakhar Imam"
"Syed_Ghous_Ali_Shah","PML-N",1,"Syed Ghous Ali Shah"
"Syed_Ghulam_Mustafa_Shah_s_o_Syed_Asadullah_Shah","PML-N",1,"Syed Ghulam Mustafa Shah s/o Syed Asadullah Shah"
"Syed_Hafeezuddin","PML-N",1,"Syed Hafeezuddin"
"Syed_Iftikhar_Ul_Hassan","PML-N",1,"Syed Iftikhar Ul Hassan"
"Syed_Imran_Ahmad_Shah","PML-N",2,"Syed Imran Ahmad Shah"
"Syed_Imran_Ahmed_Shah","PML-N",1,"Syed Imran Ahmed Shah"
"Syed_Javed_Ali_Shah","PML-N",2,"Syed Javed Ali Shah"
"Syed_Javed_Hassan","PML-N",1,"Syed Javed Hassan"
"Syed_Javed_Hassnain","PML-N",1,"Syed Javed Hassnain"
"Syed_Javed_Hassnain_Shah","PML-N",1,"Syed Javed Hassnain Shah"
"Syed_Mobeen_Ahmed","PML-N",1,"Syed Mobeen Ahmed"
"Syed_Muhammad_Abdullah_Shah","PML-N",1,"Syed Muhammad Abdullah Shah"
"Syed_Muhammad_Ali_Shah_Bacha_Lala","PML-N",1,"Syed Muhammad Ali Shah Bacha Lala"
"Syed_Muhammad_Ashiq_Hussain_Shah","PML-N",1,"Syed Muhammad Ashiq Hussain Shah"
"Syed_Muhammad_Athar_Hussain_Shah_Gillani","PML-N",1,"Syed Muhammad Athar Hussain Shah Gillani"
"Syed_Muhammad_Iqbal_Shah","PML-N",1,"Syed Muhammad Iqbal Shah"
"Syed_Muhammad_Nihal_Hashmi","PML-N",1,"Syed Muhammad Nihal Hashmi"
"Syed_Muhammad_Rafi_Ud_Din_Bukhari","PML-N",1,"Syed Muhammad Rafi Ud Din Bukhari"
"Syed_Muhammad_Raza_Bukhari","PML-N",1,"Syed Muhammad Raza Bukhari"
"Syed_Muhammad_Saleem_Ashrafi","PML-N",1,"Syed Muhammad Saleem Ashrafi"
"Syed_Muhammad_Salman_Mohsin_Gillani","PML-N",1,"Syed Muhammad Salman Mohsin Gillani"
"Syed_Muhammad_Saqlain_Bukhari","PML-N",3,"Syed Muhammad Saqlain Bukhari"
"Syed_Mukhtar_Hussain_Shah","PML-N",1,"Syed Mukhtar Hussain Shah"
"Syed_Raza_Ali_Bukhari","PML-N",1,"Syed Raza Ali Bukhari"
"Syed_Riaz_Hussain_Shah_Sherazi","PML-N",1,"Syed Riaz Hussain Shah Sherazi"
"Syed_Sajid_Mehdi","PML-N",1,"Syed Sajid Mehdi"
"Syed_Sajjad_Hussain_Shah","PML-N",1,"Syed Sajjad Hussain Shah"
"Syed_Zahoor_Shah","PML-N",1,"Syed Zahoor Shah"
"Syed_Zulfiqar_Ali_Shah","PML-N",1,"Syed Zulfiqar Ali Shah"
"Syeda_Nosheen_Iftikhar","PML-N",1,"Syeda Nosheen Iftikhar"
"Syeda_Shehr_Bano_Bukhari","PML-N",1,"Syeda Shehr Bano Bukhari"
"Tahir_Bashir_Cheema","PML-N",1,"Tahir Bashir Cheema"
"Tahir_Iqbal","PML-N",1,"Tahir Iqbal"
"Tariq_Fazal_Chaudhry","PML-N",1,"Tariq Fazal Chaudhry"
"Tehmina_Daultana","PML-N",1,"Tehmina Daultana"
"Toor_Gul_Khan_Jogezai","PML-N",1,"Toor Gul Khan Jogezai"
"Umer_Sohail_Zia_Butt","PML-N",1,"Umer Sohail Zia Butt"
"Usman_Ibrahim","PML-N",2,"Usman Ibrahim"
"Uzair_Tariq","PML-N",1,"Uzair Tariq"
"Waheed_Alam_Khan","PML-N",1,"Waheed Alam Khan"
"Wajid_Ali_Khan","PML-N",1,"Wajid Ali Khan"
"Waseem_Akhtar_Shaikh","PML-N",1,"Waseem Akhtar Shaikh"
"Waseem_Akhtar_Sheikh","PML-N",1,"Waseem Akhtar Sheikh"
"Wazeer_Ahmed_Afridi","PML-N",1,"Wazeer Ahmed Afridi"
"Yasir_Khan","PML-N",1,"Yasir Khan"
"Zahid_Hamid","PML-N",2,"Zahid Hamid"
"Zahid_Khan_Afridi","PML-N",1,"Zahid Khan Afridi"
"Zaib_Jafar","PML-N",1,"Zaib Jafar"
"Zain-Ul-Abideen_Ansari","PML-N",1,"Zain-Ul-Abideen Ansari"
"Zain_Ansari","PML-N",1,"Zain Ansari"
"Zain_Ul_Abdin_Ansari","PML-N",1,"Zain Ul Abdin Ansari"
"Zakir_Hussain_Mari","PML-N",1,"Zakir Hussain Mari"
"Zameer_Hussain_Leghari","PML-N",1,"Zameer Hussain Leghari"
"Zar_Khan","PML-N",1,"Zar Khan"
"Zobaida_Jalal","PML-N",1,"Zobaida Jalal"
"Zulifqar_Ali_Bhindar","PML-N",1,"Zulifqar Ali Bhindar"
"Syed_Faqir_Hussain_Shah_Bukhari","PML-Q",1,"Syed Faqir Hussain Shah Bukhari"
"Zahid_Parvez","PMLKQK",1,"Zahid Parvez"
"Abrar_Hussain","PMLO",1,"Abrar Hussain"
"Abdul_Rehman_Jameel","PMLZ",1,"Abdul Rehman Jameel"
"Ahmad_Deen_Malik","PMLZ",1,"Ahmad Deen Malik"
"Arshad_Ali_Khan","PMLZ",1,"Arshad Ali Khan"
"Muhammad_Allah_Dad_Cheema","PMLZ",1,"Muhammad Allah Dad Cheema"
"Muhammad_Anwar_Ulhaq","PMLZ",1,"Muhammad Anwar Ulhaq"
"Muhammad_Ijaz_Ul_Haq","PMLZ",1,"Muhammad Ijaz Ul Haq"
"Aasim_Nisar","PMML",1,"Aasim Nisar"
"Abdul_Azeem","PMML",1,"Abdul Azeem"
"Abdul_Azeem_Khan","PMML",1,"Abdul Azeem Khan"
"Abdul_Aziz_Aziz","PMML",1,"Abdul Aziz Aziz"
"Abdul_Khaliq","PMML",1,"Abdul Khaliq"
"Abdul_Mateen","PMML",1,"Abdul Mateen"
"Abdul_Nisar","PMML",1,"Abdul Nisar"
"Abdul_Raheem","PMML",1,"Abdul Raheem"
"Abdul_Rahim","PMML",1,"Abdul Rahim"
"Abdul_Rauf","PMML",1,"Abdul Rauf"
"Abdul_Rehman","PMML",1,"Abdul Rehman"
"Abdul_Rehman_Muslim","PMML",1,"Abdul Rehman Muslim"
"Abdul_Waheed_Abid","PMML",1,"Abdul Waheed Abid"
"Abdul_Wajid","PMML",1,"Abdul Wajid"
"Abdullah","PMML",1,"Abdullah"
"Abu_Zar","PMML",1,"Abu Zar"
"Adil_Hussain","PMML",1,"Adil Hussain"
"Ahmad_Bakhsh","PMML",1,"Ahmad Bakhsh"
"Ahmad_Sher","PMML",1,"Ahmad Sher"
"Aisha","PMML",1,"Aisha"
"Akhtari_Bibi","PMML",1,"Akhtari Bibi"
"Amir_Zeb","PMML",1,"Amir Zeb"
"Amjad_Islam_Amjad","PMML",1,"Amjad Islam Amjad"
"Ansar_Javed_Tarar","PMML",1,"Ansar Javed Tarar"
"Arshad_Nawab","PMML",1,"Arshad Nawab"
"Asad_Munawar","PMML",1,"Asad Munawar"
"Ashiq_Ali","PMML",1,"Ashiq Ali"
"Asmat_Bibi","PMML",1,"Asmat Bibi"
"Azmat_Ali_Kiyani","PMML",1,"Azmat Ali Kiyani"
"Babar_Ijaz_Virk","PMML",1,"Babar Ijaz Virk"
"Balquees_Begum","PMML",1,"Balquees Begum"
"Basmeeda","PMML",1,"Basmeeda"
"Chaudhry_Zulfiqar_Ali_Aulakh","PMML",1,"Chaudhry Zulfiqar Ali Aulakh"
"Choudhary_Muhammad_Yaqoob_Chahal","PMML",1,"Choudhary Muhammad Yaqoob Chahal"
"Danish_Anam","PMML",1,"Danish Anam"
"Faisal_Ahmad_Cheema","PMML",1,"Faisal Ahmad Cheema"
"Faisal_Nadeem_Shaikh","PMML",1,"Faisal Nadeem Shaikh"
"Fazal_Rahim","PMML",1,"Fazal Rahim"
"Fiaz_Ahmad","PMML",1,"Fiaz Ahmad"
"Ghulam_Ali_Shakar_Toor","PMML",1,"Ghulam Ali Shakar Toor"
"Hafeez_Ullah_Rehman","PMML",1,"Hafeez Ullah Rehman"
"Hafiz_Ameer_Hamza","PMML",1,"Hafiz Ameer Hamza"
"Hafiz_Muhammad_Masood","PMML",1,"Hafiz Muhammad Masood"
"Hafiz_Muhammad_Rizwan","PMML",1,"Hafiz Muhammad Rizwan"
"Hafiz_Safi_Ur_Rehman","PMML",1,"Hafiz Safi Ur Rehman"
"Hafiz_Talha_Saeed","PMML",1,"Hafiz Talha Saeed"
"Hamza","PMML",1,"Hamza"
"Haq_Nawaz","PMML",1,"Haq Nawaz"
"Iftikhar_Ahmed","PMML",1,"Iftikhar Ahmed"
"Imran_Ali","PMML",1,"Imran Ali"
"Imran_Liaquat","PMML",1,"Imran Liaquat"
"Jahanzaib_Zahid","PMML",1,"Jahanzaib Zahid"
"Jamil_Badshah","PMML",1,"Jamil Badshah"
"Kashif_Altaf","PMML",1,"Kashif Altaf"
"Khalid_Mahmood","PMML",1,"Khalid Mahmood"
"Khalid_Mahmood_Cheema","PMML",1,"Khalid Mahmood Cheema"
"Khalid_Masood_Sandhu","PMML",1,"Khalid Masood Sandhu"
"Mahar_Muhammad_Mujahid","PMML",1,"Mahar Muhammad Mujahid"
"Maqbool_Bibi","PMML",1,"Maqbool Bibi"
"Mehak_Rafiq","PMML",1,"Mehak Rafiq"
"Mehdi_Ishaq","PMML",1,"Mehdi Ishaq"
"Mir_Hazoor_Bakhsh","PMML",1,"Mir Hazoor Bakhsh"
"Mudassir_Yaqoob","PMML",1,"Mudassir Yaqoob"
"Muhamamd_Ehsan","PMML",1,"Muhamamd Ehsan"
"Muhamamd_Saif_Ullah_Saif","PMML",1,"Muhamamd Saif Ullah Saif"
"Muhamamd_Shahid_Siddique","PMML",1,"Muhamamd Shahid Siddique"
"Muhammad_Abid","PMML",1,"Muhammad Abid"
"Muhammad_Ajmal_Khan","PMML",1,"Muhammad Ajmal Khan"
"Muhammad_Akmal_Javed","PMML",1,"Muhammad Akmal Javed"
"Muhammad_Ameen","PMML",1,"Muhammad Ameen"
"Muhammad_Amin","PMML",1,"Muhammad Amin"
"Muhammad_Amjad","PMML",1,"Muhammad Amjad"
"Muhammad_Anwar","PMML",1,"Muhammad Anwar"
"Muhammad_Arshad_Bhatti","PMML",1,"Muhammad Arshad Bhatti"
"Muhammad_Asghar","PMML",1,"Muhammad Asghar"
"Muhammad_Ashfaq","PMML",1,"Muhammad Ashfaq"
"Muhammad_Asif","PMML",1,"Muhammad Asif"
"Muhammad_Bilal_Haider","PMML",1,"Muhammad Bilal Haider"
"Muhammad_Ghalib","PMML",1,"Muhammad Ghalib"
"Muhammad_Haris","PMML",1,"Muhammad Haris"
"Muhammad_Haroon_Rafiq","PMML",1,"Muhammad Haroon Rafiq"
"Muhammad_Hussain_Amir","PMML",1,"Muhammad Hussain Amir"
"Muhammad_Ijaz_Malik","PMML",1,"Muhammad Ijaz Malik"
"Muhammad_Imran","PMML",1,"Muhammad Imran"
"Muhammad_Iqbal","PMML",1,"Muhammad Iqbal"
"Muhammad_Irfan","PMML",1,"Muhammad Irfan"
"Muhammad_Irfan_Ashraf","PMML",1,"Muhammad Irfan Ashraf"
"Muhammad_Mansha","PMML",1,"Muhammad Mansha"
"Muhammad_Munawar","PMML",1,"Muhammad Munawar"
"Muhammad_Nadeem_Tabasum","PMML",1,"Muhammad Nadeem Tabasum"
"Muhammad_Nasrullah","PMML",1,"Muhammad Nasrullah"
"Muhammad_Rizwan_Sarwar","PMML",1,"Muhammad Rizwan Sarwar"
"Muhammad_Sajjad","PMML",1,"Muhammad Sajjad"
"Muhammad_Shafiq_Ur_Rahman","PMML",1,"Muhammad Shafiq Ur Rahman"
"Muhammad_Shafique","PMML",1,"Muhammad Shafique"
"Muhammad_Shamshad","PMML",1,"Muhammad Shamshad"
"Muhammad_Shoaib","PMML",1,"Muhammad Shoaib"
"Muhammad_Shoaib_Ahmad","PMML",1,"Muhammad Shoaib Ahmad"
"Muhammad_Siraj","PMML",1,"Muhammad Siraj"
"Muhammad_Usaman","PMML",1,"Muhammad Usaman"
"Muhammad_Zafar_Iqbal","PMML",1,"Muhammad Zafar Iqbal"
"Muzamil_Iqbal_Hashmi","PMML",1,"Muzamil Iqbal Hashmi"
"Nabi_Ahmad_Virk","PMML",1,"Nabi Ahmad Virk"
"Nighat_Fardoos","PMML",1,"Nighat Fardoos"
"Noreen_Kamran","PMML",1,"Noreen Kamran"
"Qaisar_Haroon_Toor","PMML",1,"Qaisar Haroon Toor"
"Qaisar_Mustafa_Jajja","PMML",1,"Qaisar Mustafa Jajja"
"Qaisar_Sardar","PMML",1,"Qaisar Sardar"
"Qaiser_Mustafa_Jajja","PMML",1,"Qaiser Mustafa Jajja"
"Qasim_Ali_Khan","PMML",1,"Qasim Ali Khan"
"Rahila_Khanum","PMML",1,"Rahila Khanum"
"Rana_Abu_Khubaib_Rehman_Khan","PMML",1,"Rana Abu Khubaib Rehman Khan"
"Rana_Shahid_Iqbal_Chachar","PMML",1,"Rana Shahid Iqbal Chachar"
"Rana_Tariq_Jamal","PMML",1,"Rana Tariq Jamal"
"Rashid_Mahmood","PMML",1,"Rashid Mahmood"
"Raza_Ullah_Khan","PMML",1,"Raza Ullah Khan"
"Ruqia_Bibi","PMML",1,"Ruqia Bibi"
"s_m_Yousuf_Ali_Bhatti","PMML",1,"s m Yousuf Ali Bhatti"
"Saeed_Ahmed_Khalid","PMML",1,"Saeed Ahmed Khalid"
"Saeeda_Zafar","PMML",1,"Saeeda Zafar"
"Saif_Ullah","PMML",1,"Saif Ullah"
"Sajid_Bashir","PMML",1,"Sajid Bashir"
"Sajid_Iqbal","PMML",1,"Sajid Iqbal"
"Sajjad_Ahmed_Khan","PMML",1,"Sajjad Ahmed Khan"
"Salma_Bibi","PMML",1,"Salma Bibi"
"Sardar_Abdul_Sattar_Khan","PMML",1,"Sardar Abdul Sattar Khan"
"Shaban_Akhtar","PMML",1,"Shaban Akhtar"
"Shah_Nawaz","PMML",1,"Shah Nawaz"
"Shahbaz","PMML",1,"Shahbaz"
"Shahbaz_Hussain_Sidhu","PMML",1,"Shahbaz Hussain Sidhu"
"Shakeela_Yasmeen","PMML",1,"Shakeela Yasmeen"
"Sohail_Ahmad","PMML",1,"Sohail Ahmad"
"Sohail_Qaiser","PMML",1,"Sohail Qaiser"
"Syed_Rabab_Haider","PMML",1,"Syed Rabab Haider"
"Tahir_Javed_Khan","PMML",1,"Tahir Javed Khan"
"Taj_Mehal","PMML",1,"Taj Mehal"
"Taj_Mehmood","PMML",1,"Taj Mehmood"
"Tasneem_Gul","PMML",1,"Tasneem Gul"
"Umar_Farooq","PMML",1,"Umar Farooq"
"Waqar_Murtaza","PMML",1,"Waqar Murtaza"
"Wasim_Shaukat","PMML",1,"Wasim Shaukat"
"Yasira_Bibi","PMML",1,"Yasira Bibi"
"Yawar_Aftab","PMML",1,"Yawar Aftab"
"Zafar_Iqbal","PMML",1,"Zafar Iqbal"
"Zain_Ullah","PMML",1,"Zain Ullah"
"Hafiz_Abdul_Rauf","PMNL",1,"Hafiz Abdul Rauf"
"Muhammad_Saleem_Khan","PMP",1,"Muhammad Saleem Khan"
"Asadullah_Khan","PNAP",1,"Asadullah Khan"
"Khushal_Khan_Kakar","PNAP",1,"Khushal Khan Kakar"
"Malik_Zada","PNAP",1,"Malik Zada"
"Mehar_Ullah","PNAP",1,"Mehar Ullah"
"Mehmood_Khan_Achakzai","PNAP",1,"Mehmood Khan Achakzai"
"Muhammad_Essa_Achakzai","PNAP",1,"Muhammad Essa Achakzai"
"Muhammad_Mukhtar","PNAP",1,"Muhammad Mukhtar"
"Nasrullah_Khan_Barech","PNAP",1,"Nasrullah Khan Barech"
"Noor_Gul_Khan","PNAP",1,"Noor Gul Khan"
"Parveen_Usman","PNAP",1,"Parveen Usman"
"Aamir_Khan","PNP",1,"Aamir Khan"
"Abdullah_Abbasi","PNP",1,"Abdullah Abbasi"
"Afzal_Hayat","PNP",1,"Afzal Hayat"
"Fateh_Ali_Muawiya","PNP",1,"Fateh Ali Muawiya"
"Fehmeed_Nawaz","PNP",1,"Fehmeed Nawaz"
"Hafiz_Allah_Ditta","PNP",1,"Hafiz Allah Ditta"
"Khurram_Shehzad","PNP",1,"Khurram Shehzad"
"Luqman_Khan","PNP",1,"Luqman Khan"
"Muhammad_Arsalan_Khalid","PNP",1,"Muhammad Arsalan Khalid"
"Muhammad_Aslam_Iqbal","PNP",1,"Muhammad Aslam Iqbal"
"Muhammad_Muzammal_Nazir","PNP",1,"Muhammad Muzammal Nazir"
"Rustam_Khan","PNP",1,"Rustam Khan"
"Wajid_Kiyani","PNP",1,"Wajid Kiyani"
"Waqas_Qudoos","PNP",1,"Waqas Qudoos"
"Waseem_Ahmad","PPAP",1,"Waseem Ahmad"
"Aarif_Aziz_Sheikh","PPP",1,"Aarif Aziz Sheikh"
"Abdul_Akbar_Khan","PPP",1,"Abdul Akbar Khan"
"Abdul_Aziz_Memon","PPP",1,"Abdul Aziz Memon"
"Abdul_Baqi","PPP",1,"Abdul Baqi"
"Abdul_Berr","PPP",1,"Abdul Berr"
"Abdul_Ghafoor_Chaudhary","PPP",1,"Abdul Ghafoor Chaudhary"
"Abdul_Habib_Memon","PPP",1,"Abdul Habib Memon"
"Abdul_Hakeem_Baloch","PPP",1,"Abdul Hakeem Baloch"
"Abdul_Qadir","PPP",1,"Abdul Qadir"
"Abdul_Qadir_Patel","PPP",3,"Abdul Qadir Patel"
"Abdul_Qayyum_Khan_Jatoi","PPP",2,"Abdul Qayyum Khan Jatoi"
"Abdul_Qudoos_Awan","PPP",1,"Abdul Qudoos Awan"
"Abdul_Rauf_Advocate","PPP",1,"Abdul Rauf Advocate"
"Abdul_Razzaq_Raja","PPP",1,"Abdul Razzaq Raja"
"Abdul_Rehman","PPP",1,"Abdul Rehman"
"Abdul_Sattar_Bachani","PPP",1,"Abdul Sattar Bachani"
"Abdul_Wahab","PPP",1,"Abdul Wahab"
"Abdul_Wahab_Barakzai","PPP",1,"Abdul Wahab Barakzai"
"Abdul_Waheed","PPP",1,"Abdul Waheed"
"Abdul_Waheed_Khan","PPP",1,"Abdul Waheed Khan"
"Abdullah_Bloch","PPP",1,"Abdullah Bloch"
"Abid_Hussain_Sathi","PPP",1,"Abid Hussain Sathi"
"Abid_Ullah_Yousafzai","PPP",1,"Abid Ullah Yousafzai"
"Abrar_Azam","PPP",1,"Abrar Azam"
"Adeel_Ghulam_Mohy_Ud_Din","PPP",1,"Adeel Ghulam Mohy Ud Din"
"Aezid_Mahmood_Khan_","PPP",1,"Aezid Mahmood Khan."
"Aftab_Ahmad_Khan_Sherpao","PPP",1,"Aftab Ahmad Khan Sherpao"
"Aftab_Alam","PPP",1,"Aftab Alam"
"Aftab_Shahban_Mirani","PPP",2,"Aftab Shahban Mirani"
"Agha_Shafqatullah","PPP",1,"Agha Shafqatullah"
"Ahmad_Hassan","PPP",1,"Ahmad Hassan"
"Ahmad_Mustafa","PPP",1,"Ahmad Mustafa"
"Ahmad_Shah_Khan","PPP",1,"Ahmad Shah Khan"
"Ahmed_Ali_Khosa","PPP",1,"Ahmed Ali Khosa"
"Ahmed_Jan","PPP",1,"Ahmed Jan"
"Aijaz_Ahmed_Halepoto","PPP",1,"Aijaz Ahmed Halepoto"
"Aijaz_Hussain_Jakhrani","PPP",2,"Aijaz Hussain Jakhrani"
"Aitzaz_Rasheed","PPP",1,"Aitzaz Rasheed"
"Ajmal_Khan","PPP",1,"Ajmal Khan"
"Akhtar_Javid_Khan","PPP",1,"Akhtar Javid Khan"
"Alam_Zaib_Khan","PPP",1,"Alam Zaib Khan"
"Alamzaib_Umerzai","PPP",1,"Alamzaib Umerzai"
"Alhaj_Muhammad_Asad_Bhatti","PPP",1,"Alhaj Muhammad Asad Bhatti"
"Ali-Uz-Zaman","PPP",1,"Ali-Uz-Zaman"
"Ali_Ahmed","PPP",1,"Ali Ahmed"
"Ali_Gohar_Khan_Mahar","PPP",2,"Ali Gohar Khan Mahar"
"Ali_Jan_Mazari","PPP",1,"Ali Jan Mazari"
"Ali_Javed","PPP",1,"Ali Javed"
"Ali_Muhammad_Khan_Mahar","PPP",1,"Ali Muhammad Khan Mahar"
"Ali_Muhammad_Sahito","PPP",1,"Ali Muhammad Sahito"
"Ali_Muhammad_Sehto","PPP",2,"Ali Muhammad Sehto"
"Ali_Musa_Gilani","PPP",1,"Ali Musa Gilani"
"Allah_Yar","PPP",1,"Allah Yar"
"Altaf_Hussain_Virk","PPP",2,"Altaf Hussain Virk"
"Aman_Ullah_Wald_Gul_Azad","PPP",1,"Aman Ullah Wald Gul Azad"
"Amanullah","PPP",1,"Amanullah"
"Amanullah_Khan","PPP",1,"Amanullah Khan"
"Amjad_Ali_Jutt","PPP",1,"Amjad Ali Jutt"
"Amjad_Yaqoub","PPP",1,"Amjad Yaqoub"
"Anwar-Ul-Haq_Ramay","PPP",1,"Anwar-Ul-Haq Ramay"
"Anwar_Saifullah_Khan","PPP",2,"Anwar Saifullah Khan"
"Anwar_Ul_Haq_Chaudhary","PPP",1,"Anwar Ul Haq Chaudhary"
"Arbab_Alamgir_Khan","PPP",2,"Arbab Alamgir Khan"
"Arbab_Wazir_Ahmed_Memon","PPP",1,"Arbab Wazir Ahmed Memon"
"Arif_Aziz_Shaikh","PPP",1,"Arif Aziz Shaikh"
"Asad_Alam_Niazi","PPP",1,"Asad Alam Niazi"
"Asad_Ullah_Khan","PPP",1,"Asad Ullah Khan"
"Asghar_Ali_Jara","PPP",1,"Asghar Ali Jara"
"Asghar_Ali_Shah","PPP",1,"Asghar Ali Shah"
"Asif_Ali_Zardari","PPP",1,"Asif Ali Zardari"
"Asif_Bashir","PPP",1,"Asif Bashir"
"Asma_Shahnawaz_Cheema","PPP",1,"Asma Shahnawaz Cheema"
"Athar_Hassan_Khan_Gorchani","PPP",1,"Athar Hassan Khan Gorchani"
"Atta_Ullah_Khan","PPP",1,"Atta Ullah Khan"
"Aurangzeb_Shaafi_Burki","PPP",2,"Aurangzeb Shaafi Burki"
"Aurangzeb_Shafi_Barki","PPP",1,"Aurangzeb Shafi Barki"
"Ayatullah_Durrani","PPP",1,"Ayatullah Durrani"
"Ayaz_Imran","PPP",1,"Ayaz Imran"
"Ayub_Shah","PPP",1,"Ayub Shah"
"Azeem_Daultana","PPP",1,"Azeem Daultana"
"Aziz_Ur_Rehman","PPP",1,"Aziz Ur Rehman"
"Baber_Sultan_Jadoon","PPP",1,"Baber Sultan Jadoon"
"Babu_Nafees_Ahmad_Ansari","PPP",1,"Babu Nafees Ahmad Ansari"
"Bari_Khan","PPP",1,"Bari Khan"
"Barrister_Gohar_Ali_Khan","PPP",1,"Barrister Gohar Ali Khan"
"Barrister_Mian_Amir_Hassan","PPP",1,"Barrister Mian Amir Hassan"
"Basharat_Ali_Wald_Faqir_Muhammad","PPP",1,"Basharat Ali Wald Faqir Muhammad"
"Begum_Shahnaz_Javed","PPP",1,"Begum Shahnaz Javed"
"Bilawal_Bhutto_Zardari","PPP",1,"Bilawal Bhutto Zardari"
"Bushra_Aitzaz_Ahsan","PPP",1,"Bushra Aitzaz Ahsan"
"Capt__Rtd__Rai_Ghulam_Mujtaba_Kharral","PPP",1,"Capt.(Rtd) Rai Ghulam Mujtaba Kharral"
"Captain_Retired_Asad_Gill","PPP",1,"Captain Retired Asad Gill"
"Ch__Ahmad_Mukhtar","PPP",1,"Ch. Ahmad Mukhtar"
"Ch__Ahmed_Mukhtar","PPP",1,"Ch. Ahmed Mukhtar"
"Ch__Hammad_Muhammad_Khan","PPP",1,"Ch. Hammad Muhammad Khan"
"Ch__Iftikhar_Nazir","PPP",1,"Ch. Iftikhar Nazir"
"Ch__Manzoor_Ahmad","PPP",1,"Ch. Manzoor Ahmad"
"Ch__Muhammad_Abdullah_Virk","PPP",1,"Ch. Muhammad Abdullah Virk"
"Ch__Zeshan_Ilyas","PPP",1,"Ch. Zeshan Ilyas"
"Ch_Ejaz_Ahmed_Cheema","PPP",1,"Ch Ejaz Ahmed Cheema"
"Ch_Iftikhar_Ahmed","PPP",1,"Ch Iftikhar Ahmed"
"Ch_Muhammad_Saddique","PPP",1,"Ch Muhammad Saddique"
"Ch_Muhammad_Saeed_Gujar","PPP",1,"Ch Muhammad Saeed Gujar"
"Ch_mushtaq_Ahmad_","PPP",1,"Ch.mushtaq Ahmad."
"Ch_tawakkal-Ullah_Virk","PPP",1,"Ch.tawakkal-Ullah Virk"
"Ch_zahid_Iqbal","PPP",1,"Ch.zahid Iqbal"
"Ch_Zulifqar_Bhindar","PPP",1,"Ch Zulifqar Bhindar"
"Chaudhary_Ijaz_Ahmad_Cheema","PPP",1,"Chaudhary Ijaz Ahmad Cheema"
"Chaudhary_Shoukat_Ali","PPP",1,"Chaudhary Shoukat Ali"
"Chaudhary_Sohail_Zafar","PPP",1,"Chaudhary Sohail Zafar"
"Chaudhary_Tasneem_Nasir","PPP",1,"Chaudhary Tasneem Nasir"
"Chaudhry_Abdul_Ghafoor_Khan","PPP",1,"Chaudhry Abdul Ghafoor Khan"
"Chaudhry_Asad_Parvez","PPP",1,"Chaudhry Asad Parvez"
"Chaudhry_Manzoor_Ahmad","PPP",1,"Chaudhry Manzoor Ahmad"
"Chaudry_Atif_Rafique","PPP",1,"Chaudry Atif Rafique"
"Chohadry_Manzoor_Ahmad","PPP",1,"Chohadry Manzoor Ahmad"
"Choudhary_Altaf_Hussain","PPP",1,"Choudhary Altaf Hussain"
"Choudhary_Sharaqat_Rasool_Ghumman","PPP",1,"Choudhary Sharaqat Rasool Ghumman"
"Choudhary_Zafar_Iqbal_Warriach","PPP",1,"Choudhary Zafar Iqbal Warriach"
"Choudhri_Umar_Hayat_Sandhu","PPP",1,"Choudhri Umar Hayat Sandhu"
"Col_Rtd_Rao_Abid_Ali_Khan","PPP",1,"Col Rtd Rao Abid Ali Khan"
"Comrade_Zahoor_Ahmed_Khosa","PPP",1,"Comrade Zahoor Ahmed Khosa"
"Dewan_Syed_Muhammad_Haider_Abbas_Bukhari","PPP",1,"Dewan Syed Muhammad Haider Abbas Bukhari"
"Doctor_Mian_Akhtar_Ali_Laleka","PPP",1,"Doctor Mian Akhtar Ali Laleka"
"Doctor_Muhammad_Rashid_Malik","PPP",1,"Doctor Muhammad Rashid Malik"
"Doctor_Sultan_Zeb_Khan","PPP",1,"Doctor Sultan Zeb Khan"
"Dost_Muhammad_Khan","PPP",1,"Dost Muhammad Khan"
"Dr__Abdul_Wahid_Soomro","PPP",1,"Dr. Abdul Wahid Soomro"
"Dr__Arbab_Alamgir_Khan","PPP",1,"Dr. Arbab Alamgir Khan"
"Dr__Ayatullah_Durrani","PPP",1,"Dr. Ayatullah Durrani"
"Dr__Azra_Fazal_Pecheho","PPP",1,"Dr. Azra Fazal Pecheho"
"Dr__Fardos_Ashiq_Awan_","PPP",1,"Dr. Fardos Ashiq Awan."
"Dr__Mirza_Ikhtiar_Baig","PPP",1,"Dr. Mirza Ikhtiar Baig"
"Dr__Muhammad_Haider_Baloch","PPP",1,"Dr. Muhammad Haider Baloch"
"Dr__Muhammad_Riaz","PPP",1,"Dr. Muhammad Riaz"
"Dr__Muhammad_Shakir_Alam","PPP",1,"Dr. Muhammad Shakir Alam"
"Dr__Syed_Israr_Hussain","PPP",1,"Dr. Syed Israr Hussain"
"Dr__Zafar_Chaudhary","PPP",1,"Dr. Zafar Chaudhary"
"Dr_afsar_Ul_Mulk_Khan","PPP",1,"Dr.afsar Ul Mulk Khan"
"Dr_Azra_Fazal_Pechuho","PPP",1,"Dr Azra Fazal Pechuho"
"Dr_fahmida_Mirza","PPP",1,"Dr.fahmida Mirza"
"Dr_Farooq_Afzal","PPP",1,"Dr Farooq Afzal"
"Dr_Fehmida_Mirza","PPP",1,"Dr Fehmida Mirza"
"Dr_Firdous_Ashiq_Awan","PPP",1,"Dr Firdous Ashiq Awan"
"Dr_Mazhar_Iqbal_Choudhary","PPP",1,"Dr Mazhar Iqbal Choudhary"
"Dr_Saeed_Ahmad_Buzdar","PPP",1,"Dr Saeed Ahmad Buzdar"
"Dr_zaheer-Ul-Hassan_Rizvi","PPP",1,"Dr.zaheer-Ul-Hassan Rizvi"
"Dr_zulfiqar_Ali_Bhatti","PPP",1,"Dr.zulfiqar Ali Bhatti"
"Ehsanullah_Reki","PPP",1,"Ehsanullah Reki"
"Ejaz_Ahmed_Samma","PPP",1,"Ejaz Ahmed Samma"
"Ejaz_Ali_Khan_Shahani","PPP",1,"Ejaz Ali Khan Shahani"
"Engineer_Hamid_Iqbal_Khan","PPP",1,"Engineer Hamid Iqbal Khan"
"Engineer_Muhammad_Tariq_Khattak","PPP",1,"Engineer Muhammad Tariq Khattak"
"Engr_dawar_Khan_Kundi","PPP",1,"Engr:dawar Khan Kundi"
"Faisal_Karim_Kundi","PPP",3,"Faisal Karim Kundi"
"Faisal_Sakhi_Butt","PPP",1,"Faisal Sakhi Butt"
"Faizullah_Chaichee","PPP",1,"Faizullah Chaichee"
"Fakhar_Umar_Hayat","PPP",1,"Fakhar Umar Hayat"
"Faqir_Sher_Muhammad_Bilalani","PPP",1,"Faqir Sher Muhammad Bilalani"
"Faraz_Hashmi","PPP",1,"Faraz Hashmi"
"Farhana","PPP",1,"Farhana"
"Farooq_Akbar_Kahloon","PPP",1,"Farooq Akbar Kahloon"
"Faryal_Talpur","PPP",1,"Faryal Talpur"
"Farzana_Sherin","PPP",1,"Farzana Sherin"
"Fateh_Ullah_Khan","PPP",1,"Fateh Ullah Khan"
"Fazal_e_Rabi","PPP",1,"Fazal e Rabi"
"Fazal_Rahman","PPP",1,"Fazal Rahman"
"Fazal_Wadood","PPP",1,"Fazal Wadood"
"Fida_Hussain_Dero","PPP",1,"Fida Hussain Dero"
"Fozia_Behram","PPP",1,"Fozia Behram"
"Ghanva_Bhutto","PPP",1,"Ghanva Bhutto"
"Ghanwa_Bhutto","PPP",1,"Ghanwa Bhutto"
"Ghayas-Ud-Din_Khan","PPP",1,"Ghayas-Ud-Din Khan"
"Ghinva_Bhutto","PPP",1,"Ghinva Bhutto"
"Ghinwa_Bhutto","PPP",1,"Ghinwa Bhutto"
"Ghulam_Abbas","PPP",1,"Ghulam Abbas"
"Ghulam_Akbar_Lasi","PPP",1,"Ghulam Akbar Lasi"
"Ghulam_Ali_Nizamani","PPP",1,"Ghulam Ali Nizamani"
"Ghulam_Farid_Kathia","PPP",2,"Ghulam Farid Kathia"
"Ghulam_Muhammad_Junejo_Alias_Gul_Junejo","PPP",1,"Ghulam Muhammad Junejo Alias Gul Junejo"
"Ghulam_Murtaza_Satti","PPP",2,"Ghulam Murtaza Satti"
"Ghulam_Qadir","PPP",1,"Ghulam Qadir"
"Ghulam_Rabbani_Khar","PPP",1,"Ghulam Rabbani Khar"
"Ghulam_Sarwar_Khan_Khichi","PPP",1,"Ghulam Sarwar Khan Khichi"
"Gulzar_Ahmed_Chaudhary","PPP",1,"Gulzar Ahmed Chaudhary"
"Hafeez-Ullah_Ishaq","PPP",1,"Hafeez-Ullah Ishaq"
"Hafiz_Hussain_Ahmed_Madni","PPP",1,"Hafiz Hussain Ahmed Madni"
"Haider_Ali_Khan","PPP",1,"Haider Ali Khan"
"Haider_Ali_Khan_Kharal","PPP",1,"Haider Ali Khan Kharal"
"Hajan_Allah_Rakhi","PPP",1,"Hajan Allah Rakhi"
"Haji_Misar_Khan","PPP",1,"Haji Misar Khan"
"Haji_Muhammad_Gulzar_Awan","PPP",1,"Haji Muhammad Gulzar Awan"
"Haji_Muhammad_Ishaq","PPP",1,"Haji Muhammad Ishaq"
"Haji_Nafees_Ahmed_Usmani_Advocate","PPP",1,"Haji Nafees Ahmed Usmani Advocate"
"Haji_Rasool_Bux_Chandio","PPP",1,"Haji Rasool Bux Chandio"
"Hamid_Ali_Bhatti","PPP",1,"Hamid Ali Bhatti"
"Hamid_Saeed_Kazmi","PPP",1,"Hamid Saeed Kazmi"
"Haris_Meeran","PPP",1,"Haris Meeran"
"Hasnain_Ijaz_Khan_Shahani","PPP",1,"Hasnain Ijaz Khan Shahani"
"Hassan_Sardar","PPP",1,"Hassan Sardar"
"Hayat_Ullah_Khan_Tareen","PPP",1,"Hayat Ullah Khan Tareen"
"Hazrat_Wali","PPP",1,"Hazrat Wali"
"Hina_Rabbani_Khar","PPP",1,"Hina Rabbani Khar"
"Ibne_Saeed_Ch_","PPP",1,"Ibne Saeed Ch."
"Iftikhar_Ahmed_Cheema_Advocate","PPP",1,"Iftikhar Ahmed Cheema Advocate"
"Iftikhar_Shahid","PPP",1,"Iftikhar Shahid"
"Ihsan_Ur_Rahman_Mazari","PPP",1,"Ihsan Ur Rahman Mazari"
"Imam_Ali_Samejo","PPP",1,"Imam Ali Samejo"
"Imdad_Ullah_Abbasi","PPP",1,"Imdad Ullah Abbasi"
"Imran","PPP",1,"Imran"
"Imtiaz_Safdar_Waraich","PPP",1,"Imtiaz Safdar Waraich"
"Imtiaz_Safdar_Warraich","PPP",2,"Imtiaz Safdar Warraich"
"Iqbal_Ahmad_Khan","PPP",1,"Iqbal Ahmad Khan"
"Irfan_Ali_Leghari","PPP",1,"Irfan Ali Leghari"
"Irfan_Qureshi","PPP",1,"Irfan Qureshi"
"Israr_Ahmed_Khan","PPP",1,"Israr Ahmed Khan"
"Jahangir_Badar","PPP",1,"Jahangir Badar"
"Jalal_Khan_Khattak","PPP",1,"Jalal Khan Khattak"
"Jam_Abdul_Karim_Bijar","PPP",1,"Jam Abdul Karim Bijar"
"Jamshed_Ahmad_Khan_Dasti","PPP",1,"Jamshed Ahmad Khan Dasti"
"Javaid_Saeed_Kazmi","PPP",1,"Javaid Saeed Kazmi"
"Javed_Iqbal_Warraich","PPP",1,"Javed Iqbal Warraich"
"Javeed_Iqbal_Waraich","PPP",1,"Javeed Iqbal Waraich"
"Jawad_Hussain","PPP",1,"Jawad Hussain"
"Jawaid_Sheikh","PPP",1,"Jawaid Sheikh"
"Kakagi_Muhammad_Zahoor","PPP",1,"Kakagi Muhammad Zahoor"
"Kamal_Khan","PPP",1,"Kamal Khan"
"Kamal_Shah","PPP",1,"Kamal Shah"
"Kamran_Yousaf_Ghumman","PPP",1,"Kamran Yousaf Ghumman"
"Khadeeja_Aamir","PPP",1,"Khadeeja Aamir"
"Khair_Muhammad_Khan_Tareen","PPP",1,"Khair Muhammad Khan Tareen"
"Khalid_Ahmed_Khan_Lund","PPP",1,"Khalid Ahmed Khan Lund"
"Khalilu_Rehman","PPP",1,"Khalilu Rehman"
"Khan_Daraz","PPP",1,"Khan Daraz"
"Khanim_Ullah","PPP",1,"Khanim Ullah"
"Khanzada_Khan","PPP",2,"Khanzada Khan"
"Khawaja_Atta_Ullah_Khan_Tonsa_Sharif","PPP",1,"Khawaja Atta Ullah Khan Tonsa Sharif"
"Khawaja_Ghulam_Hussain","PPP",1,"Khawaja Ghulam Hussain"
"Khawaja_Kaleem-Ud-Din_Koreja_","PPP",1,"Khawaja Kaleem-Ud-Din Koreja."
"Khawaja_Kaleem_Ud_Din_Koreja","PPP",1,"Khawaja Kaleem Ud Din Koreja"
"Khawaja_Muhammad_Saleh","PPP",1,"Khawaja Muhammad Saleh"
"Khawaja_Sheeraz_Mehmood","PPP",1,"Khawaja Sheeraz Mehmood"
"Khawja_Mudassir_Mehmood","PPP",1,"Khawja Mudassir Mehmood"
"Khizarul_Islam","PPP",1,"Khizarul Islam"
"Khurram_Pervaiz_Raja","PPP",1,"Khurram Pervaiz Raja"
"Khurram_Shahzad","PPP",1,"Khurram Shahzad"
"Khuwaja_Ghulam_Hussain","PPP",1,"Khuwaja Ghulam Hussain"
"Khwaja_Ghulam_Rasool_Koreja","PPP",1,"Khwaja Ghulam Rasool Koreja"
"Kiramatullah_Khan","PPP",1,"Kiramatullah Khan"
"Lal_Muhammad_Khan","PPP",2,"Lal Muhammad Khan"
"Liaqat_Ali","PPP",1,"Liaqat Ali"
"Liaqat_Ali_Khan","PPP",1,"Liaqat Ali Khan"
"Lt_col__r__Sultan_Sikandar_Ghumman_","PPP",1,"Lt.col.(r) Sultan Sikandar Ghumman."
"m_Bilal_Khan_Sherpao","PPP",1,"m Bilal Khan Sherpao"
"m_Israr_Tareen","PPP",1,"m Israr Tareen"
"Mahar_Khliq_Yar_Khan_Lak","PPP",1,"Mahar Khliq Yar Khan Lak"
"Mahesh_Kumar_Malani","PPP",1,"Mahesh Kumar Malani"
"Mahesh_Kumar_Malhani","PPP",1,"Mahesh Kumar Malhani"
"Mahmood_Akhtar_Ghuman","PPP",1,"Mahmood Akhtar Ghuman"
"Mahr_Irshad_Ahmed_Siyal","PPP",1,"Mahr Irshad Ahmed Siyal"
"Maj_Retd_Liaqat_Ali_Shah_Gailani","PPP",1,"Maj Retd Liaqat Ali Shah Gailani"
"Makhddom_Syed_Murtaza_Mehmood","PPP",1,"Makhddom Syed Murtaza Mehmood"
"Makhdoom_Amad-Ud-Din","PPP",1,"Makhdoom Amad-Ud-Din"
"Makhdoom_Jamil_Uz_Zaman","PPP",1,"Makhdoom Jamil Uz Zaman"
"Makhdoom_Muhammad_Ameen_Fahim","PPP",1,"Makhdoom Muhammad Ameen Fahim"
"Makhdoom_Shah_Mehmood_Qureshi","PPP",1,"Makhdoom Shah Mehmood Qureshi"
"Makhdoom_Shahab-Ud-Din","PPP",1,"Makhdoom Shahab-Ud-Din"
"Makhdoom_Shahab_Ud_Din","PPP",1,"Makhdoom Shahab Ud Din"
"Makhdoom_Syed_Ali_Hassan_Gilani","PPP",1,"Makhdoom Syed Ali Hassan Gilani"
"Makhdoom_Syed_Mustafa_Mehmood","PPP",1,"Makhdoom Syed Mustafa Mehmood"
"Makhdoom_Tahir_Rashid","PPP",1,"Makhdoom Tahir Rashid"
"Makhdum_Syed_Mustafa_Mahmud","PPP",1,"Makhdum Syed Mustafa Mahmud"
"Makhdum_Syed_Usman_Mahmud","PPP",1,"Makhdum Syed Usman Mahmud"
"Malak_Azmat_Khan","PPP",2,"Malak Azmat Khan"
"Malak_Syed_Noor_Akbar","PPP",1,"Malak Syed Noor Akbar"
"Malik_Aamer_Fida_Paracha","PPP",1,"Malik Aamer Fida Paracha"
"Malik_Amjad_Aziz_Khan","PPP",1,"Malik Amjad Aziz Khan"
"Malik_Asad_Sikandar","PPP",2,"Malik Asad Sikandar"
"Malik_Asghar_Ali_Qaisar","PPP",1,"Malik Asghar Ali Qaisar"
"Malik_Irfan_Ahmad_Gheba","PPP",1,"Malik Irfan Ahmad Gheba"
"Malik_Karamat_Ali_Khokhar","PPP",1,"Malik Karamat Ali Khokhar"
"Malik_Khalid_Awan","PPP",1,"Malik Khalid Awan"
"Malik_Muhammad_Amir_Dogar","PPP",1,"Malik Muhammad Amir Dogar"
"Malik_Mushtaq_Ahmad","PPP",1,"Malik Mushtaq Ahmad"
"Malik_Nawab_Sher_Waseer","PPP",1,"Malik Nawab Sher Waseer"
"Malik_Nawab_Sher_Wasseer","PPP",1,"Malik Nawab Sher Wasseer"
"Malik_Niaz_Ahmad","PPP",1,"Malik Niaz Ahmad"
"Malik_Raza_Rabbani_Khar","PPP",1,"Malik Raza Rabbani Khar"
"Malik_Salah-Ud-Din_Dogar","PPP",1,"Malik Salah-Ud-Din Dogar"
"Malik_Sardar_Muhammad_Tralay_Wala","PPP",1,"Malik Sardar Muhammad Tralay Wala"
"Malik_Shah","PPP",1,"Malik Shah"
"Malik_Shoukat_Hayyat_Awan","PPP",1,"Malik Shoukat Hayyat Awan"
"Malik_Sohail","PPP",1,"Malik Sohail"
"Malik_Sultan_Mehmood_Wadhal_Tiwana","PPP",1,"Malik Sultan Mehmood Wadhal Tiwana"
"Meer_Dost_Muhammad_Mazari","PPP",1,"Meer Dost Muhammad Mazari"
"Mehar_Abdul_Rashid_","PPP",1,"Mehar Abdul Rashid."
"Mehboob_Ullah_Jan","PPP",1,"Mehboob Ullah Jan"
"Mehkumuddin","PPP",1,"Mehkumuddin"
"Mehmood_Hayat_Khan_Alias_Tochi_Khan","PPP",1,"Mehmood Hayat Khan Alias Tochi Khan"
"Mehmood_Hayat_Khan_Tochi","PPP",1,"Mehmood Hayat Khan Tochi"
"Mehmood_Hayyat_Khan_Alias_Tauchi_Khan","PPP",1,"Mehmood Hayyat Khan Alias Tauchi Khan"
"Mehr_Ghulam_Farid_Kathia","PPP",1,"Mehr Ghulam Farid Kathia"
"Mehr_Sultana","PPP",1,"Mehr Sultana"
"Mehreen_Anwar_Raja","PPP",1,"Mehreen Anwar Raja"
"Mian_Abdul_Haq_Alias_Mian_Mitho","PPP",1,"Mian Abdul Haq Alias Mian Mitho"
"Mian_Abdul_Sattar","PPP",1,"Mian Abdul Sattar"
"Mian_Abdus_Sattar","PPP",1,"Mian Abdus Sattar"
"Mian_Aziz_Ur_Rehman_Chann","PPP",1,"Mian Aziz Ur Rehman Chann"
"Mian_Humayun_Sarwar_Bodla","PPP",1,"Mian Humayun Sarwar Bodla"
"Mian_Jamshed-Ud-Din","PPP",1,"Mian Jamshed-Ud-Din"
"Mian_Manzoor_Ahmad_Khan_Wattoo","PPP",1,"Mian Manzoor Ahmad Khan Wattoo"
"Mian_Muhammad_Aslam_Arain","PPP",1,"Mian Muhammad Aslam Arain"
"Mian_Muzaffar_Shah","PPP",1,"Mian Muzaffar Shah"
"Mian_Nasim_Mahmood_Hotiana","PPP",1,"Mian Nasim Mahmood Hotiana"
"Mian_Omer_Misbah-Ul-Rehman","PPP",1,"Mian Omer Misbah-Ul-Rehman"
"Mian_Rehman_Aziz_Chan","PPP",1,"Mian Rehman Aziz Chan"
"Mian_Shamim_Haider","PPP",1,"Mian Shamim Haider"
"Mian_Tariq_Habib_","PPP",1,"Mian Tariq Habib."
"Mir_Aamir_Ali_Khan_Magsi","PPP",1,"Mir Aamir Ali Khan Magsi"
"Mir_Aijaz_Hussain_Jakhrani","PPP",1,"Mir Aijaz Hussain Jakhrani"
"Mir_Amir_Ali_Khan_Magsi","PPP",1,"Mir Amir Ali Khan Magsi"
"Mir_Changez_Khan_Jamali","PPP",2,"Mir Changez Khan Jamali"
"Mir_Ghulam_Ali_Talpur","PPP",1,"Mir Ghulam Ali Talpur"
"Mir_Ghulam_Fareed_Raisani","PPP",1,"Mir Ghulam Fareed Raisani"
"Mir_Hazar_Khan_Bijarani_","PPP",1,"Mir Hazar Khan Bijarani."
"Mir_Imam_Bakhsh_Zahri","PPP",1,"Mir Imam Bakhsh Zahri"
"Mir_Imran_Jattak","PPP",1,"Mir Imran Jattak"
"Mir_Jan_Muhammad_Masuri","PPP",1,"Mir Jan Muhammad Masuri"
"Mir_Maqbool_Ahmed_Lehri","PPP",1,"Mir Maqbool Ahmed Lehri"
"Mir_Munawar_Ali_Talpur","PPP",3,"Mir Munawar Ali Talpur"
"Mir_Shabbir_Ali_Bijarani","PPP",2,"Mir Shabbir Ali Bijarani"
"Mirza_Ikhtiar_Baig","PPP",1,"Mirza Ikhtiar Baig"
"Mirza_Maqbool_Ahmed","PPP",1,"Mirza Maqbool Ahmed"
"Mirza_Muhammad_Nasir_Bage","PPP",1,"Mirza Muhammad Nasir Bage"
"Mirza_Muhammad_Nasir_Baig","PPP",1,"Mirza Muhammad Nasir Baig"
"Misbah-Ud-Din","PPP",1,"Misbah-Ud-Din"
"Misbah_Ud_Din","PPP",1,"Misbah Ud Din"
"Mohammad_Ayaz_Soomro","PPP",1,"Mohammad Ayaz Soomro"
"Mohammad_Moazim_Ali_Khan","PPP",1,"Mohammad Moazim Ali Khan"
"Mohammad_Sagheer","PPP",1,"Mohammad Sagheer"
"Mohammad_Sulleman","PPP",1,"Mohammad Sulleman"
"Mr__Makhdoom_Muhammad_Ameen_Faheem","PPP",1,"Mr. Makhdoom Muhammad Ameen Faheem"
"Mr__Peeral_Majeedano","PPP",1,"Mr. Peeral Majeedano"
"Mr__Shahid_Hussain_Bhutto","PPP",1,"Mr. Shahid Hussain Bhutto"
"Mr_imran_Zafar_Leghari","PPP",1,"Mr.imran Zafar Leghari"
"Mrs_faryal_Talpur","PPP",1,"Mrs.faryal Talpur"
"Mubeen_Arshad","PPP",1,"Mubeen Arshad"
"Muhammad_Abbas","PPP",1,"Muhammad Abbas"
"Muhammad_Afaque_Khan_Alias_Shahid","PPP",1,"Muhammad Afaque Khan Alias Shahid"
"Muhammad_Afzal_Sindhu","PPP",1,"Muhammad Afzal Sindhu"
"Muhammad_Alam_Khan","PPP",1,"Muhammad Alam Khan"
"Muhammad_Ali_Laleka","PPP",1,"Muhammad Ali Laleka"
"Muhammad_Ali_Rashid","PPP",1,"Muhammad Ali Rashid"
"Muhammad_Ali_Sanul_Awan","PPP",1,"Muhammad Ali Sanul Awan"
"Muhammad_Amjid_Abbas","PPP",1,"Muhammad Amjid Abbas"
"Muhammad_Arshad_Abbas_Qureshi","PPP",1,"Muhammad Arshad Abbas Qureshi"
"Muhammad_Asghar_Lal","PPP",1,"Muhammad Asghar Lal"
"Muhammad_Ashraf_Bhatti","PPP",1,"Muhammad Ashraf Bhatti"
"Muhammad_Asif_Khan","PPP",1,"Muhammad Asif Khan"
"Muhammad_Azam_Afridi","PPP",1,"Muhammad Azam Afridi"
"Muhammad_Farooq_Azam_Malik","PPP",1,"Muhammad Farooq Azam Malik"
"Muhammad_Haider_Shah","PPP",1,"Muhammad Haider Shah"
"Muhammad_Hakeem_Khan","PPP",1,"Muhammad Hakeem Khan"
"Muhammad_Hanif","PPP",1,"Muhammad Hanif"
"Muhammad_Hassan_Khan","PPP",1,"Muhammad Hassan Khan"
"Muhammad_Hyder_Ali_Bukhari","PPP",1,"Muhammad Hyder Ali Bukhari"
"Muhammad_Idrees_Khattak","PPP",1,"Muhammad Idrees Khattak"
"Muhammad_Ijaz_Virk_Advocate_","PPP",1,"Muhammad Ijaz Virk Advocate."
"Muhammad_Irshad_Khan","PPP",1,"Muhammad Irshad Khan"
"Muhammad_Ishaq","PPP",2,"Muhammad Ishaq"
"Muhammad_Jamshed","PPP",1,"Muhammad Jamshed"
"Muhammad_Kashif_Bhabha","PPP",1,"Muhammad Kashif Bhabha"
"Muhammad_Khalid_Bashir_Tarnsporter","PPP",1,"Muhammad Khalid Bashir Tarnsporter"
"Muhammad_Khan_Nadeem","PPP",1,"Muhammad Khan Nadeem"
"Muhammad_Malik","PPP",1,"Muhammad Malik"
"Muhammad_Moazam_Ali_Khan_Jatoi","PPP",1,"Muhammad Moazam Ali Khan Jatoi"
"Muhammad_Mohsin_Ali_Qureshi","PPP",1,"Muhammad Mohsin Ali Qureshi"
"Muhammad_Murad_Baloch","PPP",1,"Muhammad Murad Baloch"
"Muhammad_Muzamil_Qureshi","PPP",1,"Muhammad Muzamil Qureshi"
"Muhammad_Naeem","PPP",1,"Muhammad Naeem"
"Muhammad_Naveed_Ch_","PPP",2,"Muhammad Naveed Ch."
"Muhammad_Nawazish_Ali_Pirzada","PPP",1,"Muhammad Nawazish Ali Pirzada"
"Muhammad_Nisar_Ahmad_Khan","PPP",1,"Muhammad Nisar Ahmad Khan"
"Muhammad_Ramzan","PPP",1,"Muhammad Ramzan"
"Muhammad_Rashid_Hussain_Rabani","PPP",1,"Muhammad Rashid Hussain Rabani"
"Muhammad_Saif_Ullah_Khan_Sadozai_Advocate","PPP",1,"Muhammad Saif Ullah Khan Sadozai Advocate"
"Muhammad_Sardar_Bahadar_Babar_Khan","PPP",1,"Muhammad Sardar Bahadar Babar Khan"
"Muhammad_Shah_Jehan","PPP",1,"Muhammad Shah Jehan"
"Muhammad_Shahjahan_Khan","PPP",1,"Muhammad Shahjahan Khan"
"Muhammad_Shahryar_Khan_Mahar","PPP",1,"Muhammad Shahryar Khan Mahar"
"Muhammad_Shakeel_Shah_Gilani","PPP",1,"Muhammad Shakeel Shah Gilani"
"Muhammad_Shakeel_Ur_Rehman","PPP",1,"Muhammad Shakeel Ur Rehman"
"Muhammad_Shuja_Khan","PPP",1,"Muhammad Shuja Khan"
"Muhammad_Tahir","PPP",1,"Muhammad Tahir"
"Muhammad_Tahir_Khan","PPP",1,"Muhammad Tahir Khan"
"Muhammad_Tariq_Anees","PPP",1,"Muhammad Tariq Anees"
"Muhammad_Tariq_Khan_Niazi","PPP",1,"Muhammad Tariq Khan Niazi"
"Muhammad_Tariq_Tarar","PPP",2,"Muhammad Tariq Tarar"
"Muhammad_Waqas","PPP",1,"Muhammad Waqas"
"Muhammad_Yaqoob_Ziaratwal","PPP",1,"Muhammad Yaqoob Ziaratwal"
"Muhammad_Yasin","PPP",1,"Muhammad Yasin"
"Muhammad_Yousuf_Ali_Ghallu","PPP",1,"Muhammad Yousuf Ali Ghallu"
"Muhammad_Zaki_Chaudhary","PPP",1,"Muhammad Zaki Chaudhary"
"Muhammad_Zaki_Chaudhry","PPP",1,"Muhammad Zaki Chaudhry"
"Muhammad_Zaman","PPP",1,"Muhammad Zaman"
"Muhammad_Zia_Ul_Haq","PPP",1,"Muhammad Zia Ul Haq"
"Muhammad_Zulfiqar_Ali","PPP",1,"Muhammad Zulfiqar Ali"
"Muhtarma_Ghanwa_Bhutto","PPP",1,"Muhtarma Ghanwa Bhutto"
"Mukhtar_Abbas","PPP",1,"Mukhtar Abbas"
"Mullna_Abdul_Sattar","PPP",1,"Mullna Abdul Sattar"
"Mumtaz_Ali_Cheema","PPP",1,"Mumtaz Ali Cheema"
"Munawar_Hayat_Abasi","PPP",1,"Munawar Hayat Abasi"
"Munir_Ahmad","PPP",1,"Munir Ahmad"
"Mushtaq_Ahmad_Mohal__Advocate_High_Court_","PPP",1,"Mushtaq Ahmad Mohal, Advocate High Court."
"Mustafa_Nawaz_Khokhar","PPP",1,"Mustafa Nawaz Khokhar"
"Nabeel_Ahmed_Gabol","PPP",1,"Nabeel Ahmed Gabol"
"Nadeem_Afzal_Gondal","PPP",3,"Nadeem Afzal Gondal"
"Nadeem_Ahmad_Awan","PPP",1,"Nadeem Ahmad Awan"
"Naeem_Dastgir_Khan","PPP",1,"Naeem Dastgir Khan"
"Naeem_Mehmood_Rana","PPP",1,"Naeem Mehmood Rana"
"Nafisa_Shah","PPP",1,"Nafisa Shah"
"Najam_Ud_Din_Khan","PPP",1,"Najam Ud Din Khan"
"Najam_Uddin_Khan","PPP",1,"Najam Uddin Khan"
"Najmuddin_Khan","PPP",1,"Najmuddin Khan"
"Naseem_Khan","PPP",1,"Naseem Khan"
"Naseer_Mohammad_Khan","PPP",1,"Naseer Mohammad Khan"
"Nasira_Arshad","PPP",1,"Nasira Arshad"
"Nasira_Meo","PPP",1,"Nasira Meo"
"Nasrullah_Roonjha","PPP",1,"Nasrullah Roonjha"
"Natasha_Daultana","PPP",1,"Natasha Daultana"
"Nauman_Islam_Shaikh","PPP",2,"Nauman Islam Shaikh"
"Nauman_Islam_Shaikh_","PPP",1,"Nauman Islam Shaikh."
"Nawab_Abdul_Ghani_Talpur","PPP",1,"Nawab Abdul Ghani Talpur"
"Nawab_Ali_Wassan","PPP",2,"Nawab Ali Wassan"
"Nawab_Din","PPP",1,"Nawab Din"
"Nawab_Malik_Amir_Muhammad_Khan","PPP",1,"Nawab Malik Amir Muhammad Khan"
"Nawab_Mohammad_Yousif_Talpur","PPP",1,"Nawab Mohammad Yousif Talpur"
"Nawab_Muhammad_Yousaf_Talpur","PPP",1,"Nawab Muhammad Yousaf Talpur"
"Nawab_Muhammad_Yousif_Talpur","PPP",1,"Nawab Muhammad Yousif Talpur"
"Nawabzada_Abdul_Qadir_Khan","PPP",2,"Nawabzada Abdul Qadir Khan"
"Nawabzada_Ghazanfar_Ali_Gul","PPP",1,"Nawabzada Ghazanfar Ali Gul"
"Nawabzada_Iftikhar_Ahmad_Khan","PPP",1,"Nawabzada Iftikhar Ahmad Khan"
"Nawabzada_Iftikhar_Ahmed_Khan","PPP",1,"Nawabzada Iftikhar Ahmed Khan"
"Nawabzada_Mir_Amir_Ali_Khan_Magsi","PPP",1,"Nawabzada Mir Amir Ali Khan Magsi"
"Nawabzada_Mir_Jamal_Khan_Raisani","PPP",1,"Nawabzada Mir Jamal Khan Raisani"
"Nazar_Muhammad","PPP",1,"Nazar Muhammad"
"Nazar_Muhammad_Gondal","PPP",2,"Nazar Muhammad Gondal"
"Nazar_Muhammad_Kakar","PPP",1,"Nazar Muhammad Kakar"
"Nazeer_Ahmad","PPP",1,"Nazeer Ahmad"
"Nazir_Ahmed_Bhugio","PPP",1,"Nazir Ahmed Bhugio"
"Nazir_Ahmed_Bughio","PPP",2,"Nazir Ahmed Bughio"
"Neha_Javed","PPP",1,"Neha Javed"
"Nida_Asim","PPP",1,"Nida Asim"
"Nisar_Muhammad","PPP",1,"Nisar Muhammad"
"Noor_Alam_Khan","PPP",2,"Noor Alam Khan"
"Noor_Naeem_Khan","PPP",1,"Noor Naeem Khan"
"Noor_Ul_Ain","PPP",1,"Noor Ul Ain"
"Noor_Ul_Ain_Rai_Saeed","PPP",1,"Noor Ul Ain Rai Saeed"
"Peer_Haider_Zaman_Quraishi","PPP",1,"Peer Haider Zaman Quraishi"
"Peeral_Majeedano","PPP",1,"Peeral Majeedano"
"Pir_Aftab_Hussain_Shah_Jilani","PPP",1,"Pir Aftab Hussain Shah Jilani"
"Pir_Aftab_Hussain_Shah_Jillani","PPP",1,"Pir Aftab Hussain Shah Jillani"
"Pir_Ameer_Ali_Shah_Jilani","PPP",1,"Pir Ameer Ali Shah Jilani"
"Pir_Bux_Jamot","PPP",1,"Pir Bux Jamot"
"Pir_Dilawar_Shah","PPP",1,"Pir Dilawar Shah"
"Pir_Haider_Zaman_Qureshi","PPP",1,"Pir Haider Zaman Qureshi"
"Pir_Noor_Muhammad_Shah_Jeelani","PPP",1,"Pir Noor Muhammad Shah Jeelani"
"Pir_Shafqat_Hussain_Shah_Jilani","PPP",1,"Pir Shafqat Hussain Shah Jilani"
"Pir_Syed_Fazal_Ali_Shah_Jeelani","PPP",1,"Pir Syed Fazal Ali Shah Jeelani"
"Pir_Syed_Fazal_Ali_Shah_Jillani","PPP",1,"Pir Syed Fazal Ali Shah Jillani"
"Qadir_Khan_Mando_Khail","PPP",1,"Qadir Khan Mando Khail"
"Qamar_Abbas","PPP",1,"Qamar Abbas"
"Qamar_Zaman_Kaira","PPP",3,"Qamar Zaman Kaira"
"Qazi_Muhammad_Azhar_Advocate","PPP",1,"Qazi Muhammad Azhar Advocate"
"Qazi_Muhammad_Bashir","PPP",1,"Qazi Muhammad Bashir"
"Qurban_Ali_Kalwar","PPP",1,"Qurban Ali Kalwar"
"Quttab_Din","PPP",1,"Quttab Din"
"Rafiq_Ahmed_Jamali","PPP",1,"Rafiq Ahmed Jamali"
"Rafique_Ahmed_Jamali","PPP",2,"Rafique Ahmed Jamali"
"Raheela_Perveen","PPP",1,"Raheela Perveen"
"Rai_Ghulam_Mujtaba_Kharal","PPP",1,"Rai Ghulam Mujtaba Kharal"
"Rai_Ijaz_Ahmad_Khan","PPP",2,"Rai Ijaz Ahmad Khan"
"Rais_Muhammad_Khalid_Chachar","PPP",1,"Rais Muhammad Khalid Chachar"
"Raja_Faiz_Akbar_Janjuha","PPP",1,"Raja Faiz Akbar Janjuha"
"Raja_Imran_Ashraf","PPP",1,"Raja Imran Ashraf"
"Raja_Israr_Ahmed_Abbasi_Advocate","PPP",1,"Raja Israr Ahmed Abbasi Advocate"
"Raja_Masood_Ahmad","PPP",1,"Raja Masood Ahmad"
"Raja_Muhammad_Afzal_Khan","PPP",1,"Raja Muhammad Afzal Khan"
"Raja_Muhammad_Iftikhar_Kayani","PPP",1,"Raja Muhammad Iftikhar Kayani"
"Raja_Muhammad_Sana_Ul_Haq_Advocate","PPP",1,"Raja Muhammad Sana Ul Haq Advocate"
"Raja_Parvaiz_Ashraf","PPP",1,"Raja Parvaiz Ashraf"
"Raja_Pervaiz_Ashraf","PPP",2,"Raja Pervaiz Ashraf"
"Rajib_Ali","PPP",1,"Rajib Ali"
"Rameez_u_Din_Memon","PPP",1,"Rameez u Din Memon"
"Rana_Abdul_Rehman_Khan","PPP",1,"Rana Abdul Rehman Khan"
"Rana_Abdul_Shakoor_Khan","PPP",1,"Rana Abdul Shakoor Khan"
"Rana_Mahmood_Ashraf","PPP",1,"Rana Mahmood Ashraf"
"Rana_Mehmood_Ul_Hasan","PPP",1,"Rana Mehmood Ul Hasan"
"Rana_Mubashir_Ali_Khan","PPP",1,"Rana Mubashir Ali Khan"
"Rana_Muhammad_Azhar_Uttra","PPP",1,"Rana Muhammad Azhar Uttra"
"Rana_Muhammad_Faraz_Noon","PPP",1,"Rana Muhammad Faraz Noon"
"Rana_Muhammad_Farooq_Saeed_Khan","PPP",2,"Rana Muhammad Farooq Saeed Khan"
"Rana_Muhammad_Qasim_Noon","PPP",1,"Rana Muhammad Qasim Noon"
"Rao_Abdul_Ghaffar","PPP",1,"Rao Abdul Ghaffar"
"Rao_Muhammad_Jameel_Hashim_Khan","PPP",1,"Rao Muhammad Jameel Hashim Khan"
"Rao_Najeeb_Ur_Rehman","PPP",1,"Rao Najeeb Ur Rehman"
"Rashid_Ali","PPP",1,"Rashid Ali"
"Riaz_Ahmed","PPP",1,"Riaz Ahmed"
"Riaz_Hussain_Lund_Balouch","PPP",1,"Riaz Hussain Lund Balouch"
"Rizwan_Ahmad_Hans","PPP",1,"Rizwan Ahmad Hans"
"Roshan_Din_Junejo","PPP",2,"Roshan Din Junejo"
"Rozi_Khan_Kakar","PPP",1,"Rozi Khan Kakar"
"Saathi_Ishaque_Advocate","PPP",1,"Saathi Ishaque Advocate"
"Sabar_Ali_Baloch","PPP",1,"Sabar Ali Baloch"
"Sabir_Ali_Baloch","PPP",1,"Sabir Ali Baloch"
"Sabir_Hussain","PPP",1,"Sabir Hussain"
"Sadiq_Ali_Memon","PPP",1,"Sadiq Ali Memon"
"Saeed_Iqbal","PPP",1,"Saeed Iqbal"
"Saeed_Iqbal_","PPP",1,"Saeed Iqbal."
"Saeed_Ur_Rehman","PPP",1,"Saeed Ur Rehman"
"Sajid_Ali_Bambhan","PPP",1,"Sajid Ali Bambhan"
"Sajid_Ali_Banbhan","PPP",1,"Sajid Ali Banbhan"
"Sajid_Hussain_Turi","PPP",1,"Sajid Hussain Turi"
"Sajjad_Ahmad_Awan_","PPP",1,"Sajjad Ahmad Awan."
"Sajjad_Ul_Hassan","PPP",1,"Sajjad Ul Hassan"
"Sakhawat_Masih","PPP",1,"Sakhawat Masih"
"Salahuddin_Junejo","PPP",1,"Salahuddin Junejo"
"Saleem_Mandviwala","PPP",1,"Saleem Mandviwala"
"Saleem_Shah","PPP",1,"Saleem Shah"
"Saleem_Ullah_Khan","PPP",1,"Saleem Ullah Khan"
"Salim_Rehman","PPP",1,"Salim Rehman"
"Samina_Khalid_Ghurki","PPP",2,"Samina Khalid Ghurki"
"Sardar_Ahmed_Khan_Alias_Fayyaz_Ali_Khan","PPP",1,"Sardar Ahmed Khan Alias Fayyaz Ali Khan"
"Sardar_Al-Haaj_Muhammad_Umar","PPP",1,"Sardar Al-Haaj Muhammad Umar"
"Sardar_Al_Haaj_Muhammmad_Umer_Gorgaij","PPP",1,"Sardar Al Haaj Muhammmad Umer Gorgaij"
"Sardar_Ali","PPP",1,"Sardar Ali"
"Sardar_Ali_Abbas_Khan_Baloch","PPP",1,"Sardar Ali Abbas Khan Baloch"
"Sardar_Asif_Ahmad_Ali","PPP",1,"Sardar Asif Ahmad Ali"
"Sardar_Azhar_Ali_Mekan","PPP",1,"Sardar Azhar Ali Mekan"
"Sardar_Bahadur_Ahmad_Khan","PPP",1,"Sardar Bahadur Ahmad Khan"
"Sardar_Bahadur_Ahmed_Khan","PPP",1,"Sardar Bahadur Ahmed Khan"
"Sardar_Dost_Muhammad_Khan_Khosa","PPP",1,"Sardar Dost Muhammad Khan Khosa"
"Sardar_Jahazeb_Khan_Drishak_Almarof_Chand_Khan","PPP",1,"Sardar Jahazeb Khan Drishak Almarof Chand Khan"
"Sardar_Kamal_Khan_Chang","PPP",1,"Sardar Kamal Khan Chang"
"Sardar_Khan","PPP",1,"Sardar Khan"
"Sardar_Khurram_Latif_Khan_Khosa","PPP",1,"Sardar Khurram Latif Khan Khosa"
"Sardar_Khyzar_Hayat_Khan_Ladhu_Ka","PPP",1,"Sardar Khyzar Hayat Khan Ladhu Ka"
"Sardar_Mansoor_Hayat_Tamman","PPP",1,"Sardar Mansoor Hayat Tamman"
"Sardar_Mir_Baz_Muhammad_Kha_Khetran","PPP",1,"Sardar Mir Baz Muhammad Kha Khetran"
"Sardar_Mir_Baz_Muhammad_Khan_Khethran","PPP",1,"Sardar Mir Baz Muhammad Khan Khethran"
"Sardar_Muhammad_Gulzar_Abbasi","PPP",1,"Sardar Muhammad Gulzar Abbasi"
"Sardar_Muhammad_Mushtaq_Khan","PPP",1,"Sardar Muhammad Mushtaq Khan"
"Sardar_Muhammad_Saif_Ud_Din_Khan_Khosa","PPP",1,"Sardar Muhammad Saif Ud Din Khan Khosa"
"Sardar_Mushtaq_Ahmed","PPP",1,"Sardar Mushtaq Ahmed"
"Sardar_Nabil_Ahmed_Gabol","PPP",1,"Sardar Nabil Ahmed Gabol"
"Sardar_Saleem_Haider","PPP",2,"Sardar Saleem Haider"
"Sardar_Saleem_Haider_Khan","PPP",1,"Sardar Saleem Haider Khan"
"Sardar_Sana_Ullah_Zehri","PPP",1,"Sardar Sana Ullah Zehri"
"Sardar_Shahnawaz_Khan","PPP",1,"Sardar Shahnawaz Khan"
"Sardar_Shaukat_Hayat_Khan_Advocate","PPP",1,"Sardar Shaukat Hayat Khan Advocate"
"Sardar_Shoaib_Mumtaz_Khan","PPP",1,"Sardar Shoaib Mumtaz Khan"
"Sardar_Usman_Nawaz","PPP",1,"Sardar Usman Nawaz"
"Sardar_Wahid_Bux_Bhayo","PPP",2,"Sardar Wahid Bux Bhayo"
"Sardar_Wazir_Ahmed_Jogezai","PPP",1,"Sardar Wazir Ahmed Jogezai"
"Sardar_Zafar_Ullah_Khan_Laghari","PPP",1,"Sardar Zafar Ullah Khan Laghari"
"Sarfaraz_Rajar","PPP",1,"Sarfaraz Rajar"
"Sarshar_Hassan_Cheema","PPP",1,"Sarshar Hassan Cheema"
"Sayed_Akhun_Zada_Chattan","PPP",1,"Sayed Akhun Zada Chattan"
"Shabbir_Ahmad_Khan_Leghari","PPP",1,"Shabbir Ahmad Khan Leghari"
"Shabir_Ahmed","PPP",1,"Shabir Ahmed"
"Shafeeqa_Baghum_Rao_Sikindar_Iqbal","PPP",1,"Shafeeqa Baghum Rao Sikindar Iqbal"
"Shah_Fahad_Ansari","PPP",1,"Shah Fahad Ansari"
"Shah_Rehman","PPP",1,"Shah Rehman"
"Shahadat_Ali_Khan_Baloch","PPP",1,"Shahadat Ali Khan Baloch"
"Shaheem_Safdar","PPP",1,"Shaheem Safdar"
"Shaheen_Zamir","PPP",1,"Shaheen Zamir"
"Shaheryar_Khan","PPP",1,"Shaheryar Khan"
"Shahid_Abbas","PPP",1,"Shahid Abbas"
"Shahid_Bashir","PPP",1,"Shahid Bashir"
"Shahjahan_Ahmad_Bhatti","PPP",2,"Shahjahan Ahmad Bhatti"
"Shahjahan_Baloch","PPP",1,"Shahjahan Baloch"
"Shahrukh_Malik","PPP",1,"Shahrukh Malik"
"Shahzad_Majeed","PPP",1,"Shahzad Majeed"
"Shahzada_Ghulam_Muhyuddin","PPP",1,"Shahzada Ghulam Muhyuddin"
"Shakeel_Ahmed_","PPP",1,"Shakeel Ahmed."
"Shamas-Un-Nisa","PPP",1,"Shamas-Un-Nisa"
"Shams_Panhwar","PPP",1,"Shams Panhwar"
"Shamshad_Sattar_Bachani","PPP",1,"Shamshad Sattar Bachani"
"Shamusddin_Panhwar","PPP",1,"Shamusddin Panhwar"
"Shaukat_Ali_Bajwa","PPP",1,"Shaukat Ali Bajwa"
"Shaukat_Pervez_Khan","PPP",1,"Shaukat Pervez Khan"
"Shazia_Aurangzeb_Khan","PPP",1,"Shazia Aurangzeb Khan"
"Shazia_Mari","PPP",1,"Shazia Mari"
"Shazia_Marri","PPP",1,"Shazia Marri"
"Shazia_Tehmas_Khan","PPP",1,"Shazia Tehmas Khan"
"Shehryar_Amir_Zeb","PPP",1,"Shehryar Amir Zeb"
"Sheikh_Kamran_Iqbal","PPP",1,"Sheikh Kamran Iqbal"
"Sheikh_Muhammad_Iqbal","PPP",1,"Sheikh Muhammad Iqbal"
"Sheikh_Muhammad_Maghaz_Feroz","PPP",1,"Sheikh Muhammad Maghaz Feroz"
"Sheikh_Waqar_Ahmed_Advocate","PPP",1,"Sheikh Waqar Ahmed Advocate"
"Sher_Akbar_Khan","PPP",1,"Sher Akbar Khan"
"Sher_Muhammad_Balcoh","PPP",1,"Sher Muhammad Balcoh"
"Sher_Qanoos_Advocate","PPP",1,"Sher Qanoos Advocate"
"Shiyam_Sundar_Advocate","PPP",1,"Shiyam Sundar Advocate"
"Shoaib_Alam_Khan","PPP",1,"Shoaib Alam Khan"
"Shoukat_Ali_Joya_Laleka","PPP",1,"Shoukat Ali Joya Laleka"
"Siddique_Akber","PPP",1,"Siddique Akber"
"Sidra_Saeed","PPP",1,"Sidra Saeed"
"Sohail_Ansari","PPP",1,"Sohail Ansari"
"Sohail_Mansoor_Khawaja","PPP",1,"Sohail Mansoor Khawaja"
"Sohail_Shahzad","PPP",1,"Sohail Shahzad"
"Sumaira_Gul","PPP",1,"Sumaira Gul"
"Sumaira_Mushtaq_Kharal","PPP",1,"Sumaira Mushtaq Kharal"
"Syed_Abbas_Raza_Rizvi","PPP",1,"Syed Abbas Raza Rizvi"
"Syed_Abdul_Qadir_Gillani","PPP",3,"Syed Abdul Qadir Gillani"
"Syed_Abid_Ali_Shah","PPP",1,"Syed Abid Ali Shah"
"Syed_Abid_Hussain_Imam","PPP",1,"Syed Abid Hussain Imam"
"Syed_Abrar_Ali_Shah","PPP",1,"Syed Abrar Ali Shah"
"Syed_Ahmad_Ali_Shah","PPP",1,"Syed Ahmad Ali Shah"
"Syed_Ahmad_Mujtaba_Gillani","PPP",1,"Syed Ahmad Mujtaba Gillani"
"Syed_Akhunzada_Chattan","PPP",1,"Syed Akhunzada Chattan"
"Syed_Ali_Musa_Gillani","PPP",1,"Syed Ali Musa Gillani"
"Syed_Ali_Zawar_Naqvi","PPP",1,"Syed Ali Zawar Naqvi"
"Syed_Allauddin","PPP",2,"Syed Allauddin"
"Syed_Ameer_Ali_Shah_Jamot","PPP",1,"Syed Ameer Ali Shah Jamot"
"Syed_Amir_Ali_Shah_Jamote","PPP",1,"Syed Amir Ali Shah Jamote"
"Syed_Amir_Hamza_Peerzada","PPP",1,"Syed Amir Hamza Peerzada"
"Syed_Amjad_Hussain_Zaidi","PPP",1,"Syed Amjad Hussain Zaidi"
"Syed_Anayat_Ali_Shah","PPP",1,"Syed Anayat Ali Shah"
"Syed_Asghar_Hussain","PPP",2,"Syed Asghar Hussain"
"Syed_Asif_Hashmi","PPP",2,"Syed Asif Hashmi"
"Syed_Ayaz_Ali_Shah_Sherazi","PPP",1,"Syed Ayaz Ali Shah Sherazi"
"Syed_Azmat_Ali_Bukhari_Advocate","PPP",1,"Syed Azmat Ali Bukhari Advocate"
"Syed_Faisal_Imam","PPP",1,"Syed Faisal Imam"
"Syed_Faisal_Raza_Abidi","PPP",1,"Syed Faisal Raza Abidi"
"Syed_Fakhar_Imam","PPP",1,"Syed Fakhar Imam"
"Syed_Faqeer_Hussain_Shah","PPP",1,"Syed Faqeer Hussain Shah"
"Syed_Gayoor_Abbas_Bukhari_","PPP",1,"Syed Gayoor Abbas Bukhari."
"Syed_Ghayoor_Abbas_Bukhari","PPP",1,"Syed Ghayoor Abbas Bukhari"
"Syed_Ghulam_Mustafa_Shah","PPP",2,"Syed Ghulam Mustafa Shah"
"Syed_Ghulam_Mustafa_Shah_s_o_Syed_Sabbir_Ahmed_Shah","PPP",1,"Syed Ghulam Mustafa Shah s/o Syed Sabbir Ahmed Shah"
"Syed_Hamid_Saeed_Kazmi","PPP",1,"Syed Hamid Saeed Kazmi"
"Syed_Hasnat_Ahmed","PPP",1,"Syed Hasnat Ahmed"
"Syed_Hussain_Tariq","PPP",1,"Syed Hussain Tariq"
"Syed_Ibne_Ali","PPP",1,"Syed Ibne Ali"
"Syed_Inayat_Ali_Shah","PPP",1,"Syed Inayat Ali Shah"
"Syed_Intikhab_Hussain_Shah","PPP",1,"Syed Intikhab Hussain Shah"
"Syed_Irfan_Gardezi","PPP",1,"Syed Irfan Gardezi"
"Syed_Ishtiaq_Ul_Hassan_Gilani","PPP",1,"Syed Ishtiaq Ul Hassan Gilani"
"Syed_Javed_Ali_Shah","PPP",1,"Syed Javed Ali Shah"
"Syed_Javed_Ali_Shah_Jillani","PPP",1,"Syed Javed Ali Shah Jillani"
"Syed_Khursheed_Ahmed_Shah","PPP",3,"Syed Khursheed Ahmed Shah"
"Syed_Manzoor_Abbas","PPP",1,"Syed Manzoor Abbas"
"Syed_Mumtaz_Alam_Gillani","PPP",1,"Syed Mumtaz Alam Gillani"
"Syed_Murtza_Mehmud","PPP",1,"Syed Murtza Mehmud"
"Syed_Nasir_Ali_Shah_Alias_Syed_Abbas","PPP",1,"Syed Nasir Ali Shah Alias Syed Abbas"
"Syed_Naveed_Qamar","PPP",3,"Syed Naveed Qamar"
"Syed_Nayyer_Hussain_Bukhari","PPP",1,"Syed Nayyer Hussain Bukhari"
"Syed_Qutab_Ali_Shah_Alias_Ali_Baba","PPP",1,"Syed Qutab Ali Shah Alias Ali Baba"
"Syed_Rafiullah","PPP",1,"Syed Rafiullah"
"Syed_Raza_Abbas","PPP",1,"Syed Raza Abbas"
"Syed_Sabtul_Haider_Bukhari","PPP",1,"Syed Sabtul Haider Bukhari"
"Syed_Sohail_Abidi","PPP",1,"Syed Sohail Abidi"
"Syed_Sohail_Abrar","PPP",1,"Syed Sohail Abrar"
"Syed_Sumsam_Ali_Shah_Bukhari","PPP",1,"Syed Sumsam Ali Shah Bukhari"
"Syed_Sumsan_Ali_Shah_Bukhari","PPP",1,"Syed Sumsan Ali Shah Bukhari"
"Syed_Tariq_Gilani","PPP",1,"Syed Tariq Gilani"
"Syed_Tariq_Raza","PPP",1,"Syed Tariq Raza"
"Syed_Waseem_Ul_Hassan_Naqvi","PPP",1,"Syed Waseem Ul Hassan Naqvi"
"Syed_Yousaf_Raza_Gillani","PPP",2,"Syed Yousaf Raza Gillani"
"Syed_Zaffar_Ali_Shah","PPP",1,"Syed Zaffar Ali Shah"
"Syed_Zahid_Bukhari","PPP",1,"Syed Zahid Bukhari"
"Syeda_Abida_Hussain","PPP",1,"Syeda Abida Hussain"
"Syeda_Sughra_Imam","PPP",1,"Syeda Sughra Imam"
"Taimoor_Tahir","PPP",1,"Taimoor Tahir"
"Taj_Muhammad_Jamali","PPP",1,"Taj Muhammad Jamali"
"Talat_Iqbal_Mahessar","PPP",1,"Talat Iqbal Mahessar"
"Tariq_Ashrif_Kahloon","PPP",1,"Tariq Ashrif Kahloon"
"Tariq_Hakam_Ali","PPP",1,"Tariq Hakam Ali"
"Tariq_Javed_Manzoor","PPP",1,"Tariq Javed Manzoor"
"Tariq_Mahmood","PPP",1,"Tariq Mahmood"
"Tariq_Mahmood_Bajwa","PPP",1,"Tariq Mahmood Bajwa"
"Tariq_Mehmood_Bajwa","PPP",1,"Tariq Mehmood Bajwa"
"Tariq_Shabbir_Advocate","PPP",1,"Tariq Shabbir Advocate"
"Tariq_Yaqoob_Fateh_Muhammad","PPP",1,"Tariq Yaqoob Fateh Muhammad"
"Tasneem_Ahmad_Qureshi","PPP",1,"Tasneem Ahmad Qureshi"
"Tasneem_Ahmed_Qureshi","PPP",2,"Tasneem Ahmed Qureshi"
"Tussadiq_Masood_Khan","PPP",1,"Tussadiq Masood Khan"
"Umar_Aftab","PPP",1,"Umar Aftab"
"Umar_Farooq_Khan_Shawa","PPP",1,"Umar Farooq Khan Shawa"
"Usman_Khan_Tarakai","PPP",1,"Usman Khan Tarakai"
"Waqar_Ahmad_Khan","PPP",1,"Waqar Ahmad Khan"
"Waseef_Ullah_Khan","PPP",1,"Waseef Ullah Khan"
"Waseem_Akhtar","PPP",1,"Waseem Akhtar"
"Waseem_Khan_Rajput","PPP",1,"Waseem Khan Rajput"
"Yousaf_Ali","PPP",1,"Yousaf Ali"
"Zafar_Ahmed_Siddiqui_Advocate","PPP",1,"Zafar Ahmed Siddiqui Advocate"
"Zafar_Iqbal_Ch_","PPP",1,"Zafar Iqbal Ch."
"Zafar_Jhandeer","PPP",1,"Zafar Jhandeer"
"Zahid_Pervaiz_Alias_Zahid_Bashir_","PPP",1,"Zahid Pervaiz Alias Zahid Bashir."
"Zaka_Ullah","PPP",1,"Zaka Ullah"
"Zar_Gul_Khan","PPP",1,"Zar Gul Khan"
"Zubair_Kardar","PPP",1,"Zubair Kardar"
"Zulfaqar_Ali_Qaim_Khani","PPP",1,"Zulfaqar Ali Qaim Khani"
"Zulfiqar_Ali_Behan","PPP",3,"Zulfiqar Ali Behan"
"Zulfiqar_Ali_Khan","PPP",1,"Zulfiqar Ali Khan"
"Zulfiqar_Ali_Shah","PPP",1,"Zulfiqar Ali Shah"
"Zulfiqar_Bachani","PPP",1,"Zulfiqar Bachani"
"Zumarad_Khan","PPP",1,"Zumarad Khan"
"Zumurrad_Khan","PPP",1,"Zumurrad Khan"
"Abdul_Ahad","PRHP",1,"Abdul Ahad"
"Abdul_Khaliq_Rehmani","PRHP",1,"Abdul Khaliq Rehmani"
"Abdul_Khaliq_s_o_Haji_Fazal_m","PRHP",1,"Abdul Khaliq s/o Haji Fazal m"
"Abdul_Qadir","PRHP",1,"Abdul Qadir"
"Abdul_Rasheed","PRHP",1,"Abdul Rasheed"
"Abdul_u_Haq_Malik","PRHP",1,"Abdul u Haq Malik"
"Abdullah","PRHP",1,"Abdullah"
"Ali_Nawaz","PRHP",1,"Ali Nawaz"
"Asgher_Ali","PRHP",1,"Asgher Ali"
"Ata_Muhammad","PRHP",1,"Ata Muhammad"
"Eid_Nazar","PRHP",1,"Eid Nazar"
"Ghulam_Nabi","PRHP",1,"Ghulam Nabi"
"Ghulam_Shabbir","PRHP",1,"Ghulam Shabbir"
"Gul_Faraz","PRHP",1,"Gul Faraz"
"Hafiz_Aurangzaib_Farooqui","PRHP",1,"Hafiz Aurangzaib Farooqui"
"Hamza_Tariq","PRHP",1,"Hamza Tariq"
"Iftikhar_Ahmed_Farooqi","PRHP",1,"Iftikhar Ahmed Farooqi"
"Imdad_Ali","PRHP",1,"Imdad Ali"
"Kamran_Khalid_Butt","PRHP",1,"Kamran Khalid Butt"
"Khuda_Nazar","PRHP",1,"Khuda Nazar"
"Muhammad_Abu_Bakar_Saddique","PRHP",1,"Muhammad Abu Bakar Saddique"
"Muhammad_Ahmad_Khan","PRHP",1,"Muhammad Ahmad Khan"
"Muhammad_Ashraf","PRHP",1,"Muhammad Ashraf"
"Muhammad_Ishaque","PRHP",1,"Muhammad Ishaque"
"Muhammad_Ishfaq","PRHP",1,"Muhammad Ishfaq"
"Muhammad_Qasim","PRHP",1,"Muhammad Qasim"
"Muhammad_Ramzan","PRHP",1,"Muhammad Ramzan"
"Muhammad_Safder_Hashmi","PRHP",1,"Muhammad Safder Hashmi"
"Muhammad_Sikandar","PRHP",1,"Muhammad Sikandar"
"Naimatullah","PRHP",1,"Naimatullah"
"Saeed_Khan","PRHP",1,"Saeed Khan"
"Sana_Ullah","PRHP",1,"Sana Ullah"
"Shakil_Ahmed","PRHP",1,"Shakil Ahmed"
"Syed_Abdul_Rafay","PRHP",1,"Syed Abdul Rafay"
"Syed_Kaleem_Ullah","PRHP",1,"Syed Kaleem Ullah"
"Tariq_Aziz","PRHP",1,"Tariq Aziz"
"Ubaid_Ullah_Khan","PRHP",1,"Ubaid Ullah Khan"
"Waqas_Ahmed","PRHP",1,"Waqas Ahmed"
"Muhammad_Majeed","PSDP",1,"Muhammad Majeed"
"Abdul_Razaq_Shahid","PSP",1,"Abdul Razaq Shahid"
"Atif_Atta","PTE",1,"Atif Atta"
"Aziz_Ul_Islam","PTE",1,"Aziz Ul Islam"
"Javed_Sharif","PTE",1,"Javed Sharif"
"Muhammad_Rafiq","PTE",1,"Muhammad Rafiq"
"Muhammad_Rafique","PTE",1,"Muhammad Rafique"
"Aamer_Masood_Mughal","PTI",1,"Aamer Masood Mughal"
"Abdul_Hakeem_Chandio","PTI",1,"Abdul Hakeem Chandio"
"Abdul_Latif","PTI",2,"Abdul Latif"
"Abdul_Qayum","PTI",1,"Abdul Qayum"
"Abdul_Qayyum_Khan_Jatoi","PTI",1,"Abdul Qayyum Khan Jatoi"
"Abdul_Razzaq","PTI",1,"Abdul Razzaq"
"Abdul_Sattar_Samoon","PTI",1,"Abdul Sattar Samoon"
"Abdul_Waheed_Khan","PTI",1,"Abdul Waheed Khan"
"Abdur_Raoof_Dolla","PTI",1,"Abdur Raoof Dolla"
"Abid_Javed_Virk","PTI",1,"Abid Javed Virk"
"Abid_Mahmood","PTI",1,"Abid Mahmood"
"Abid_Mahmood_Khagga","PTI",1,"Abid Mahmood Khagga"
"Abrar_Ul_Haq","PTI",1,"Abrar Ul Haq"
"Abu_Bakar_Virk","PTI",1,"Abu Bakar Virk"
"Adil_Khan_Bazai","PTI",1,"Adil Khan Bazai"
"Adv_Shujaat_Ali","PTI",1,"Adv Shujaat Ali"
"Advocate_Zahoor_Mehsud","PTI",1,"Advocate Zahoor Mehsud"
"Aftab_Ahmad","PTI",1,"Aftab Ahmad"
"Aftab_Ahmad_Khan_Khichi","PTI",1,"Aftab Ahmad Khan Khichi"
"Aftab_Ahmed_Soomro","PTI",1,"Aftab Ahmed Soomro"
"Aftab_Irshad_Cheema","PTI",1,"Aftab Irshad Cheema"
"Aftab_Jahangir","PTI",1,"Aftab Jahangir"
"Afzaal_Azeem_Pahat_Advocate","PTI",1,"Afzaal Azeem Pahat Advocate"
"Ahmad_Raza_Maneka","PTI",1,"Ahmad Raza Maneka"
"Ahsan_Ulla_Virk","PTI",1,"Ahsan Ulla Virk"
"Ajab_Gul","PTI",1,"Ajab Gul"
"Akeel_Aslam","PTI",1,"Akeel Aslam"
"Akhtar_Iqbal_Dar","PTI",1,"Akhtar Iqbal Dar"
"Akram_Khan","PTI",1,"Akram Khan"
"Akram_Niazi","PTI",1,"Akram Niazi"
"Aleem_Adil_Sheikh_","PTI",1,"Aleem Adil Sheikh."
"Ali_Afzal_Sahi","PTI",1,"Ali Afzal Sahi"
"Ali_Amin_Gandapur","PTI",1,"Ali Amin Gandapur"
"Ali_Asghar_Khan","PTI",1,"Ali Asghar Khan"
"Ali_Ashraf","PTI",1,"Ali Ashraf"
"Ali_Asjid_Malhi","PTI",1,"Ali Asjid Malhi"
"Ali_Bukhari","PTI",1,"Ali Bukhari"
"Ali_Ijaz_Buttar","PTI",1,"Ali Ijaz Buttar"
"Ali_Khan_Jadoon","PTI",1,"Ali Khan Jadoon"
"Ali_Muhammad_Khalul","PTI",1,"Ali Muhammad Khalul"
"Ali_Muhammad_Khan","PTI",2,"Ali Muhammad Khan"
"Aliya_Hamza","PTI",1,"Aliya Hamza"
"Amanullah","PTI",1,"Amanullah"
"Amber_Majeed_Niazi","PTI",1,"Amber Majeed Niazi"
"Ambreen_Malik","PTI",1,"Ambreen Malik"
"Amir_Sharjeel","PTI",1,"Amir Sharjeel"
"Amirullah","PTI",1,"Amirullah"
"Amjad_Ali_Bajwa","PTI",1,"Amjad Ali Bajwa"
"Amjid_Ali_Khan","PTI",1,"Amjid Ali Khan"
"Aniqa_Mehdi","PTI",1,"Aniqa Mehdi"
"Anwar_Haqdad","PTI",1,"Anwar Haqdad"
"Anwar_Taj","PTI",1,"Anwar Taj"
"Aqibullah","PTI",1,"Aqibullah"
"Arbab_Amir_Ayub","PTI",1,"Arbab Amir Ayub"
"Arbab_Muhammad_Haleem","PTI",1,"Arbab Muhammad Haleem"
"Arif_Murad","PTI",1,"Arif Murad"
"Arif_Ur_Rehman_Alvi","PTI",1,"Arif Ur Rehman Alvi"
"Arshad_Ali_Mayo","PTI",1,"Arshad Ali Mayo"
"Arshad_Mahmood_Chaudhry","PTI",1,"Arshad Mahmood Chaudhry"
"Arslan_Khalid","PTI",1,"Arslan Khalid"
"Asad_Qaiser","PTI",1,"Asad Qaiser"
"Asad_Umar","PTI",1,"Asad Umar"
"Asif_Khan","PTI",1,"Asif Khan"
"Asiya_Asad","PTI",1,"Asiya Asad"
"Ataullah_Khan","PTI",1,"Ataullah Khan"
"Atif_Ali_Khan_Dreshak","PTI",1,"Atif Ali Khan Dreshak"
"Atif_Choudhry","PTI",1,"Atif Choudhry"
"Aurang_Zeb_Khan","PTI",1,"Aurang Zeb Khan"
"Aurangzeb_Khichi","PTI",1,"Aurangzeb Khichi"
"Awais_Haider_Jakhar","PTI",1,"Awais Haider Jakhar"
"Ayaz_Amir","PTI",1,"Ayaz Amir"
"Ayaz_Sarfraz_Malik","PTI",1,"Ayaz Sarfraz Malik"
"Ayesha_Nazir_Jatt","PTI",1,"Ayesha Nazir Jatt"
"Azizullah_Dero","PTI",1,"Azizullah Dero"
"Azra_Masood","PTI",1,"Azra Masood"
"Babar_Marghazani","PTI",1,"Babar Marghazani"
"Bakht_Jamal_Chandio","PTI",1,"Bakht Jamal Chandio"
"Barrister_Abdullah_Mumtaz_Kahloon","PTI",1,"Barrister Abdullah Mumtaz Kahloon"
"Barrister_Gohar_Ali_Khan","PTI",1,"Barrister Gohar Ali Khan"
"Barrister_Hammad_Azhar","PTI",1,"Barrister Hammad Azhar"
"Barrister_Nabeel_Dhar","PTI",1,"Barrister Nabeel Dhar"
"Barrister_Taimur_Malik","PTI",1,"Barrister Taimur Malik"
"Basharat_Ali_Randhawa","PTI",1,"Basharat Ali Randhawa"
"Basharat_Raja","PTI",1,"Basharat Raja"
"Bilal_Ejaz","PTI",1,"Bilal Ejaz"
"Brig_Ejaz_Shah","PTI",1,"Brig Ejaz Shah"
"Brigadier_Mumtaz_Iqbal_Kahlon","PTI",1,"Brigadier Mumtaz Iqbal Kahlon"
"Ch__Muhammad_Ilyas","PTI",1,"Ch. Muhammad Ilyas"
"Ch_Khalil_Arain","PTI",1,"Ch Khalil Arain"
"Ch_Muhammad_Shahnawaz_Cheema","PTI",1,"Ch Muhammad Shahnawaz Cheema"
"Ch_Usman_Ali_Tariq","PTI",1,"Ch Usman Ali Tariq"
"Changez_Khan_Kakar","PTI",1,"Changez Khan Kakar"
"Chaudhary_Abdul_Ilyas","PTI",1,"Chaudhary Abdul Ilyas"
"Chaudhary_Javed_Iqbal_Waraich","PTI",1,"Chaudhary Javed Iqbal Waraich"
"Chaudhry_Muhammad_Ashfaq","PTI",1,"Chaudhry Muhammad Ashfaq"
"Choudary_Shokat_Ali_Bhatti","PTI",1,"Choudary Shokat Ali Bhatti"
"Choudhry_Muhammad_Saqlain","PTI",1,"Choudhry Muhammad Saqlain"
"Choudhry_Naeem_Ul_Din_Waraich","PTI",1,"Choudhry Naeem Ul Din Waraich"
"Chudhary_Ilyas_Meharban","PTI",1,"Chudhary Ilyas Meharban"
"Chudhary_Muhammed_Yaqoob","PTI",1,"Chudhary Muhammed Yaqoob"
"Col_Ajmal_Sabir_Raja","PTI",1,"Col Ajmal Sabir Raja"
"Colnel_Ejaz_Hussain_Minhas","PTI",1,"Colnel Ejaz Hussain Minhas"
"Dawa_Khan","PTI",2,"Dawa Khan"
"Dawar_Khan_Kundi","PTI",1,"Dawar Khan Kundi"
"Dawood_Shah","PTI",1,"Dawood Shah"
"Dawood_Ullah","PTI",1,"Dawood Ullah"
"Doctor_Saeed_Ahmed_Afridi","PTI",1,"Doctor Saeed Ahmed Afridi"
"Doctor_Yasmin_Rashid","PTI",1,"Doctor Yasmin Rashid"
"Dost_Muhammad_Khan","PTI",1,"Dost Muhammad Khan"
"Dr__Amjad","PTI",1,"Dr. Amjad"
"Dr__Nisar_Jutt","PTI",1,"Dr. Nisar Jutt"
"Dr__Riaz_Lang","PTI",1,"Dr. Riaz Lang"
"Dr__Tahir_Ali_Javed","PTI",1,"Dr. Tahir Ali Javed"
"Dr_Azeem_Zahid_Lakhvi","PTI",1,"Dr Azeem Zahid Lakhvi"
"Dr_Muhammad_Azhar_Khan_Jadoon","PTI",1,"Dr Muhammad Azhar Khan Jadoon"
"Ejaz_Ahmad_Gaddan","PTI",1,"Ejaz Ahmad Gaddan"
"Eman_Tahir","PTI",1,"Eman Tahir"
"Engineer_Dawar_Khan_Kundi","PTI",1,"Engineer Dawar Khan Kundi"
"Faheem_Khan","PTI",1,"Faheem Khan"
"Faisal_Mughal","PTI",1,"Faisal Mughal"
"Faiz_Ullah_Kamoka","PTI",1,"Faiz Ullah Kamoka"
"Falak_Niaz","PTI",1,"Falak Niaz"
"Falak_Sheer_Sikandar","PTI",1,"Falak Sheer Sikandar"
"Farhat_Faheem_Bhatti","PTI",1,"Farhat Faheem Bhatti"
"Farrukh_Habib","PTI",1,"Farrukh Habib"
"Fawad_Ahmad_Cheema","PTI",1,"Fawad Ahmad Cheema"
"Fayaz_Ahmed","PTI",1,"Fayaz Ahmed"
"Fazal_Muhammad_Khan","PTI",2,"Fazal Muhammad Khan"
"Ghulam_Muhammad","PTI",1,"Ghulam Muhammad"
"Ghulam_Qadir","PTI",1,"Ghulam Qadir"
"Ghulam_Sarwar_Khan","PTI",1,"Ghulam Sarwar Khan"
"Ghulam_Zahid","PTI",1,"Ghulam Zahid"
"Gohar_Ali_Khoso","PTI",1,"Gohar Ali Khoso"
"Gul_Asghar_Khan","PTI",1,"Gul Asghar Khan"
"Gul_Badshah","PTI",1,"Gul Badshah"
"Gul_Dad_Khan","PTI",1,"Gul Dad Khan"
"Gul_Muhammad_Keerio","PTI",1,"Gul Muhammad Keerio"
"Gul_Muhammad_Rind","PTI",1,"Gul Muhammad Rind"
"Gul_Zafar_Khan","PTI",1,"Gul Zafar Khan"
"Gulzar_Khan","PTI",1,"Gulzar Khan"
"Hafeezullah","PTI",1,"Hafeezullah"
"Hafiz_Hamid_Raza","PTI",1,"Hafiz Hamid Raza"
"Haji_Akhtar_Mohammad_Mandokhel","PTI",1,"Haji Akhtar Mohammad Mandokhel"
"Haji_Imtiaz_Ahmed_Choudhry","PTI",1,"Haji Imtiaz Ahmed Choudhry"
"Haji_Khalid_Mehmood_Chatha","PTI",1,"Haji Khalid Mehmood Chatha"
"Haleem_Adil_Sheikh","PTI",1,"Haleem Adil Sheikh"
"Hamid_Khan","PTI",1,"Hamid Khan"
"Hamid_Ul_Haq","PTI",1,"Hamid Ul Haq"
"Hamid_Zaman","PTI",1,"Hamid Zaman"
"Hamida_Masood_Shah","PTI",1,"Hamida Masood Shah"
"Hamza_Khan","PTI",1,"Hamza Khan"
"Haroon_Ihsaan_Paracha","PTI",1,"Haroon Ihsaan Paracha"
"Hassan_Adeel","PTI",1,"Hassan Adeel"
"Hassan_Ali_Khan","PTI",1,"Hassan Ali Khan"
"Hassan_Sardar","PTI",1,"Hassan Sardar"
"Hina_Manzoor","PTI",1,"Hina Manzoor"
"Iffat_Soomro","PTI",1,"Iffat Soomro"
"Iftikhar_Ali_Khitran","PTI",1,"Iftikhar Ali Khitran"
"Iftikhar_Soomro","PTI",1,"Iftikhar Soomro"
"Imran_Ahmed_Khan_Niazi","PTI",1,"Imran Ahmed Khan Niazi"
"Imran_Khan","PTI",1,"Imran Khan"
"Imran_Khattak","PTI",2,"Imran Khattak"
"Imran_Qaisar_Abbbas","PTI",1,"Imran Qaisar Abbbas"
"Iqra_Mubarik","PTI",1,"Iqra Mubarik"
"Jahangir_Khan_Tareen","PTI",1,"Jahangir Khan Tareen"
"Jahanzaib_Imtiaz_Gill","PTI",1,"Jahanzaib Imtiaz Gill"
"Jameel_Ahmed_Lund_Baloch","PTI",1,"Jameel Ahmed Lund Baloch"
"Jamshaid_Dasti","PTI",1,"Jamshaid Dasti"
"Javaid_Safdar_Kahlon","PTI",1,"Javaid Safdar Kahlon"
"Javed_Ali_Bozdar","PTI",1,"Javed Ali Bozdar"
"Jehanzeb_Khan_Dhakki","PTI",1,"Jehanzeb Khan Dhakki"
"Junaid_Akbar","PTI",2,"Junaid Akbar"
"Kanwal_Shauzab","PTI",1,"Kanwal Shauzab"
"Karim_Dad","PTI",1,"Karim Dad"
"Khalid_Abdullah_Ghazi","PTI",1,"Khalid Abdullah Ghazi"
"Khalid_Masood_Khan","PTI",1,"Khalid Masood Khan"
"Khalid_Mehmood_Ali","PTI",2,"Khalid Mehmood Ali"
"Khalid_Nawaz","PTI",1,"Khalid Nawaz"
"Khan_Shaid_Afridi","PTI",1,"Khan Shaid Afridi"
"Khawaja_Mudasar_Mehmood","PTI",1,"Khawaja Mudasar Mehmood"
"Khawaja_Sharif_Muhammad_Koreja","PTI",1,"Khawaja Sharif Muhammad Koreja"
"Khawaja_Sheraz_Mehmood","PTI",1,"Khawaja Sheraz Mehmood"
"Khial_Zaman_Aurak_Zai","PTI",1,"Khial Zaman Aurak Zai"
"Khudada_Kalyar_Advocate","PTI",1,"Khudada Kalyar Advocate"
"Khurram_Munawar_Munj","PTI",1,"Khurram Munawar Munj"
"Khurram_Shahzad_Virk","PTI",1,"Khurram Shahzad Virk"
"Khurram_Sher_Zaman","PTI",1,"Khurram Sher Zaman"
"Khursheed_Mehmood_Kasuri","PTI",1,"Khursheed Mehmood Kasuri"
"Kousar_Parveen","PTI",1,"Kousar Parveen"
"Lal_Chand_Malhi","PTI",1,"Lal Chand Malhi"
"Lala_Asad_Ullah","PTI",1,"Lala Asad Ullah"
"Latif_Khosa","PTI",1,"Latif Khosa"
"Lt_Col_r_Ajmal_Sabir_Raja","PTI",1,"Lt Col r Ajmal Sabir Raja"
"Mahar_Sajjad_Hussain_Cheena","PTI",1,"Mahar Sajjad Hussain Cheena"
"Maher_Naveed_Ahmad_Kherha","PTI",1,"Maher Naveed Ahmad Kherha"
"Mahmood_Khan","PTI",1,"Mahmood Khan"
"Maj_Latasab_Satti","PTI",1,"Maj Latasab Satti"
"Makhdoom_Imad_Ud_Din_Hashmi","PTI",1,"Makhdoom Imad Ud Din Hashmi"
"Makhdoom_Javaid_Hussain_Hashmi","PTI",1,"Makhdoom Javaid Hussain Hashmi"
"Makhdoom_Shah_Mahmood_Hussain_Qureshi","PTI",1,"Makhdoom Shah Mahmood Hussain Qureshi"
"Makhdoom_Shah_Mahmood_Qureshi","PTI",1,"Makhdoom Shah Mahmood Qureshi"
"Makhdoom_Shah_Mehmood_Hussain_Qureshi","PTI",1,"Makhdoom Shah Mehmood Hussain Qureshi"
"Makhdoom_Shah_Mehmood_Qureshi","PTI",2,"Makhdoom Shah Mehmood Qureshi"
"Malik_Ameen_Aslam_Khan","PTI",1,"Malik Ameen Aslam Khan"
"Malik_Amir_Dogar","PTI",1,"Malik Amir Dogar"
"Malik_Arif_Awan","PTI",1,"Malik Arif Awan"
"Malik_Atiq_Ur_Rehman_Orakzai","PTI",1,"Malik Atiq Ur Rehman Orakzai"
"Malik_Ghulam_Murtaza_Metla","PTI",1,"Malik Ghulam Murtaza Metla"
"Malik_Karamat_Ali_Khokhar","PTI",1,"Malik Karamat Ali Khokhar"
"Malik_Mehboob_Ahmed","PTI",1,"Malik Mehboob Ahmed"
"Malik_Muhammad_Akram_Bhatti","PTI",1,"Malik Muhammad Akram Bhatti"
"Malik_Muhammad_Ali_Khan_Tiwana","PTI",1,"Malik Muhammad Ali Khan Tiwana"
"Malik_Muhammad_Faisal_Dehwar","PTI",1,"Malik Muhammad Faisal Dehwar"
"Malik_Muhammad_Muzaffar_Khan","PTI",1,"Malik Muhammad Muzaffar Khan"
"Malik_Muhammad_Yar_Dhakoo","PTI",1,"Malik Muhammad Yar Dhakoo"
"Malik_Nazir_Ahmed_Sobhi","PTI",1,"Malik Nazir Ahmed Sobhi"
"Malik_Sohail_Khan","PTI",1,"Malik Sohail Khan"
"Malik_Touqeer_Abbas_Khokhar","PTI",1,"Malik Touqeer Abbas Khokhar"
"Malik_Umar_Farooq","PTI",1,"Malik Umar Farooq"
"Malik_Waheed_Khan","PTI",1,"Malik Waheed Khan"
"Malik_Waqar_Ahmad","PTI",1,"Malik Waqar Ahmad"
"Malik_Zaheer_Abbas","PTI",1,"Malik Zaheer Abbas"
"Manochaher","PTI",1,"Manochaher"
"Mansoor_Sarwar_Khan","PTI",1,"Mansoor Sarwar Khan"
"Maqsood_Ahmed_Ansari","PTI",1,"Maqsood Ahmed Ansari"
"Maqsood_Ali","PTI",1,"Maqsood Ali"
"Maryam_Batool","PTI",1,"Maryam Batool"
"Masroor_Ali","PTI",1,"Masroor Ali"
"Matiullah_Khan","PTI",1,"Matiullah Khan"
"Mehar_Un_Nisa_Baloch","PTI",1,"Mehar Un Nisa Baloch"
"Mehboob_Shah","PTI",1,"Mehboob Shah"
"Mehr_Bano_Qureshi","PTI",1,"Mehr Bano Qureshi"
"Mian_Azhar","PTI",1,"Mian Azhar"
"Mian_Ghous_Muhammad","PTI",2,"Mian Ghous Muhammad"
"Mian_Moin_Uddin","PTI",1,"Mian Moin Uddin"
"Mian_Muhammad_Afzal_Hayat","PTI",1,"Mian Muhammad Afzal Hayat"
"Mian_Muhammad_Amjad_Joyia","PTI",1,"Mian Muhammad Amjad Joyia"
"Mian_Muhammad_Naeem","PTI",1,"Mian Muhammad Naeem"
"Mian_Mumtaz_Ahmad_Matyana","PTI",1,"Mian Mumtaz Ahmad Matyana"
"Mian_Nazir_Rahman","PTI",1,"Mian Nazir Rahman"
"Mian_Salman_Ali_Qureshi","PTI",1,"Mian Salman Ali Qureshi"
"Mian_Shahid_Mustafa_Qureshi","PTI",1,"Mian Shahid Mustafa Qureshi"
"Mir_Ali_Ahmed_Zehri","PTI",1,"Mir Ali Ahmed Zehri"
"Mir_Mohammad_Azam_Sumalani","PTI",1,"Mir Mohammad Azam Sumalani"
"Mirza_Abdul_Qayyum","PTI",1,"Mirza Abdul Qayyum"
"Mirza_Saeed_Mehmood_Baig","PTI",1,"Mirza Saeed Mehmood Baig"
"Moazam_Jatoi","PTI",1,"Moazam Jatoi"
"Mohammad_Imran","PTI",1,"Mohammad Imran"
"Mohtarma_Zartaj_Gul_Akhwand","PTI",1,"Mohtarma Zartaj Gul Akhwand"
"Mubeen_Arif_Jatt","PTI",1,"Mubeen Arif Jatt"
"Muhammad_Afzal_Gondal","PTI",1,"Muhammad Afzal Gondal"
"Muhammad_Afzal_Sindhu","PTI",1,"Muhammad Afzal Sindhu"
"Muhammad_Ahmad_Chattha","PTI",1,"Muhammad Ahmad Chattha"
"Muhammad_Ajmal_Cheema","PTI",1,"Muhammad Ajmal Cheema"
"Muhammad_Alam","PTI",1,"Muhammad Alam"
"Muhammad_Alamgir_Khan","PTI",1,"Muhammad Alamgir Khan"
"Muhammad_Ali_Sarfaraz","PTI",1,"Muhammad Ali Sarfaraz"
"Muhammad_Ali_Shakoor","PTI",1,"Muhammad Ali Shakoor"
"Muhammad_Ameer_Sultan","PTI",1,"Muhammad Ameer Sultan"
"Muhammad_Arshad_Sahi","PTI",2,"Muhammad Arshad Sahi"
"Muhammad_Ashraf_Jabbar_Qureshi","PTI",1,"Muhammad Ashraf Jabbar Qureshi"
"Muhammad_Asif","PTI",1,"Muhammad Asif"
"Muhammad_Aslam_Ghumman","PTI",1,"Muhammad Aslam Ghumman"
"Muhammad_Atif","PTI",1,"Muhammad Atif"
"Muhammad_Aurangzaib_Khan_Khichi","PTI",1,"Muhammad Aurangzaib Khan Khichi"
"Muhammad_Azam_Khan_Swati","PTI",1,"Muhammad Azam Khan Swati"
"Muhammad_Bashir_Khan","PTI",2,"Muhammad Bashir Khan"
"Muhammad_Daood","PTI",1,"Muhammad Daood"
"Muhammad_Dawood_Khan","PTI",1,"Muhammad Dawood Khan"
"Muhammad_Haris","PTI",1,"Muhammad Haris"
"Muhammad_Ibraheem_Khan","PTI",1,"Muhammad Ibraheem Khan"
"Muhammad_Ibrahim","PTI",1,"Muhammad Ibrahim"
"Muhammad_Imran_Shaukat_Khan","PTI",1,"Muhammad Imran Shaukat Khan"
"Muhammad_Iqbal_Khan","PTI",2,"Muhammad Iqbal Khan"
"Muhammad_Ishaq_Khan_Khakwani","PTI",1,"Muhammad Ishaq Khan Khakwani"
"Muhammad_Jamal_Ahsan_Khan","PTI",1,"Muhammad Jamal Ahsan Khan"
"Muhammad_Madni","PTI",1,"Muhammad Madni"
"Muhammad_Mansha_Sindhu","PTI",1,"Muhammad Mansha Sindhu"
"Muhammad_Miqdad_Ali_Khan","PTI",1,"Muhammad Miqdad Ali Khan"
"Muhammad_Naem","PTI",1,"Muhammad Naem"
"Muhammad_Nawaz","PTI",1,"Muhammad Nawaz"
"Muhammad_Nawaz_Gondal","PTI",1,"Muhammad Nawaz Gondal"
"Muhammad_Nawaz_Khan","PTI",1,"Muhammad Nawaz Khan"
"Muhammad_Qasim_Khan_Suri","PTI",1,"Muhammad Qasim Khan Suri"
"Muhammad_Rafique","PTI",1,"Muhammad Rafique"
"Muhammad_Riaz_Haider","PTI",1,"Muhammad Riaz Haider"
"Muhammad_Roman_Ahmed","PTI",1,"Muhammad Roman Ahmed"
"Muhammad_Sajid_Naeem_Qureshi","PTI",1,"Muhammad Sajid Naeem Qureshi"
"Muhammad_Saleem_Akhtar_Durrani","PTI",1,"Muhammad Saleem Akhtar Durrani"
"Muhammad_Saleem_Imran","PTI",1,"Muhammad Saleem Imran"
"Muhammad_Sana_Ullah_Khan_Mastikhel","PTI",1,"Muhammad Sana Ullah Khan Mastikhel"
"Muhammad_Shoaib_Shaheen","PTI",1,"Muhammad Shoaib Shaheen"
"Muhammad_Tuffail","PTI",1,"Muhammad Tuffail"
"Muhammad_Usman_Dar","PTI",1,"Muhammad Usman Dar"
"Muhammad_Waqar_Wasi_Chaudhary","PTI",1,"Muhammad Waqar Wasi Chaudhary"
"Muhammad_Yasir","PTI",1,"Muhammad Yasir"
"Muhammad_Zeeshan","PTI",1,"Muhammad Zeeshan"
"Muhammad_Zubair_Khan","PTI",1,"Muhammad Zubair Khan"
"Muhram_Khan","PTI",1,"Muhram Khan"
"Mujahid_Ali","PTI",1,"Mujahid Ali"
"Mujahid_Khan","PTI",1,"Mujahid Khan"
"Mumtaz_Ahmad","PTI",1,"Mumtaz Ahmad"
"Mumtaz_Ali_Jakhrani","PTI",1,"Mumtaz Ali Jakhrani"
"Mumtaz_Ali_Shah","PTI",1,"Mumtaz Ali Shah"
"Mumtaz_Mustafa_Advocate","PTI",1,"Mumtaz Mustafa Advocate"
"Murad_Saeed","PTI",1,"Murad Saeed"
"Mustafa_Kundi","PTI",1,"Mustafa Kundi"
"Mustansir_Billah","PTI",1,"Mustansir Billah"
"Nadeem_Abbasi","PTI",1,"Nadeem Abbasi"
"Naiz_Muhammad_Gujjar","PTI",1,"Naiz Muhammad Gujjar"
"Naseem_Hashim_Khan","PTI",1,"Naseem Hashim Khan"
"Nasim_Ali_Shah","PTI",1,"Nasim Ali Shah"
"Nasir_Abbas","PTI",1,"Nasir Abbas"
"Nasir_Khan","PTI",1,"Nasir Khan"
"Nasir_Khan_Khattak","PTI",1,"Nasir Khan Khattak"
"Nasrullah_Mughal","PTI",1,"Nasrullah Mughal"
"Naveed_Hameed","PTI",1,"Naveed Hameed"
"Nawab_Aman_Ullah_Khan","PTI",1,"Nawab Aman Ullah Khan"
"Nawab_Khan_Dumer","PTI",1,"Nawab Khan Dumer"
"Nawab_Muhammad_Ahmad_Khan","PTI",1,"Nawab Muhammad Ahmad Khan"
"Nawabzada_Salahuddin_Saeed","PTI",1,"Nawabzada Salahuddin Saeed"
"Nawaz_Mehmood_Khan","PTI",1,"Nawaz Mehmood Khan"
"Naz_Baloch","PTI",1,"Naz Baloch"
"Nazish_Bhatti","PTI",1,"Nazish Bhatti"
"Nek_Mohammad","PTI",1,"Nek Mohammad"
"Niaz_Mohammad_Khan","PTI",1,"Niaz Mohammad Khan"
"Nisar_Akbar_Khan","PTI",1,"Nisar Akbar Khan"
"Nisaraslam_Khan","PTI",1,"Nisaraslam Khan"
"Noor_Muhammad_Ghaffari","PTI",1,"Noor Muhammad Ghaffari"
"Omar_Ayub_Khan","PTI",1,"Omar Ayub Khan"
"Peer_Zahoor_Hussain_Quraishi","PTI",1,"Peer Zahoor Hussain Quraishi"
"Pervez_Khattak","PTI",1,"Pervez Khattak"
"Pir_Bux_Jamood","PTI",1,"Pir Bux Jamood"
"Qaisar_Jamal","PTI",1,"Qaisar Jamal"
"Qaisara_Elahi","PTI",1,"Qaisara Elahi"
"Qurban_Ali","PTI",1,"Qurban Ali"
"Rab_Nawaz_Kalwar","PTI",1,"Rab Nawaz Kalwar"
"Raees_Nawaz_Ali_Burfat","PTI",1,"Raees Nawaz Ali Burfat"
"Rafique_Ahmad_Khan_Niazi","PTI",1,"Rafique Ahmad Khan Niazi"
"Rahat_Aman_Ullah_Bhatti","PTI",1,"Rahat Aman Ullah Bhatti"
"Rahat_Amanullah_Bhatti","PTI",1,"Rahat Amanullah Bhatti"
"Rai_Haider_Ali_Khan","PTI",1,"Rai Haider Ali Khan"
"Rai_Hasan_Nawaz_Khan","PTI",1,"Rai Hasan Nawaz Khan"
"Rai_Hassan_Nawaz_Khan","PTI",1,"Rai Hassan Nawaz Khan"
"Rai_Muhammad_Akram_Khan_Bhatti","PTI",1,"Rai Muhammad Akram Khan Bhatti"
"Rai_Naeem_Asad_Kharal","PTI",1,"Rai Naeem Asad Kharal"
"Raja_Aamer_Zaman","PTI",1,"Raja Aamer Zaman"
"Raja_Abdul_Haque","PTI",1,"Raja Abdul Haque"
"Raja_Azhar_Khan","PTI",1,"Raja Azhar Khan"
"Raja_Muhammad_Saleem","PTI",1,"Raja Muhammad Saleem"
"Raja_Taila_Saeed","PTI",1,"Raja Taila Saeed"
"Raja_Yassir_Humayun_Sarfraz","PTI",1,"Raja Yassir Humayun Sarfraz"
"Rana_Aamir_Shahzad_Tahir","PTI",1,"Rana Aamir Shahzad Tahir"
"Rana_Atif","PTI",1,"Rana Atif"
"Rana_Javed_Umar","PTI",1,"Rana Javed Umar"
"Rana_Muhammad_Faraz_Noon","PTI",1,"Rana Muhammad Faraz Noon"
"Rana_Naeem_Ur_Rehman_Khan","PTI",1,"Rana Naeem Ur Rehman Khan"
"Rana_Shehzad_Hafeez","PTI",1,"Rana Shehzad Hafeez"
"Rana_Tanveer_Riaz_Khan","PTI",1,"Rana Tanveer Riaz Khan"
"Rao_Hassan_Skindar","PTI",1,"Rao Hassan Skindar"
"Rao_Khalid_Khan","PTI",1,"Rao Khalid Khan"
"Rao_Umer_Hashim_Khan","PTI",1,"Rao Umer Hashim Khan"
"Rashid_Siddiqui","PTI",1,"Rashid Siddiqui"
"Rashida_Tariq","PTI",1,"Rashida Tariq"
"Rehana_Imtiaz_Dar","PTI",1,"Rehana Imtiaz Dar"
"Riasat_Ali_Bhatti","PTI",1,"Riasat Ali Bhatti"
"Riaz_Ahmad_Tarar","PTI",1,"Riaz Ahmad Tarar"
"Riaz_Hyder","PTI",1,"Riaz Hyder"
"Riyaz_Fatyana","PTI",1,"Riyaz Fatyana"
"Rozina_Bhutto","PTI",1,"Rozina Bhutto"
"s_a_Hameed","PTI",1,"s a Hameed"
"Saadullah_Baloch","PTI",1,"Saadullah Baloch"
"Saadullah_Mehmood_Urf_Muhammad_Yasir_Baloch","PTI",1,"Saadullah Mehmood Urf Muhammad Yasir Baloch"
"Sabeen_Safdar_Bandesha","PTI",1,"Sabeen Safdar Bandesha"
"Sadaqat_Ali_Abbasi","PTI",1,"Sadaqat Ali Abbasi"
"Saddam_Tareen","PTI",1,"Saddam Tareen"
"Saeed_Khursheed_Ahmad","PTI",1,"Saeed Khursheed Ahmad"
"Saeed_Mushtaq","PTI",1,"Saeed Mushtaq"
"Safdar_Ali","PTI",1,"Safdar Ali"
"Sahibzada_Mehboob_Sultan","PTI",1,"Sahibzada Mehboob Sultan"
"Sahibzada_Muhammad_Hamid_Raza","PTI",1,"Sahibzada Muhammad Hamid Raza"
"Saif_Ullah","PTI",1,"Saif Ullah"
"Saif_Ur_Rehman","PTI",1,"Saif Ur Rehman"
"Sajid_Ali","PTI",1,"Sajid Ali"
"Sajid_Khan","PTI",1,"Sajid Khan"
"Sajid_Khan_Wald_Taj_Gul","PTI",1,"Sajid Khan Wald Taj Gul"
"Sajid_Nawaz","PTI",1,"Sajid Nawaz"
"Sajid_Nawaz_Khan","PTI",1,"Sajid Nawaz Khan"
"Sajid_Yousaf","PTI",1,"Sajid Yousaf"
"Salar_Khan_Kakar","PTI",1,"Salar Khan Kakar"
"Saleem_Mahmood_Kamlana_Sial","PTI",1,"Saleem Mahmood Kamlana Sial"
"Saleem_Ur_Rehman","PTI",1,"Saleem Ur Rehman"
"Saleh_Muhammad","PTI",1,"Saleh Muhammad"
"Salim_Rehman","PTI",1,"Salim Rehman"
"Salman_Akram_Raja","PTI",1,"Salman Akram Raja"
"Salman_Saif_Cheema","PTI",1,"Salman Saif Cheema"
"Sami_Ullah_Chaudhry","PTI",1,"Sami Ullah Chaudhry"
"Sardar_Ahsan_Raza_Advocate","PTI",1,"Sardar Ahsan Raza Advocate"
"Sardar_Mansoor_Hayat_Tamman","PTI",1,"Sardar Mansoor Hayat Tamman"
"Sardar_Muhammad_Ahmed_Dreshak","PTI",1,"Sardar Muhammad Ahmed Dreshak"
"Sardar_Muhammad_Ali_Khan","PTI",1,"Sardar Muhammad Ali Khan"
"Sardar_Muhammad_Hussain_Dogar","PTI",2,"Sardar Muhammad Hussain Dogar"
"Sardar_Muhammad_Yaqoob","PTI",1,"Sardar Muhammad Yaqoob"
"Sardar_Rafique_Haider_Khan_Laghari","PTI",1,"Sardar Rafique Haider Khan Laghari"
"Sardar_Sher_Muhammad_Rind_Baloch","PTI",1,"Sardar Sher Muhammad Rind Baloch"
"Seemabia_Tahir","PTI",1,"Seemabia Tahir"
"Shabana_Nawab","PTI",1,"Shabana Nawab"
"Shabbir_Ali_Quereshi","PTI",1,"Shabbir Ali Quereshi"
"Shafqat_Abbas","PTI",1,"Shafqat Abbas"
"Shafqat_Ali","PTI",1,"Shafqat Ali"
"Shafqat_Mehmood","PTI",1,"Shafqat Mehmood"
"Shahbaz_Ahmad_Khan_Sial","PTI",1,"Shahbaz Ahmad Khan Sial"
"Shahid_Ahmad_Khattak","PTI",1,"Shahid Ahmad Khattak"
"Shahid_Amin","PTI",1,"Shahid Amin"
"Shahid_Talib","PTI",1,"Shahid Talib"
"Shahnawaz","PTI",1,"Shahnawaz"
"Shahram_Tarakai","PTI",1,"Shahram Tarakai"
"Shamraiz_Khan","PTI",1,"Shamraiz Khan"
"Shandana_Gulzar_Khan","PTI",1,"Shandana Gulzar Khan"
"Shaukat_Iqbal_Mirza","PTI",1,"Shaukat Iqbal Mirza"
"Shehryar_Afridi","PTI",2,"Shehryar Afridi"
"Shehryar_Riaz","PTI",1,"Shehryar Riaz"
"Shehzad_Farooq","PTI",1,"Shehzad Farooq"
"Shehzada_Muhammad_Gushtasap_Khan","PTI",1,"Shehzada Muhammad Gushtasap Khan"
"Sheikh_Waqar_Ahmad_Advocate","PTI",1,"Sheikh Waqar Ahmad Advocate"
"Sher_Afzal_Marwat","PTI",1,"Sher Afzal Marwat"
"Sher_Akbar_Khan","PTI",1,"Sher Akbar Khan"
"Sher_Ali_Arbab","PTI",1,"Sher Ali Arbab"
"Shoaib_Nasir","PTI",1,"Shoaib Nasir"
"Shoukat_Basra","PTI",1,"Shoukat Basra"
"Sibghatullah","PTI",1,"Sibghatullah"
"Sidra_Faisal","PTI",1,"Sidra Faisal"
"Siraj_Muhammad_Khan","PTI",1,"Siraj Muhammad Khan"
"Sohail_Sultan","PTI",1,"Sohail Sultan"
"Subhan_Ali","PTI",1,"Subhan Ali"
"Subhan_Ali_Sahil","PTI",1,"Subhan Ali Sahil"
"Syed_Ahmed_Rasheed","PTI",1,"Syed Ahmed Rasheed"
"Syed_Akhtar_Hussain_Rizvi","PTI",1,"Syed Akhtar Hussain Rizvi"
"Syed_Ali_Haider_Zaidi","PTI",1,"Syed Ali Haider Zaidi"
"Syed_Ali_Husnain_Shah","PTI",1,"Syed Ali Husnain Shah"
"Syed_Ali_Hyder_Zaidi","PTI",1,"Syed Ali Hyder Zaidi"
"Syed_Inayat_Ali_Shah","PTI",1,"Syed Inayat Ali Shah"
"Syed_Jameel_Ahmad_Hussain_Bokhari","PTI",1,"Syed Jameel Ahmad Hussain Bokhari"
"Syed_Jameel_Ahmed_Hussain_Bokhari","PTI",1,"Syed Jameel Ahmed Hussain Bokhari"
"Syed_Jamil_Ahmed_Shah_Bukhari","PTI",1,"Syed Jamil Ahmed Shah Bukhari"
"Syed_Khawar_Ali_Shah","PTI",1,"Syed Khawar Ali Shah"
"Syed_Muhammad_Jawad_Asghar_Shah","PTI",1,"Syed Muhammad Jawad Asghar Shah"
"Syed_Mumtaz_Ali_Shah","PTI",1,"Syed Mumtaz Ali Shah"
"Syed_Niaz_Hussain_Shah_Jillani","PTI",1,"Syed Niaz Hussain Shah Jillani"
"Syed_Qaisar_Abbas_Shah","PTI",1,"Syed Qaisar Abbas Shah"
"Syed_Raza_Ali_Gillani","PTI",1,"Syed Raza Ali Gillani"
"Syed_Shah_Ahad_Ali_Shah","PTI",1,"Syed Shah Ahad Ali Shah"
"Syed_Wajahat_Hasnain_Shah","PTI",1,"Syed Wajahat Hasnain Shah"
"Syed_Zahoor_Agha","PTI",1,"Syed Zahoor Agha"
"Tahir_Iqbal_Chuhdary","PTI",1,"Tahir Iqbal Chuhdary"
"Tahir_Sadiq","PTI",1,"Tahir Sadiq"
"Taj_Muhammad","PTI",1,"Taj Muhammad"
"Talib_Hussain_Sidhu","PTI",1,"Talib Hussain Sidhu"
"Tariq_Aziz_Bhatti","PTI",1,"Tariq Aziz Bhatti"
"Tasawar_Abbas","PTI",1,"Tasawar Abbas"
"Umair_Khan_Niazi","PTI",1,"Umair Khan Niazi"
"Umar_Aslam_Khan","PTI",1,"Umar Aslam Khan"
"Usama_Ahmed_Mela","PTI",1,"Usama Ahmed Mela"
"Usama_Hamza","PTI",1,"Usama Hamza"
"Usman_Ali","PTI",1,"Usman Ali"
"Usman_Ghani","PTI",1,"Usman Ghani"
"Usman_Hamza","PTI",1,"Usman Hamza"
"Wajiha_Akram","PTI",1,"Wajiha Akram"
"Wali_Muhammad_Mugheri","PTI",1,"Wali Muhammad Mugheri"
"Walid_Iqbal","PTI",1,"Walid Iqbal"
"Waqas_Akram","PTI",1,"Waqas Akram"
"Waseem_Abbas","PTI",1,"Waseem Abbas"
"Wasim_Qadir","PTI",1,"Wasim Qadir"
"Yasmin_Rashid","PTI",1,"Yasmin Rashid"
"Yousaf_Khan","PTI",1,"Yousaf Khan"
"Zafar_Ullah_Tararr","PTI",1,"Zafar Ullah Tararr"
"Zaffar_Khan","PTI",1,"Zaffar Khan"
"Zaheer_Abbas_Naqvi","PTI",1,"Zaheer Abbas Naqvi"
"Zahid_Hussain_Hashmi","PTI",1,"Zahid Hussain Hashmi"
"Zahid_Mehmood_Mazari","PTI",1,"Zahid Mehmood Mazari"
"Zain_Qureshi","PTI",1,"Zain Qureshi"
"Zain_Ul_Abidin_Khelji","PTI",1,"Zain Ul Abidin Khelji"
"Zameer_Jedhu_Advocate","PTI",1,"Zameer Jedhu Advocate"
"Zartaj_Gul_Wazir","PTI",1,"Zartaj Gul Wazir"
"Zubair_Khan","PTI",1,"Zubair Khan"
"Zulfiqar","PTI",1,"Zulfiqar"
"Zulfiqar_Ali_Mallah","PTI",1,"Zulfiqar Ali Mallah"
"Zulqarnain_Als_Sakhi_Bhutto","PTI",1,"Zulqarnain Als Sakhi Bhutto"
"Muhammad_Hanif_Mughal","PTSB",1,"Muhammad Hanif Mughal"
"Maazullah_Khan","PTSP",1,"Maazullah Khan"
"Muhammad_Sherwan_Amirzada","PTSP",1,"Muhammad Sherwan Amirzada"
"Abdul_Qadir_Khan_Wadan","Pukhtoonkhwa Milli Awami Party",1,"Abdul Qadir Khan Wadan"
"Abdul_Rahim_Mandokhail","Pukhtoonkhwa Milli Awami Party",1,"Abdul Rahim Mandokhail"
"Abdul_Razzaq_Achakzai","Pukhtoonkhwa Milli Awami Party",1,"Abdul Razzaq Achakzai"
"Ahmed_Jan_Khan","Pukhtoonkhwa Milli Awami Party",1,"Ahmed Jan Khan"
"Akhtar_Shah_Kudezai","Pukhtoonkhwa Milli Awami Party",1,"Akhtar Shah Kudezai"
"Burhan_Ul_Din","Pukhtoonkhwa Milli Awami Party",1,"Burhan Ul Din"
"Dr__Abdullah_Khan","Pukhtoonkhwa Milli Awami Party",1,"Dr. Abdullah Khan"
"Haji_Muhammad_Barki","Pukhtoonkhwa Milli Awami Party",1,"Haji Muhammad Barki"
"Ikram_Ul_Haq_Khan","Pukhtoonkhwa Milli Awami Party",1,"Ikram Ul Haq Khan"
"Jan_Dad_Khan","Pukhtoonkhwa Milli Awami Party",1,"Jan Dad Khan"
"Jehangir_Khan","Pukhtoonkhwa Milli Awami Party",1,"Jehangir Khan"
"Khurshid_Ali","Pukhtoonkhwa Milli Awami Party",1,"Khurshid Ali"
"Main_Asmatullah_Shah","Pukhtoonkhwa Milli Awami Party",1,"Main Asmatullah Shah"
"Malik_Khaliq_Dad","Pukhtoonkhwa Milli Awami Party",1,"Malik Khaliq Dad"
"Mehmood_Khan_Achakzai","Pukhtoonkhwa Milli Awami Party",1,"Mehmood Khan Achakzai"
"Mohammad_Nawaz_Khan","Pukhtoonkhwa Milli Awami Party",1,"Mohammad Nawaz Khan"
"Mohammad_Usman","Pukhtoonkhwa Milli Awami Party",1,"Mohammad Usman"
"Muhammad_Asghar","Pukhtoonkhwa Milli Awami Party",1,"Muhammad Asghar"
"Muhammad_Bakhsh_Mengal","Pukhtoonkhwa Milli Awami Party",1,"Muhammad Bakhsh Mengal"
"Muhammad_Essa_Roshan","Pukhtoonkhwa Milli Awami Party",1,"Muhammad Essa Roshan"
"Muhammad_Mukhtiar","Pukhtoonkhwa Milli Awami Party",1,"Muhammad Mukhtiar"
"Murad_Ali","Pukhtoonkhwa Milli Awami Party",1,"Murad Ali"
"Noor_Ullah_Tareen","Pukhtoonkhwa Milli Awami Party",1,"Noor Ullah Tareen"
"Rafi_Ullah","Pukhtoonkhwa Milli Awami Party",1,"Rafi Ullah"
"Raza_Mohammad_Raza","Pukhtoonkhwa Milli Awami Party",1,"Raza Mohammad Raza"
"Saleem_Khan_Kakar","Pukhtoonkhwa Milli Awami Party",1,"Saleem Khan Kakar"
"Syed_Muhammad_Yousuf_Agha","Pukhtoonkhwa Milli Awami Party",1,"Syed Muhammad Yousuf Agha"
"Zameen_Dad_Shah","Pukhtoonkhwa Milli Awami Party",1,"Zameen Dad Shah"
"Zia_Watan_Dost","Pukhtoonkhwa Milli Awami Party",1,"Zia Watan Dost"
"Khuwaja_Tariq_Sarfaraz","Punjab National Party",1,"Khuwaja Tariq Sarfaraz"
"Riaz_Shahid_Khan_Punian_Advocate","Punjab National Party",1,"Riaz Shahid Khan Punian Advocate"
"Sajjad_Ahmad","Punjab National Party",1,"Sajjad Ahmad"
"Shahid_Naeem_Advocate","Punjab National Party",1,"Shahid Naeem Advocate"
"Syed_Muhammad_Abbas","Punjab National Party",1,"Syed Muhammad Abbas"
"Muhammad_Yaqub_Alvi","PWP",1,"Muhammad Yaqub Alvi"
"Ibtsaam_Illahi_Zahir","Qaumi Tahaffaz party",1,"Ibtsaam Illahi Zahir"
"Sardar_Rafiq_Ar_Sanjrani","Qaumi Tahaffaz party",1,"Sardar Rafiq Ar Sanjrani"
"Abdul_Ghaffar_Khan_Mohmand","Qaumi Watan Party",1,"Abdul Ghaffar Khan Mohmand"
"Ahmad_Raza","Qaumi Watan Party",1,"Ahmad Raza"
"Akbar_Khan","Qaumi Watan Party",1,"Akbar Khan"
"Amjad_Ali_Khan","Qaumi Watan Party",1,"Amjad Ali Khan"
"Dr_Siraj_Ud_Din","Qaumi Watan Party",1,"Dr Siraj Ud Din"
"Farooq_Ahmad","Qaumi Watan Party",1,"Farooq Ahmad"
"Haji_Muhammad_Umar","Qaumi Watan Party",1,"Haji Muhammad Umar"
"Irshad_Alam_Khan","Qaumi Watan Party",1,"Irshad Alam Khan"
"Khalil_Saeed","Qaumi Watan Party",1,"Khalil Saeed"
"Masood_Ahmed_Saeed","Qaumi Watan Party",1,"Masood Ahmed Saeed"
"Muhamamd_Ibrar","Qaumi Watan Party",1,"Muhamamd Ibrar"
"Muhammad_Khan","Qaumi Watan Party",1,"Muhammad Khan"
"Nasir_Mahmood_Chaudhry","Qaumi Watan Party",1,"Nasir Mahmood Chaudhry"
"Sami_Ullah_Luni","Qaumi Watan Party",1,"Sami Ullah Luni"
"Aftab_Ahmad_Khan_Sherpao","Qaumi Watan Party (Sherpao)",1,"Aftab Ahmad Khan Sherpao"
"Ajab_Khan","Qaumi Watan Party (Sherpao)",1,"Ajab Khan"
"Amjad_Ali","Qaumi Watan Party (Sherpao)",1,"Amjad Ali"
"Bakhtiar_Ali","Qaumi Watan Party (Sherpao)",1,"Bakhtiar Ali"
"Fida_Mohammad","Qaumi Watan Party (Sherpao)",1,"Fida Mohammad"
"Malik_Haider_Khan","Qaumi Watan Party (Sherpao)",1,"Malik Haider Khan"
"Mian_Abdul_Latif","Qaumi Watan Party (Sherpao)",1,"Mian Abdul Latif"
"Muhammad_Zaman","Qaumi Watan Party (Sherpao)",1,"Muhammad Zaman"
"Najeebullah_Durrani","Qaumi Watan Party (Sherpao)",1,"Najeebullah Durrani"
"Sher_Wali","Qaumi Watan Party (Sherpao)",1,"Sher Wali"
"Sikandar_Hayat_Khan","Qaumi Watan Party (Sherpao)",1,"Sikandar Hayat Khan"
"Hajiani","Qomi Awami Tehreek",1,"Hajiani"
"Aftab_Ahmad_Khan_Sherpao","QWP",1,"Aftab Ahmad Khan Sherpao"
"Faiza_Bibi_Rasheed","QWP",1,"Faiza Bibi Rasheed"
"Naseeb_Zaman","QWP",1,"Naseeb Zaman"
"Qaisar_Jamal","QWP",1,"Qaisar Jamal"
"Ameer_Ali_Pate_Wale","Roshan Pakistan Muhaibban Wattan Party",1,"Ameer Ali Pate Wale"
"Muhammad_Aslam_Khan","Roshan Pakistan Muhaibban Wattan Party",1,"Muhammad Aslam Khan"
"Ghulam_Fareed_Koreja","Sairkistan Qaumi Ittehad",1,"Ghulam Fareed Koreja"
"Khawja_Ghulam_Fareed_Koreja","Sairkistan Qaumi Ittehad",1,"Khawja Ghulam Fareed Koreja"
"Muhammad_Wazeer_Khan_Dundam_Advocate","Sairkistan Qaumi Ittehad",1,"Muhammad Wazeer Khan Dundam Advocate"
"Khalil_Ahmed","SDP",1,"Khalil Ahmed"
"Saleem_Abbas","SDP",1,"Saleem Abbas"
"Zafar_Iqbal","SDP",1,"Zafar Iqbal"
"Ahmad_Kamran_Thaeem_Ansari","Seraiki Sooba Movement Pakistan",1,"Ahmad Kamran Thaeem Ansari"
"Allah_Nawaz","Seraiki Sooba Movement Pakistan",1,"Allah Nawaz"
"Muhammad_Sardar_Bahadur_Khan","SIC",1,"Muhammad Sardar Bahadur Khan"
"Abul_Salam","SKQM",1,"Abul Salam"
"Ajab_Khan","SKQM",1,"Ajab Khan"
"Eid_Muhammad","SKQM",1,"Eid Muhammad"
"Muhammad_Khan","SKQM",1,"Muhammad Khan"
"Zia_Ul_Haq","SKQM",1,"Zia Ul Haq"
"Allah_Rakha_Waseem","Sunni Ittehad Council",1,"Allah Rakha Waseem"
"Basharat_Ali_Khan_Advocate","Sunni Ittehad Council",1,"Basharat Ali Khan Advocate"
"Haji_Rana_Sharafat_Ali_Qadri","Sunni Ittehad Council",1,"Haji Rana Sharafat Ali Qadri"
"Hameed_Ghazi_Dogar","Sunni Ittehad Council",1,"Hameed Ghazi Dogar"
"Malik_Muhammad_Siddique_Khokhar","Sunni Ittehad Council",1,"Malik Muhammad Siddique Khokhar"
"Mian_Muhammad_Rasheed","Sunni Ittehad Council",1,"Mian Muhammad Rasheed"
"Mofti_Mohammad_Hayat_Qadri","Sunni Ittehad Council",1,"Mofti Mohammad Hayat Qadri"
"Muhammad_Anwar_Ali","Sunni Ittehad Council",1,"Muhammad Anwar Ali"
"Muhammad_Haseeb","Sunni Ittehad Council",1,"Muhammad Haseeb"
"Muhammad_Imran","Sunni Ittehad Council",1,"Muhammad Imran"
"Muhammad_Sarfraz_Akbar","Sunni Ittehad Council",1,"Muhammad Sarfraz Akbar"
"Qari_Fateh_Khan","Sunni Ittehad Council",1,"Qari Fateh Khan"
"Rana_Muhammad_Irfan","Sunni Ittehad Council",1,"Rana Muhammad Irfan"
"Saeed_Ahmed_Zafar","Sunni Ittehad Council",1,"Saeed Ahmed Zafar"
"Sahibzada_Muhammad_Hamid_Raza","Sunni Ittehad Council",1,"Sahibzada Muhammad Hamid Raza"
"Sardar_Mulana_Muhammad_Wazeer_Ul_Qadri","Sunni Ittehad Council",1,"Sardar Mulana Muhammad Wazeer Ul Qadri"
"Tariq_Mehboob","Sunni Ittehad Council",1,"Tariq Mehboob"
"Allama_Haider_Alvi","Sunni Tehreek",1,"Allama Haider Alvi"
"Hamid_Idrees","Sunni Tehreek",1,"Hamid Idrees"
"Malik_Matloob_Ali_Awan","Sunni Tehreek",1,"Malik Matloob Ali Awan"
"Mian_Muhammad_Asif_Raza_","Sunni Tehreek",1,"Mian Muhammad Asif Raza."
"Moulana_Nalay_Mitho_Shaikh","Sunni Tehreek",1,"Moulana Nalay Mitho Shaikh"
"Muhammad_Hanif","Sunni Tehreek",1,"Muhammad Hanif"
"Muhammad_Irfan","Sunni Tehreek",1,"Muhammad Irfan"
"Muhammad_Javed_Qadri","Sunni Tehreek",1,"Muhammad Javed Qadri"
"Muhammad_Tahir","Sunni Tehreek",1,"Muhammad Tahir"
"Sikandar_Khan","Sunni Tehreek",1,"Sikandar Khan"
"Sohail_Baig_Noori","Sunni Tehreek",1,"Sohail Baig Noori"
"Abid_Hussain","SUP",1,"Abid Hussain"
"Muhammad_Asim","TAP",1,"Muhammad Asim"
"Fida_Muhammad","TDP",1,"Fida Muhammad"
"Waleed_Ahmad","TDP",1,"Waleed Ahmad"
"Zahid_Iqbal","TDP",1,"Zahid Iqbal"
"Majeeda_Maria","Tehreek-e-Istehkaam Pakistan",1,"Majeeda Maria"
"Malik_Muhammad_Tufail","Tehreek-e-Istehkaam Pakistan",1,"Malik Muhammad Tufail"
"Syed_Ali_Raza","Tehreek-e-Istehkaam Pakistan",1,"Syed Ali Raza"
"Zawar_Hussain","Tehreek-e-Istehkaam Pakistan",1,"Zawar Hussain"
"Himmat_Ali","Tehreek-e-Ittehad Ummat Pakistan",1,"Himmat Ali"
"Taj_Muhammad","Tehreek-e-Ittehad Ummat Pakistan",1,"Taj Muhammad"
"Ali_Afsar_Tanoli","Tehreek-e-Suba Hazara",1,"Ali Afsar Tanoli"
"Fakhar_e_Alam_Urf_Hazrat","Tehreek-e-Suba Hazara",1,"Fakhar e Alam Urf Hazrat"
"Fida_Hussain","Tehreek-e-Suba Hazara",1,"Fida Hussain"
"Major_Rtd_Jameel_Ehsan_Kiyani","Tehreek-e-Suba Hazara",1,"Major Rtd Jameel Ehsan Kiyani"
"Mohammad_Ashfaque","Tehreek-e-Suba Hazara",1,"Mohammad Ashfaque"
"Sardar_Haider_Zaman","Tehreek-e-Suba Hazara",1,"Sardar Haider Zaman"
"Sardar_Muhammad_Iqbal_Khan","Tehreek-e-Suba Hazara",1,"Sardar Muhammad Iqbal Khan"
"Abdul_Ali","Tehreek-e-Tahaffuze Pakistan",1,"Abdul Ali"
"Abdul_Jabbar","Tehreek-e-Tahaffuze Pakistan",1,"Abdul Jabbar"
"Abdul_Qayyum_Bajwa","Tehreek-e-Tahaffuze Pakistan",1,"Abdul Qayyum Bajwa"
"Adeel_Ahmad","Tehreek-e-Tahaffuze Pakistan",1,"Adeel Ahmad"
"Aman_Ullah_Khan","Tehreek-e-Tahaffuze Pakistan",1,"Aman Ullah Khan"
"Amir_Hamza_Dogar_Advocate","Tehreek-e-Tahaffuze Pakistan",1,"Amir Hamza Dogar Advocate"
"Amir_Muhammad","Tehreek-e-Tahaffuze Pakistan",1,"Amir Muhammad"
"Amjid_Pervaiz","Tehreek-e-Tahaffuze Pakistan",1,"Amjid Pervaiz"
"Aqeel_Shahzad","Tehreek-e-Tahaffuze Pakistan",1,"Aqeel Shahzad"
"Asif_Iqbal","Tehreek-e-Tahaffuze Pakistan",1,"Asif Iqbal"
"Ch_Tanveer_Ahmad_Kambo","Tehreek-e-Tahaffuze Pakistan",1,"Ch Tanveer Ahmad Kambo"
"Deedar_Ali","Tehreek-e-Tahaffuze Pakistan",1,"Deedar Ali"
"Doctor_Abdul_Rashid","Tehreek-e-Tahaffuze Pakistan",1,"Doctor Abdul Rashid"
"Doctor_Nasir_Razzaq","Tehreek-e-Tahaffuze Pakistan",1,"Doctor Nasir Razzaq"
"Dr__Rafique_Ahmed_Ghuncha","Tehreek-e-Tahaffuze Pakistan",1,"Dr. Rafique Ahmed Ghuncha"
"Ghulam_Abbass","Tehreek-e-Tahaffuze Pakistan",1,"Ghulam Abbass"
"Iftikhar_Ali","Tehreek-e-Tahaffuze Pakistan",1,"Iftikhar Ali"
"Javed_Iqbal","Tehreek-e-Tahaffuze Pakistan",1,"Javed Iqbal"
"Jehangir_Khan","Tehreek-e-Tahaffuze Pakistan",1,"Jehangir Khan"
"Kamal_Azfar","Tehreek-e-Tahaffuze Pakistan",1,"Kamal Azfar"
"Khalid_Mehmood","Tehreek-e-Tahaffuze Pakistan",1,"Khalid Mehmood"
"Khizar_Hayat","Tehreek-e-Tahaffuze Pakistan",1,"Khizar Hayat"
"Majid_Khan","Tehreek-e-Tahaffuze Pakistan",1,"Majid Khan"
"Maki_Muhammad","Tehreek-e-Tahaffuze Pakistan",1,"Maki Muhammad"
"Malik_Gul_Zali_Khan_Zakheli","Tehreek-e-Tahaffuze Pakistan",1,"Malik Gul Zali Khan Zakheli"
"Malik_Nazar_Fareed_Khokhar","Tehreek-e-Tahaffuze Pakistan",1,"Malik Nazar Fareed Khokhar"
"Malik_Zafar_Iqbal_Rajput_Panwar","Tehreek-e-Tahaffuze Pakistan",1,"Malik Zafar Iqbal Rajput Panwar"
"Mian_Abdul_Waheed","Tehreek-e-Tahaffuze Pakistan",1,"Mian Abdul Waheed"
"Moin_Ud_Din","Tehreek-e-Tahaffuze Pakistan",1,"Moin Ud Din"
"Mr_mumtaz_Ali","Tehreek-e-Tahaffuze Pakistan",1,"Mr.mumtaz Ali"
"Muhammad_Abu_Bakar_Watto","Tehreek-e-Tahaffuze Pakistan",1,"Muhammad Abu Bakar Watto"
"Muhammad_Ahmad_Chaudhary","Tehreek-e-Tahaffuze Pakistan",1,"Muhammad Ahmad Chaudhary"
"Muhammad_Arshad_Taqi","Tehreek-e-Tahaffuze Pakistan",1,"Muhammad Arshad Taqi"
"Muhammad_Irfan_Ud_Din","Tehreek-e-Tahaffuze Pakistan",1,"Muhammad Irfan Ud Din"
"Muhammad_Muzzammil","Tehreek-e-Tahaffuze Pakistan",1,"Muhammad Muzzammil"
"Muhammad_Nawaz_Cheema","Tehreek-e-Tahaffuze Pakistan",1,"Muhammad Nawaz Cheema"
"Muhammad_Rafique_Advocate","Tehreek-e-Tahaffuze Pakistan",1,"Muhammad Rafique Advocate"
"Muhammad_Sadiq","Tehreek-e-Tahaffuze Pakistan",1,"Muhammad Sadiq"
"Muhammad_Saleem_Khan","Tehreek-e-Tahaffuze Pakistan",1,"Muhammad Saleem Khan"
"Muhammad_Sharif","Tehreek-e-Tahaffuze Pakistan",1,"Muhammad Sharif"
"Muhammad_Tahir","Tehreek-e-Tahaffuze Pakistan",1,"Muhammad Tahir"
"Muhammad_Zaman","Tehreek-e-Tahaffuze Pakistan",1,"Muhammad Zaman"
"Naseer_Ahmed_Chandio","Tehreek-e-Tahaffuze Pakistan",1,"Naseer Ahmed Chandio"
"Nek_Daraz_Khan","Tehreek-e-Tahaffuze Pakistan",1,"Nek Daraz Khan"
"Peer_Abdul_Shakoor_Naqsh_Bandi","Tehreek-e-Tahaffuze Pakistan",1,"Peer Abdul Shakoor Naqsh Bandi"
"Qazi_Aslam_Khan","Tehreek-e-Tahaffuze Pakistan",1,"Qazi Aslam Khan"
"Rahimullah_Khan","Tehreek-e-Tahaffuze Pakistan",1,"Rahimullah Khan"
"Raja_Izat_Ali","Tehreek-e-Tahaffuze Pakistan",1,"Raja Izat Ali"
"Rana_Muhammad_Saeed_Khan","Tehreek-e-Tahaffuze Pakistan",1,"Rana Muhammad Saeed Khan"
"Rana_Muhammad_Sharif","Tehreek-e-Tahaffuze Pakistan",1,"Rana Muhammad Sharif"
"Rao_Muhammad_Akbar_Khan_Mayyo","Tehreek-e-Tahaffuze Pakistan",1,"Rao Muhammad Akbar Khan Mayyo"
"Rao_Wajid_Ali_Khan","Tehreek-e-Tahaffuze Pakistan",1,"Rao Wajid Ali Khan"
"Saghir_Hussain","Tehreek-e-Tahaffuze Pakistan",1,"Saghir Hussain"
"Sahahbaz_Yasir_Ali","Tehreek-e-Tahaffuze Pakistan",1,"Sahahbaz Yasir Ali"
"Shamim_Khan","Tehreek-e-Tahaffuze Pakistan",1,"Shamim Khan"
"Waheed_Ahmad_Khan","Tehreek-e-Tahaffuze Pakistan",1,"Waheed Ahmad Khan"
"Zaheer_Ahmad_Zia_Warraich","Tehreek-e-Tahaffuze Pakistan",1,"Zaheer Ahmad Zia Warraich"
"Zahid_Sadique_Ansari","Tehreek-e-Tahaffuze Pakistan",1,"Zahid Sadique Ansari"
"Zaib_Ali","Tehreek-e-Tahaffuze Pakistan",1,"Zaib Ali"
"Manzoor_Ali_Bhatti","Tehreek-e-Wafaq Pakistan",1,"Manzoor Ali Bhatti"
"Muhammad_Iqbal","Tehreek Tabdili Nizam Pakistan",1,"Muhammad Iqbal"
"Jamal_Khan","Tehrik-e-Masawaat",1,"Jamal Khan"
"Aman_Ullah","TIPM",1,"Aman Ullah"
"Aftab_Khurram","TJP",1,"Aftab Khurram"
"Malik_Abdul_Rasheed","TJP",1,"Malik Abdul Rasheed"
"Malik_Jahanzaib_Waran","TJP",1,"Malik Jahanzaib Waran"
"Mirza_Asif_Baig","TJP",1,"Mirza Asif Baig"
"Muhammad_Jan_Mohmand","TJP",1,"Muhammad Jan Mohmand"
"Muhammad_Sohail_Akhter","TJP",1,"Muhammad Sohail Akhter"
"Naveed_Iqbal","TJP",1,"Naveed Iqbal"
"Syed_Muhammad_Shakeel_Ali_Shah","TJP",1,"Syed Muhammad Shakeel Ali Shah"
"m_Raza","TLI",1,"m Raza"
"Moulana_Abdul_Quddoos","TLI",1,"Moulana Abdul Quddoos"
"Mukhtar_Ali","TLI",1,"Mukhtar Ali"
"Nasar_Ullah_Khan","TLI",1,"Nasar Ullah Khan"
"Abdul_Qadir","TLP",1,"Abdul Qadir"
"Abdul_Rehman_Shar","TLP",1,"Abdul Rehman Shar"
"Abdul_Sattar","TLP",1,"Abdul Sattar"
"Abdul_Wahab","TLP",1,"Abdul Wahab"
"Abdul_Wajid","TLP",1,"Abdul Wajid"
"Abid_Hussain","TLP",1,"Abid Hussain"
"Abrar_Ahmad","TLP",1,"Abrar Ahmad"
"Abrar_Hussain","TLP",1,"Abrar Hussain"
"Aftab_Ahmad_Joiya","TLP",1,"Aftab Ahmad Joiya"
"Alaf_Khan","TLP",1,"Alaf Khan"
"Allah_Bachaya","TLP",1,"Allah Bachaya"
"Allah_Bakhsh","TLP",1,"Allah Bakhsh"
"Allah_Baksh","TLP",1,"Allah Baksh"
"Ameen","TLP",1,"Ameen"
"Amjad_Naeem","TLP",1,"Amjad Naeem"
"Anbreen_aka_Hena","TLP",1,"Anbreen aka Hena"
"Asad_Jawad_Khan_Sherwani","TLP",1,"Asad Jawad Khan Sherwani"
"Ashique_Hussain","TLP",1,"Ashique Hussain"
"Asif_Mahmood","TLP",1,"Asif Mahmood"
"Asim_Irshad_Khan","TLP",1,"Asim Irshad Khan"
"Atiq_Ur_Rehman","TLP",1,"Atiq Ur Rehman"
"Azhar_Hussain","TLP",1,"Azhar Hussain"
"Azhar_Mehmood","TLP",1,"Azhar Mehmood"
"Bilal_Liaqat","TLP",1,"Bilal Liaqat"
"Chaudhary_Zulfiqar_Ali_Gujjar","TLP",1,"Chaudhary Zulfiqar Ali Gujjar"
"Chaudhry_Abdul_Kraim","TLP",1,"Chaudhry Abdul Kraim"
"Chaudhry_Alhamza_Hussain_Cheema","TLP",1,"Chaudhry Alhamza Hussain Cheema"
"Chuadhary_Muhammad_Riaz","TLP",1,"Chuadhary Muhammad Riaz"
"Faisal_Bashir","TLP",1,"Faisal Bashir"
"Faisal_Hasan_Khan","TLP",1,"Faisal Hasan Khan"
"Faqeer_Hussain_Dogar","TLP",1,"Faqeer Hussain Dogar"
"Farzand_Nasim","TLP",1,"Farzand Nasim"
"Ghulam_Abbas","TLP",1,"Ghulam Abbas"
"Ghulam_Farid","TLP",1,"Ghulam Farid"
"Ghulam_Meeran_Shah_Gilani","TLP",1,"Ghulam Meeran Shah Gilani"
"Ghulam_Mohyu_Din","TLP",1,"Ghulam Mohyu Din"
"Ghulam_Murtaza","TLP",1,"Ghulam Murtaza"
"Ghulam_Qadir","TLP",1,"Ghulam Qadir"
"Ghulam_Rasool","TLP",1,"Ghulam Rasool"
"Ghulam_Rasool_Kalwar","TLP",1,"Ghulam Rasool Kalwar"
"Ghulam_Sarwar_Khatti","TLP",1,"Ghulam Sarwar Khatti"
"Ghulam_Yaseen","TLP",1,"Ghulam Yaseen"
"Gul_Hassan","TLP",1,"Gul Hassan"
"Habib_Ul_Maalik_Khan","TLP",1,"Habib Ul Maalik Khan"
"Hafiz_Abid_Hussain","TLP",1,"Hafiz Abid Hussain"
"Hafiz_Farrukh_Saleem","TLP",1,"Hafiz Farrukh Saleem"
"Hafiz_Imran_Siddiq","TLP",1,"Hafiz Imran Siddiq"
"Hafiz_Khawar_Ikhlas","TLP",1,"Hafiz Khawar Ikhlas"
"Hafiz_Muhammad_Abubakar","TLP",1,"Hafiz Muhammad Abubakar"
"Hafiz_Muhammad_Ahmad_Bukhari","TLP",1,"Hafiz Muhammad Ahmad Bukhari"
"Hafiz_Muhammad_Hamid","TLP",1,"Hafiz Muhammad Hamid"
"Hafiz_Muhammad_Hamid_Mehmood_Kagani","TLP",1,"Hafiz Muhammad Hamid Mehmood Kagani"
"Hafiz_Muhammad_Saad_Rizvi","TLP",1,"Hafiz Muhammad Saad Rizvi"
"Hafiz_Muneeb_Ahmad","TLP",1,"Hafiz Muneeb Ahmad"
"Hafiz_Sher_Muhammad_Sialvi","TLP",1,"Hafiz Sher Muhammad Sialvi"
"Hafiz_Shoukat_Ali_Jatoi","TLP",1,"Hafiz Shoukat Ali Jatoi"
"Haji_Allah_Dad","TLP",1,"Haji Allah Dad"
"Hamid_Mehmood_Faizi","TLP",1,"Hamid Mehmood Faizi"
"Ikram_Ullah","TLP",1,"Ikram Ullah"
"Imran_Haider","TLP",1,"Imran Haider"
"Imran_Khan","TLP",1,"Imran Khan"
"Imtiaz_Dogar","TLP",1,"Imtiaz Dogar"
"Irfan_Ali_Bhatti","TLP",1,"Irfan Ali Bhatti"
"Irfan_Ullah","TLP",1,"Irfan Ullah"
"Irshad_Ali_Babar","TLP",1,"Irshad Ali Babar"
"Israr_Ahmed","TLP",1,"Israr Ahmed"
"Javed_Akhtar_Abbasi","TLP",1,"Javed Akhtar Abbasi"
"Kashif_Ullah","TLP",1,"Kashif Ullah"
"Khurram_Shahzad","TLP",1,"Khurram Shahzad"
"m_Habib","TLP",1,"m Habib"
"Majid_Hussain","TLP",1,"Majid Hussain"
"Malik_Azhar_Ahmad_Sandila","TLP",1,"Malik Azhar Ahmad Sandila"
"Malik_Kamran_Rasheed","TLP",1,"Malik Kamran Rasheed"
"Manzoor_Ahmed","TLP",1,"Manzoor Ahmed"
"Manzoor_Elahi","TLP",1,"Manzoor Elahi"
"Maqsood_Ahmed","TLP",1,"Maqsood Ahmed"
"Matloob_Ahmad","TLP",1,"Matloob Ahmad"
"Mehtab_Ahmad","TLP",1,"Mehtab Ahmad"
"Mir_Muhammad_Aslam","TLP",1,"Mir Muhammad Aslam"
"Mohammad_Zaheer_u_Din_Pechuho","TLP",1,"Mohammad Zaheer u Din Pechuho"
"Mohsin_Raza","TLP",1,"Mohsin Raza"
"Mudassar_Ali","TLP",1,"Mudassar Ali"
"Muhamamd_Mazhar_Mahmood","TLP",1,"Muhamamd Mazhar Mahmood"
"Muhamamd_Waseem","TLP",1,"Muhamamd Waseem"
"Muhammad_Abbas","TLP",1,"Muhammad Abbas"
"Muhammad_Ahmad_Majeed","TLP",1,"Muhammad Ahmad Majeed"
"Muhammad_Ahsan","TLP",1,"Muhammad Ahsan"
"Muhammad_Akbar","TLP",1,"Muhammad Akbar"
"Muhammad_Akhtar_Abbasi","TLP",1,"Muhammad Akhtar Abbasi"
"Muhammad_Akram","TLP",1,"Muhammad Akram"
"Muhammad_Akram_Tahir","TLP",1,"Muhammad Akram Tahir"
"Muhammad_Ali","TLP",1,"Muhammad Ali"
"Muhammad_Ali_Langrial","TLP",1,"Muhammad Ali Langrial"
"Muhammad_Amad_Khan_Wajid","TLP",1,"Muhammad Amad Khan Wajid"
"Muhammad_Amin_Uddin_Sialvi","TLP",1,"Muhammad Amin Uddin Sialvi"
"Muhammad_Amjad_Ali","TLP",1,"Muhammad Amjad Ali"
"Muhammad_Amjad_Jameel","TLP",1,"Muhammad Amjad Jameel"
"Muhammad_Anwar","TLP",1,"Muhammad Anwar"
"Muhammad_Arif","TLP",1,"Muhammad Arif"
"Muhammad_Arshad","TLP",1,"Muhammad Arshad"
"Muhammad_Asad_Iqbal","TLP",1,"Muhammad Asad Iqbal"
"Muhammad_Aslam","TLP",1,"Muhammad Aslam"
"Muhammad_Athar_Amin","TLP",1,"Muhammad Athar Amin"
"Muhammad_Farooq","TLP",1,"Muhammad Farooq"
"Muhammad_Farooq_Ul_Hassan","TLP",1,"Muhammad Farooq Ul Hassan"
"Muhammad_Ghulam_Rasool","TLP",1,"Muhammad Ghulam Rasool"
"Muhammad_Hussain_Babar","TLP",1,"Muhammad Hussain Babar"
"Muhammad_Ijaz","TLP",1,"Muhammad Ijaz"
"Muhammad_Iqbal","TLP",1,"Muhammad Iqbal"
"Muhammad_Irfan_Qureshi","TLP",1,"Muhammad Irfan Qureshi"
"Muhammad_Ismail_Hussaini","TLP",1,"Muhammad Ismail Hussaini"
"Muhammad_Ismail_Shah","TLP",1,"Muhammad Ismail Shah"
"Muhammad_Jahangeer","TLP",1,"Muhammad Jahangeer"
"Muhammad_Jawad_Saleem","TLP",1,"Muhammad Jawad Saleem"
"Muhammad_Kamran_Aulakh","TLP",1,"Muhammad Kamran Aulakh"
"Muhammad_Khurram_Riaz","TLP",1,"Muhammad Khurram Riaz"
"Muhammad_Luqman","TLP",1,"Muhammad Luqman"
"Muhammad_Mehmood_Qadri","TLP",1,"Muhammad Mehmood Qadri"
"Muhammad_Munir","TLP",1,"Muhammad Munir"
"Muhammad_Mushtaq","TLP",1,"Muhammad Mushtaq"
"Muhammad_Mushtaq_Rehmani","TLP",1,"Muhammad Mushtaq Rehmani"
"Muhammad_Noman_Khalid","TLP",1,"Muhammad Noman Khalid"
"Muhammad_Qasim_Jakhro","TLP",1,"Muhammad Qasim Jakhro"
"Muhammad_Rafiq","TLP",1,"Muhammad Rafiq"
"Muhammad_Ramzan","TLP",1,"Muhammad Ramzan"
"Muhammad_Rashid_Shah","TLP",1,"Muhammad Rashid Shah"
"Muhammad_Raza_Khan","TLP",1,"Muhammad Raza Khan"
"Muhammad_Rizwan","TLP",1,"Muhammad Rizwan"
"Muhammad_Sajid","TLP",1,"Muhammad Sajid"
"Muhammad_Saleh","TLP",1,"Muhammad Saleh"
"Muhammad_Sarfraz","TLP",1,"Muhammad Sarfraz"
"Muhammad_Shafi_Khan","TLP",1,"Muhammad Shafi Khan"
"Muhammad_Shafiq","TLP",1,"Muhammad Shafiq"
"Muhammad_Shafiq_Ul_Hai","TLP",1,"Muhammad Shafiq Ul Hai"
"Muhammad_Shahid","TLP",1,"Muhammad Shahid"
"Muhammad_Shahid_Iqbal","TLP",1,"Muhammad Shahid Iqbal"
"Muhammad_Sharjil_Gopalani","TLP",1,"Muhammad Sharjil Gopalani"
"Muhammad_Sohail_Manzoor","TLP",1,"Muhammad Sohail Manzoor"
"Muhammad_Taimoor_Khalid","TLP",1,"Muhammad Taimoor Khalid"
"Muhammad_Tayyab","TLP",1,"Muhammad Tayyab"
"Muhammad_Umer_Jan","TLP",1,"Muhammad Umer Jan"
"Muhammad_Wakeel","TLP",1,"Muhammad Wakeel"
"Muhammad_Waseem","TLP",1,"Muhammad Waseem"
"Muhammad_Yaqub","TLP",1,"Muhammad Yaqub"
"Muhammad_Yar_Mehboob_Khar","TLP",1,"Muhammad Yar Mehboob Khar"
"Muhammad_Yaseen","TLP",1,"Muhammad Yaseen"
"Muhammad_Younas","TLP",1,"Muhammad Younas"
"Muhammad_Younis","TLP",1,"Muhammad Younis"
"Muhammad_Yousaf","TLP",1,"Muhammad Yousaf"
"Muhammad_Zaheer_Mughal","TLP",1,"Muhammad Zaheer Mughal"
"Muhammad_Zubair","TLP",1,"Muhammad Zubair"
"Munawar_Ali","TLP",1,"Munawar Ali"
"Nadeem_Zafar","TLP",1,"Nadeem Zafar"
"Najeeb_Ullah_Durrani","TLP",1,"Najeeb Ullah Durrani"
"Naseer_Ahmed","TLP",1,"Naseer Ahmed"
"Nasir_Ali","TLP",1,"Nasir Ali"
"Niamat_Ullah","TLP",1,"Niamat Ullah"
"Noor_Muhammad","TLP",1,"Noor Muhammad"
"Pie_Muhammad_Ali_Sarhandi","TLP",1,"Pie Muhammad Ali Sarhandi"
"Qari_Ghulam_Akber","TLP",1,"Qari Ghulam Akber"
"Qazi_Tahir_Mahmood","TLP",1,"Qazi Tahir Mahmood"
"Raja_Saleem_Abid","TLP",1,"Raja Saleem Abid"
"Raja_Sohail_Akhtar_Satti","TLP",1,"Raja Sohail Akhtar Satti"
"Rana_Muhammad_Rafique","TLP",1,"Rana Muhammad Rafique"
"Rao_Atif_Ali_Khan","TLP",1,"Rao Atif Ali Khan"
"Rao_Dilnawaz","TLP",1,"Rao Dilnawaz"
"Rashid_Ali","TLP",1,"Rashid Ali"
"Ray_Munsif_Shabbir_Ahmad","TLP",1,"Ray Munsif Shabbir Ahmad"
"Rehmat_Ullah","TLP",1,"Rehmat Ullah"
"Sadam_Hussain","TLP",1,"Sadam Hussain"
"Saeed_Ahmed","TLP",1,"Saeed Ahmed"
"Saeed_Ullah","TLP",1,"Saeed Ullah"
"Saif_Ur_Rahman","TLP",1,"Saif Ur Rahman"
"Sajid_Ali","TLP",1,"Sajid Ali"
"Sajjad_Akbar_Abbasi","TLP",1,"Sajjad Akbar Abbasi"
"Sajjad_Hussain_Shah","TLP",1,"Sajjad Hussain Shah"
"Saqib_Hussain","TLP",1,"Saqib Hussain"
"Shabana_Kouser","TLP",1,"Shabana Kouser"
"Shahbaz_Ahmed","TLP",1,"Shahbaz Ahmed"
"Shahid_Ullah","TLP",1,"Shahid Ullah"
"Shahzada_Shahbaz","TLP",1,"Shahzada Shahbaz"
"Shehzad_Ullah_Chatha","TLP",1,"Shehzad Ullah Chatha"
"Shujaat_Ali","TLP",1,"Shujaat Ali"
"Sohail_Anwar","TLP",1,"Sohail Anwar"
"Syed_Asif_Ullah_Shah_Bukhari","TLP",1,"Syed Asif Ullah Shah Bukhari"
"Syed_Atta_Ullah_Shah_Bukhari","TLP",1,"Syed Atta Ullah Shah Bukhari"
"Syed_Iqbal_Hussain_Shah","TLP",1,"Syed Iqbal Hussain Shah"
"Syed_Ishrat_Jahania_Bukhari","TLP",1,"Syed Ishrat Jahania Bukhari"
"Syed_Jahanzaib_Bukhari","TLP",1,"Syed Jahanzaib Bukhari"
"Syed_Kashif_Ali_Shah","TLP",1,"Syed Kashif Ali Shah"
"Syed_Muhammad_Ali_Shah","TLP",1,"Syed Muhammad Ali Shah"
"Syed_Muhammad_Atta_Ul_Hasnain_Ali","TLP",1,"Syed Muhammad Atta Ul Hasnain Ali"
"Syed_Muhammad_Irfan_Shah","TLP",1,"Syed Muhammad Irfan Shah"
"Syed_Muhammad_Sarwar_Shah","TLP",1,"Syed Muhammad Sarwar Shah"
"Syed_Munir_Hussain","TLP",1,"Syed Munir Hussain"
"Syed_Shahid_Zahoor_Gillani","TLP",1,"Syed Shahid Zahoor Gillani"
"Syed_Shamin_Raza","TLP",1,"Syed Shamin Raza"
"Syed_Zaheer_Ul_Hassan_Shah","TLP",1,"Syed Zaheer Ul Hassan Shah"
"Syed_Zaman_Ali_Jafri","TLP",1,"Syed Zaman Ali Jafri"
"Tahir_Riaz","TLP",1,"Tahir Riaz"
"Tahir_Uddin_Shah","TLP",1,"Tahir Uddin Shah"
"Tariq_Maqsood","TLP",1,"Tariq Maqsood"
"Ubaid_Ullah","TLP",1,"Ubaid Ullah"
"Ubedullah_Jamro","TLP",1,"Ubedullah Jamro"
"Wahid_Bakhsh","TLP",1,"Wahid Bakhsh"
"Waseem_Nisar","TLP",1,"Waseem Nisar"
"Waseem_Zafar","TLP",1,"Waseem Zafar"
"Wazir_Ahmed_Noorani","TLP",1,"Wazir Ahmed Noorani"
"Zahid_Hameed_Gujjar","TLP",1,"Zahid Hameed Gujjar"
"Zahir_Shah","TLP",1,"Zahir Shah"
"Zaka_Ullah","TLP",1,"Zaka Ullah"
"Zameer_Hussain","TLP",1,"Zameer Hussain"
"Zamurd_Abbas_Khan","TLP",1,"Zamurd Abbas Khan"
"Muhammad_Iqbal_Khan","TNP",1,"Muhammad Iqbal Khan"
"Farrukh_Bashir","TTK",1,"Farrukh Bashir"
"Muhammad_Iqbal","TTNP",1,"Muhammad Iqbal"
"Muhammad_Asif","TTP",1,"Muhammad Asif"
"Muhammad_Jahangir_Malik","TTP",1,"Muhammad Jahangir Malik"
"Shah_Zia_Udin_Khan","TTP",1,"Shah Zia Udin Khan"
