"Candidate_ID","Candidate_Name","Degree","Is_Switcher"
"Mirza_Zulfiqar_Ahmed","Mirza Zulfiqar Ahmed",0,FALSE
"Nawab_Amber_Shahzada","Nawab Amber Shahzada",2,FALSE
"Nawab_Doctor_Amber_Shahzada","Nawab Doctor Amber Shahzada",2,FALSE
"Nawab_Dr__Amber_Shehzada","Nawab Dr. Amber Shehzada",2,FALSE
"Noor_Hussain","Noor Hussain",2,FALSE
"Rashida_Naeem","Rashida Naeem",2,FALSE
"Waqar_Ahmed","Waqar Ahmed",2,FALSE
"Ehsaamuddin","Ehsaamuddin",0,FALSE
"Arslan_Khan_Manj","Arslan Khan Manj",4,FALSE
"Ghulam_Mustafa","Ghulam Mustafa",202,TRUE
"Mirza_Tariq_Mehmood","Mirza Tariq Mehmood",4,FALSE
"Muhammad_Ali_Khan_Yousafzai","Muhammad Ali Khan Yousafzai",4,FALSE
"Muhammad_Amin_Watoo","Muhammad Amin Watoo",4,FALSE
"Muhammad_Kashif","Muhammad Kashif",566,TRUE
"Syed_Muhammad_Hussain","Syed Muhammad Hussain",0,FALSE
"Sadeed_Anver_Malik_Kashir","Sadeed Anver Malik Kashir",1,FALSE
"Zain_Ul_Abideen","Zain Ul Abideen",1,FALSE
"Rana_Muhammad_Ali","Rana Muhammad Ali",0,FALSE
"Abdul_Majeed","Abdul Majeed",120,TRUE
"Akhtar_Nawaz_Faisal_Daryana","Akhtar Nawaz Faisal Daryana",75,FALSE
"Amoon_Pasha","Amoon Pasha",75,FALSE
"Arshad_Ali","Arshad Ali",75,FALSE
"Asghar_Abbas","Asghar Abbas",75,FALSE
"Ashar_Jahangir","Ashar Jahangir",75,FALSE
"Babar_Ali","Babar Ali",161,TRUE
"Ch__Muhamamd_Ilyas","Ch. Muhamamd Ilyas",75,FALSE
"Ch_Ghulam_Dastageer","Ch Ghulam Dastageer",75,FALSE
"Chaudhary_Tanveer_Ahmed_Advocate","Chaudhary Tanveer Ahmed Advocate",75,FALSE
"Choudhry_Gulzar_Hussain_Gohar_Advocate","Choudhry Gulzar Hussain Gohar Advocate",75,FALSE
"Dilshad_Rind","Dilshad Rind",75,FALSE
"Farid_Ullah_Bazai","Farid Ullah Bazai",75,FALSE
"Ghulam_Haider","Ghulam Haider",299,TRUE
"Ghulam_Qadir_Bajwa","Ghulam Qadir Bajwa",75,FALSE
"Haji_Rashid_Ahmed_Khan_Rana","Haji Rashid Ahmed Khan Rana",75,FALSE
"Hizbullah","Hizbullah",183,TRUE
"Iftikhar_Ud_Din","Iftikhar Ud Din",75,FALSE
"Israr_Ahmad_Chishti_Advocate","Israr Ahmad Chishti Advocate",75,FALSE
"Jawaid_Ahmed_Khan","Jawaid Ahmed Khan",75,FALSE
"Khalid_Ibrar","Khalid Ibrar",75,FALSE
"Makhdeem_Syed_Zahid_Hussain","Makhdeem Syed Zahid Hussain",75,FALSE
"Makhodzada_Syed_Hasan_Raza_Gillini","Makhodzada Syed Hasan Raza Gillini",75,FALSE
"Malik_Azhar_Mehmood","Malik Azhar Mehmood",75,FALSE
"Malik_Fakhar_Iqbal_Wattoo","Malik Fakhar Iqbal Wattoo",75,FALSE
"Malik_Hamid_Mehmood","Malik Hamid Mehmood",75,FALSE
"Malik_Muhammad_Iqbal_Jora","Malik Muhammad Iqbal Jora",75,FALSE
"Malik_Muhammad_Siddique_Advocate","Malik Muhammad Siddique Advocate",75,FALSE
"Malik_Nisar_Ahmad_Thind","Malik Nisar Ahmad Thind",75,FALSE
"Malik_Shamriz_Awan","Malik Shamriz Awan",75,FALSE
"Malik_Zia_Ul_Haque_Tiwana","Malik Zia Ul Haque Tiwana",75,FALSE
"Mashood_Ahsan_Gill","Mashood Ahsan Gill",75,FALSE
"Mian_Nadeem_Ahmed_Saleemi","Mian Nadeem Ahmed Saleemi",75,FALSE
"Mirza_Bilal_Baig","Mirza Bilal Baig",75,FALSE
"Mohammad_Sharif_Rind","Mohammad Sharif Rind",75,FALSE
"Muhammad_Amjad","Muhammad Amjad",264,TRUE
"Muhammad_Asim_Ishtiaq","Muhammad Asim Ishtiaq",75,FALSE
"Muhammad_Ghufran_Rajput","Muhammad Ghufran Rajput",75,FALSE
"Muhammad_Khaliq_Siddique","Muhammad Khaliq Siddique",75,FALSE
"Muhammad_Naseer","Muhammad Naseer",75,FALSE
"Muhammad_Nisar_Butt","Muhammad Nisar Butt",75,FALSE
"Muhammad_Sharif_Noori","Muhammad Sharif Noori",75,FALSE
"Muhammad_Zeb","Muhammad Zeb",75,FALSE
"Mushtaq_Ahmed_Khan_Mughal","Mushtaq Ahmed Khan Mughal",75,FALSE
"Nadir_Khan","Nadir Khan",75,FALSE
"Nasar_Ullah_Khan_Jarral","Nasar Ullah Khan Jarral",75,FALSE
"Paras_Shah","Paras Shah",75,FALSE
"Qaiser_Nawaz_Khan_Babar","Qaiser Nawaz Khan Babar",75,FALSE
"Qasim_Ali","Qasim Ali",75,FALSE
"Raja_Amir_Rasheed","Raja Amir Rasheed",75,FALSE
"Rana_Arshad_Saeed_Khan","Rana Arshad Saeed Khan",75,FALSE
"Riaz_Ahmad","Riaz Ahmad",75,FALSE
"Riaz_Hussain_Sewag","Riaz Hussain Sewag",75,FALSE
"Sahibzada_Ahmed_Raza_Khan_Qasoori","Sahibzada Ahmed Raza Khan Qasoori",75,FALSE
"Saira_Goga_Daughter_of_Goga_Pehalwan","Saira Goga Daughter of Goga Pehalwan",75,FALSE
"Saqlain_Abbas_Bangash","Saqlain Abbas Bangash",75,FALSE
"Saradar_Sikandar_Hayat_Khan_Goopang","Saradar Sikandar Hayat Khan Goopang",75,FALSE
"Sardar_Ghulam_Mustafa","Sardar Ghulam Mustafa",75,FALSE
"Sardar_Ghulam_Mustafa_Khaskheli","Sardar Ghulam Mustafa Khaskheli",640,TRUE
"Sarmir_Khan","Sarmir Khan",75,FALSE
"Shafiur_Rahman","Shafiur Rahman",75,FALSE
"Shaheen_Munawer","Shaheen Munawer",75,FALSE
"Shoaib_Khaskhali","Shoaib Khaskhali",75,FALSE
"Syed_Adnan_Haider_Jafri","Syed Adnan Haider Jafri",75,FALSE
"Syed_Ali_Abbas_Kazmi","Syed Ali Abbas Kazmi",75,FALSE
"Syed_Imran_Sultan","Syed Imran Sultan",75,FALSE
"Syed_Marghoob_Hussain_Abdi","Syed Marghoob Hussain Abdi",75,FALSE
"Syed_Mukhtar_Hussain_Shah","Syed Mukhtar Hussain Shah",640,TRUE
"Syed_Naveed_Ali_Shah","Syed Naveed Ali Shah",75,FALSE
"Syed_Sajjad_Hussain_Shah_Kazmi","Syed Sajjad Hussain Shah Kazmi",75,FALSE
"Syed_Zakir_Shah","Syed Zakir Shah",75,FALSE
"Tayyaba_Zameer","Tayyaba Zameer",75,FALSE
"Waheed_Ahmad","Waheed Ahmad",304,TRUE
"Waheed_Depal","Waheed Depal",75,FALSE
"Waseem_Akhter_Raja","Waseem Akhter Raja",75,FALSE
"Yar_Badshah","Yar Badshah",75,FALSE
"Mian_Saghir_Ahmed_Malvi","Mian Saghir Ahmed Malvi",0,FALSE
"Muhammad_Naseem_Sadiq","Muhammad Naseem Sadiq",0,FALSE
"Sheikh_Rasheed_Ahmed","Sheikh Rasheed Ahmed",245,TRUE
"Sheikh_Rashid_Shafiq","Sheikh Rashid Shafiq",1,FALSE
"Abdul_Matin_Khan","Abdul Matin Khan",148,FALSE
"Abdul_Qayyum","Abdul Qayyum",534,TRUE
"Abdul_Rasheed_Nasir","Abdul Rasheed Nasir",148,FALSE
"Abdul_Rashid","Abdul Rashid",376,TRUE
"Abdul_Rauf","Abdul Rauf",452,TRUE
"Abdul_Rehman_Khan_Yousufzai","Abdul Rehman Khan Yousufzai",148,FALSE
"Abdur_Rauf","Abdur Rauf",148,FALSE
"Ahmad_Ali","Ahmad Ali",148,FALSE
"Ahmad_Khan","Ahmad Khan",148,FALSE
"Ahmadullah","Ahmadullah",148,FALSE
"Ahmed_Zaman","Ahmed Zaman",148,FALSE
"Aimal_Wali_Khan","Aimal Wali Khan",148,FALSE
"Alhaj_Ghulam_Ahmad_Bilour","Alhaj Ghulam Ahmad Bilour",148,FALSE
"Aman_Masood","Aman Masood",148,FALSE
"Ameer_Haider_Azam_Khan","Ameer Haider Azam Khan",148,FALSE
"Amir_Haider_Khan","Amir Haider Khan",148,FALSE
"Amir_Nawab","Amir Nawab",148,FALSE
"Anwar_Zaib","Anwar Zaib",148,FALSE
"Arbab_Inam_Ullah_Khan","Arbab Inam Ullah Khan",148,FALSE
"Arbab_Mohammad_Ayub_Jan","Arbab Mohammad Ayub Jan",148,FALSE
"Arbab_Muhammad_Zahir_Khan","Arbab Muhammad Zahir Khan",148,FALSE
"Arbab_Najeeb_Ullah_Khan","Arbab Najeeb Ullah Khan",148,FALSE
"Arbab_Najeeb_Ullah_Khan_Khalil","Arbab Najeeb Ullah Khan Khalil",148,FALSE
"Arshad_Mansoor_Shah","Arshad Mansoor Shah",148,FALSE
"Arshad_Sohail","Arshad Sohail",148,FALSE
"Asfandiyar_Wali_Khan","Asfandiyar Wali Khan",148,FALSE
"Asfandyar_Wali_Khan","Asfandyar Wali Khan",148,FALSE
"Asghar_Khan","Asghar Khan",148,FALSE
"Ashraf_Ullah","Ashraf Ullah",148,FALSE
"Asif_Ali","Asif Ali",148,FALSE
"Aurang_Zeb_Khan","Aurang Zeb Khan",634,TRUE
"Aziz_Ur_Rehman","Aziz Ur Rehman",1010,TRUE
"Bahadar_Khan","Bahadar Khan",148,FALSE
"Bashir_Khan_Umerzai","Bashir Khan Umerzai",148,FALSE
"Bismillah_Jan","Bismillah Jan",148,FALSE
"Bismillah_Jan_Luni","Bismillah Jan Luni",148,FALSE
"Ch__Ghulam_Mustafa","Ch. Ghulam Mustafa",148,FALSE
"Dost_Muhammad","Dost Muhammad",148,FALSE
"Doulat_Ali","Doulat Ali",148,FALSE
"Dr_Sherbaz_Khan","Dr Sherbaz Khan",148,FALSE
"Engineer_Noor_Ahmed_Khan","Engineer Noor Ahmed Khan",148,FALSE
"Faisal_Imran_Khan_Niazi","Faisal Imran Khan Niazi",148,FALSE
"Farid_Ullah_Dumar","Farid Ullah Dumar",148,FALSE
"Gul_Afzal","Gul Afzal",148,FALSE
"Habib_Ullah_Khan","Habib Ullah Khan",148,FALSE
"Hafiz_Zardullah_Khan_Hassan_Zai_","Hafiz Zardullah Khan Hassan Zai.",148,FALSE
"Haji_Ghulam_Ahmad_Bilour","Haji Ghulam Ahmad Bilour",148,FALSE
"Haji_Naseem-Ur-Rehman","Haji Naseem-Ur-Rehman",148,FALSE
"Haji_Nizamuddin_Kakar","Haji Nizamuddin Kakar",148,FALSE
"Haji_Rehmanullah","Haji Rehmanullah",148,FALSE
"Hameed_Ullah","Hameed Ullah",148,FALSE
"Hamid_Khan_Toofan","Hamid Khan Toofan",148,FALSE
"Hamidullah_Khan","Hamidullah Khan",148,FALSE
"Imtiaz_Hussain","Imtiaz Hussain",551,TRUE
"Inayat_Khan","Inayat Khan",148,FALSE
"Iqbal_Zaib_Khan","Iqbal Zaib Khan",148,FALSE
"Irfan_Ali","Irfan Ali",148,FALSE
"Irshad_Khan","Irshad Khan",148,FALSE
"Jumma_Khan_Babar","Jumma Khan Babar",148,FALSE
"Kabir_Ahmed_Sher","Kabir Ahmed Sher",148,FALSE
"Khadija_Bibi","Khadija Bibi",148,FALSE
"Khan_Parvez","Khan Parvez",148,FALSE
"Khan_Zeb","Khan Zeb",148,FALSE
"Khudai_Dad","Khudai Dad",148,FALSE
"Khursheed_Begum_Saeed","Khursheed Begum Saeed",148,FALSE
"Khurshid","Khurshid",148,FALSE
"m_Shafi","m Shafi",148,FALSE
"Maj_r__Mahr_Muhammad_Ramzan","Maj(r) Mahr Muhammad Ramzan",148,FALSE
"Majid_Khan","Majid Khan",205,TRUE
"Malik_Dad_Muhammad_Tareen","Malik Dad Muhammad Tareen",148,FALSE
"Malik_Darya_Khan","Malik Darya Khan",148,FALSE
"Malik_Muhammad_Usman_Achakzai_","Malik Muhammad Usman Achakzai.",148,FALSE
"Mamoon_Khan_Kakar","Mamoon Khan Kakar",148,FALSE
"Masood_Abbas","Masood Abbas",148,FALSE
"Masood_Abbas_Khattak","Masood Abbas Khattak",148,FALSE
"Mian_Babar_Shah_Kaka_Khel","Mian Babar Shah Kaka Khel",148,FALSE
"Mohammad_Ayub_Khan_Advocate","Mohammad Ayub Khan Advocate",148,FALSE
"Mohammad_Farooq_Khan","Mohammad Farooq Khan",148,FALSE
"Muhammad_Ayaz_Khan","Muhammad Ayaz Khan",148,FALSE
"Muhammad_Ayub_Khan","Muhammad Ayub Khan",148,FALSE
"Muhammad_Azam_Khan","Muhammad Azam Khan",148,FALSE
"Muhammad_Daud_Khan_Khattak","Muhammad Daud Khan Khattak",148,FALSE
"Muhammad_Farooq_Bangsh","Muhammad Farooq Bangsh",148,FALSE
"Muhammad_Farooq_Khan","Muhammad Farooq Khan",148,FALSE
"Muhammad_Fayaz_Khan","Muhammad Fayaz Khan",148,FALSE
"Muhammad_Hashim_Babar","Muhammad Hashim Babar",148,FALSE
"Muhammad_Ishaq","Muhammad Ishaq",952,TRUE
"Muhammad_Ismail","Muhammad Ismail",564,TRUE
"Muhammad_Kamal","Muhammad Kamal",148,FALSE
"Muhammad_Khan_Afridi","Muhammad Khan Afridi",148,FALSE
"Muhammad_Riaz_Khan","Muhammad Riaz Khan",148,FALSE
"Muhammad_Sajid_Taheem_Advocate","Muhammad Sajid Taheem Advocate",148,FALSE
"Muhammad_Saleem_Khan","Muhammad Saleem Khan",205,TRUE
"Muhammad_Sharif_Khattak","Muhammad Sharif Khattak",148,FALSE
"Muhammad_Taimoor_Khan","Muhammad Taimoor Khan",148,FALSE
"Muhammad_Younus_Khan","Muhammad Younus Khan",148,FALSE
"Muhammad_Zahid_Khan","Muhammad Zahid Khan",148,FALSE
"Muhibullah_Kakar","Muhibullah Kakar",148,FALSE
"Munir_Shah","Munir Shah",148,FALSE
"Muzafer_Ul_Mulk","Muzafer Ul Mulk",148,FALSE
"Muzaffar-Ul-Mulk","Muzaffar-Ul-Mulk",148,FALSE
"Naik_Muhammad_Kakar","Naik Muhammad Kakar",148,FALSE
"Naimat_Khalil","Naimat Khalil",148,FALSE
"Naveed_Anjum_Khan","Naveed Anjum Khan",214,TRUE
"Nawabzada_Khawaja_Muhammad_Khan_Hoti_Alias_Toti_Khan","Nawabzada Khawaja Muhammad Khan Hoti Alias Toti Khan",148,FALSE
"Nawabzada_Mohamamd_Amin_Khan_Jogezai","Nawabzada Mohamamd Amin Khan Jogezai",148,FALSE
"Nawaz_Ali_Burfat","Nawaz Ali Burfat",148,FALSE
"Nisar_Ahmed","Nisar Ahmed",148,FALSE
"Noor_Ahmed","Noor Ahmed",148,FALSE
"Noor_Aslam","Noor Aslam",148,FALSE
"Owais_Khan","Owais Khan",148,FALSE
"Perviz_Khan_Advocate","Perviz Khan Advocate",148,FALSE
"Pir_Dilawar_Shah","Pir Dilawar Shah",855,TRUE
"Qalandar_Bux","Qalandar Bux",148,FALSE
"Rahmat_Shah_Sael","Rahmat Shah Sael",148,FALSE
"Rana_Mushtaq_Ahmad","Rana Mushtaq Ahmad",148,FALSE
"Sadeed_Ur_Rehman","Sadeed Ur Rehman",148,FALSE
"Sadid_Ur_Rahman","Sadid Ur Rahman",148,FALSE
"Saif_Ullah","Saif Ullah",775,TRUE
"Sajid_Mahmood","Sajid Mahmood",148,FALSE
"Saqib_Ullah_Khan","Saqib Ullah Khan",148,FALSE
"Sarfaraz_Khan_Jadoon","Sarfaraz Khan Jadoon",148,FALSE
"Shah_Hussain","Shah Hussain",148,FALSE
"Shah_Mohammad","Shah Mohammad",148,FALSE
"Shahi_Khan","Shahi Khan",148,FALSE
"Shahi_Khan_Sherani","Shahi Khan Sherani",148,FALSE
"Shahnawaz_Khanzada","Shahnawaz Khanzada",148,FALSE
"Shahzia_Batul","Shahzia Batul",148,FALSE
"Shazia_Bibi","Shazia Bibi",148,FALSE
"Sheheryar_Khan","Sheheryar Khan",148,FALSE
"Sher_Nawaz_Khattak","Sher Nawaz Khattak",148,FALSE
"Sherullah_Khan","Sherullah Khan",148,FALSE
"Sultan_Khan_Mandokhail","Sultan Khan Mandokhail",148,FALSE
"Sultan_Khan_Mandokhel","Sultan Khan Mandokhel",148,FALSE
"Syed_Abdul_Qayyum","Syed Abdul Qayyum",148,FALSE
"Syed_Basharat_Hussain","Syed Basharat Hussain",148,FALSE
"Syed_Haider_Ali_Shah","Syed Haider Ali Shah",148,FALSE
"Syed_Haroon_Shah","Syed Haroon Shah",148,FALSE
"Syed_Karam_Darwesh","Syed Karam Darwesh",148,FALSE
"Syed_Masood_Shah","Syed Masood Shah",148,FALSE
"Syed_Muhammad_Afzal","Syed Muhammad Afzal",148,FALSE
"Syed_Muhammad_Hanif","Syed Muhammad Hanif",148,FALSE
"Syed_Muzafar_Ali_Shah_Jan","Syed Muzafar Ali Shah Jan",148,FALSE
"Tariq_Hameed_Khattak","Tariq Hameed Khattak",148,FALSE
"Umar_Hayat","Umar Hayat",148,FALSE
"Umar_Khan","Umar Khan",148,FALSE
"Waris_Khan","Waris Khan",148,FALSE
"Zain_Umar_Arbab","Zain Umar Arbab",148,FALSE
"Zarbali_Syed","Zarbali Syed",148,FALSE
"Shoaib_Amjad_Pervaiz","Shoaib Amjad Pervaiz",0,FALSE
"Makhdoom_Muhammad_Ehsan","Makhdoom Muhammad Ehsan",0,FALSE
"Bashir_Khan","Bashir Khan",2,FALSE
"Malik_Annayat_Ullah_Khokhar","Malik Annayat Ullah Khokhar",2,FALSE
"Rajkumar","Rajkumar",2,FALSE
"Jawad_Aziz","Jawad Aziz",4,FALSE
"M_iqbal_Haider","M.iqbal Haider",4,FALSE
"Molvi_Iqbal_Haider_Advocate","Molvi Iqbal Haider Advocate",4,FALSE
"Moulvi_Iqbal_Haider","Moulvi Iqbal Haider",4,FALSE
"Tahir_Iqbal","Tahir Iqbal",617,TRUE
"Engineer_Usman_Khan_Tarrakai","Engineer Usman Khan Tarrakai",0,FALSE
"Mahr_Ghulam_Mustafa_Mangan_Advocate","Mahr Ghulam Mustafa Mangan Advocate",7,FALSE
"Mohtarma_Nazish_Aslam_Advocate","Mohtarma Nazish Aslam Advocate",7,FALSE
"Muhammad_Zafar_Iqbal_Gujjar","Muhammad Zafar Iqbal Gujjar",7,FALSE
"Mushtaq_Ahmad_Bhatti","Mushtaq Ahmad Bhatti",7,FALSE
"Qari_Nasir_Mahmood_Mughal","Qari Nasir Mahmood Mughal",7,FALSE
"Rana_Akbar_Abbas","Rana Akbar Abbas",7,FALSE
"Rana_Basharat_Ali","Rana Basharat Ali",7,FALSE
"Sayyeda_Nighat_Ishfaq","Sayyeda Nighat Ishfaq",7,FALSE
"Abdul_Khaliq_Shamas","Abdul Khaliq Shamas",17,FALSE
"Abdul_Qadir","Abdul Qadir",977,TRUE
"Abdul_Razaque","Abdul Razaque",17,FALSE
"Begum_Shahmeem_Arshad_Minhas","Begum Shahmeem Arshad Minhas",17,FALSE
"Ch_Dilbar_Hussain_Ghaffari","Ch Dilbar Hussain Ghaffari",17,FALSE
"Chaudhary_Muhammad_Iqbal_Gujjar","Chaudhary Muhammad Iqbal Gujjar",17,FALSE
"Gulana_Bibi","Gulana Bibi",17,FALSE
"Kanwar_Aamir_Sami","Kanwar Aamir Sami",17,FALSE
"Mahboob_Aftab_Khan","Mahboob Aftab Khan",17,FALSE
"Malik_Tariq_Mehmood","Malik Tariq Mehmood",421,TRUE
"Muhammad_Nasrullah_Arain","Muhammad Nasrullah Arain",17,FALSE
"Muhammad_Rashid","Muhammad Rashid",17,FALSE
"Muhammad_Usama_Nawaz","Muhammad Usama Nawaz",17,FALSE
"Nawab_Imran_Khan_Khilji","Nawab Imran Khan Khilji",17,FALSE
"Sheikh_Rashid_Ahmed","Sheikh Rashid Ahmed",17,FALSE
"Syed_Mustafsir_Hussain_Bukhari","Syed Mustafsir Hussain Bukhari",17,FALSE
"Syed_Rehan_Ali","Syed Rehan Ali",17,FALSE
"Zafar_Ahmed_Ghori","Zafar Ahmed Ghori",17,FALSE
"Commander__r__Ayoub_Malik","Commander (r) Ayoub Malik",9,FALSE
"Fanoos_Gujar","Fanoos Gujar",10,TRUE
"Ghulam_Abbas","Ghulam Abbas",921,TRUE
"Ghulam_Qadir_Alias_Papu","Ghulam Qadir Alias Papu",9,FALSE
"Kamal_Shah","Kamal Shah",717,TRUE
"Khan_Zada","Khan Zada",9,FALSE
"Mian_Abdul_Qayum","Mian Abdul Qayum",9,FALSE
"Mian_Ashiq_Hussain_Kamyana_Advocate","Mian Ashiq Hussain Kamyana Advocate",9,FALSE
"Muhammad_Aslam_Miraj","Muhammad Aslam Miraj",9,FALSE
"Muhammad_Athar_Khan_Advocate","Muhammad Athar Khan Advocate",9,FALSE
"Bahri_Room","Bahri Room",1,FALSE
"Usman_Ghani","Usman Ghani",887,TRUE
"Gul_Muhammad_Bhatti","Gul Muhammad Bhatti",2,FALSE
"Gull_Muhammad_Bhatti__Retired_","Gull Muhammad Bhatti (Retired)",2,FALSE
"Sardar_Sher_Zaman_Khan_Qaisrani","Sardar Sher Zaman Khan Qaisrani",2,FALSE
"Makhdoom_Syed_Sami_Ul_Hassan_Gillani","Makhdoom Syed Sami Ul Hassan Gillani",1,FALSE
"Muhammd_Farooq_Azam_Malik","Muhammd Farooq Azam Malik",1,FALSE
"Bahi_Khan","Bahi Khan",8,FALSE
"Jasim","Jasim",8,FALSE
"Khalid_Hussain_Magsi","Khalid Hussain Magsi",8,FALSE
"Manzoor_Ahmed","Manzoor Ahmed",232,TRUE
"Mir_Shah_Jahan_Khan_Khetran","Mir Shah Jahan Khan Khetran",8,FALSE
"Prince_Ahmed_Omar_Ahmedzai","Prince Ahmed Omar Ahmedzai",8,FALSE
"Qadha_Babar","Qadha Babar",8,FALSE
"Rubina_Irfan","Rubina Irfan",8,FALSE
"Syed_Abdul_Karim","Syed Abdul Karim",8,FALSE
"Abdul_Ghafoor","Abdul Ghafoor",114,TRUE
"Agha_Hassan_Baloch_Advocate","Agha Hassan Baloch Advocate",24,FALSE
"Gaman_Khan","Gaman Khan",24,FALSE
"Ghulam_Hadiar","Ghulam Hadiar",24,FALSE
"Haji_Noor_Muhammad_Shahwani","Haji Noor Muhammad Shahwani",24,FALSE
"Haq_Nawaz_Buzdar","Haq Nawaz Buzdar",24,FALSE
"Jahanzaib_Baloch","Jahanzaib Baloch",24,FALSE
"Khuda_Bukhsh","Khuda Bukhsh",24,FALSE
"Malik_Naveed_Dehwar","Malik Naveed Dehwar",24,FALSE
"Maqbool_Ahmed_Lehri","Maqbool Ahmed Lehri",24,FALSE
"Mir_Abdul_Ghafoor_Mengal","Mir Abdul Ghafoor Mengal",24,FALSE
"Mir_Abdul_Rauf_Mengal","Mir Abdul Rauf Mengal",24,FALSE
"Mohammad_Qasim_Roonjho","Mohammad Qasim Roonjho",24,FALSE
"Muhamamd_Akhtar_Mengal","Muhamamd Akhtar Mengal",24,FALSE
"Muhammad_Akhtar_Mengal","Muhammad Akhtar Mengal",24,FALSE
"Muhammad_Akhter_Mengal","Muhammad Akhter Mengal",24,FALSE
"Muhammad_Hashim","Muhammad Hashim",24,FALSE
"Muhammad_Ramzan","Muhammad Ramzan",1189,TRUE
"Naib_Faqeer_Muhammad_Zahri","Naib Faqeer Muhammad Zahri",24,FALSE
"Nawabzada_Aurangzeb_Jogezai","Nawabzada Aurangzeb Jogezai",24,FALSE
"Sayed_Essa_Nori","Sayed Essa Nori",24,FALSE
"Shair_Afgan","Shair Afgan",24,FALSE
"Syed_Ahsan_Shah","Syed Ahsan Shah",24,FALSE
"Wadera_Gulzar_Khan","Wadera Gulzar Khan",24,FALSE
"Zahid_Hussain","Zahid Hussain",24,FALSE
"Abdul_Jabbar","Abdul Jabbar",76,TRUE
"Abdul_Rauf_Rind","Abdul Rauf Rind",18,FALSE
"Ghulam_Farooq","Ghulam Farooq",18,FALSE
"Gulam_Farooq","Gulam Farooq",18,FALSE
"Habib_Ur_Rehman","Habib Ur Rehman",30,TRUE
"Haji_Muhamad_Azeem","Haji Muhamad Azeem",18,FALSE
"Mir_Ali_Akbar","Mir Ali Akbar",18,FALSE
"Mir_Muhammad_Khan_Chandio","Mir Muhammad Khan Chandio",18,FALSE
"Mir_Muhammad_Shoaib_Baloch","Mir Muhammad Shoaib Baloch",18,FALSE
"Mir_Mujeeb_Rahman_Shahwani","Mir Mujeeb Rahman Shahwani",18,FALSE
"Muhammad_Arif_Badini","Muhammad Arif Badini",18,FALSE
"Muhammad_Hanif_Baloch","Muhammad Hanif Baloch",18,FALSE
"Muhammad_Qayyum_Baluch","Muhammad Qayyum Baluch",18,FALSE
"Noor_Ahmed_Adil","Noor Ahmed Adil",18,FALSE
"Noor_Ahmed_Umrani","Noor Ahmed Umrani",18,FALSE
"Saeed_Ahmed","Saeed Ahmed",232,TRUE
"Sajid_Ali","Sajid Ali",1105,TRUE
"Sayed_Akber_Shah","Sayed Akber Shah",18,FALSE
"Yaqoob_Bizenjo_","Yaqoob Bizenjo.",18,FALSE
"Abid_Wazir","Abid Wazir",7,FALSE
"Mohsin_Khan","Mohsin Khan",7,FALSE
"Muhammad_Ajmal_Siddique","Muhammad Ajmal Siddique",7,FALSE
"Muhammad_Fahad","Muhammad Fahad",7,FALSE
"Muhammad_Mazhar_Jaffar","Muhammad Mazhar Jaffar",7,FALSE
"Nisar_Ahmad_Khattak","Nisar Ahmad Khattak",7,FALSE
"Syed_Anis_Raza_Naqvi","Syed Anis Raza Naqvi",7,FALSE
"Waqas_Ahmad","Waqas Ahmad",7,FALSE
"Nadeem_k_Joseph","Nadeem k Joseph",1,FALSE
"Naila_Joseph_Dayal","Naila Joseph Dayal",1,FALSE
"Bashir_Hussain_Shah","Bashir Hussain Shah",0,FALSE
"Chaudhary_Muhammad_Adnan_Mushtaq_Chanjotra","Chaudhary Muhammad Adnan Mushtaq Chanjotra",0,FALSE
"Abdul_Razzaque","Abdul Razzaque",71,TRUE
"Arbab_Ghulam_Rahim","Arbab Ghulam Rahim",28,FALSE
"Aurangzaib_Khan","Aurangzaib Khan",28,FALSE
"Deedar_Ali","Deedar Ali",86,TRUE
"Dilawar_Gulzar","Dilawar Gulzar",28,FALSE
"Ghullam_Murtaza_Khan_Jatoi","Ghullam Murtaza Khan Jatoi",28,FALSE
"Karim_Ali_Jatoi","Karim Ali Jatoi",593,TRUE
"Kausar_Fatima_Zaidi","Kausar Fatima Zaidi",28,FALSE
"Liaquat_Ali_Jatoi","Liaquat Ali Jatoi",28,FALSE
"m_Khan_Junejo","m Khan Junejo",28,FALSE
"Mir_Ali_Nawaz_Talpur","Mir Ali Nawaz Talpur",33,TRUE
"Mir_Hussain_Bakhash_Talpur","Mir Hussain Bakhash Talpur",28,FALSE
"Muhammad_Faisal","Muhammad Faisal",28,TRUE
"Muhammad_Hassam_Mirza","Muhammad Hassam Mirza",28,FALSE
"Muhammad_Mushtaq_Ahmed","Muhammad Mushtaq Ahmed",28,FALSE
"Muhammad_Rizwan","Muhammad Rizwan",240,TRUE
"Pir_Sadar_Uddin_Shah","Pir Sadar Uddin Shah",28,FALSE
"Rahila_Magsi","Rahila Magsi",28,FALSE
"Safdar_Ali_Abbasi","Safdar Ali Abbasi",28,FALSE
"Saira_Bano","Saira Bano",28,FALSE
"Shaheen_Khan","Shaheen Khan",28,FALSE
"Shaheena","Shaheena",28,FALSE
"Shaista_Ameer","Shaista Ameer",28,FALSE
"Shumaila","Shumaila",28,FALSE
"Syed_Ghous_Ali_Shah","Syed Ghous Ali Shah",593,TRUE
"Syed_Munir_Hyder_Shah","Syed Munir Hyder Shah",28,FALSE
"Syed_Mushtaq_Hussain","Syed Mushtaq Hussain",28,FALSE
"Syed_Zainulabdin","Syed Zainulabdin",28,FALSE
"Umair_Naeem","Umair Naeem",28,FALSE
"Asad_Javed_Khan","Asad Javed Khan",0,FALSE
"Abdul_Khaliq_Hazara","Abdul Khaliq Hazara",2,FALSE
"Barkat_Ali_Thamki","Barkat Ali Thamki",2,FALSE
"Muhammad_Raza","Muhammad Raza",2,FALSE
"Aziz_Ullah","Aziz Ullah",67,TRUE
"Mirza_Hussain","Mirza Hussain",1,FALSE
"Hussain_Baloch","Hussain Baloch",0,FALSE
"Hidayat_Ur_Rehman_Baloch","Hidayat Ur Rehman Baloch",0,FALSE
"Imtiaz_Alam","Imtiaz Alam",1,FALSE
"Muhammad_Muzammil","Muhammad Muzammil",1,FALSE
"Amir_Shehzad","Amir Shehzad",2,FALSE
"Muhammad_Saddiq","Muhammad Saddiq",231,TRUE
"Muhammad_Zia_Khan","Muhammad Zia Khan",2,FALSE
"Muhammad_Zahid","Muhammad Zahid",224,TRUE
"Abdul_Aleem_Khan","Abdul Aleem Khan",673,TRUE
"Aiman_Javed","Aiman Javed",26,FALSE
"Bukhtiyar_Ali","Bukhtiyar Ali",26,FALSE
"Firdous_Ashiq_Awan","Firdous Ashiq Awan",26,FALSE
"Ghulam_Sarwar","Ghulam Sarwar",26,FALSE
"Gul_Asghar_Khan","Gul Asghar Khan",512,TRUE
"Hamayun_Akhtar_Khan","Hamayun Akhtar Khan",269,TRUE
"Jahangir_Khan_Tareen","Jahangir Khan Tareen",554,TRUE
"Jairam_Das","Jairam Das",26,FALSE
"Jalil_Ahmad_Khan","Jalil Ahmad Khan",26,FALSE
"Mahmood_Baqi_Molvi","Mahmood Baqi Molvi",26,FALSE
"Malik_Muhammad_Ahmad_Langrial","Malik Muhammad Ahmad Langrial",26,FALSE
"Mir_Faiz_Ahmad","Mir Faiz Ahmad",26,FALSE
"Muhammad_Anwar_Azeem_Khan","Muhammad Anwar Azeem Khan",26,FALSE
"Muhammad_Aon_Saqlain","Muhammad Aon Saqlain",26,FALSE
"Muhammad_Ayaz_Khan_Niazi","Muhammad Ayaz Khan Niazi",26,FALSE
"Muhammad_Azhar","Muhammad Azhar",72,TRUE
"Muhammad_Hashim_Dogar","Muhammad Hashim Dogar",26,FALSE
"Muhammad_Qasim","Muhammad Qasim",109,TRUE
"Nargis_Jabeen","Nargis Jabeen",26,FALSE
"Noureen_Iqbal","Noureen Iqbal",26,FALSE
"Rana_Nazeer_Ahmad_Khan","Rana Nazeer Ahmad Khan",26,FALSE
"Rasheed_Ahmed","Rasheed Ahmed",26,FALSE
"Sharjeel_Mir","Sharjeel Mir",26,FALSE
"Syed_Ali_Hussain","Syed Ali Hussain",51,TRUE
"Tariq_Mehmood_Qadri","Tariq Mehmood Qadri",26,FALSE
"Zunaira_Rehman","Zunaira Rehman",26,FALSE
"Mr_zulfiquar_Ali_Khoso__Retired_","Mr.zulfiquar Ali Khoso (Retired)",3,FALSE
"Muhammad_Lateef_Lajpal_Sial","Muhammad Lateef Lajpal Sial",3,FALSE
"Muhammad_Latif","Muhammad Latif",227,TRUE
"Munir_Ahmad_Zafar","Munir Ahmad Zafar",3,FALSE
"Agha_Syed_Sibtian_Haider_Sabzwari","Agha Syed Sibtian Haider Sabzwari",8,FALSE
"Ali_Gohar_Shah__Retired_","Ali Gohar Shah (Retired)",8,FALSE
"Kazim_Ali_Shah","Kazim Ali Shah",8,FALSE
"Manzoor_Ali","Manzoor Ali",8,FALSE
"Rana_Intizar_Hussain","Rana Intizar Hussain",8,FALSE
"Riaz_Hussain_Al_Hussaini__Retired_","Riaz Hussain Al Hussaini (Retired)",8,FALSE
"Syed_Azizullah_Shah","Syed Azizullah Shah",8,FALSE
"Syed_Gazanfar_Abbas","Syed Gazanfar Abbas",8,FALSE
"Syed_Mujahid_Abbas_Shah","Syed Mujahid Abbas Shah",8,FALSE
"Raja_Zafar_Iqbal","Raja Zafar Iqbal",0,FALSE
"Muhammad_Ashraf_Khan_Niazi","Muhammad Ashraf Khan Niazi",1,FALSE
"Rana_Muhammad_Ashraf_Advocate","Rana Muhammad Ashraf Advocate",1,FALSE
"Muhammad_Hanif_Ullah","Muhammad Hanif Ullah",1,FALSE
"Syed_Manzoor_Gillani","Syed Manzoor Gillani",1,FALSE
"Hafiz_Hasham_Elahi_Zaheer","Hafiz Hasham Elahi Zaheer",3,FALSE
"Ibtesam_Elahi_Zaheer","Ibtesam Elahi Zaheer",3,FALSE
"Ibtisam_Elahi_Zaheer","Ibtisam Elahi Zaheer",3,FALSE
"Mutasim_Elahi_Zaheer","Mutasim Elahi Zaheer",3,FALSE
"Ghulam_Rasool","Ghulam Rasool",1177,TRUE
"Gul_Muhammad","Gul Muhammad",10,FALSE
"Muhammad_Farooq_Rajput","Muhammad Farooq Rajput",10,FALSE
"Nawabzada_Shazain_Bugti","Nawabzada Shazain Bugti",10,FALSE
"Nawabzada_Talal_Akbar_Bughti","Nawabzada Talal Akbar Bughti",10,FALSE
"Nawabzada_Talal_Akbar_Bugti","Nawabzada Talal Akbar Bugti",10,FALSE
"Rana_Umar_Nazir_Ahmad_Khan","Rana Umar Nazir Ahmad Khan",10,FALSE
"Sardar_Zia_Ul_Haq","Sardar Zia Ul Haq",10,FALSE
"Shah_Wali","Shah Wali",10,FALSE
"Syed_Faisal_Imam","Syed Faisal Imam",719,TRUE
"Talal_Akbar_Bugti","Talal Akbar Bugti",10,FALSE
"Bakht_Zar","Bakht Zar",4,FALSE
"Muhammad_Asad_Thaniwi_","Muhammad Asad Thaniwi.",4,FALSE
"Muhammad_Tahir_Makhdoom","Muhammad Tahir Makhdoom",90,TRUE
"Rana_Zia_Ahmed_Farooqi_Advocate","Rana Zia Ahmed Farooqi Advocate",4,FALSE
"Zaheer_Ud_Din_Bader","Zaheer Ud Din Bader",4,FALSE
"Dad_Muhammad","Dad Muhammad",12,FALSE
"Ghulam_Hyder_Jakhro","Ghulam Hyder Jakhro",12,FALSE
"Hafiz_Fazal_Muhammad_Barech","Hafiz Fazal Muhammad Barech",12,FALSE
"Haji_Molvi_Muhammad_Hanif","Haji Molvi Muhammad Hanif",12,FALSE
"Malik_Abdul_Qayum_Kakar","Malik Abdul Qayum Kakar",12,FALSE
"Mohammad_Nawaz_Katoher","Mohammad Nawaz Katoher",12,FALSE
"Molana_Abdul_Qadir_Luni","Molana Abdul Qadir Luni",12,FALSE
"Mollana_Mehmood_Ul_Hassan_Qasmi","Mollana Mehmood Ul Hassan Qasmi",12,FALSE
"Moulana_Asmatullah","Moulana Asmatullah",12,FALSE
"Muhammad_Nazeer","Muhammad Nazeer",12,FALSE
"Qari_Nazir_Ahmed","Qari Nazir Ahmed",12,FALSE
"Sardarzada_Mir_Saeed_Ahmed_Langove","Sardarzada Mir Saeed Ahmed Langove",12,FALSE
"Ubaid_Ur_Rehman","Ubaid Ur Rehman",12,FALSE
"Syed_Nadeem_Anjum","Syed Nadeem Anjum",0,FALSE
"Abdul_Jabbar_Khan","Abdul Jabbar Khan",419,TRUE
"Abu_Khair_Muhammad_Zubair","Abu Khair Muhammad Zubair",46,FALSE
"Abul_Khair_Mohammad_Zubair","Abul Khair Mohammad Zubair",46,FALSE
"Akhtar_Hussain_Gil","Akhtar Hussain Gil",46,FALSE
"Allama_Muhammad_Yaqoob","Allama Muhammad Yaqoob",46,FALSE
"Badshah_Muain","Badshah Muain",46,FALSE
"Chaudhary_Tariq_Maqsood_Sahi","Chaudhary Tariq Maqsood Sahi",46,FALSE
"Doctor_Muhammad_Aslam_Javaid_Awan","Doctor Muhammad Aslam Javaid Awan",46,FALSE
"Ghulam_Hussain_Farooqi","Ghulam Hussain Farooqi",46,FALSE
"Hafiz_Ahmed_Ali_Abbasi","Hafiz Ahmed Ali Abbasi",46,FALSE
"Hafiz_Munawar_Hussain","Hafiz Munawar Hussain",46,FALSE
"Hafiz_Saeed_Ahmed","Hafiz Saeed Ahmed",46,FALSE
"Jan_Muhammad_Jat","Jan Muhammad Jat",46,FALSE
"Khalid_Mahmood_Akhtar_Jajja","Khalid Mahmood Akhtar Jajja",46,FALSE
"Malik_Bashir_Ahmad_Nizami","Malik Bashir Ahmad Nizami",46,FALSE
"Mehmood_Ahmad","Mehmood Ahmad",46,FALSE
"Mir_Maqbool_Ahmed_Khosa","Mir Maqbool Ahmed Khosa",46,FALSE
"Mirza_Mukhtar_Ali_Khan","Mirza Mukhtar Ali Khan",46,FALSE
"Mohammad_Jaffar","Mohammad Jaffar",46,FALSE
"Molana_Miraj_Ud_Din_Sirkani","Molana Miraj Ud Din Sirkani",46,FALSE
"Molvi_Muhammad_Qasim","Molvi Muhammad Qasim",46,FALSE
"Mufti_Abdul_Shakoor_Rizvi","Mufti Abdul Shakoor Rizvi",46,FALSE
"Muhammad_Awais_Siddiqi","Muhammad Awais Siddiqi",46,FALSE
"Muhammad_Fayaz","Muhammad Fayaz",46,FALSE
"Muhammad_Owais_Siddiqui","Muhammad Owais Siddiqui",112,TRUE
"Muhammad_Sajjad_Ali_Hamdi","Muhammad Sajjad Ali Hamdi",46,FALSE
"Muhammad_Siddiq_Rathore","Muhammad Siddiq Rathore",46,FALSE
"Muhammad_Tassaduq_Hussain","Muhammad Tassaduq Hussain",46,FALSE
"Muhammad_Younus","Muhammad Younus",46,FALSE
"Niaz_Muhammad_Chandio","Niaz Muhammad Chandio",46,FALSE
"Pir_Muhammad_Saeed_Ahmad_Nuqshbandi","Pir Muhammad Saeed Ahmad Nuqshbandi",46,FALSE
"Pir_Syed","Pir Syed",46,FALSE
"Qari_Hafiz_Muhammad_Zawar_Bahadar","Qari Hafiz Muhammad Zawar Bahadar",46,FALSE
"Qazi_Shehzada_Sultan_Ul_Haq","Qazi Shehzada Sultan Ul Haq",46,FALSE
"Rajab_Ali","Rajab Ali",46,FALSE
"Rao_Azmat_Ullah_Khan","Rao Azmat Ullah Khan",46,FALSE
"Rashid_Imran_Khan","Rashid Imran Khan",46,FALSE
"Saeed_Ur_Rehman","Saeed Ur Rehman",755,TRUE
"Seikh_Muhammad_Akram","Seikh Muhammad Akram",46,FALSE
"Shad_Mohammad_Khan","Shad Mohammad Khan",46,FALSE
"Shah_Muhammad_Owais_Noorani","Shah Muhammad Owais Noorani",46,FALSE
"Syed_Asghar_Ali_Shah","Syed Asghar Ali Shah",450,TRUE
"Tauqeer_Ahmed_Bajwa","Tauqeer Ahmed Bajwa",46,FALSE
"Wahid_Ali_Naqshband","Wahid Ali Naqshband",46,FALSE
"Mir_Abdul_Majid_Abro","Mir Abdul Majid Abro",1,FALSE
"Mir_Abdul_Majid_Abroo","Mir Abdul Majid Abroo",1,FALSE
"Abdul_Hameed","Abdul Hameed",538,TRUE
"Abdul_Nazeer","Abdul Nazeer",8,FALSE
"Aurang_Sher","Aurang Sher",8,FALSE
"Bakhtiar_Ahmed_Maitlo","Bakhtiar Ahmed Maitlo",8,FALSE
"Dr_Babur_Zaheer_Uddin","Dr Babur Zaheer Uddin",8,FALSE
"Muhammad_Farooq_Ali","Muhammad Farooq Ali",8,FALSE
"Muhammad_Sarwar_Bin_Pakistan","Muhammad Sarwar Bin Pakistan",8,FALSE
"Muhammad_Yousuf_Nawaz","Muhammad Yousuf Nawaz",8,FALSE
"Sarfraz_Ahmed_Chandio","Sarfraz Ahmed Chandio",8,FALSE
"Abdul_Akbar_Chitrali","Abdul Akbar Chitrali",161,FALSE
"Abdul_Hameed_Khan","Abdul Hameed Khan",561,TRUE
"Abdul_Jameel_Khan","Abdul Jameel Khan",161,FALSE
"Abdul_Majeed_Pathan_Advocate","Abdul Majeed Pathan Advocate",161,FALSE
"Abdul_Mateen_Akhondzada","Abdul Mateen Akhondzada",161,FALSE
"Abdul_Mohsin","Abdul Mohsin",373,TRUE
"Abdul_Mustaan","Abdul Mustaan",161,FALSE
"Akhtar_Ali_Khan","Akhtar Ali Khan",373,TRUE
"Akhtar_Mohammad","Akhtar Mohammad",161,FALSE
"Akhtar_Muhammad","Akhtar Muhammad",373,TRUE
"Anwar_Ul_Haq_Butt","Anwar Ul Haq Butt",161,FALSE
"Arshad_Mahmood_Baggu","Arshad Mahmood Baggu",161,FALSE
"Asadullah_Bhutto","Asadullah Bhutto",161,FALSE
"Atta_Muhammad_Jafri","Atta Muhammad Jafri",161,FALSE
"Atta_Ur_Rahman","Atta Ur Rahman",161,FALSE
"Bakhtiar_Maani","Bakhtiar Maani",161,FALSE
"Basheer_Ahmed_Mandai","Basheer Ahmed Mandai",161,FALSE
"Bilal_Qudrat_Butt","Bilal Qudrat Butt",373,TRUE
"Ch__Ansar_Mahmood","Ch. Ansar Mahmood",161,FALSE
"Ch_Manzoor_Hussain","Ch Manzoor Hussain",161,FALSE
"Ch_Zahid_Imran_Korotana","Ch Zahid Imran Korotana",161,FALSE
"Chaudhary_Bashir_Ahmed","Chaudhary Bashir Ahmed",161,FALSE
"Chaudhery_Asghar_Ali_Gujjar","Chaudhery Asghar Ali Gujjar",161,FALSE
"Chaudhry_Ihsan_Ali","Chaudhry Ihsan Ali",161,FALSE
"Chaudhry_Sajid_Ali_Chadhar","Chaudhry Sajid Ali Chadhar",161,FALSE
"Choudhry_Abdul_Rehman_Ranga","Choudhry Abdul Rehman Ranga",161,FALSE
"Choudhry_Muhammad_Anwar","Choudhry Muhammad Anwar",161,FALSE
"Doctor_Muhammad_Anwar_Shah","Doctor Muhammad Anwar Shah",161,FALSE
"Dr__Abdul_Rehman_Ranjha","Dr. Abdul Rehman Ranjha",161,FALSE
"Dr_Mairaj_Ul_Huda_Siddiqui","Dr Mairaj Ul Huda Siddiqui",161,FALSE
"Dr_Muhammad_Abdullah","Dr Muhammad Abdullah",161,FALSE
"Dr_Muhammad_Arshad_Shahid","Dr Muhammad Arshad Shahid",161,FALSE
"Dr_muhammad_Ashraf","Dr.muhammad Ashraf",161,FALSE
"Dr_Muhammad_Ubaid_Ullah_Gohar","Dr Muhammad Ubaid Ullah Gohar",161,FALSE
"Engineer_Muhammad_Azeem_Randhawa","Engineer Muhammad Azeem Randhawa",161,FALSE
"Farid_Ahmed_Piracha","Farid Ahmed Piracha",161,FALSE
"Farooq_Ahmad_Chatha","Farooq Ahmad Chatha",161,FALSE
"Fazale_Subhan","Fazale Subhan",161,FALSE
"Ghulam_Nabi","Ghulam Nabi",598,TRUE
"Gul_Nawaz_Khan","Gul Nawaz Khan",161,FALSE
"Gulab_Baloch","Gulab Baloch",161,FALSE
"Habib_Ullah_Cheema","Habib Ullah Cheema",161,FALSE
"Habib_Ur_Rehman_Abbasi","Habib Ur Rehman Abbasi",161,FALSE
"Hafiz_Khalid_Rauf","Hafiz Khalid Rauf",161,FALSE
"Hafiz_Muhammad_Tahir_Aslam","Hafiz Muhammad Tahir Aslam",161,FALSE
"Hafiz_Nasrullah","Hafiz Nasrullah",161,FALSE
"Hafiz_Salman_Butt","Hafiz Salman Butt",161,FALSE
"Hafiz_Zubair_Ahmad","Hafiz Zubair Ahmad",161,FALSE
"Haji_Abdul_Aziz","Haji Abdul Aziz",161,FALSE
"Haji_Muhammad_Irshad_Mund","Haji Muhammad Irshad Mund",161,FALSE
"Haji_Muhammad_Khalid","Haji Muhammad Khalid",161,FALSE
"Haji_Muhammad_Ramzan","Haji Muhammad Ramzan",161,FALSE
"Hameed_u_Deen_Awan","Hameed u Deen Awan",161,FALSE
"Haroon_Ur_Rasheed_Nizami_Advocate","Haroon Ur Rasheed Nizami Advocate",161,FALSE
"Hikmat_Khan","Hikmat Khan",161,FALSE
"Hizbullah_Jhakro","Hizbullah Jhakro",161,FALSE
"Israr_Ahmed_Sheikh","Israr Ahmed Sheikh",161,FALSE
"Israr_Ullah","Israr Ullah",161,FALSE
"Jaffer_Ali_Nizamani","Jaffer Ali Nizamani",161,FALSE
"Khalid_Mahmood_Virk","Khalid Mahmood Virk",161,FALSE
"Khalid_Mehmood_Mirza","Khalid Mehmood Mirza",161,FALSE
"Khawaja_Muhammad_Waqar_Khan","Khawaja Muhammad Waqar Khan",161,FALSE
"Khuda_Dino","Khuda Dino",161,FALSE
"Liaqat_Ali","Liaqat Ali",1258,TRUE
"Liaqat_Baloch","Liaqat Baloch",373,TRUE
"Maehrullah_Khan","Maehrullah Khan",161,FALSE
"Mahmood_Ul_Hassan","Mahmood Ul Hassan",373,TRUE
"Major_r_Muhammad_Ghulam_Sarwar","Major r Muhammad Ghulam Sarwar",161,FALSE
"Major_Retired_Haq_Daad_Ali_Khan","Major Retired Haq Daad Ali Khan",161,FALSE
"Maulana_Abdul_Malik","Maulana Abdul Malik",161,FALSE
"Mehrab_Ali","Mehrab Ali",161,FALSE
"Mian_Asad_Ullah","Mian Asad Ullah",161,FALSE
"Mian_Muhammad_Ibhrahim","Mian Muhammad Ibhrahim",161,FALSE
"Mian_Muhammad_Younis","Mian Muhammad Younis",161,FALSE
"Mian_Mukhtar_Ahmad","Mian Mukhtar Ahmad",161,FALSE
"Mian_Saleem_Akbar","Mian Saleem Akbar",161,FALSE
"Mohammad_Awais_Ghumman","Mohammad Awais Ghumman",161,FALSE
"Mohammad_Laeeque_Khan","Mohammad Laeeque Khan",161,FALSE
"Mohammad_Tariq_Javed_Dar","Mohammad Tariq Javed Dar",161,FALSE
"Mr_Niamatullah_Khan","Mr Niamatullah Khan",161,FALSE
"Muhammad_Arshad_Khan","Muhammad Arshad Khan",161,FALSE
"Muhammad_Aslam","Muhammad Aslam",654,TRUE
"Muhammad_Farooq_Sheikh","Muhammad Farooq Sheikh",161,FALSE
"Muhammad_Hanif_Chaudhary","Muhammad Hanif Chaudhary",161,FALSE
"Muhammad_Haq_Nawaz_Khan_Durani","Muhammad Haq Nawaz Khan Durani",161,FALSE
"Muhammad_Husain_Mehenti","Muhammad Husain Mehenti",161,FALSE
"Muhammad_Ibraheem","Muhammad Ibraheem",161,FALSE
"Muhammad_Iqbal_Khalil","Muhammad Iqbal Khalil",161,FALSE
"Muhammad_Irshad_Anwar","Muhammad Irshad Anwar",161,FALSE
"Muhammad_Jameel","Muhammad Jameel",208,TRUE
"Muhammad_Javed","Muhammad Javed",561,TRUE
"Muhammad_Mashal_Khan","Muhammad Mashal Khan",161,FALSE
"Muhammad_Rafiq","Muhammad Rafiq",601,TRUE
"Muhammad_Rafique_Nizami_Advocate","Muhammad Rafique Nizami Advocate",161,FALSE
"Muhammad_Rasool","Muhammad Rasool",161,FALSE
"Muhammad_Riaz_Farooq_Sahi","Muhammad Riaz Farooq Sahi",373,TRUE
"Muhammad_Sadiq_Malik","Muhammad Sadiq Malik",161,FALSE
"Muhammad_Saeed_Khan","Muhammad Saeed Khan",161,FALSE
"Muhammad_Tahir","Muhammad Tahir",932,TRUE
"Muhammad_Tasleem_Iqbal","Muhammad Tasleem Iqbal",161,FALSE
"Muhammad_Younis_Khattak","Muhammad Younis Khattak",161,FALSE
"Muhammad_Yousuf","Muhammad Yousuf",373,TRUE
"Mumtaz_Hussain_Sahto","Mumtaz Hussain Sahto",161,FALSE
"Naseer_Ahmad","Naseer Ahmad",161,FALSE
"Naveed_Zafar_Shah","Naveed Zafar Shah",161,FALSE
"Nazir_Ahmed","Nazir Ahmed",561,TRUE
"Nisar_Ahmad","Nisar Ahmad",727,TRUE
"Professor_Muhammad_Ibrahim_Khan","Professor Muhammad Ibrahim Khan",161,FALSE
"Qari_Muhammad_Asif_Gujjar","Qari Muhammad Asif Gujjar",161,FALSE
"Rai_Muhammad_Akram_Khan","Rai Muhammad Akram Khan",161,FALSE
"Raj_Muhammad","Raj Muhammad",161,FALSE
"Raja_Muhammad_Jawwad","Raja Muhammad Jawwad",161,FALSE
"Raja_Muhammad_Nawaz_Kayani","Raja Muhammad Nawaz Kayani",161,FALSE
"Rana_Javed_Iqbal","Rana Javed Iqbal",161,FALSE
"Rana_Muhammad_Adnan_Khan","Rana Muhammad Adnan Khan",161,FALSE
"Rana_Zahid_Farooq","Rana Zahid Farooq",161,FALSE
"Rashid_Nasim","Rashid Nasim",161,FALSE
"Raza_Ahmed_Shah","Raza Ahmed Shah",161,FALSE
"Riaz_Ahmad_Bhulla_Advocate","Riaz Ahmad Bhulla Advocate",161,FALSE
"Riaz_Ali_Kazmi","Riaz Ali Kazmi",161,FALSE
"Rizwan_Ahmed","Rizwan Ahmed",161,FALSE
"Sabir_Hussain_Awan","Sabir Hussain Awan",161,FALSE
"Sahib_Zada_Haroon_Ur_Raheed","Sahib Zada Haroon Ur Raheed",161,FALSE
"Sahibzada_Tariq_Ullah","Sahibzada Tariq Ullah",373,TRUE
"Sami_Ullah_Jan","Sami Ullah Jan",161,FALSE
"Sardar_Khan","Sardar Khan",866,TRUE
"Sardar_Riaz_Ahmad_Khan","Sardar Riaz Ahmad Khan",161,FALSE
"Sardar_Zafar_Hussain_Khan","Sardar Zafar Hussain Khan",161,FALSE
"Sarfraz_Ahmad_Khan","Sarfraz Ahmad Khan",161,FALSE
"Shah_Faisal_Afridi","Shah Faisal Afridi",373,TRUE
"Shahib_Zada_Muhammad_Yaqub","Shahib Zada Muhammad Yaqub",161,FALSE
"Sheikh_Muhammad_Mushtaq","Sheikh Muhammad Mushtaq",161,FALSE
"Sher_Akbar_Khan","Sher Akbar Khan",1339,TRUE
"Shoukat_Ali_Shaikh","Shoukat Ali Shaikh",161,FALSE
"Solat_Majeed_Satti_Advocate","Solat Majeed Satti Advocate",161,FALSE
"Sultan_Muhammad","Sultan Muhammad",161,FALSE
"Syed_Attaullah_Shah","Syed Attaullah Shah",161,FALSE
"Syed_Javed_Hussain_Shah","Syed Javed Hussain Shah",373,TRUE
"Syed_Mehr_Hassan_Gillani","Syed Mehr Hassan Gillani",161,FALSE
"Syed_Mohammad_Faheem","Syed Mohammad Faheem",161,FALSE
"Syed_Muhammad_Bilal","Syed Muhammad Bilal",161,FALSE
"Tahir_Siraj","Tahir Siraj",161,FALSE
"Taj_Muhammad_Khan","Taj Muhammad Khan",161,FALSE
"Tariq_Javeed_Janjua","Tariq Javeed Janjua",161,FALSE
"Tashkeel_Ahmed_Siddiqui","Tashkeel Ahmed Siddiqui",161,FALSE
"Taufeequddin_Siddiqui","Taufeequddin Siddiqui",161,FALSE
"Uzair_Latif","Uzair Latif",161,FALSE
"Waheed_Akhtar","Waheed Akhtar",161,FALSE
"Waleed_Nasir_Choudhary","Waleed Nasir Choudhary",161,FALSE
"Yahya_Bakhtiar","Yahya Bakhtiar",161,FALSE
"Zafar_Jamal_Khan_Advocate","Zafar Jamal Khan Advocate",161,FALSE
"Zahid_Mohibullah_Khan_Advocate","Zahid Mohibullah Khan Advocate",161,FALSE
"Zahid_Saeed","Zahid Saeed",161,FALSE
"Zahoor_Ahmad_Watto","Zahoor Ahmad Watto",161,FALSE
"Zar_Noor_Afridi","Zar Noor Afridi",161,FALSE
"Zubair_Ahmad_Gondal","Zubair Ahmad Gondal",161,FALSE
"Zubair_Farooq_Khan","Zubair Farooq Khan",161,FALSE
"Abd_Ur_Rasheed","Abd Ur Rasheed",224,FALSE
"Abdul_Bari","Abdul Bari",850,TRUE
"Abdul_Fatah_Pathan","Abdul Fatah Pathan",224,FALSE
"Abdul_Hameed_Alias_Arfan","Abdul Hameed Alias Arfan",224,FALSE
"Abdul_Jamil_Khan","Abdul Jamil Khan",224,FALSE
"Abdul_Kabeer","Abdul Kabeer",224,FALSE
"Abdul_Razzaq_Khalil","Abdul Razzaq Khalil",224,FALSE
"Abdul_Rehman","Abdul Rehman",1341,TRUE
"Abdul_Waheed_Akhtar","Abdul Waheed Akhtar",224,FALSE
"Afifa_Athar","Afifa Athar",224,FALSE
"Afrasiab_Khattak","Afrasiab Khattak",224,FALSE
"Ahktar_Hussain","Ahktar Hussain",224,FALSE
"Ahmad_Jamil_Rashid","Ahmad Jamil Rashid",224,FALSE
"Aijaz_Ali","Aijaz Ali",849,TRUE
"Akbar_Ali_Khan","Akbar Ali Khan",224,FALSE
"Akhtar_Hussain_Qureshi","Akhtar Hussain Qureshi",224,FALSE
"Altaf_Ahmad_Khan","Altaf Ahmad Khan",224,FALSE
"Ameer_Ul_Azeem","Ameer Ul Azeem",224,FALSE
"Amir_Mahmood_Cheema","Amir Mahmood Cheema",224,FALSE
"Amir_Siddiqui","Amir Siddiqui",224,FALSE
"Amjad_Ali_Khan","Amjad Ali Khan",237,TRUE
"Anam_Hamza","Anam Hamza",224,FALSE
"Anwar_Ul_Haq","Anwar Ul Haq",224,FALSE
"Asad_Ullah","Asad Ullah",224,FALSE
"Asim_Muneer","Asim Muneer",224,FALSE
"Aslam_Khan","Aslam Khan",224,FALSE
"Atif_Imran","Atif Imran",224,FALSE
"Atta_Ullah_Hameed","Atta Ullah Hameed",224,FALSE
"Atta_Ur_Rehman","Atta Ur Rehman",632,TRUE
"Azhar_Ul_Haq","Azhar Ul Haq",224,FALSE
"Babar_Rashid","Babar Rashid",224,FALSE
"Bakht_Jehan_Khan","Bakht Jehan Khan",224,FALSE
"Ch__Abid_Hussain","Ch. Abid Hussain",224,FALSE
"Chaudhary_Abdul_Sattar","Chaudhary Abdul Sattar",224,FALSE
"Chaudhary_Asadullah","Chaudhary Asadullah",224,FALSE
"Chaudhry_Irfan_Aslam","Chaudhry Irfan Aslam",224,FALSE
"Chaudry_Muhammad_Shoukat","Chaudry Muhammad Shoukat",224,FALSE
"Chaudry_Zulfiqar_Advocate","Chaudry Zulfiqar Advocate",224,FALSE
"Dedar_Hussain_Behrani","Dedar Hussain Behrani",224,FALSE
"Dr_Atta_Ur_Rehman","Dr Atta Ur Rehman",224,FALSE
"Engr_Muhammad_Sikandar_Asad","Engr Muhammad Sikandar Asad",224,FALSE
"Faiz_Miran","Faiz Miran",224,FALSE
"Fazal_Ahmed","Fazal Ahmed",224,FALSE
"Fazal_Subhan","Fazal Subhan",224,FALSE
"Fazal_Ur_Rehman_Niazi","Fazal Ur Rehman Niazi",224,FALSE
"Ghanzanfar_Ali_Bajwa","Ghanzanfar Ali Bajwa",224,FALSE
"Ghazan_Iqbal","Ghazan Iqbal",224,FALSE
"Hafiz_Aqib_Ismail","Hafiz Aqib Ismail",224,FALSE
"Hafiz_Muhammad_Arshad","Hafiz Muhammad Arshad",224,FALSE
"Hafiz_Nasrullah_Aziz","Hafiz Nasrullah Aziz",224,FALSE
"Haji_Sami_Ullah","Haji Sami Ullah",224,FALSE
"Hameed_Ud_Din_Awan","Hameed Ud Din Awan",224,FALSE
"Hammad_Hasan_Lashari","Hammad Hasan Lashari",224,FALSE
"Hashmat_Khan","Hashmat Khan",224,FALSE
"Hizabullah_Jakhro","Hizabullah Jakhro",224,FALSE
"Iftikhar_Ahmad_Shaikh","Iftikhar Ahmad Shaikh",224,FALSE
"Iftikhar_Ahmed","Iftikhar Ahmed",366,TRUE
"Iftikhar_Nadeem","Iftikhar Nadeem",224,FALSE
"Imdad_Khan","Imdad Khan",224,FALSE
"Imran_Shafiq_Advocate","Imran Shafiq Advocate",224,FALSE
"Imtiaz_Ahmed","Imtiaz Ahmed",224,FALSE
"Inayat_Ur_Rehman","Inayat Ur Rehman",224,FALSE
"Iqbal_Khan","Iqbal Khan",224,FALSE
"Irfan_Ahmed","Irfan Ahmed",788,TRUE
"Irfan_Ullah","Irfan Ullah",431,TRUE
"Jahangir_Ahmad","Jahangir Ahmad",224,FALSE
"Jamal_d_Din","Jamal d Din",224,FALSE
"Kamran_Aziz_Ghauri","Kamran Aziz Ghauri",224,FALSE
"Kamran_Malik","Kamran Malik",224,FALSE
"Kashif_Azam","Kashif Azam",224,FALSE
"Khalid_Khan_Yousafzai","Khalid Khan Yousafzai",224,FALSE
"Khalid_Mahmood_Mirza","Khalid Mahmood Mirza",224,FALSE
"Mahmood_Urf_Mahmood_Illahi","Mahmood Urf Mahmood Illahi",224,FALSE
"Mairaj_Ul_Huda_Siddiqui","Mairaj Ul Huda Siddiqui",224,FALSE
"Malik_Abdul_Aziz","Malik Abdul Aziz",224,FALSE
"Malik_Ghulam_Mohiuddin","Malik Ghulam Mohiuddin",224,FALSE
"Malik_Mateeullah","Malik Mateeullah",224,FALSE
"Malik_Muhammad_Naeem_Haider","Malik Muhammad Naeem Haider",224,FALSE
"Mamtaz_Hussain","Mamtaz Hussain",224,FALSE
"Manzoor_Hussain","Manzoor Hussain",224,FALSE
"Maulana_Abdul_Akbar_Chitrali","Maulana Abdul Akbar Chitrali",224,FALSE
"Maulana_Mehboob_Janan","Maulana Mehboob Janan",224,FALSE
"Maulana_Muhammad_Ismail","Maulana Muhammad Ismail",224,FALSE
"Mian_Mohammad_Aslam","Mian Mohammad Aslam",224,FALSE
"Mian_Muslim_Pervaiz","Mian Muslim Pervaiz",224,FALSE
"Mir_Muhammad_Baldi","Mir Muhammad Baldi",224,FALSE
"Miraj_Ul_Huda_Siddiqui","Miraj Ul Huda Siddiqui",224,FALSE
"Mohtarma_Zaiba_Basharat","Mohtarma Zaiba Basharat",224,FALSE
"Mudassar_Ahmad_Shah","Mudassar Ahmad Shah",224,FALSE
"Mufti_Muhammad_Imtiaz_Marwat","Mufti Muhammad Imtiaz Marwat",224,FALSE
"Muhammad_Ahmad_Raza","Muhammad Ahmad Raza",224,FALSE
"Muhammad_Anwar_Khan","Muhammad Anwar Khan",224,FALSE
"Muhammad_Arif_Gujjar","Muhammad Arif Gujjar",224,FALSE
"Muhammad_Arslan_Khan_Khakwani","Muhammad Arslan Khan Khakwani",224,FALSE
"Muhammad_Ashique","Muhammad Ashique",224,FALSE
"Muhammad_Asim_Khan","Muhammad Asim Khan",224,FALSE
"Muhammad_Azeem_Tahir_Randhawa","Muhammad Azeem Tahir Randhawa",224,FALSE
"Muhammad_Babar_Khan","Muhammad Babar Khan",224,FALSE
"Muhammad_Bilal","Muhammad Bilal",236,TRUE
"Muhammad_Ejaz_Malik","Muhammad Ejaz Malik",224,FALSE
"Muhammad_Faisal_Bin_Zair","Muhammad Faisal Bin Zair",224,FALSE
"Muhammad_Hanif_Khan","Muhammad Hanif Khan",224,FALSE
"Muhammad_Ibrahim","Muhammad Ibrahim",707,TRUE
"Muhammad_Ibrahim_Khan","Muhammad Ibrahim Khan",224,FALSE
"Muhammad_Ijaz","Muhammad Ijaz",431,TRUE
"Muhammad_Irfan_Ullah","Muhammad Irfan Ullah",224,FALSE
"Muhammad_Ishaq_Khan","Muhammad Ishaq Khan",224,FALSE
"Muhammad_Islam","Muhammad Islam",224,FALSE
"Muhammad_Jabir","Muhammad Jabir",224,FALSE
"Muhammad_Javed_Kasori","Muhammad Javed Kasori",224,FALSE
"Muhammad_Kashif_Chaudhry","Muhammad Kashif Chaudhry",224,FALSE
"Muhammad_Kashif_Gujjar","Muhammad Kashif Gujjar",224,FALSE
"Muhammad_Musa","Muhammad Musa",224,FALSE
"Muhammad_Mushtaq","Muhammad Mushtaq",431,TRUE
"Muhammad_Naeem","Muhammad Naeem",930,TRUE
"Muhammad_Nasir_Nadeem_Gujjar","Muhammad Nasir Nadeem Gujjar",224,FALSE
"Muhammad_Rafique","Muhammad Rafique",772,TRUE
"Muhammad_Rehmat_Ullah_Watto","Muhammad Rehmat Ullah Watto",224,FALSE
"Muhammad_Riaz","Muhammad Riaz",1024,TRUE
"Muhammad_Saeed","Muhammad Saeed",307,TRUE
"Muhammad_Safdar_Iqbal","Muhammad Safdar Iqbal",224,FALSE
"Muhammad_Sami_Ul_Qazi","Muhammad Sami Ul Qazi",224,FALSE
"Muhammad_Shabir_Khanzada","Muhammad Shabir Khanzada",224,FALSE
"Muhammad_Shahid_Abbas","Muhammad Shahid Abbas",224,FALSE
"Muhammad_Sufyan_Abbasi","Muhammad Sufyan Abbasi",224,FALSE
"Muhammad_Tahir_Malik","Muhammad Tahir Malik",224,FALSE
"Muhammad_Tariq_Javed","Muhammad Tariq Javed",224,FALSE
"Muhammad_Tauseef","Muhammad Tauseef",224,FALSE
"Muhammad_Umar_Farooq","Muhammad Umar Farooq",224,FALSE
"Muhammad_Usama_Razi_Khan","Muhammad Usama Razi Khan",224,FALSE
"Muhammad_Waris","Muhammad Waris",224,FALSE
"Muhammad_Yousaf_Khan","Muhammad Yousaf Khan",224,FALSE
"Muhammad_Zubair","Muhammad Zubair",431,TRUE
"Muhmmad_Mudabbar_Siddique","Muhmmad Mudabbar Siddique",224,FALSE
"Mumtaz_Hussain","Mumtaz Hussain",224,FALSE
"Munam_Zafar_Khan","Munam Zafar Khan",224,FALSE
"Munir_Ahmed_Anjum","Munir Ahmed Anjum",224,FALSE
"Mussawair_Shah","Mussawair Shah",224,FALSE
"Naeem_Ullah","Naeem Ullah",224,FALSE
"Naeem_Ur_Rehman_Khan","Naeem Ur Rehman Khan",224,FALSE
"Nageena","Nageena",224,FALSE
"Naheem_Ur_Rehman_Khan","Naheem Ur Rehman Khan",224,FALSE
"Nasir_Mehmood","Nasir Mehmood",227,TRUE
"Naveed_Ali_Baig","Naveed Ali Baig",224,FALSE
"Naveed_Iqbal","Naveed Iqbal",455,TRUE
"Niaz_Muhammad","Niaz Muhammad",639,TRUE
"Noor_Ali","Noor Ali",224,FALSE
"Qamar_Zaman_Cheema","Qamar Zaman Cheema",224,FALSE
"Qari_Saeed_Ahmad","Qari Saeed Ahmad",224,FALSE
"Qasim_Mehmood","Qasim Mehmood",224,FALSE
"Raja_Sajid_Sharif","Raja Sajid Sharif",224,FALSE
"Rana_Abdul_Waheed","Rana Abdul Waheed",224,FALSE
"Rana_Muhammad_Afzal","Rana Muhammad Afzal",224,FALSE
"Rana_Muhammad_Sikandar_Azam_Khan","Rana Muhammad Sikandar Azam Khan",224,FALSE
"Rasheed_Ahmad","Rasheed Ahmad",224,FALSE
"Rashid_Farooq","Rashid Farooq",224,FALSE
"Rustam_Ali_Saqi","Rustam Ali Saqi",224,FALSE
"Safia_Khanum","Safia Khanum",224,FALSE
"Sahibzada_Haroon_u_Rasheed","Sahibzada Haroon u Rasheed",224,FALSE
"Saif_Ud_Din","Saif Ud Din",224,FALSE
"Saif_Ur_Rehman","Saif Ur Rehman",707,TRUE
"Sakeena","Sakeena",224,FALSE
"Saleh_Muhammad","Saleh Muhammad",707,TRUE
"Salman_Ahmed","Salman Ahmed",224,FALSE
"Samina_Saeed","Samina Saeed",224,FALSE
"Sardar_Abdul_Razaq","Sardar Abdul Razaq",224,FALSE
"Sardar_Karam_Khan","Sardar Karam Khan",224,FALSE
"Shafiq_Ahmad_Rouf","Shafiq Ahmad Rouf",224,FALSE
"Shakeela","Shakeela",224,FALSE
"Shamas_Ur_Rehman","Shamas Ur Rehman",224,FALSE
"Sharaf_Ud_Din","Sharaf Ud Din",224,FALSE
"Sheikh_Muhammad_Afzaal_Shaheen","Sheikh Muhammad Afzaal Shaheen",224,FALSE
"Shiekh_Usman_Farooq","Shiekh Usman Farooq",224,FALSE
"Shiraz_Khan_Jadoon","Shiraz Khan Jadoon",224,FALSE
"Shoukat_Ali_Bhatti","Shoukat Ali Bhatti",224,FALSE
"Siraj_Ul_Haq","Siraj Ul Haq",224,FALSE
"Sufi_Khalique_Ahmad_Butt","Sufi Khalique Ahmad Butt",224,FALSE
"Sultan_Ahmed_Lashari","Sultan Ahmed Lashari",224,FALSE
"Syed_Abdul_Rasheed","Syed Abdul Rasheed",224,FALSE
"Syed_Ahmad","Syed Ahmad",224,FALSE
"Syed_Arif_Shirazi","Syed Arif Shirazi",224,FALSE
"Syed_Ghaffar","Syed Ghaffar",224,FALSE
"Syed_Ihsan_Ullah_Waqas","Syed Ihsan Ullah Waqas",224,FALSE
"Syed_Tariq_Hussain_Shah_Sherazi","Syed Tariq Hussain Shah Sherazi",224,FALSE
"Syed_Umer_Farooq","Syed Umer Farooq",224,FALSE
"Syed_Ziaullah_Shah_Bukhari","Syed Ziaullah Shah Bukhari",224,FALSE
"Tahir_Majeed","Tahir Majeed",224,FALSE
"Tahir_Mehmood_Butt","Tahir Mehmood Butt",224,FALSE
"Talib_Jan","Talib Jan",224,FALSE
"Tariq_Mateen","Tariq Mateen",224,FALSE
"Tasheen","Tasheen",224,FALSE
"Tasnim_Khurshid","Tasnim Khurshid",224,FALSE
"Tofiq_Ul_Din_Siddiqui","Tofiq Ul Din Siddiqui",224,FALSE
"Tohfa_Dastgir_Ahmad","Tohfa Dastgir Ahmad",224,FALSE
"Umar_Farooq","Umar Farooq",669,TRUE
"Umar_Farooq_Kanju","Umar Farooq Kanju",224,FALSE
"Umar_Gul","Umar Gul",224,FALSE
"Usman_Ali","Usman Ali",707,TRUE
"Zabeeh_Ullah_Balgan","Zabeeh Ullah Balgan",224,FALSE
"Zafar_Ali","Zafar Ali",224,FALSE
"Zafar_Hussain_Khan","Zafar Hussain Khan",224,FALSE
"Zaheer_Babar","Zaheer Babar",224,FALSE
"Zaheer_Ud_Din_Jatoi","Zaheer Ud Din Jatoi",224,FALSE
"Zubair_Ahmed_Gondal","Zubair Ahmed Gondal",224,FALSE
"Zubair_Khadim","Zubair Khadim",224,FALSE
"Zulfiqar_Ali_Shah","Zulfiqar Ali Shah",930,TRUE
"Zulifqar_Ali_Ahmad","Zulifqar Ali Ahmad",224,FALSE
"Majida_Abro","Majida Abro",1,FALSE
"Muhammad_Faiq","Muhammad Faiq",1,FALSE
"Abdul_Aziz","Abdul Aziz",292,TRUE
"Abdul_Khaliq","Abdul Khaliq",988,TRUE
"Abdul_Latif","Abdul Latif",550,TRUE
"Abdul_Malik","Abdul Malik",79,TRUE
"Abdul_Nabi","Abdul Nabi",66,FALSE
"Abdul_Nasir","Abdul Nasir",66,FALSE
"Abdul_Qadir_Luni","Abdul Qadir Luni",66,FALSE
"Abdul_Sadiq","Abdul Sadiq",66,FALSE
"Abdul_Waheed_Khan","Abdul Waheed Khan",1244,TRUE
"Abdul_Wahid","Abdul Wahid",66,FALSE
"Abul_Khair_Muhammad_Zubair","Abul Khair Muhammad Zubair",66,FALSE
"Ameer_Ullah","Ameer Ullah",66,FALSE
"Arman_Ahmed","Arman Ahmed",66,FALSE
"Ashiq_Ali","Ashiq Ali",208,TRUE
"Atta_Ullah_Khan","Atta Ullah Khan",774,TRUE
"Azizullah_Satakzai","Azizullah Satakzai",66,FALSE
"Faaiz_Mehmood","Faaiz Mehmood",66,FALSE
"Faiz_Ul_Hassan","Faiz Ul Hassan",66,FALSE
"Fazal_Muhammad_Kakar","Fazal Muhammad Kakar",66,FALSE
"Ghous_Baksh_Fareed","Ghous Baksh Fareed",66,FALSE
"Gul_Naseeb_Khan","Gul Naseeb Khan",66,FALSE
"Hafiz_Ahmed_Ali","Hafiz Ahmed Ali",66,FALSE
"Hafiz_Muhammad_Muzaffar","Hafiz Muhammad Muzaffar",66,FALSE
"Haji_Naseem_Shah","Haji Naseem Shah",66,FALSE
"Ishfaq_Ahmad","Ishfaq Ahmad",66,FALSE
"Islam_Noor","Islam Noor",66,FALSE
"Khalid_Mehmood","Khalid Mehmood",525,TRUE
"Khalil_Ahmad","Khalil Ahmad",66,FALSE
"m_Ajmal_Qadri","m Ajmal Qadri",66,FALSE
"m_Esa","m Esa",66,FALSE
"m_Iqbal","m Iqbal",66,FALSE
"Mahmood_Ahmed_Qadri","Mahmood Ahmed Qadri",66,FALSE
"Malik_Amjad_Kakar","Malik Amjad Kakar",66,FALSE
"Maqsood_Ahmed","Maqsood Ahmed",276,TRUE
"Mher_Ullah","Mher Ullah",66,FALSE
"Mohammad_Ismail_Buledi","Mohammad Ismail Buledi",66,FALSE
"Moheb_Ullah","Moheb Ullah",66,FALSE
"Mufti_Syed_Zain_Ul_Abidin","Mufti Syed Zain Ul Abidin",66,FALSE
"Muhammad_Alam","Muhammad Alam",550,TRUE
"Muhammad_Anwar","Muhammad Anwar",806,TRUE
"Muhammad_Ayoub","Muhammad Ayoub",468,TRUE
"Muhammad_Bashir_Yousaf","Muhammad Bashir Yousaf",66,FALSE
"Muhammad_Dawood","Muhammad Dawood",66,FALSE
"Muhammad_Hassan","Muhammad Hassan",630,TRUE
"Muhammad_Ishtiaq_Khan_Jadoon","Muhammad Ishtiaq Khan Jadoon",66,FALSE
"Muhammad_Jamal_Ud_Din","Muhammad Jamal Ud Din",292,TRUE
"Muhammad_Jan","Muhammad Jan",66,FALSE
"Muhammad_Khalid_Shakir","Muhammad Khalid Shakir",66,FALSE
"Muhammad_Maroof","Muhammad Maroof",66,FALSE
"Muhammad_Rizwan_Sheikh","Muhammad Rizwan Sheikh",66,FALSE
"Muhammad_Sadiq_Serani","Muhammad Sadiq Serani",66,FALSE
"Muhammad_Wali_Shah","Muhammad Wali Shah",292,TRUE
"Naqeeb_Ullah","Naqeeb Ullah",72,TRUE
"Noor_Ahmad_Sial","Noor Ahmad Sial",66,FALSE
"Rao_Azmat_Ullah","Rao Azmat Ullah",66,FALSE
"Sana_Ullah","Sana Ullah",103,TRUE
"Shafi_Ud_Din","Shafi Ud Din",66,FALSE
"Shafi_Ullah","Shafi Ullah",66,FALSE
"Shaheen_Iqbal","Shaheen Iqbal",66,FALSE
"Shuja_Al_Malik","Shuja Al Malik",66,FALSE
"Zubair_Ahmad","Zubair Ahmad",66,FALSE
"Abd_Ul_Ghafoor","Abd Ul Ghafoor",229,FALSE
"Abdul_Haleem","Abdul Haleem",229,FALSE
"Abdul_Majeed_Anwar","Abdul Majeed Anwar",229,FALSE
"Abdul_Majeed_Hazarvi","Abdul Majeed Hazarvi",229,FALSE
"Abdul_Qayoom","Abdul Qayoom",229,FALSE
"Abdul_Quyyum","Abdul Quyyum",229,FALSE
"Abdul_Salam","Abdul Salam",229,FALSE
"Abdul_Samad_Son_of_Muhammad_Yousuf","Abdul Samad Son of Muhammad Yousuf",229,FALSE
"Abdul_Wajid_Hussain","Abdul Wajid Hussain",229,FALSE
"Abdullah_Ahmed","Abdullah Ahmed",229,FALSE
"Abdur_Rahim_Khan","Abdur Rahim Khan",229,FALSE
"Abu_Bakar_Brohi","Abu Bakar Brohi",229,FALSE
"Adnan_Bin_Abdul_Aziz","Adnan Bin Abdul Aziz",229,FALSE
"Agha_Syed_Muhammad_Ayyoob","Agha Syed Muhammad Ayyoob",229,FALSE
"Ahmad_Mujeeb_Aslam","Ahmad Mujeeb Aslam",229,FALSE
"Ahmed_Naseer","Ahmed Naseer",229,FALSE
"Akhunzada_Irfan_Ullah_Shah","Akhunzada Irfan Ullah Shah",229,FALSE
"Akram_Khan_Durrani","Akram Khan Durrani",229,FALSE
"Allama_Abdul_Raoof_Rabbani","Allama Abdul Raoof Rabbani",229,FALSE
"Amanullah_Khan","Amanullah Khan",933,TRUE
"Amin_Ullah","Amin Ullah",229,FALSE
"Aneela","Aneela",229,FALSE
"Arbab_Kamal_Ahmad","Arbab Kamal Ahmad",229,FALSE
"Asad_Mahmood","Asad Mahmood",229,FALSE
"Asad_Mehmood","Asad Mehmood",229,FALSE
"Asghar_Ali_Nasir","Asghar Ali Nasir",229,FALSE
"Asjad_Mahmood","Asjad Mahmood",229,FALSE
"Asmat_Ullah","Asmat Ullah",229,FALSE
"Attaul_Haq","Attaul Haq",229,FALSE
"Azam_Khan","Azam Khan",229,FALSE
"Ch_Waseem_Ahmed","Ch Waseem Ahmed",229,FALSE
"Engineer_Tahir_Iqbal_Orakzai","Engineer Tahir Iqbal Orakzai",229,FALSE
"Fakharul_Hassan","Fakharul Hassan",229,FALSE
"Farooq_Hussain_Shah","Farooq Hussain Shah",229,FALSE
"Fazal_Ali","Fazal Ali",229,FALSE
"Fazal_Ur_Rehman","Fazal Ur Rehman",229,FALSE
"Fazlullah","Fazlullah",229,FALSE
"Ghulam_Mohammad_Sadiq","Ghulam Mohammad Sadiq",229,FALSE
"Ghulam_Qadir","Ghulam Qadir",1604,TRUE
"Gohar_Ali","Gohar Ali",229,FALSE
"Gohar_Mohammad_Khan_Bangesh","Gohar Mohammad Khan Bangesh",229,FALSE
"Gohar_Muhammad_Khan_Bangash","Gohar Muhammad Khan Bangash",229,FALSE
"Hafiz_Abdul_Qadeer","Hafiz Abdul Qadeer",229,FALSE
"Hafiz_Abdul_Razzak","Hafiz Abdul Razzak",229,FALSE
"Hafiz_Abdul_Wadood","Hafiz Abdul Wadood",229,FALSE
"Hafiz_Hamdullah","Hafiz Hamdullah",229,FALSE
"Hafiz_Mahmood_Ul_Hassan","Hafiz Mahmood Ul Hassan",229,FALSE
"Hafiz_Muhammad_Afzaal","Hafiz Muhammad Afzaal",229,FALSE
"Hafiz_Muhammad_Azam","Hafiz Muhammad Azam",229,FALSE
"Hafiz_Muhammad_Jameel_Ahmed","Hafiz Muhammad Jameel Ahmed",229,FALSE
"Hafiz_Muhammad_Saeed","Hafiz Muhammad Saeed",229,FALSE
"Hafiz_Muhammad_Zubair","Hafiz Muhammad Zubair",229,FALSE
"Hafiz_Shahzad_Bashir","Hafiz Shahzad Bashir",229,FALSE
"Haider_Ali_Khan","Haider Ali Khan",933,TRUE
"Hajan_Khan_Leghari","Hajan Khan Leghari",229,FALSE
"Haji_Abdul_Rasheed_Khan_Bhatti","Haji Abdul Rasheed Khan Bhatti",229,FALSE
"Haji_Ghulam_Ali","Haji Ghulam Ali",229,FALSE
"Haji_Ghulam_Qadir_Noohani","Haji Ghulam Qadir Noohani",331,TRUE
"Haji_Mangey_Khan_Rahija","Haji Mangey Khan Rahija",229,FALSE
"Haji_Manzoor_Ahmed_Mengal","Haji Manzoor Ahmed Mengal",229,FALSE
"Hakeem_Muhammad_Asaad","Hakeem Muhammad Asaad",229,FALSE
"Hameed_Ullah_Jan_Afridi","Hameed Ullah Jan Afridi",229,FALSE
"Hidayat_Ur_Rehman","Hidayat Ur Rehman",229,FALSE
"Ihsan_Ul_Haq","Ihsan Ul Haq",229,FALSE
"Ijaz_Ul_Haq","Ijaz Ul Haq",229,FALSE
"Ilhaj_Pervaiz_Khan_Khattak","Ilhaj Pervaiz Khan Khattak",229,FALSE
"Imdad_Ullah_Yousafzai","Imdad Ullah Yousafzai",229,FALSE
"Ishfaq_Ullah_Khan","Ishfaq Ullah Khan",229,FALSE
"Kaleem_Ullah_Khan","Kaleem Ullah Khan",229,FALSE
"Khalid_Mahmood","Khalid Mahmood",369,TRUE
"Khalid_Mobeen","Khalid Mobeen",229,FALSE
"Khalid_Waleed","Khalid Waleed",229,FALSE
"Kifayat_Ullah","Kifayat Ullah",229,FALSE
"Liaq_Muhammad_Khan","Liaq Muhammad Khan",229,FALSE
"Makhdoom_Zada_Syed_Muhammad_Zakaria_Shah","Makhdoom Zada Syed Muhammad Zakaria Shah",229,FALSE
"Malik_Gulfraz_Ahmad_Faraz","Malik Gulfraz Ahmad Faraz",229,FALSE
"Malik_Naveed_Ahmed_Advocate","Malik Naveed Ahmed Advocate",229,FALSE
"Malik_Qadir_Bukhsh","Malik Qadir Bukhsh",229,FALSE
"Malik_Sikandar_Khan","Malik Sikandar Khan",331,TRUE
"Malik_Zafar_Borrana_Sahab","Malik Zafar Borrana Sahab",229,FALSE
"Maulana_Abdul_Ghafar_Tauhadi","Maulana Abdul Ghafar Tauhadi",229,FALSE
"Maulana_Abdullah_Ahmad","Maulana Abdullah Ahmad",229,FALSE
"Maulana_Abdur_Rashid","Maulana Abdur Rashid",229,FALSE
"Maulana_Fazal_Ur_Rehman","Maulana Fazal Ur Rehman",331,TRUE
"Maulana_Fazli_Azeem","Maulana Fazli Azeem",229,FALSE
"Maulana_Haleem_Ur_Rahman","Maulana Haleem Ur Rahman",229,FALSE
"Maulana_Mian_Hussain_Jalali","Maulana Mian Hussain Jalali",331,TRUE
"Maulana_Muhammad_Gohar_Shah","Maulana Muhammad Gohar Shah",229,FALSE
"Maulana_Nizam_Ud_Din","Maulana Nizam Ud Din",229,FALSE
"Maulana_Shirin_Muhammad","Maulana Shirin Muhammad",229,FALSE
"Maulvi_Mohammad_Abdullah_Jatak","Maulvi Mohammad Abdullah Jatak",229,FALSE
"Mehboobullah_Jan_Baqi","Mehboobullah Jan Baqi",229,FALSE
"Mian_Muhammad_Asif","Mian Muhammad Asif",473,TRUE
"Mir_Baz_Muhammad_Marri","Mir Baz Muhammad Marri",229,FALSE
"Mir_Hussain","Mir Hussain",229,FALSE
"Misbah_Ud_Din_Wald_e_Ahmad_Din","Misbah Ud Din Wald e Ahmad Din",229,FALSE
"Misbahul_Alam","Misbahul Alam",229,FALSE
"Mohammad_Akram_Khan","Mohammad Akram Khan",229,FALSE
"Mohammad_Ibrahim_Jatol","Mohammad Ibrahim Jatol",229,FALSE
"Molana_Abdul_Ghafoor_Haideri","Molana Abdul Ghafoor Haideri",229,FALSE
"Molana_Ameer_Zaman","Molana Ameer Zaman",229,FALSE
"Molana_Fazal_Ur_Rehman","Molana Fazal Ur Rehman",229,FALSE
"Molana_Muhammad_Gohar_Shah","Molana Muhammad Gohar Shah",229,FALSE
"Molana_Muhammad_Iqbal_Rasheed","Molana Muhammad Iqbal Rasheed",229,FALSE
"Molana_Muhammad_Sabir_Aarfi","Molana Muhammad Sabir Aarfi",229,FALSE
"Molana_Qamar_Din","Molana Qamar Din",229,FALSE
"Mollana_Ghulam_Qadir_Qasmi","Mollana Ghulam Qadir Qasmi",229,FALSE
"Molvi_Mohammad_Ishaque_Laghari","Molvi Mohammad Ishaque Laghari",229,FALSE
"Molvi_Muhammad_Saleh_Alhadad","Molvi Muhammad Saleh Alhadad",229,FALSE
"Moulana_Abdul_Ghafoor_Haideri","Moulana Abdul Ghafoor Haideri",229,FALSE
"Moulana_Abdul_Malik","Moulana Abdul Malik",229,FALSE
"Moulana_Abdul_Naeem_Nomani","Moulana Abdul Naeem Nomani",229,FALSE
"Moulana_Abdullah_Pahore","Moulana Abdullah Pahore",331,TRUE
"Moulana_Hafiz_Sana_Ullah","Moulana Hafiz Sana Ullah",229,FALSE
"Moulana_Mohammad_Khan_Sherani","Moulana Mohammad Khan Sherani",229,FALSE
"Moulana_Muhammad_Yakoob_Mahar","Moulana Muhammad Yakoob Mahar",229,FALSE
"Moulana_Noor_Ul_Haq","Moulana Noor Ul Haq",229,FALSE
"Moulvi_Agha_Muhammad","Moulvi Agha Muhammad",229,FALSE
"Mualana_Muhammad_Qasim","Mualana Muhammad Qasim",229,FALSE
"Mufti_Abdul_Shakoor","Mufti Abdul Shakoor",229,FALSE
"Mufti_Faizul_Haq","Mufti Faizul Haq",229,FALSE
"Mufti_Kifayat_Ullah","Mufti Kifayat Ullah",229,FALSE
"Mufti_Nazir_Ahmed_Umrani","Mufti Nazir Ahmed Umrani",229,FALSE
"Mufti_Taj_Ud_Din_Rabani","Mufti Taj Ud Din Rabani",229,FALSE
"Muhammad_Abdullah","Muhammad Abdullah",229,FALSE
"Muhammad_Afzal","Muhammad Afzal",1189,TRUE
"Muhammad_Akbar_Tabani","Muhammad Akbar Tabani",229,FALSE
"Muhammad_Arif_Wald_Meer_Azam_Khan","Muhammad Arif Wald Meer Azam Khan",229,FALSE
"Muhammad_Ayaz_Chaudhary","Muhammad Ayaz Chaudhary",229,FALSE
"Muhammad_Ayub","Muhammad Ayub",229,FALSE
"Muhammad_Hafeezur_Rahman","Muhammad Hafeezur Rahman",229,FALSE
"Muhammad_Nabi","Muhammad Nabi",229,FALSE
"Muhammad_Naseef_Awan","Muhammad Naseef Awan",229,FALSE
"Muhammad_Nasrullah","Muhammad Nasrullah",369,TRUE
"Muhammad_Rafique_Abid_Alwi","Muhammad Rafique Abid Alwi",229,FALSE
"Muhammad_Riaz_Shaheen","Muhammad Riaz Shaheen",229,FALSE
"Muhammad_Saeed_Jan","Muhammad Saeed Jan",229,FALSE
"Muhammad_Safdar","Muhammad Safdar",229,FALSE
"Muhammad_Safi_Ullah","Muhammad Safi Ullah",229,FALSE
"Muhammad_Saleh_Indhar","Muhammad Saleh Indhar",229,FALSE
"Muhammad_Sardar","Muhammad Sardar",229,FALSE
"Muhammad_Shah_Zaman","Muhammad Shah Zaman",229,FALSE
"Muhammad_Sharif_Sadwani_Mazari","Muhammad Sharif Sadwani Mazari",229,FALSE
"Muhammad_Sher_Khan","Muhammad Sher Khan",234,TRUE
"Muhammad_Sufyan_Muavia","Muhammad Sufyan Muavia",229,FALSE
"Muhammad_Tahir_Siddique","Muhammad Tahir Siddique",229,FALSE
"Muhammad_Talha_Mahmood","Muhammad Talha Mahmood",229,FALSE
"Muhammad_Usman_Badini","Muhammad Usman Badini",229,FALSE
"Muhammad_Uzair_Jagirani","Muhammad Uzair Jagirani",229,FALSE
"Muhammad_Yousaf","Muhammad Yousaf",875,TRUE
"Muhammad_Zakriya","Muhammad Zakriya",229,FALSE
"Muhammad_Zia_Ul_Haq","Muhammad Zia Ul Haq",933,TRUE
"Muhammad_Zubair_Abbasi","Muhammad Zubair Abbasi",229,FALSE
"Mulana_Ain_u_Din_Shaker","Mulana Ain u Din Shaker",229,FALSE
"Mulana_Muhammad_Abdul_Majeed_Farooqe","Mulana Muhammad Abdul Majeed Farooqe",229,FALSE
"Musammir_Shah","Musammir Shah",229,FALSE
"Mushtaq_Ahmad","Mushtaq Ahmad",229,FALSE
"Nasir_Khan","Nasir Khan",715,TRUE
"Nasir_Mahmood","Nasir Mahmood",232,TRUE
"Niyaz_Ali","Niyaz Ali",229,FALSE
"Nizam_Din","Nizam Din",229,FALSE
"Nizam_Ud_Din_Lehri","Nizam Ud Din Lehri",229,FALSE
"Nizamuddin","Nizamuddin",229,FALSE
"Noor_Alam_Khan","Noor Alam Khan",933,TRUE
"Noor_Muhammad","Noor Muhammad",438,TRUE
"Noor_Muhammad_Shah","Noor Muhammad Shah",229,FALSE
"Obaid_Ullah","Obaid Ullah",229,FALSE
"Obaid_Ur_Rehman","Obaid Ur Rehman",229,FALSE
"Pir_Muhammad_Aqal_Shah","Pir Muhammad Aqal Shah",229,FALSE
"Pir_Syed_Alamzeb_Shah","Pir Syed Alamzeb Shah",229,FALSE
"Qaiser_Khan","Qaiser Khan",229,FALSE
"Qari_Abdul_Aziz","Qari Abdul Aziz",229,FALSE
"Qari_Attique_Ur_Rehman","Qari Attique Ur Rehman",229,FALSE
"Qari_Khalil_Ur_Rehman","Qari Khalil Ur Rehman",229,FALSE
"Qari_Mohammad_Yousif","Qari Mohammad Yousif",229,FALSE
"Qari_Muhammad_Safdar_Javed","Qari Muhammad Safdar Javed",229,FALSE
"Qari_Muhammad_Shair_Ali","Qari Muhammad Shair Ali",229,FALSE
"Rahat_Hussain","Rahat Hussain",331,TRUE
"Raheem_Ullah","Raheem Ullah",229,FALSE
"Rashid_Ahmad_Khan","Rashid Ahmad Khan",229,FALSE
"Rashid_Mahmood_Soomro","Rashid Mahmood Soomro",229,FALSE
"Rashid_Mehmood_Soomro","Rashid Mehmood Soomro",229,FALSE
"Saad_Sultan","Saad Sultan",229,FALSE
"Saeed_Ahmad_Awan","Saeed Ahmad Awan",229,FALSE
"Safeer_Alam","Safeer Alam",229,FALSE
"Sahabzada_Hafiz_Aziz_Ur_Rehman_Darkhuwasti","Sahabzada Hafiz Aziz Ur Rehman Darkhuwasti",229,FALSE
"Saida_Jan","Saida Jan",229,FALSE
"Saif_Ullah_Saifi","Saif Ullah Saifi",229,FALSE
"Saif_Ur_Rehman_Rashidi","Saif Ur Rehman Rashidi",229,FALSE
"Saifullah_Khalid","Saifullah Khalid",229,FALSE
"Sajjad_Ahmad","Sajjad Ahmad",796,TRUE
"Salah_Ud_Din","Salah Ud Din",229,FALSE
"Salahuddin_","Salahuddin,",229,FALSE
"Saleem_Ullah","Saleem Ullah",229,FALSE
"Sardar_Ibrar_Khan","Sardar Ibrar Khan",229,FALSE
"Sardar_Meer_Badshah_Khan_Qaisrani","Sardar Meer Badshah Khan Qaisrani",792,TRUE
"Shafqat_Rehman","Shafqat Rehman",229,FALSE
"Shah_Abdul_Aziz","Shah Abdul Aziz",312,TRUE
"Shahzane_Khan","Shahzane Khan",229,FALSE
"Shamsuddin","Shamsuddin",229,FALSE
"Shuja_Ul_Mulk","Shuja Ul Mulk",229,FALSE
"Siraj_Ud_Din","Siraj Ud Din",229,FALSE
"Sultan_Ahmad","Sultan Ahmad",229,FALSE
"Syed_Abdul_Wadood_Azad","Syed Abdul Wadood Azad",229,FALSE
"Syed_Haroon_Sultan_Bukhari","Syed Haroon Sultan Bukhari",229,FALSE
"Syed_Muhammad_Athar","Syed Muhammad Athar",229,FALSE
"Syed_Qasim_Shah","Syed Qasim Shah",229,FALSE
"Syed_Sami_Ullah","Syed Sami Ullah",229,FALSE
"Tanveer_Rasool_Qureshi","Tanveer Rasool Qureshi",229,FALSE
"Tariq_Sultan","Tariq Sultan",229,FALSE
"Tipu_Sultan","Tipu Sultan",229,FALSE
"Umer_Ali","Umer Ali",229,FALSE
"Zafarullah_Khan_Gichki","Zafarullah Khan Gichki",229,FALSE
"Zahid_Akram_Durrani","Zahid Akram Durrani",229,FALSE
"Zia_Ur_Rehman_Tamimi","Zia Ur Rehman Tamimi",229,FALSE
"Fakhar_Ul_Din","Fakhar Ul Din",8,FALSE
"Fathe_Muhammad","Fathe Muhammad",8,FALSE
"Ghazanfar_Aziz","Ghazanfar Aziz",8,FALSE
"Hussain_Ahmed_Madni","Hussain Ahmed Madni",8,FALSE
"Muhammad_Tasadduq","Muhammad Tasadduq",8,FALSE
"Naseer_Ahmed_Kakar","Naseer Ahmed Kakar",252,TRUE
"Noor_Alam","Noor Alam",8,FALSE
"Saddam_Ul_Haq","Saddam Ul Haq",8,FALSE
"Zia_Ur_Rehman_Amazai","Zia Ur Rehman Amazai",8,FALSE
"Abdul_Basit","Abdul Basit",6,FALSE
"Hazoor_Baksh","Hazoor Baksh",6,FALSE
"Ijaz_Ahmad","Ijaz Ahmad",6,FALSE
"Ikhtiar_Ahmed","Ikhtiar Ahmed",6,FALSE
"Mir_Muhammad_Ali_Reki_Baloch","Mir Muhammad Ali Reki Baloch",6,FALSE
"Muhammad_Jawad","Muhammad Jawad",6,FALSE
"Nawab_Zada_Shahzain","Nawab Zada Shahzain",6,FALSE
"Aizaz_Haider","Aizaz Haider",1,FALSE
"Baqa_Muhammad","Baqa Muhammad",1,FALSE
"Khalil_Ur_Rehman","Khalil Ur Rehman",39,TRUE
"Muhammad_Arshad","Muhammad Arshad",609,TRUE
"Ahmed_Noonari","Ahmed Noonari",1,FALSE
"Zeeshan","Zeeshan",1,FALSE
"Abdullah_Mangi","Abdullah Mangi",25,FALSE
"Aijaz_Ahmed_Sanjrani","Aijaz Ahmed Sanjrani",25,FALSE
"Allama_Muhammad_Hasnain_Arif","Allama Muhammad Hasnain Arif",25,FALSE
"Asghar_Ali_Mubarik","Asghar Ali Mubarik",25,FALSE
"Darban_Ali_Jaffry","Darban Ali Jaffry",25,FALSE
"Ehsan_Ullah_Khan_Baluch","Ehsan Ullah Khan Baluch",25,FALSE
"Ghulam_Hussain","Ghulam Hussain",25,FALSE
"Hakeem_Muhammad_Tufail","Hakeem Muhammad Tufail",25,FALSE
"Hakeem_Syed_Jaffar_Hussain_Bukhari","Hakeem Syed Jaffar Hussain Bukhari",25,FALSE
"Imran_Ali","Imran Ali",169,TRUE
"Khair_Mohammad","Khair Mohammad",25,FALSE
"Khuwaja_Aftab_Ali_Jaafri","Khuwaja Aftab Ali Jaafri",25,FALSE
"Maqsood_Ali_Domki","Maqsood Ali Domki",25,FALSE
"Molana_Moula_Bux_Murtazai","Molana Moula Bux Murtazai",25,FALSE
"Muhammad_Askari_Ul_Hidayat","Muhammad Askari Ul Hidayat",25,FALSE
"Muhammad_Hussain_Karimi","Muhammad Hussain Karimi",25,FALSE
"Muhammad_Ismail_Jaffery","Muhammad Ismail Jaffery",25,FALSE
"Muhammad_Sarwer","Muhammad Sarwer",25,FALSE
"Mukhtar_Ahmed_Chandio","Mukhtar Ahmed Chandio",25,FALSE
"Rasool_Bux_Shah","Rasool Bux Shah",25,FALSE
"Shumaila_Bibi","Shumaila Bibi",25,FALSE
"Syed_Asghar_Abbas_Zaidi","Syed Asghar Abbas Zaidi",25,FALSE
"Syed_Basheer_Ahmed_Shah_Naqvi","Syed Basheer Ahmed Shah Naqvi",25,FALSE
"Syed_Muhammad_Hassan_Zaidi","Syed Muhammad Hassan Zaidi",25,FALSE
"Zaheer_Abass_Hajano","Zaheer Abass Hajano",25,FALSE
"Dr_Sarfraz_Ahmad_Cheema","Dr Sarfraz Ahmad Cheema",2,FALSE
"Syed_Ghulam_Abul_Hassan_Shah","Syed Ghulam Abul Hassan Shah",2,FALSE
"Wajid_Hussain_Mughal","Wajid Hussain Mughal",2,FALSE
"Syed_Muhammad_Mafooz_Mushadi","Syed Muhammad Mafooz Mushadi",0,FALSE
"Muhammad_Tahir_Khan","Muhammad Tahir Khan",710,TRUE
"Ali_Muhammad","Ali Muhammad",3,FALSE
"Masood_Ahmed","Masood Ahmed",3,FALSE
"Zaeem_Ud_Din_Abid","Zaeem Ud Din Abid",3,FALSE
"Ajab_Khan","Ajab Khan",26,TRUE
"Essa_Khan","Essa Khan",6,FALSE
"Gul_Meer_Khan","Gul Meer Khan",6,FALSE
"Gulab_Khan","Gulab Khan",6,FALSE
"Gull_Meer_Khan","Gull Meer Khan",6,FALSE
"Hakeem_Khan","Hakeem Khan",6,FALSE
"Alhaaj_Choudhry_Zulfiqar_Ali","Alhaaj Choudhry Zulfiqar Ali",1,FALSE
"Muhammad_Asghar","Muhammad Asghar",173,TRUE
"Badshah_Rawan","Badshah Rawan",6,FALSE
"Mohsin_Faraz","Mohsin Faraz",6,FALSE
"Muhammad_Ebrahim_Ali","Muhammad Ebrahim Ali",6,FALSE
"Muhammad_Sadiq","Muhammad Sadiq",467,TRUE
"Sohail_Wahab","Sohail Wahab",6,FALSE
"Aasia_Ishaq","Aasia Ishaq",404,FALSE
"Abdul_Baqi","Abdul Baqi",1105,TRUE
"Abdul_Jalil_Bazai","Abdul Jalil Bazai",404,FALSE
"Abdul_Kareem","Abdul Kareem",404,FALSE
"Abdul_Khalid","Abdul Khalid",404,FALSE
"Abdul_Majeed_Chohan","Abdul Majeed Chohan",404,FALSE
"Abdul_Qadeer_Khan","Abdul Qadeer Khan",404,FALSE
"Abdul_Qadir_Solangi","Abdul Qadir Solangi",404,FALSE
"Abdul_Rasheed_Godil","Abdul Rasheed Godil",404,FALSE
"Abdul_Salam_Ansari","Abdul Salam Ansari",404,FALSE
"Abdul_Sattar","Abdul Sattar",617,TRUE
"Abdul_Sattar_Chaudhary","Abdul Sattar Chaudhary",404,FALSE
"Abdul_Sattar_Jatoi","Abdul Sattar Jatoi",404,FALSE
"Abdul_Waseem","Abdul Waseem",404,FALSE
"Abdul_Waseem_Khan_Ghouri","Abdul Waseem Khan Ghouri",404,FALSE
"Abid_Hussain","Abid Hussain",641,TRUE
"Adbul_Rashid_Godil","Adbul Rashid Godil",404,FALSE
"Advocate_Sikandar_Ali_Keerio","Advocate Sikandar Ali Keerio",404,FALSE
"Advocate_Zulfiqar_Ali_Qazi","Advocate Zulfiqar Ali Qazi",404,FALSE
"Afaq_Shafqat","Afaq Shafqat",404,FALSE
"Aftab_Ahmed_Rajput","Aftab Ahmed Rajput",404,FALSE
"Aftikhar_Akbar_Randhawa","Aftikhar Akbar Randhawa",404,FALSE
"Agha_Muhammad_Ali_Khan","Agha Muhammad Ali Khan",404,FALSE
"Agha_Muhammad_Naved","Agha Muhammad Naved",404,FALSE
"Ahmed_Ali_Buriro","Ahmed Ali Buriro",404,FALSE
"Ahmed_Gabol","Ahmed Gabol",404,FALSE
"Ahmed_Saleem_Siddiqui","Ahmed Saleem Siddiqui",404,FALSE
"Alam_Dar_Hussain_Shah","Alam Dar Hussain Shah",404,FALSE
"Alama_Syed_Farman_Raza_Abidi","Alama Syed Farman Raza Abidi",404,FALSE
"Alambardar_Hussain_Rizvi","Alambardar Hussain Rizvi",404,FALSE
"Ali_Asghar_Rind","Ali Asghar Rind",965,TRUE
"Ali_Muhammad_Memon","Ali Muhammad Memon",404,FALSE
"Amin","Amin",404,FALSE
"Aminul_Haque","Aminul Haque",404,FALSE
"Anwar_Ali_Khan","Anwar Ali Khan",404,FALSE
"Anwer_Sial_Bhai_","Anwer Sial Bhai.",404,FALSE
"Arbab_Abdul_Ghani_Kasi","Arbab Abdul Ghani Kasi",404,FALSE
"Arif_Jamal","Arif Jamal",404,FALSE
"Arshad_Abdullah_Vohra","Arshad Abdullah Vohra",404,FALSE
"Arshad_Iqbal","Arshad Iqbal",404,FALSE
"Arshad_Mahmood_Rabbani","Arshad Mahmood Rabbani",404,FALSE
"Asad_Ullah_Shah","Asad Ullah Shah",404,FALSE
"Asghar_Ali_Parhiar","Asghar Ali Parhiar",404,FALSE
"Asghar_Ali_Parhiar_Advocate","Asghar Ali Parhiar Advocate",404,FALSE
"Ashfaq","Ashfaq",404,FALSE
"Atta_Shaikh_Advocate","Atta Shaikh Advocate",404,FALSE
"Aziz_Ullah_Marwat","Aziz Ullah Marwat",404,FALSE
"Babar_Siraj_Mirza","Babar Siraj Mirza",404,FALSE
"Basir_Ahmad","Basir Ahmad",404,FALSE
"Begum_Tahira_Asif","Begum Tahira Asif",404,FALSE
"Bilal_Hussain","Bilal Hussain",404,FALSE
"Bisma_Asif","Bisma Asif",404,FALSE
"Ch__Hamid_Ali_Wahla","Ch. Hamid Ali Wahla",404,FALSE
"Ch__Muahmmad_Shabbir_Kamboh","Ch. Muahmmad Shabbir Kamboh",404,FALSE
"Ch__Muhammad_Safdar_Jamna","Ch. Muhammad Safdar Jamna",404,FALSE
"Ch__Muhammad_Suleman_Gujar","Ch. Muhammad Suleman Gujar",404,FALSE
"Ch__Zafar_Iqbal","Ch. Zafar Iqbal",404,FALSE
"Ch_Abdul_Qayyum_Bajwa_Advocate","Ch Abdul Qayyum Bajwa Advocate",404,FALSE
"Ch_Khalid_Hussain_Bhatti_Advocate","Ch Khalid Hussain Bhatti Advocate",404,FALSE
"Chaudhry_Iftikhar_Ahmed_Siddhu_Advocate","Chaudhry Iftikhar Ahmed Siddhu Advocate",404,FALSE
"Chaudhry_Javed_Sarwar","Chaudhry Javed Sarwar",404,FALSE
"Chaudhry_Munawar_Hafeez","Chaudhry Munawar Hafeez",404,FALSE
"Choudhary_Anwar_Ali_Gill_Advocate","Choudhary Anwar Ali Gill Advocate",404,FALSE
"Choudhary_Muhammad_Ilyas","Choudhary Muhammad Ilyas",404,FALSE
"Dev_Das","Dev Das",404,FALSE
"Dildar_Ahmed_Khaskheli","Dildar Ahmed Khaskheli",404,FALSE
"Doctor_Asif_Rafique","Doctor Asif Rafique",404,FALSE
"Doctor_Hafiz_Mohammad_Sarwar_Joyia","Doctor Hafiz Mohammad Sarwar Joyia",404,FALSE
"Dr__Abdul_Qadir_Khanzada","Dr. Abdul Qadir Khanzada",404,FALSE
"Dr__Ejaz_Hussain","Dr. Ejaz Hussain",404,FALSE
"Dr__Farooq_Sattar","Dr. Farooq Sattar",404,FALSE
"Dr__K_s__Mujahid_Khan_Baloch","Dr. K.s. Mujahid Khan Baloch",404,FALSE
"Dr__Khalid_Maqbool_Siddiqui","Dr. Khalid Maqbool Siddiqui",404,FALSE
"Dr__Lala_Rukh_Mustafa","Dr. Lala Rukh Mustafa",404,FALSE
"Dr__Muhammad_Ayoub_Shaikh","Dr. Muhammad Ayoub Shaikh",404,FALSE
"Dr__Muhammad_Farooq_Sattar","Dr. Muhammad Farooq Sattar",404,FALSE
"Dr__Mumtaz_Ali_Chandio","Dr. Mumtaz Ali Chandio",404,FALSE
"Dr__Taj_Hussain_Fani","Dr. Taj Hussain Fani",404,FALSE
"Dr_Abdul_Razaque_Lashari","Dr Abdul Razaque Lashari",404,FALSE
"Dr_imam_Bux_Khilji","Dr.imam Bux Khilji",404,FALSE
"Dr_Muhammad_Musa_Advocate","Dr Muhammad Musa Advocate",404,FALSE
"Dr_nadeem_Ehsan","Dr.nadeem Ehsan",404,FALSE
"Dr_Zaib_Un_Nisa","Dr Zaib Un Nisa",404,FALSE
"Engineer_Afridi","Engineer Afridi",404,FALSE
"Engineer_Muhammad_Zakir","Engineer Muhammad Zakir",404,FALSE
"Fahmida_Shah_Bukhari","Fahmida Shah Bukhari",404,FALSE
"Faiz_Muhammad","Faiz Muhammad",404,FALSE
"Farhan_Chishti","Farhan Chishti",404,FALSE
"Farhat_Muhammad_Khan","Farhat Muhammad Khan",404,FALSE
"Farkhanda_Khalid","Farkhanda Khalid",404,FALSE
"Farrukh_Hussain","Farrukh Hussain",404,FALSE
"Fayyaz_Ali","Fayyaz Ali",404,FALSE
"Fazal_Ul_Rehman","Fazal Ul Rehman",404,FALSE
"Feroz_Khan","Feroz Khan",404,FALSE
"Fouzia_Hameed","Fouzia Hameed",404,FALSE
"Ghaman","Ghaman",404,FALSE
"Ghazanfar_Anjum_Yousafzai_Advocate","Ghazanfar Anjum Yousafzai Advocate",404,FALSE
"Ghazi_Salahuddin","Ghazi Salahuddin",404,FALSE
"Ghulam_Akber_Mallah","Ghulam Akber Mallah",404,FALSE
"Ghulam_Asghar_Rind","Ghulam Asghar Rind",404,FALSE
"Ghulam_Farooq_Shahwani","Ghulam Farooq Shahwani",404,FALSE
"Ghulam_Muhammad_Rajoka","Ghulam Muhammad Rajoka",404,FALSE
"Ghulam_Murtza_Solangi","Ghulam Murtza Solangi",404,FALSE
"Ghulam_Mustafa_Sumsam_Qureshi","Ghulam Mustafa Sumsam Qureshi",404,FALSE
"Ghulam_Yasin","Ghulam Yasin",404,FALSE
"Gulzar_Ali_Mugheri","Gulzar Ali Mugheri",404,FALSE
"Habibullah_Khan","Habibullah Khan",404,FALSE
"Hafeezuddin","Hafeezuddin",404,FALSE
"Hafiz_Muhammad_Hanif","Hafiz Muhammad Hanif",404,FALSE
"Haji_Muhammad_Saeed_Arian","Haji Muhammad Saeed Arian",404,FALSE
"Hameed_Hussain","Hameed Hussain",411,TRUE
"Hamid_Mehmood","Hamid Mehmood",404,FALSE
"Hassan_Sabir","Hassan Sabir",404,FALSE
"Heer_Soho","Heer Soho",404,FALSE
"Hubdar_Ali","Hubdar Ali",404,FALSE
"Humayu_Usman","Humayu Usman",404,FALSE
"Hussain_Bakhsh_Panhwar","Hussain Bakhsh Panhwar",404,FALSE
"Iftikhar_Mughal","Iftikhar Mughal",404,FALSE
"Imran_Khan","Imran Khan",1088,TRUE
"Imran_Khan_Rajput","Imran Khan Rajput",404,FALSE
"Imtiaz_Ali","Imtiaz Ali",404,FALSE
"Imtiaz_Ali_Lakho","Imtiaz Ali Lakho",404,FALSE
"Inayat_Ali_Rind","Inayat Ali Rind",404,FALSE
"Inayat_Ul_Haq","Inayat Ul Haq",404,FALSE
"Iqbal_Muhammad_Ali_Khan","Iqbal Muhammad Ali Khan",404,FALSE
"Irfan_Ali_Bikak","Irfan Ali Bikak",404,FALSE
"Irfan_Siddique","Irfan Siddique",404,FALSE
"Irshad_Bano","Irshad Bano",404,FALSE
"Izhar_Ul_Haq_Qureshi_Siddiqui","Izhar Ul Haq Qureshi Siddiqui",404,FALSE
"Junaid_Ahmed_Samejo","Junaid Ahmed Samejo",404,FALSE
"Junaid_Tariq_Qureshi_Advocate","Junaid Tariq Qureshi Advocate",404,FALSE
"Kaleem_Khan","Kaleem Khan",404,FALSE
"Karim_Khan","Karim Khan",404,FALSE
"Kashif_Ali_Khan","Kashif Ali Khan",404,FALSE
"Khair_Bux_Khosa","Khair Bux Khosa",404,FALSE
"Khalid_Maqbool_Siddiqui","Khalid Maqbool Siddiqui",404,FALSE
"Khawaja_Awais_Mushtaq","Khawaja Awais Mushtaq",404,FALSE
"Khawaja_Izhar_Ul_Hassan","Khawaja Izhar Ul Hassan",404,FALSE
"Khawaja_Sohail_Mansoor","Khawaja Sohail Mansoor",404,FALSE
"Khursheed_Abbas","Khursheed Abbas",404,FALSE
"Khursheed_Ali","Khursheed Ali",404,FALSE
"Khushbakht_Shujat","Khushbakht Shujat",404,FALSE
"Kiran_Muhammad_Ali","Kiran Muhammad Ali",404,FALSE
"Kokab_Bukhari","Kokab Bukhari",404,FALSE
"m_Ameen_Watoo","m Ameen Watoo",404,FALSE
"Mahrukh_Mirza","Mahrukh Mirza",404,FALSE
"Major_r__Habib_Ur_Rehman_Khan_Myo_Advocate","Major(r) Habib Ur Rehman Khan Myo Advocate",404,FALSE
"Makhdoom_Syyed_Zawar_Hussain","Makhdoom Syyed Zawar Hussain",404,FALSE
"Malik_Abdul_Hameed_Awan","Malik Abdul Hameed Awan",404,FALSE
"Malik_Abdul_Rehman_Dehwar","Malik Abdul Rehman Dehwar",404,FALSE
"Malik_Ameer_Abdullah_Awan","Malik Ameer Abdullah Awan",404,FALSE
"Malik_Amjid_Hussain_Uttera","Malik Amjid Hussain Uttera",404,FALSE
"Malik_Aurang_Zaib_Awan","Malik Aurang Zaib Awan",404,FALSE
"Malik_Ejaz_Ahmad_Channar","Malik Ejaz Ahmad Channar",404,FALSE
"Malik_Javed_Khan","Malik Javed Khan",404,FALSE
"Malik_Mazhar_Hussain","Malik Mazhar Hussain",404,FALSE
"Malik_Muhammad_Asif_Awan","Malik Muhammad Asif Awan",404,FALSE
"Malik_Muhammad_Asim","Malik Muhammad Asim",404,FALSE
"Malik_Subhoh_Saddiq","Malik Subhoh Saddiq",404,FALSE
"Malik_Tanveer_Hussain","Malik Tanveer Hussain",404,FALSE
"Malik_Zafar_Iqbal_Boorh","Malik Zafar Iqbal Boorh",404,FALSE
"Mangharam","Mangharam",404,FALSE
"Manzoor_Joori","Manzoor Joori",404,FALSE
"Maqsood_Ahmed_Awan","Maqsood Ahmed Awan",404,FALSE
"Maryam_Bibi","Maryam Bibi",404,FALSE
"Maulana_Noor_Ul_Haq","Maulana Noor Ul Haq",404,FALSE
"Mazhar_Ali_Alvi","Mazhar Ali Alvi",404,FALSE
"Mazhar_Hussain","Mazhar Hussain",404,FALSE
"Mehar_Tajamal_Hussain_Luck","Mehar Tajamal Hussain Luck",404,FALSE
"Mehboob_Alam","Mehboob Alam",404,FALSE
"Mehmood_Qadir_Khanzada","Mehmood Qadir Khanzada",404,FALSE
"Mehr_Tariq_Maqsood_Advocate","Mehr Tariq Maqsood Advocate",404,FALSE
"Mian_Aftab_Ahmad_Qureshi","Mian Aftab Ahmad Qureshi",404,FALSE
"Mian_Muhammad_Ateeq_Sheikh","Mian Muhammad Ateeq Sheikh",404,FALSE
"Mian_Nadeem_Anwar","Mian Nadeem Anwar",404,FALSE
"Mian_Sarfraz_Watto","Mian Sarfraz Watto",404,FALSE
"Mian_Tariq_Ali_Bodla","Mian Tariq Ali Bodla",404,FALSE
"Mian_Tariq_Mehmood","Mian Tariq Mehmood",965,TRUE
"Mihtab_Hayat_Khan","Mihtab Hayat Khan",404,FALSE
"Mir_Sanaullah_Khan_Murghazani","Mir Sanaullah Khan Murghazani",404,FALSE
"Mirza_Muhammad_Jameel_Raza","Mirza Muhammad Jameel Raza",404,FALSE
"Mohammad_Salman_Khan_Baloch","Mohammad Salman Khan Baloch",404,FALSE
"Mohammad_Umer_Agha_Awaan","Mohammad Umer Agha Awaan",404,FALSE
"Mohammad_Zubair_Anjum","Mohammad Zubair Anjum",404,FALSE
"Mohsin_Badshah_Advocate","Mohsin Badshah Advocate",404,FALSE
"Mr__Ghulam_Mohiuddin_Durrani__Advocate_","Mr. Ghulam Mohiuddin Durrani (Advocate)",404,FALSE
"Mr__Rana_Fateh_Muhammad_Rajput","Mr. Rana Fateh Muhammad Rajput",404,FALSE
"Mr_ferozuddin_Narejo","Mr.ferozuddin Narejo",404,FALSE
"Mrs__Khush_Bakhat_Shujaat","Mrs. Khush Bakhat Shujaat",404,FALSE
"Mudassar_Ejaz","Mudassar Ejaz",404,FALSE
"Muhamamd_Moin_Aamer_Pirzada","Muhamamd Moin Aamer Pirzada",404,FALSE
"Muhammad_Abdul_Rauf_Siddiqui","Muhammad Abdul Rauf Siddiqui",404,FALSE
"Muhammad_Adrees","Muhammad Adrees",404,FALSE
"Muhammad_Akhtar","Muhammad Akhtar",404,FALSE
"Muhammad_Akram_Arain_Advocate","Muhammad Akram Arain Advocate",404,FALSE
"Muhammad_Aleem","Muhammad Aleem",404,FALSE
"Muhammad_Ali_Jawad","Muhammad Ali Jawad",404,FALSE
"Muhammad_Ali_Rashid","Muhammad Ali Rashid",1105,TRUE
"Muhammad_Ali_Rodeni","Muhammad Ali Rodeni",404,FALSE
"Muhammad_Amin","Muhammad Amin",545,TRUE
"Muhammad_Amin_Wattoo_","Muhammad Amin Wattoo.",404,FALSE
"Muhammad_Anwar_Khantareen","Muhammad Anwar Khantareen",404,FALSE
"Muhammad_Arif_Brohi","Muhammad Arif Brohi",404,FALSE
"Muhammad_Asif_Jah","Muhammad Asif Jah",404,FALSE
"Muhammad_Aslam__Retired_","Muhammad Aslam (Retired)",404,FALSE
"Muhammad_Azam","Muhammad Azam",416,TRUE
"Muhammad_Hafeez_Tabassum","Muhammad Hafeez Tabassum",404,FALSE
"Muhammad_Hanif_Ansari","Muhammad Hanif Ansari",404,FALSE
"Muhammad_Hussain_Awan","Muhammad Hussain Awan",404,FALSE
"Muhammad_Ilyas","Muhammad Ilyas",404,FALSE
"Muhammad_Imran_Gill","Muhammad Imran Gill",404,FALSE
"Muhammad_Imran_Ijaz_Butt","Muhammad Imran Ijaz Butt",404,FALSE
"Muhammad_Iqbal_Khan","Muhammad Iqbal Khan",886,TRUE
"Muhammad_Jan_Rind","Muhammad Jan Rind",404,FALSE
"Muhammad_Jawed_Hanif_Khan","Muhammad Jawed Hanif Khan",404,FALSE
"Muhammad_Jumma_Changazi","Muhammad Jumma Changazi",404,FALSE
"Muhammad_Junaid_Niaz_Siddiqui","Muhammad Junaid Niaz Siddiqui",404,FALSE
"Muhammad_Malik","Muhammad Malik",1105,TRUE
"Muhammad_Meraj_Ahmed","Muhammad Meraj Ahmed",404,FALSE
"Muhammad_Mureed_Brohi","Muhammad Mureed Brohi",404,FALSE
"Muhammad_Muzammil_Qureshi","Muhammad Muzammil Qureshi",404,FALSE
"Muhammad_Nawaz","Muhammad Nawaz",886,TRUE
"Muhammad_Pervaiz","Muhammad Pervaiz",404,FALSE
"Muhammad_Ramzan_Lashari","Muhammad Ramzan Lashari",404,FALSE
"Muhammad_Rashid_Saleem_Khanzada","Muhammad Rashid Saleem Khanzada",404,FALSE
"Muhammad_Rehan_Hashmi","Muhammad Rehan Hashmi",404,FALSE
"Muhammad_Roshan_Khan","Muhammad Roshan Khan",404,FALSE
"Muhammad_Saeed_Anwar","Muhammad Saeed Anwar",404,FALSE
"Muhammad_Saleem","Muhammad Saleem",404,FALSE
"Muhammad_Saleem_Langah","Muhammad Saleem Langah",404,FALSE
"Muhammad_Sarwar_Alvi","Muhammad Sarwar Alvi",404,FALSE
"Muhammad_Shafique","Muhammad Shafique",580,TRUE
"Muhammad_Shafique_Bhatti","Muhammad Shafique Bhatti",404,FALSE
"Muhammad_Shahid","Muhammad Shahid",607,TRUE
"Muhammad_Talib_Bhatti","Muhammad Talib Bhatti",404,FALSE
"Muhammad_Tariq_Pachar","Muhammad Tariq Pachar",404,FALSE
"Muhammad_Tufail_Thakar_Advocate","Muhammad Tufail Thakar Advocate",404,FALSE
"Muhammad_Yaqoob","Muhammad Yaqoob",965,TRUE
"Muhammad_Yaseen","Muhammad Yaseen",607,TRUE
"Muhammad_Zakir_Shaikh","Muhammad Zakir Shaikh",404,FALSE
"Muhammad_Zunbair_Anjum","Muhammad Zunbair Anjum",404,FALSE
"Mujahid_Abbas_Khan","Mujahid Abbas Khan",404,FALSE
"Mulana_Abdul_Baqi_Torkhel","Mulana Abdul Baqi Torkhel",404,FALSE
"Mumtaz_Bhai","Mumtaz Bhai",404,FALSE
"Munawar_Ali_Chohan","Munawar Ali Chohan",404,FALSE
"Munawar_Ali_Choohan_","Munawar Ali Choohan.",404,FALSE
"Munir_Ahmad","Munir Ahmad",1105,TRUE
"Munir_Ahmed_Pathan","Munir Ahmed Pathan",404,FALSE
"Munzleen","Munzleen",404,FALSE
"Mushtaq_Ali","Mushtaq Ali",404,FALSE
"Mustafa_Kamal","Mustafa Kamal",404,FALSE
"Muzammil_Hussain_Joyia","Muzammil Hussain Joyia",404,FALSE
"Nabeel_Ahmed_Gabol","Nabeel Ahmed Gabol",1105,TRUE
"Nadeem_Brohi_Bhai","Nadeem Brohi Bhai",404,FALSE
"Naeem_Ajmal_Khan_Lashari_Bedar","Naeem Ajmal Khan Lashari Bedar",404,FALSE
"Najma","Najma",404,FALSE
"Naseem_Akhtar","Naseem Akhtar",404,FALSE
"Naseer_Ahmed_Farooqi","Naseer Ahmed Farooqi",404,FALSE
"Nasir_Ayyub_Awan_Advocate","Nasir Ayyub Awan Advocate",404,FALSE
"Naveed_Akhter_Khan","Naveed Akhter Khan",404,FALSE
"Naveed_Hasan","Naveed Hasan",404,FALSE
"Nawab_Ali","Nawab Ali",404,FALSE
"Nazir_Ahmed_Abbasi","Nazir Ahmed Abbasi",404,FALSE
"Nazir_Hussain","Nazir Hussain",404,FALSE
"Nazli_Ifat_Tabasum","Nazli Ifat Tabasum",404,FALSE
"Nisar_Ahmed_Shar","Nisar Ahmed Shar",404,FALSE
"Nisar_Ahmed_Sultan_Tanoli","Nisar Ahmed Sultan Tanoli",404,FALSE
"Noor_Ahmad","Noor Ahmad",404,FALSE
"Noor_Mohammad_Sahito","Noor Mohammad Sahito",404,FALSE
"Paras","Paras",404,FALSE
"Peer_Nasir_Saqlalin_Muhammadi","Peer Nasir Saqlalin Muhammadi",404,FALSE
"Pir_Bux_Solangi","Pir Bux Solangi",404,FALSE
"Pir_Syed_Farzand_Ali_Shah","Pir Syed Farzand Ali Shah",404,FALSE
"Pir_Zaman_Shah","Pir Zaman Shah",404,FALSE
"Poonjo_Bheel_Advocate","Poonjo Bheel Advocate",404,FALSE
"Prem_Chand","Prem Chand",404,FALSE
"Prof__Mushtaq_Hussain_Mughal","Prof. Mushtaq Hussain Mughal",404,FALSE
"Prof_muhammad_Sagheer_Choudhary_","Prof.muhammad Sagheer Choudhary.",404,FALSE
"Professor_Khursheed_Ahmed_Siddiqui","Professor Khursheed Ahmed Siddiqui",404,FALSE
"Qalib_Abbas_Malik","Qalib Abbas Malik",404,FALSE
"Qayum_Khan","Qayum Khan",404,FALSE
"Rai_Muhammad_Younas","Rai Muhammad Younas",404,FALSE
"Raja_Ajaz_Hussain","Raja Ajaz Hussain",404,FALSE
"Raja_Imran_Ashraf","Raja Imran Ashraf",1105,TRUE
"Rana_Abdul_Rehman_Sultani","Rana Abdul Rehman Sultani",404,FALSE
"Rana_Farhat_Ali_Advocate","Rana Farhat Ali Advocate",404,FALSE
"Rana_Muhamamd_Ashraf","Rana Muhamamd Ashraf",404,FALSE
"Rana_Muhammad_Abu_Bakar","Rana Muhammad Abu Bakar",404,FALSE
"Rana_Muhammad_Arif_Raza","Rana Muhammad Arif Raza",404,FALSE
"Rana_Muhammad_Arshad_Khan","Rana Muhammad Arshad Khan",404,FALSE
"Rana_Nisar_Ahmed","Rana Nisar Ahmed",404,FALSE
"Rana_Sajid_Mehmood_Advocate","Rana Sajid Mehmood Advocate",404,FALSE
"Rana_Zafar_Ali_Khan","Rana Zafar Ali Khan",404,FALSE
"Rana_Zahoor_Ul_Haq_Advocate","Rana Zahoor Ul Haq Advocate",404,FALSE
"Rana_Zulqarnain_Khan","Rana Zulqarnain Khan",404,FALSE
"Rao_Abdul_Qayoum_Khan_Advocate","Rao Abdul Qayoum Khan Advocate",404,FALSE
"Rao_Abdul_Qayyum_Khan_Advocate","Rao Abdul Qayyum Khan Advocate",404,FALSE
"Rao_Muhammad_Farman_Uarf_Chotu_Chacha","Rao Muhammad Farman Uarf Chotu Chacha",404,FALSE
"Razia_Iqbal","Razia Iqbal",404,FALSE
"Razziq_Mehmood_Bhatti","Razziq Mehmood Bhatti",404,FALSE
"Riaz_Ahmed","Riaz Ahmed",1105,TRUE
"Riaz_Shar","Riaz Shar",404,FALSE
"Rizwan_Zafar","Rizwan Zafar",404,FALSE
"S_a_iqbal_Qadri","S.a.iqbal Qadri",404,FALSE
"Saba_Anwar","Saba Anwar",404,FALSE
"Sadiq_Iftikhar","Sadiq Iftikhar",404,FALSE
"Safdar_Ali","Safdar Ali",886,TRUE
"Saifullah_Khan","Saifullah Khan",404,FALSE
"Sajid_Ahmed","Sajid Ahmed",404,FALSE
"Sajid_Wahab_Khanzada","Sajid Wahab Khanzada",404,FALSE
"Sajjad_Ahmad_Naseem","Sajjad Ahmad Naseem",404,FALSE
"Sakhi_Dad_Mari","Sakhi Dad Mari",404,FALSE
"Salahuddin","Salahuddin",404,FALSE
"Samia_Naz","Samia Naz",404,FALSE
"Sardar_Afzaal_Ahmed_Madahar_Advocate","Sardar Afzaal Ahmed Madahar Advocate",404,FALSE
"Sardar_Ameer_Qalam_Awan","Sardar Ameer Qalam Awan",404,FALSE
"Sardar_Ghulam_Mujtaba_Khan","Sardar Ghulam Mujtaba Khan",404,FALSE
"Sardar_Nabeel_Ahmed_Gabol","Sardar Nabeel Ahmed Gabol",404,FALSE
"Sarfaraz_Khan","Sarfaraz Khan",404,FALSE
"Sarwar_Khan_Lashri_Advocate_High_Court_","Sarwar Khan Lashri Advocate High Court.",404,FALSE
"Shabbir_Ahmed_Qaimkhani","Shabbir Ahmed Qaimkhani",404,FALSE
"Shah_Nawaz_Mahar","Shah Nawaz Mahar",404,FALSE
"Shahid_Akram","Shahid Akram",404,FALSE
"Shahid_Khan_Advocate","Shahid Khan Advocate",404,FALSE
"Shahid_Parvaiz_Dogar_Advocate","Shahid Parvaiz Dogar Advocate",404,FALSE
"Shahid_Sultan","Shahid Sultan",404,FALSE
"Shahinshah_Khuddar","Shahinshah Khuddar",404,FALSE
"Shaikh_Salahuddin","Shaikh Salahuddin",404,FALSE
"Shakeel_Ahmed","Shakeel Ahmed",404,FALSE
"Shaukatullah_Farooqui","Shaukatullah Farooqui",404,FALSE
"Shehbaz_Khan_Umrani","Shehbaz Khan Umrani",404,FALSE
"Shehzad_Asif_Javed","Shehzad Asif Javed",404,FALSE
"Sheikh_Qaisar_Javed","Sheikh Qaisar Javed",404,FALSE
"Sheikh_Salahuddin","Sheikh Salahuddin",404,FALSE
"Sher_Muhammad_Nohri","Sher Muhammad Nohri",404,FALSE
"Siraj-Ud-Din","Siraj-Ud-Din",404,FALSE
"Sohail_Ahmed_Abbasi","Sohail Ahmed Abbasi",404,FALSE
"Sohail_Mansoor_Khawaja","Sohail Mansoor Khawaja",1105,TRUE
"Sufyan_Yousuf","Sufyan Yousuf",404,FALSE
"Suhail_Ahmed_Abbasi_Advocate_","Suhail Ahmed Abbasi Advocate.",404,FALSE
"Suheno","Suheno",404,FALSE
"Syed_Akhter_Ul_Iqbal_Qadri","Syed Akhter Ul Iqbal Qadri",404,FALSE
"Syed_Ali_Abbas_Shah","Syed Ali Abbas Shah",404,FALSE
"Syed_Ali_Raza_Abidi","Syed Ali Raza Abidi",404,FALSE
"Syed_Ashraf_Hussain_Shah","Syed Ashraf Hussain Shah",404,FALSE
"Syed_Asif_Hasnain","Syed Asif Hasnain",404,FALSE
"Syed_Baqar_Ahsan","Syed Baqar Ahsan",404,FALSE
"Syed_Farzand_Ali_Shah","Syed Farzand Ali Shah",404,FALSE
"Syed_Ghulam_Shabbir_Shah","Syed Ghulam Shabbir Shah",404,FALSE
"Syed_Haider_Abbas_Rizvi","Syed Haider Abbas Rizvi",404,FALSE
"Syed_Imran_Abdullah_so_Syed_Muhammd_Abdullah_Shah","Syed Imran Abdullah so Syed Muhammd Abdullah Shah",404,FALSE
"Syed_Imran_Hyder_Shah","Syed Imran Hyder Shah",404,FALSE
"Syed_Iqbal_Hussain","Syed Iqbal Hussain",404,FALSE
"Syed_Jamil_Ur_Rab","Syed Jamil Ur Rab",404,FALSE
"Syed_Jehan_Shah__Retd_","Syed Jehan Shah (Retd)",404,FALSE
"Syed_Munir_Ul_Haq_Advocate_Attock","Syed Munir Ul Haq Advocate Attock",404,FALSE
"Syed_Murtaza_Hussain_Shah","Syed Murtaza Hussain Shah",404,FALSE
"Syed_Nadeem_Hyder_Shah_Advocate","Syed Nadeem Hyder Shah Advocate",404,FALSE
"Syed_Nadeem_Mansoor","Syed Nadeem Mansoor",404,FALSE
"Syed_Naveed_Anjum_Bukhari","Syed Naveed Anjum Bukhari",404,FALSE
"Syed_Rafi_Uddin","Syed Rafi Uddin",404,FALSE
"Syed_Riffat_Hussain_Shah","Syed Riffat Hussain Shah",404,FALSE
"Syed_Sajjad_Hussain_Shah","Syed Sajjad Hussain Shah",965,TRUE
"Syed_Tayyab_Hussain","Syed Tayyab Hussain",404,FALSE
"Syed_Waseem_Hussain","Syed Waseem Hussain",404,FALSE
"Syed_Zafar_Iqbal_Bukhari","Syed Zafar Iqbal Bukhari",404,FALSE
"Syed_Zahid_Ali_Shah","Syed Zahid Ali Shah",404,FALSE
"Ubedullah","Ubedullah",404,FALSE
"Waheed_Ahmed_Mughal","Waheed Ahmed Mughal",404,FALSE
"Waheed_Ud_Din","Waheed Ud Din",404,FALSE
"Walidad","Walidad",404,FALSE
"Waseem_Ahmed","Waseem Ahmed",404,FALSE
"Waseem_Akhter","Waseem Akhter",404,FALSE
"Wasiullah_Lakhoo","Wasiullah Lakhoo",404,FALSE
"Wing_Commander_r__Muhammad_Nawaz_Asim","Wing Commander(r) Muhammad Nawaz Asim",404,FALSE
"Zafar_Iqbal","Zafar Iqbal",547,TRUE
"Zaheer_Ahmed","Zaheer Ahmed",404,FALSE
"Zahid_Ali_Ujjan","Zahid Ali Ujjan",404,FALSE
"Zahid_Mehmood_Kiani","Zahid Mehmood Kiani",404,FALSE
"Zair_Ullah_Khan","Zair Ullah Khan",404,FALSE
"Zameer_Ahmed","Zameer Ahmed",404,FALSE
"Zeeshan_Hasan_Sidhu_Advocate","Zeeshan Hasan Sidhu Advocate",404,FALSE
"Zulfiqar_Ali","Zulfiqar Ali",404,FALSE
"Khadam_Hussain","Khadam Hussain",1,FALSE
"Nadeem_Mumtaz_Qureshi","Nadeem Mumtaz Qureshi",1,FALSE
"Meer_Rab_Nawaz_Khan","Meer Rab Nawaz Khan",0,FALSE
"Abdul_Hai_Sheikh_Qari_Sahab","Abdul Hai Sheikh Qari Sahab",86,FALSE
"Abdul_Hakam","Abdul Hakam",86,FALSE
"Abdul_Hanan","Abdul Hanan",86,FALSE
"Abdul_Khaliq_Rehmani","Abdul Khaliq Rehmani",121,TRUE
"Abdul_Rasheed","Abdul Rasheed",167,TRUE
"Amanullah_Usmani","Amanullah Usmani",86,FALSE
"Anus_Bin_Malik","Anus Bin Malik",86,FALSE
"Asghar_Ali_Abbasi","Asghar Ali Abbasi",86,FALSE
"Atta_Ullah","Atta Ullah",86,FALSE
"Bashir_Ahmad","Bashir Ahmad",86,FALSE
"Bilal_Ahmed","Bilal Ahmed",86,FALSE
"Chand_Faisal","Chand Faisal",86,FALSE
"Faridullah","Faridullah",86,FALSE
"Fiaz_Ur_Rehman_Siddiqui","Fiaz Ur Rehman Siddiqui",86,FALSE
"Ghulam_Muhammad","Ghulam Muhammad",573,TRUE
"Gul_Wazir_Shaheen","Gul Wazir Shaheen",86,FALSE
"Habibullah_Mukhtiar","Habibullah Mukhtiar",86,FALSE
"Hafeezullah_Chandio","Hafeezullah Chandio",86,FALSE
"Hafiz_Asim_Makdoom","Hafiz Asim Makdoom",86,FALSE
"Hafiz_Manzoor_Ahmed_Solangi","Hafiz Manzoor Ahmed Solangi",86,FALSE
"Hafiz_Mohammad_Akber","Hafiz Mohammad Akber",86,FALSE
"Hafiz_Muhammad_Hanif_Usmani","Hafiz Muhammad Hanif Usmani",86,FALSE
"Hafiz_Muhammad_Safdar_Qasmi","Hafiz Muhammad Safdar Qasmi",86,FALSE
"Hafiz_Orangzaib","Hafiz Orangzaib",86,FALSE
"Hafiz_Qudratullah_Arif_Khan","Hafiz Qudratullah Arif Khan",86,FALSE
"Hafiz_Rana_Muhammad_Usman_Shakar","Hafiz Rana Muhammad Usman Shakar",86,FALSE
"Hakeem_Jameel_Asghar_Khizri","Hakeem Jameel Asghar Khizri",86,FALSE
"Hakeem_Muhammad_Sadique","Hakeem Muhammad Sadique",86,FALSE
"Imdad_Ali","Imdad Ali",121,TRUE
"Ishtiaq_Ahmad","Ishtiaq Ahmad",86,FALSE
"Khalifa_Abdul_Qayyum","Khalifa Abdul Qayyum",86,FALSE
"Khwaja_Muhammad","Khwaja Muhammad",86,FALSE
"Mahar_Ghulam_Shabir","Mahar Ghulam Shabir",86,FALSE
"Maulana_Rasheed_Ahmad","Maulana Rasheed Ahmad",86,FALSE
"Maulana_Umar_Farooq_Saddiqui","Maulana Umar Farooq Saddiqui",86,FALSE
"Mohammad_Ramzan_Malik_Mdm","Mohammad Ramzan Malik Mdm",86,FALSE
"Mohammad_Tayyab","Mohammad Tayyab",86,FALSE
"Molana_Abdul_Waheed","Molana Abdul Waheed",86,FALSE
"Molana_Hamid_Ul_Haq_Haqqani","Molana Hamid Ul Haq Haqqani",86,FALSE
"Molana_Hidayat_Ullah_Khan_Chishti","Molana Hidayat Ullah Khan Chishti",86,FALSE
"Molana_Iftikhar_Ahmed","Molana Iftikhar Ahmed",86,FALSE
"Molana_Muhammad_Ahmad_Ludhianvi","Molana Muhammad Ahmad Ludhianvi",86,FALSE
"Molana_Muhammad_Bilal_Umer","Molana Muhammad Bilal Umer",86,FALSE
"Molana_Taj_Muhammad_Hanfi","Molana Taj Muhammad Hanfi",86,FALSE
"Mollana_Abdul_Kabeer_Shahkir","Mollana Abdul Kabeer Shahkir",86,FALSE
"Molvi_Abdul_Hai","Molvi Abdul Hai",86,FALSE
"Mr_ayoub_Chandio","Mr.ayoub Chandio",86,FALSE
"Muhammad_Arfan_Siddiquei_Advocate","Muhammad Arfan Siddiquei Advocate",86,FALSE
"Muhammad_Ashiq_Khan","Muhammad Ashiq Khan",86,FALSE
"Muhammad_Aslam_Siddiqui","Muhammad Aslam Siddiqui",86,FALSE
"Muhammad_Basir_Sikhan_Advocate","Muhammad Basir Sikhan Advocate",86,FALSE
"Muhammad_Hayat_Muhammad_Hassani","Muhammad Hayat Muhammad Hassani",86,FALSE
"Muhammad_Ibrahim_Qasmi","Muhammad Ibrahim Qasmi",86,FALSE
"Muhammad_Iqbal_Jutt","Muhammad Iqbal Jutt",86,FALSE
"Muhammad_Muhsan_Rahmani","Muhammad Muhsan Rahmani",86,FALSE
"Muhammad_Naseem_Khan","Muhammad Naseem Khan",86,FALSE
"Muhammad_Sarwar","Muhammad Sarwar",86,FALSE
"Mulana_Muhammad_Asif_Moavia_Sial","Mulana Muhammad Asif Moavia Sial",86,FALSE
"Qari_Abdul_Majeed","Qari Abdul Majeed",86,FALSE
"Qari_Abdul_Majeed_Pitafi","Qari Abdul Majeed Pitafi",86,FALSE
"Qari_Asghar_Ali","Qari Asghar Ali",86,FALSE
"Qari_Faqir_Mohammad_Hazarvi","Qari Faqir Mohammad Hazarvi",86,FALSE
"Qari_Hussain_Ahmad_Shad","Qari Hussain Ahmad Shad",86,FALSE
"Qazi_Naeem_Akhtar","Qazi Naeem Akhtar",86,FALSE
"Qazi_Saif_Ullah_Khan","Qazi Saif Ullah Khan",86,FALSE
"Qudratullah_Rajput","Qudratullah Rajput",86,FALSE
"Raheem_Bukhsh","Raheem Bukhsh",86,FALSE
"Rana_Hafiz_Abdul_Jabbar_Muavia","Rana Hafiz Abdul Jabbar Muavia",86,FALSE
"Rao_Habib_Ur_Rehman","Rao Habib Ur Rehman",86,FALSE
"Rao_Muhammad_Javaid_Iqbal","Rao Muhammad Javaid Iqbal",86,FALSE
"Rehan_Mehmood_Zia","Rehan Mehmood Zia",86,FALSE
"Syed_Bahroon_Shah","Syed Bahroon Shah",86,FALSE
"Syed_Faisal_Hussain_Shah_Gillani","Syed Faisal Hussain Shah Gillani",86,FALSE
"Syed_Muhammad_Subtain_Shah_Naqvi","Syed Muhammad Subtain Shah Naqvi",86,FALSE
"Tahir_Aqeel","Tahir Aqeel",86,FALSE
"Ubaid_Ullah","Ubaid Ullah",298,TRUE
"Zaheer_Uddin_Baber","Zaheer Uddin Baber",86,FALSE
"Zar_Wali_Khan","Zar Wali Khan",86,FALSE
"Habib_Noor","Habib Noor",2,FALSE
"Malik_Habib_Malak_Orakzai","Malik Habib Malak Orakzai",2,FALSE
"Noor_Jamal_Shah","Noor Jamal Shah",2,FALSE
"Abdul_Aziz_Baloch","Abdul Aziz Baloch",108,FALSE
"Abdul_Aziz_Khan_Khilji_Advocate","Abdul Aziz Khan Khilji Advocate",108,FALSE
"Abdul_Moeen_Qureshi","Abdul Moeen Qureshi",108,FALSE
"Abdullah_Shaikh","Abdullah Shaikh",108,FALSE
"Allama_Doctor_Muhammad_Anees_Rohani","Allama Doctor Muhammad Anees Rohani",108,FALSE
"Anwar_Ul_Habib","Anwar Ul Habib",108,FALSE
"Aslam_Katchela","Aslam Katchela",108,FALSE
"Attaullah_Khoso","Attaullah Khoso",108,FALSE
"Aziz_Ud_Din","Aziz Ud Din",108,FALSE
"Doctor_Muhammad_Khalid_Raza_Pir_Zakori_Sharif","Doctor Muhammad Khalid Raza Pir Zakori Sharif",108,FALSE
"Dr__Abdul_Rehman_Shakir","Dr. Abdul Rehman Shakir",108,FALSE
"Dr__Abid_Rauf_Orakzai","Dr. Abid Rauf Orakzai",108,FALSE
"Ehsan_Bari_Mian_Doctor_Sahib","Ehsan Bari Mian Doctor Sahib",108,FALSE
"Ghulam_Kibriya_Rizwan__G_k__Rizwan_Advocate_","Ghulam Kibriya Rizwan (G.k. Rizwan Advocate)",108,FALSE
"Hafiz_Abdul_Razaq_Parhyar","Hafiz Abdul Razaq Parhyar",108,FALSE
"Hafiz_Muhammad_Ejaz-Ul-Haq_Ch_","Hafiz Muhammad Ejaz-Ul-Haq Ch.",108,FALSE
"Hafiz_Muhammad_Hanif_Zafar__Advocate_","Hafiz Muhammad Hanif Zafar (Advocate)",108,FALSE
"Hafiz_Muhammad_Ibrahim_Soomro","Hafiz Muhammad Ibrahim Soomro",108,FALSE
"Hafiz_Muhammad_Idrees","Hafiz Muhammad Idrees",108,FALSE
"Hafiz_Muhammad_Nadeem","Hafiz Muhammad Nadeem",108,FALSE
"Hafiz_Saeed_Ahmad","Hafiz Saeed Ahmad",108,FALSE
"Hafiz_Sana_Ullah","Hafiz Sana Ullah",108,FALSE
"Haji_Abdul_Jalil_Jan","Haji Abdul Jalil Jan",108,FALSE
"Haji_Rozuddin","Haji Rozuddin",108,FALSE
"Hidayat-Ur-Rehman","Hidayat-Ur-Rehman",108,FALSE
"Ibrahim_Rais_Advocate","Ibrahim Rais Advocate",108,FALSE
"Iftikhar_Ahmed_Haqani","Iftikhar Ahmed Haqani",108,FALSE
"Iftikhar_Ahmed_Haqqani","Iftikhar Ahmed Haqqani",108,FALSE
"Imdad_Hussain_Pitafi","Imdad Hussain Pitafi",108,FALSE
"Kari_Abdul_Rasheed_Awan__Retired_","Kari Abdul Rasheed Awan (Retired)",108,FALSE
"Khawja_Ghulam_Nizam_Ud_Din","Khawja Ghulam Nizam Ud Din",108,FALSE
"Malik_Faiz_Muhammad_Adovocate","Malik Faiz Muhammad Adovocate",108,FALSE
"Manzoor_Ahmed_Soomro","Manzoor Ahmed Soomro",108,FALSE
"Maulana_Atta-Ul-Haq","Maulana Atta-Ul-Haq",108,FALSE
"Maulana_Malik_Muhammad_Khan_Sherani","Maulana Malik Muhammad Khan Sherani",108,FALSE
"Maulana_Mohammad_Qasim","Maulana Mohammad Qasim",108,FALSE
"Maulana_Nisar_Khan","Maulana Nisar Khan",108,FALSE
"Maulana_Rehmat_Ullah","Maulana Rehmat Ullah",108,FALSE
"Maulana_Sadiq_Ahmad","Maulana Sadiq Ahmad",108,FALSE
"Maulana_Zahoor_Ahmad_Ranjha","Maulana Zahoor Ahmad Ranjha",108,FALSE
"Mir_Wali","Mir Wali",108,FALSE
"Mohammad_Hafizur_Rehman","Mohammad Hafizur Rehman",108,FALSE
"Molana_Abdul_Ghafoor_Hyderi_","Molana Abdul Ghafoor Hyderi.",108,FALSE
"Molana_Abdul_Ghafoor_Qasimi","Molana Abdul Ghafoor Qasimi",108,FALSE
"Molana_Abdul_Hai","Molana Abdul Hai",108,FALSE
"Molana_Fazal_Azim","Molana Fazal Azim",108,FALSE
"Molana_Shujah-Ul-Mulk","Molana Shujah-Ul-Mulk",108,FALSE
"Molvi_Agha_Muhammad","Molvi Agha Muhammad",108,FALSE
"Molvi_Attaullah","Molvi Attaullah",108,FALSE
"Molvi_Faizullah","Molvi Faizullah",108,FALSE
"Molvi_Fateh_Mohammad_Maheri","Molvi Fateh Mohammad Maheri",108,FALSE
"Molvi_Karimdad","Molvi Karimdad",108,FALSE
"Molvi_Muhammad_Idrees_Soomro","Molvi Muhammad Idrees Soomro",108,FALSE
"Molvi_Muhammad_Jehangir_Khan","Molvi Muhammad Jehangir Khan",108,FALSE
"Molvi_Qamar-Ud-Din","Molvi Qamar-Ud-Din",108,FALSE
"Moulana_Abdul_Karim_Abid","Moulana Abdul Karim Abid",108,FALSE
"Moulana_Abdul_Razaque_Abid_Lakho_","Moulana Abdul Razaque Abid Lakho.",108,FALSE
"Moulana_Abdul_Samad_Shahwani___r_","Moulana Abdul Samad Shahwani. (r)",108,FALSE
"Moulana_Muhammad_Zahid_Anwar","Moulana Muhammad Zahid Anwar",108,FALSE
"Moulana_Siddique_Mughari","Moulana Siddique Mughari",108,FALSE
"Moulanataj_Muhammad_Nahiyon","Moulanataj Muhammad Nahiyon",108,FALSE
"Mr__Mufti_Wali_Muhammad","Mr. Mufti Wali Muhammad",108,FALSE
"Mufti_Abdul_Nabi_Langah","Mufti Abdul Nabi Langah",108,FALSE
"Mufti_Ahtisham-Ul-Haq_Asia_Abadi","Mufti Ahtisham-Ul-Haq Asia Abadi",108,FALSE
"Mufti_Ajmal_Khan","Mufti Ajmal Khan",108,FALSE
"Mufti_Ali_Hassan_Buriro_","Mufti Ali Hassan Buriro.",108,FALSE
"Mufti_Fazal-Ur-Rehman_Nasir_","Mufti Fazal-Ur-Rehman Nasir.",108,FALSE
"Mufti_Hafiz_Muhammad_Usman","Mufti Hafiz Muhammad Usman",108,FALSE
"Mufti_Muhammad_Hanif_Khoso","Mufti Muhammad Hanif Khoso",108,FALSE
"Mufti_Muhammad_Sajjad","Mufti Muhammad Sajjad",108,FALSE
"Mufti_Muhammad_Younas","Mufti Muhammad Younas",108,FALSE
"Muhammad_Akram_Abbasi","Muhammad Akram Abbasi",108,FALSE
"Muhammad_Faiz-Ur-Rehman","Muhammad Faiz-Ur-Rehman",108,FALSE
"Muhammad_Idrees_Haqani","Muhammad Idrees Haqani",108,FALSE
"Muhammad_Ilyas_Siddique_Advocate","Muhammad Ilyas Siddique Advocate",108,FALSE
"Muhammad_Rab_Nawaz","Muhammad Rab Nawaz",108,FALSE
"Muhammad_Ramzan_Phulpoto","Muhammad Ramzan Phulpoto",108,FALSE
"Muhammad_Riaz_Noori","Muhammad Riaz Noori",108,FALSE
"Muhammad_Siddique_Rathor","Muhammad Siddique Rathor",108,FALSE
"Muhammad_Zubair_Kayani","Muhammad Zubair Kayani",108,FALSE
"Prof__Abdul_Rehman_Ludhanvi","Prof. Abdul Rehman Ludhanvi",108,FALSE
"Professor_Raja_Aurangzeb_Khan","Professor Raja Aurangzeb Khan",108,FALSE
"Qari_Muhammad_Usman","Qari Muhammad Usman",108,FALSE
"Qari_Muhammad_Yousaf","Qari Muhammad Yousaf",108,FALSE
"Qari_Muhammad_Zawar_Bahadur","Qari Muhammad Zawar Bahadur",108,FALSE
"Qari_Muhammad_Zawar_Bahadur__Retired_","Qari Muhammad Zawar Bahadur (Retired)",108,FALSE
"Qari_Syed_Abdul_Rahim_Shah","Qari Syed Abdul Rahim Shah",108,FALSE
"Qazi_Fazal_Ullah","Qazi Fazal Ullah",108,FALSE
"Qazi_Hameed_Ullah_Khan","Qazi Hameed Ullah Khan",108,FALSE
"Raja_Ishtiaq_Ahmed","Raja Ishtiaq Ahmed",108,FALSE
"Rauy_Bashir_Ahmad","Rauy Bashir Ahmad",108,FALSE
"Rehmatullah_Tunsuwani","Rehmatullah Tunsuwani",108,FALSE
"Sahibzada_Abul_Khair_Muhammad_Zubair","Sahibzada Abul Khair Muhammad Zubair",108,FALSE
"Sahibzada_Khalid_Jan","Sahibzada Khalid Jan",108,FALSE
"Said_Mukhtar_Ahmed","Said Mukhtar Ahmed",108,FALSE
"Saleemullah_Khan_Tarak","Saleemullah Khan Tarak",108,FALSE
"Saqib_Rehman_","Saqib Rehman.",108,FALSE
"Shabbir_Abu_Talib","Shabbir Abu Talib",108,FALSE
"Sibghatullah_Chuadhry","Sibghatullah Chuadhry",108,FALSE
"Syed_Abdul_Salam_Hassan_Raza_Naqvi","Syed Abdul Salam Hassan Raza Naqvi",108,FALSE
"Syed_Muhammad_Ayoub_","Syed Muhammad Ayoub.",108,FALSE
"Arbab_Liaquat_Ali","Arbab Liaquat Ali",7,FALSE
"Jaffar_Ali","Jaffar Ali",7,FALSE
"Mohsin_Sajjad_Utraa","Mohsin Sajjad Utraa",7,FALSE
"Muntazir_Mehdi","Muntazir Mehdi",7,FALSE
"Ruqia_Sultana","Ruqia Sultana",7,FALSE
"Syed_Arif_Raza_Zaidi","Syed Arif Raza Zaidi",7,FALSE
"Syeda_Zainab_Kazmi","Syeda Zainab Kazmi",7,FALSE
"Abdul_Kareem_Khetran","Abdul Kareem Khetran",11,FALSE
"Abdul_Khaliq_Baloch","Abdul Khaliq Baloch",11,FALSE
"Dr_Abdul_Hayee_Baloch","Dr Abdul Hayee Baloch",11,FALSE
"Haji_Musa_Jan_Khilji","Haji Musa Jan Khilji",11,FALSE
"Mir_Muhammad_Ayoub_Jattak","Mir Muhammad Ayoub Jattak",11,FALSE
"Mmad_Yasin_Baloch","Mmad Yasin Baloch",11,FALSE
"Sardar_Kamal_Khan_Bangulzai","Sardar Kamal Khan Bangulzai",11,FALSE
"Sardar_Sanaullah_Zehri_","Sardar Sanaullah Zehri.",11,FALSE
"Shah_Nawaz","Shah Nawaz",155,TRUE
"Yar_Muhammad_Bangulzai","Yar Muhammad Bangulzai",11,FALSE
"Abdul_Mujeeb_Pirzada","Abdul Mujeeb Pirzada",5,FALSE
"Ghulam_Murtaza_Khan_Jatoi","Ghulam Murtaza Khan Jatoi",5,FALSE
"Ghulam_Rasool_Khan_Jatoi","Ghulam Rasool Khan Jatoi",5,FALSE
"Muhammad_Ibrahim_Jatoi","Muhammad Ibrahim Jatoi",5,FALSE
"Rais_Ghulam_Murtaza_Jatoi","Rais Ghulam Murtaza Jatoi",5,FALSE
"Ahmad_Jaan","Ahmad Jaan",5,FALSE
"Aimal_Nasir_Khan","Aimal Nasir Khan",5,FALSE
"Mohsin_Javed","Mohsin Javed",5,FALSE
"Muhammad_Asghar_Khan","Muhammad Asghar Khan",5,FALSE
"Syed_Nadeem_Shah","Syed Nadeem Shah",5,FALSE
"Abdul_Khalique","Abdul Khalique",13,FALSE
"Faiza_Rafique","Faiza Rafique",13,FALSE
"Ijaz_Hussain","Ijaz Hussain",13,FALSE
"m_Naeem","m Naeem",13,FALSE
"Mir_Kabeer_Ahmed","Mir Kabeer Ahmed",13,FALSE
"Muhammad_Hussain_Wattoo","Muhammad Hussain Wattoo",13,FALSE
"Phaleen","Phaleen",13,FALSE
"Sabira_Asad","Sabira Asad",13,FALSE
"Yar_Muhammad","Yar Muhammad",13,FALSE
"Yasar_Altaf_Rana","Yasar Altaf Rana",13,FALSE
"Yasmeen_Bibi_Lehri","Yasmeen Bibi Lehri",13,FALSE
"Major_General_Saad_Khattak","Major General Saad Khattak",1,FALSE
"Zulfiqar_Ali_Dasti","Zulfiqar Ali Dasti",1,FALSE
"Saira_Khatoon","Saira Khatoon",2,FALSE
"Sayyed_Khalid_Mehmood_Shah","Sayyed Khalid Mehmood Shah",2,FALSE
"Shahid_Ahmad","Shahid Ahmad",2,FALSE
"Moulana_Abdul_Hafiz","Moulana Abdul Hafiz",1,FALSE
"S_m_Farooq","S.m Farooq",1,FALSE
"Ali_Adrees","Ali Adrees",1,FALSE
"Syed_Zahid_Abbas_Kazmi","Syed Zahid Abbas Kazmi",1,FALSE
"Asia_Chudhary","Asia Chudhary",3,FALSE
"Haji_Muhammad_Gulzar_Awan","Haji Muhammad Gulzar Awan",712,TRUE
"Mirza_Zaheer_Ahmed_Babar","Mirza Zaheer Ahmed Babar",3,FALSE
"Raja_Muhammad_Aftab_Satti","Raja Muhammad Aftab Satti",3,FALSE
"Raziq_Dad","Raziq Dad",1,FALSE
"Abdul_Aziz_Khan","Abdul Aziz Khan",3,FALSE
"Ghulam_Habib_Marwat","Ghulam Habib Marwat",3,FALSE
"Makhdoom_Nasir_Farid_Chishti","Makhdoom Nasir Farid Chishti",3,FALSE
"Rubina_Shaheen_Wattoo","Rubina Shaheen Wattoo",3,FALSE
"Imam_Ali_Brohi","Imam Ali Brohi",0,FALSE
"Danish_Channa","Danish Channa",2,FALSE
"Muhammad_Jaffar_Jatoi","Muhammad Jaffar Jatoi",2,FALSE
"Raheeman","Raheeman",2,FALSE
"Ch_muhammad_Ashraf","Ch.muhammad Ashraf",1,FALSE
"Nawab_Zada_Mansoor_Ahmad_Khan","Nawab Zada Mansoor Ahmad Khan",1,FALSE
"Abdul_Shakoor","Abdul Shakoor",18,TRUE
"Admiral_r_Javaid_Iqbal","Admiral r Javaid Iqbal",16,FALSE
"Admiral_r_Javed_Iqbal","Admiral r Javed Iqbal",16,FALSE
"Ameer_Ahmad_Awan","Ameer Ahmad Awan",16,FALSE
"Asghar_Ali_Javed","Asghar Ali Javed",16,FALSE
"Choudhary_Muhammad_Rafi","Choudhary Muhammad Rafi",16,FALSE
"Hafiz_Muhammad_Abid_Khan_Saeedi","Hafiz Muhammad Abid Khan Saeedi",16,FALSE
"Khalid_Jamal_Siddiqui","Khalid Jamal Siddiqui",16,FALSE
"Muhammad_Salman_Ansari","Muhammad Salman Ansari",16,FALSE
"Nasir_Abbas","Nasir Abbas",503,TRUE
"Nasir_Raheem","Nasir Raheem",16,FALSE
"Nazar_Ali_Mazari","Nazar Ali Mazari",16,FALSE
"Rahmaan_Alli","Rahmaan Alli",16,FALSE
"Syed_Ahmed_Ali","Syed Ahmed Ali",16,FALSE
"Syed_Iqbal_Shah","Syed Iqbal Shah",16,FALSE
"Syed_Rashid_Ali_Gerdazi","Syed Rashid Ali Gerdazi",16,FALSE
"Tariq_Yaseen","Tariq Yaseen",16,FALSE
"Doctor_Muhammad_Rashid_Qammar","Doctor Muhammad Rashid Qammar",4,FALSE
"Muhammad_Arshad_Hussain_Chishti","Muhammad Arshad Hussain Chishti",4,FALSE
"Sardar_Naseer_Ahmed","Sardar Naseer Ahmed",4,FALSE
"Sufi_Muhammad_Ali_Naqshbandi","Sufi Muhammad Ali Naqshbandi",4,FALSE
"Miss_Mehwish_Chaudhary","Miss Mehwish Chaudhary",1,FALSE
"Mrs_Mehwish_Chaudhry_Advocate","Mrs Mehwish Chaudhry Advocate",1,FALSE
"Muhammad_Ali_Sheikh","Muhammad Ali Sheikh",0,FALSE
"Ilhaaj_Muhammad_Hassan_Chaudhry","Ilhaaj Muhammad Hassan Chaudhry",0,FALSE
"Muhammad_Yousuf_Kureshy","Muhammad Yousuf Kureshy",0,FALSE
"Ch_Ijaz_Hussain_Gujjar_Advocate","Ch Ijaz Hussain Gujjar Advocate",12,FALSE
"Ch_Muhammad_Majeed_Gill_Advocate","Ch Muhammad Majeed Gill Advocate",12,FALSE
"Chudhary_Ghulam_Rasool_Mehr","Chudhary Ghulam Rasool Mehr",12,FALSE
"Malik_Mansaf_Awan_Advocate","Malik Mansaf Awan Advocate",12,FALSE
"Malik_Noor_Muhammad_Sarfraz_Awan_Advocate","Malik Noor Muhammad Sarfraz Awan Advocate",12,FALSE
"Mian_Ghulam_Rasool_Advocate","Mian Ghulam Rasool Advocate",12,FALSE
"Muhammad_Arshad_Faqir","Muhammad Arshad Faqir",12,FALSE
"Muhammad_Naeem_Kashif_Adv","Muhammad Naeem Kashif Adv",12,FALSE
"Muhammad_Shakeel_Tahir","Muhammad Shakeel Tahir",12,FALSE
"Qari_Nadeem_Ahmad_Owaisi","Qari Nadeem Ahmad Owaisi",12,FALSE
"Rai_Muhammad_Nawaz_Kharal_Advocate","Rai Muhammad Nawaz Kharal Advocate",12,FALSE
"Zafar_Iqbal_Rajput_Khokhar","Zafar Iqbal Rajput Khokhar",12,FALSE
"Abdul_Ghafoor_Kolachi","Abdul Ghafoor Kolachi",4,FALSE
"Malik_Zulfiqar_Hussain","Malik Zulfiqar Hussain",4,FALSE
"Muhammad_Amir_Wattoo","Muhammad Amir Wattoo",4,FALSE
"Syed_Muhammad_Asad_Shah_Athar","Syed Muhammad Asad Shah Athar",4,FALSE
"Tariq_Iqbal","Tariq Iqbal",4,FALSE
"Abd-Ul-Qadoos_Awan","Abd-Ul-Qadoos Awan",1,FALSE
"Syed_Yousaf_Shah","Syed Yousaf Shah",1,FALSE
"Ch_Muhammad_Yaseen_Cheema","Ch Muhammad Yaseen Cheema",1,FALSE
"Ch_Shoukat_Ali_Cabail","Ch Shoukat Ali Cabail",1,FALSE
"Arslan_Ul_Mulk_Dhariwal","Arslan Ul Mulk Dhariwal",0,FALSE
"Meharban_Saeen_Rana_Abdul_Ghafoor_Mian","Meharban Saeen Rana Abdul Ghafoor Mian",0,FALSE
"Abdul_Rehman_Khan_Jamali","Abdul Rehman Khan Jamali",244,FALSE
"Abdur_Raj_Khan","Abdur Raj Khan",244,FALSE
"Adeeba_Gul_Magsi","Adeeba Gul Magsi",244,FALSE
"Alhaaj_Malak_Aurangzeb_Khan","Alhaaj Malak Aurangzeb Khan",244,FALSE
"Ali_Asjad_Malhi","Ali Asjad Malhi",244,FALSE
"Altaf_Hussain_Unar","Altaf Hussain Unar",244,FALSE
"Amanullah_Khan_Jadoon","Amanullah Khan Jadoon",244,FALSE
"Amanullah_Paracha","Amanullah Paracha",244,FALSE
"Ameer_Maqam","Ameer Maqam",244,FALSE
"Anwar_Ul_Haq_Alias_Anno","Anwar Ul Haq Alias Anno",244,FALSE
"Arbab_Zakaullah","Arbab Zakaullah",244,FALSE
"Asif_Tauseef_","Asif Tauseef.",244,FALSE
"Aurangzaib_Khan_Khichi","Aurangzaib Khan Khichi",244,FALSE
"Azeem_u_Deen_Zahid","Azeem u Deen Zahid",244,FALSE
"Begum_Malik_Shoaib_Awan","Begum Malik Shoaib Awan",244,FALSE
"Bibi_Yasmeen_Shah","Bibi Yasmeen Shah",284,TRUE
"Brgd_r__Zulfiqar_Ahmad_Dhillon","Brgd(r) Zulfiqar Ahmad Dhillon",244,FALSE
"Ch__Abdul_Sattar","Ch: Abdul Sattar",244,FALSE
"Ch__Anwar_Ali_Cheema","Ch. Anwar Ali Cheema",244,FALSE
"Ch__Bilal_Ijaz","Ch. Bilal Ijaz",244,FALSE
"Ch__Ghais_Ahmed_Mela","Ch. Ghais Ahmed Mela",244,FALSE
"Ch__Imran_Ullah","Ch. Imran Ullah",244,FALSE
"Ch__Muhammad_Ashiq_Dyial","Ch. Muhammad Ashiq Dyial",244,FALSE
"Ch__Nazir_Ahmed_Jatt","Ch. Nazir Ahmed Jatt",244,FALSE
"Ch__Pervaiz_Ellahi","Ch. Pervaiz Ellahi",244,FALSE
"Ch__Shahid_Akram_Bhinder","Ch. Shahid Akram Bhinder",244,FALSE
"Ch__Shamshad_Ahmad_Khan","Ch. Shamshad Ahmad Khan",244,FALSE
"Ch__Shujaat_Hussain","Ch. Shujaat Hussain",244,FALSE
"Ch__Zaffar_Iqbal_Warraich","Ch. Zaffar Iqbal Warraich",244,FALSE
"Ch_amir_Hussain_","Ch.amir Hussain.",244,FALSE
"Ch_Anwar_Ali_Cheema","Ch Anwar Ali Cheema",244,FALSE
"Ch_Liaqat_Abbas_Bhatti","Ch Liaqat Abbas Bhatti",244,FALSE
"Ch_muhammad_Saeed_Virk","Ch.muhammad Saeed Virk",244,FALSE
"Ch_nauraiz_Shakoor_Khan","Ch.nauraiz Shakoor Khan",244,FALSE
"Ch_Parvez_Elahi","Ch Parvez Elahi",244,FALSE
"Ch_pervaiz_Elahi","Ch.pervaiz Elahi",244,FALSE
"Ch_pervaiz_Ellahi","Ch.pervaiz Ellahi",244,FALSE
"Ch_Sajid_Hussain_Chatha","Ch Sajid Hussain Chatha",244,FALSE
"Ch_shahbaz_Hussain","Ch.shahbaz Hussain",244,FALSE
"Ch_Shoukat_Ali_Bhatti","Ch Shoukat Ali Bhatti",244,FALSE
"Ch_shujat_Hussain","Ch.shujat Hussain",244,FALSE
"Ch_Wajahat_Hussain","Ch Wajahat Hussain",244,FALSE
"Chaudhary_Shahbaz_Hussain","Chaudhary Shahbaz Hussain",244,FALSE
"Chaudhary_Wajahat_Hussain","Chaudhary Wajahat Hussain",244,FALSE
"Chaudhry_Muhammad_Anwar_Bhinder","Chaudhry Muhammad Anwar Bhinder",244,FALSE
"Choudhry_Adil_Saboor","Choudhry Adil Saboor",244,FALSE
"Choudhry_Farrukh_Altaf","Choudhry Farrukh Altaf",244,FALSE
"Choudhry_Tariq_Bashir_Cheema","Choudhry Tariq Bashir Cheema",244,FALSE
"Daniyal_Aziz","Daniyal Aziz",802,TRUE
"Dawa_Khan","Dawa Khan",728,TRUE
"Dewan_Syed_Ashiq_Hussain_Bukhari","Dewan Syed Ashiq Hussain Bukhari",244,FALSE
"Doctor_Nisar_Ahmad_Jat_","Doctor Nisar Ahmad Jat.",244,FALSE
"Dr__Ghulam_Hyder_Samejo","Dr. Ghulam Hyder Samejo",244,FALSE
"Dr_junaid_Mumtaz_Joya","Dr.junaid Mumtaz Joya",244,FALSE
"Dr_sher_Afghan_Khan_Niazi","Dr.sher Afghan Khan Niazi",244,FALSE
"Ehsanullah_Reki","Ehsanullah Reki",951,TRUE
"Engineer_Amir_Muqam","Engineer Amir Muqam",244,FALSE
"Fahad_Malik","Fahad Malik",244,FALSE
"Farhad_Ali_Khan","Farhad Ali Khan",244,FALSE
"Farkhanda_Amjad_Warraich","Farkhanda Amjad Warraich",244,FALSE
"Farooq_Ahmed_Khan_Leghari","Farooq Ahmed Khan Leghari",244,FALSE
"Fawad_Ahmad","Fawad Ahmad",244,FALSE
"Fazal_Ahmad_Sheikh","Fazal Ahmad Sheikh",244,FALSE
"Ghias_Ahmad_Mela","Ghias Ahmad Mela",244,FALSE
"Ghous_Bux_Khan_Mahar","Ghous Bux Khan Mahar",284,TRUE
"Ghulam_Bibi_Bharwana","Ghulam Bibi Bharwana",802,TRUE
"Ghulam_Sarwar_Khan","Ghulam Sarwar Khan",728,TRUE
"Ghulam_Sarwar_Siyal_Babu","Ghulam Sarwar Siyal Babu",244,FALSE
"Habibullah_Khan_Kundi","Habibullah Khan Kundi",244,FALSE
"Haji_Bilal_Noor_Ansari_","Haji Bilal Noor Ansari.",244,FALSE
"Haji_Mohammad_Islam_Qureshi","Haji Mohammad Islam Qureshi",244,FALSE
"Haleem_Adil_Shaikh","Haleem Adil Shaikh",244,FALSE
"Hamayun_Saifullah_Khan","Hamayun Saifullah Khan",244,FALSE
"Hamid_Nasir_Chatha","Hamid Nasir Chatha",244,FALSE
"Hamid_Yar_Hiraj","Hamid Yar Hiraj",244,FALSE
"Haroon_Ehsan_Piracha","Haroon Ehsan Piracha",244,FALSE
"Humayun_Akhtar_Khan","Humayun Akhtar Khan",244,FALSE
"Hussaini_Shahabuddin_Shah","Hussaini Shahabuddin Shah",244,FALSE
"Ihsan_Ali_Jatoi","Ihsan Ali Jatoi",244,FALSE
"Inam_Khan","Inam Khan",244,FALSE
"Irshad_Alam","Irshad Alam",244,FALSE
"Ishaq_Khan_Khakwani","Ishaq Khan Khakwani",244,FALSE
"Jaffar_Khan_Mandokhel","Jaffar Khan Mandokhel",244,FALSE
"Jam_Mir_Muhammad_Yousuf","Jam Mir Muhammad Yousuf",244,FALSE
"Javed_Iqbal","Javed Iqbal",302,TRUE
"Javed_Iqbal_Satti","Javed Iqbal Satti",244,FALSE
"Kh__Tahir_Zia","Kh. Tahir Zia",244,FALSE
"Khalid_Ahmad_Gurmani","Khalid Ahmad Gurmani",244,FALSE
"Khalid_Ahmed_Khan_Lund","Khalid Ahmed Khan Lund",951,TRUE
"Khan_Aftab_Ahmad_Khan_Khichi","Khan Aftab Ahmad Khan Khichi",244,FALSE
"Khan_Amanullah_Khan","Khan Amanullah Khan",244,FALSE
"Khan_Muhammad_Dhari","Khan Muhammad Dhari",244,FALSE
"Khawja_Sheeraz_Mehmood","Khawja Sheeraz Mehmood",244,FALSE
"Khurram_Munawar_Manj","Khurram Munawar Manj",244,FALSE
"Khurram_Munawwar_Munj","Khurram Munawwar Munj",244,FALSE
"Khurshid_Ali_Khan","Khurshid Ali Khan",244,FALSE
"Liaquat_Ali_Qureshi","Liaquat Ali Qureshi",244,FALSE
"Lietutant_Col__r_Ghulam_Rasul_Sahi_","Lietutant Col (r)Ghulam Rasul Sahi.",244,FALSE
"Liquat_Ali_Khan_Jatoi","Liquat Ali Khan Jatoi",244,FALSE
"Maj__r__Habib_Ullah_Warraich","Maj.(r) Habib Ullah Warraich",244,FALSE
"Makhdom_Zada_Syed_Basit_Ahmad_Sultan_Bukhari","Makhdom Zada Syed Basit Ahmad Sultan Bukhari",244,FALSE
"Makhdoom_Khusru_Bakhtiar","Makhdoom Khusru Bakhtiar",244,FALSE
"Makhdoom_Syed_Ahmad_Alam_Anwar","Makhdoom Syed Ahmad Alam Anwar",244,FALSE
"Makhdoom_Syed_Ali_Akbar_Mehmood","Makhdoom Syed Ali Akbar Mehmood",244,FALSE
"Makhdoom_Syed_Faisal_Saleh_Hayat","Makhdoom Syed Faisal Saleh Hayat",244,FALSE
"Malik_Ghulam_Murtaza_Maitla","Malik Ghulam Murtaza Maitla",244,FALSE
"Malik_Ghulam_Qasim_Hinjra","Malik Ghulam Qasim Hinjra",244,FALSE
"Malik_Najab_Gul_Khalil_Adv_","Malik Najab Gul Khalil Adv:",244,FALSE
"Malik_Nauman_Ahmad_Langrial","Malik Nauman Ahmad Langrial",244,FALSE
"Malik_Nauman_Ahmed_Langriyal","Malik Nauman Ahmed Langriyal",244,FALSE
"Malik_Niaz_Ahmad_Jakhar","Malik Niaz Ahmad Jakhar",244,FALSE
"Mian_Ahmad_Raza_Khan_Maneka","Mian Ahmad Raza Khan Maneka",244,FALSE
"Mian_Khursheed_Mehmood_Kasuri","Mian Khursheed Mehmood Kasuri",244,FALSE
"Mian_Mazhar_Ahmed_Qureshi","Mian Mazhar Ahmed Qureshi",244,FALSE
"Mian_Muhammad_Azhar","Mian Muhammad Azhar",244,FALSE
"Mian_Muhammad_Jehangir","Mian Muhammad Jehangir",244,FALSE
"Mian_Muhammad_Kashif_Ashfaq","Mian Muhammad Kashif Ashfaq",244,FALSE
"Mian_Muhammad_Riaz_","Mian Muhammad Riaz.",244,FALSE
"Mian_Najeeb_Ud_Din_Awasi","Mian Najeeb Ud Din Awasi",244,FALSE
"Mian_Rajab_Ali_Khan_Baloch_","Mian Rajab Ali Khan Baloch.",244,FALSE
"Mian_Riaz_Hussain_Pirzada","Mian Riaz Hussain Pirzada",802,TRUE
"Mian_Shamim_Haidar","Mian Shamim Haidar",244,FALSE
"Mian_Yahya_Shah_Kaka_Khel","Mian Yahya Shah Kaka Khel",244,FALSE
"Mir_Ahmadan_Khan_Bugti","Mir Ahmadan Khan Bugti",244,FALSE
"Mir_Ahmedan_Khan_Bugti","Mir Ahmedan Khan Bugti",244,FALSE
"Mir_Asim_Kurd","Mir Asim Kurd",244,FALSE
"Mir_Atta-Ur-Rehman_Mengal","Mir Atta-Ur-Rehman Mengal",244,FALSE
"Mir_Zeeshan_Ali_Panhwar","Mir Zeeshan Ali Panhwar",244,FALSE
"Mr__Ghulam_Sarwar_Siyal__Babu_","Mr. Ghulam Sarwar Siyal (Babu)",244,FALSE
"Muhammad_Afrooq_Anwar_Abbasi","Muhammad Afrooq Anwar Abbasi",244,FALSE
"Muhammad_Ajmal_Khan_Kanjoo","Muhammad Ajmal Khan Kanjoo",244,FALSE
"Muhammad_Asim_Nazir","Muhammad Asim Nazir",244,FALSE
"Muhammad_Aslam_Khan_Kharral","Muhammad Aslam Khan Kharral",244,FALSE
"Muhammad_Ayub_Khan_Khattak","Muhammad Ayub Khan Khattak",244,FALSE
"Muhammad_Basharat_Raja","Muhammad Basharat Raja",244,FALSE
"Muhammad_Idrees","Muhammad Idrees",244,FALSE
"Muhammad_Ijaz-Ul-Haq","Muhammad Ijaz-Ul-Haq",246,TRUE
"Muhammad_Intikhab_Khan","Muhammad Intikhab Khan",244,FALSE
"Muhammad_Mehboob_Sultan","Muhammad Mehboob Sultan",802,TRUE
"Muhammad_Naseer_Khan","Muhammad Naseer Khan",244,FALSE
"Muhammad_Nasir_Raja","Muhammad Nasir Raja",244,FALSE
"Muhammad_Nawaz_Khan","Muhammad Nawaz Khan",728,TRUE
"Muhammad_Raza_Hayat_Hiraj","Muhammad Raza Hayat Hiraj",244,FALSE
"Muhammad_Saddique_Khan_Baluch","Muhammad Saddique Khan Baluch",244,FALSE
"Muhammad_Safdar_Shakir_","Muhammad Safdar Shakir.",244,FALSE
"Muhammad_Sarwar_Khan_Kakar","Muhammad Sarwar Khan Kakar",244,FALSE
"Muhammad_Shah_Khagga","Muhammad Shah Khagga",244,FALSE
"Muhammad_Tahir_Shah","Muhammad Tahir Shah",244,FALSE
"Muhammad_Urs_Khero","Muhammad Urs Khero",244,FALSE
"Muhtarma_Amna_Zulifqar_Dhillon","Muhtarma Amna Zulifqar Dhillon",244,FALSE
"Mukhdoom_Syed_Sami-Ul-Hassan_Gilani","Mukhdoom Syed Sami-Ul-Hassan Gilani",244,FALSE
"Mushtaq_Ali_Cheema_","Mushtaq Ali Cheema.",244,FALSE
"Mustafa_Nawaz_Khokhar","Mustafa Nawaz Khokhar",951,TRUE
"Naseem_Muhammad_Khan","Naseem Muhammad Khan",802,TRUE
"Nasir_Iqbal_Busal","Nasir Iqbal Busal",244,FALSE
"Nasrullah_Khan_Bijarani","Nasrullah Khan Bijarani",244,FALSE
"Nawab_Zada_Iftikhar_Ahmad_Khan_Babar","Nawab Zada Iftikhar Ahmad Khan Babar",244,FALSE
"Nawabzada_Sardar_Khan_Chandio","Nawabzada Sardar Khan Chandio",244,FALSE
"Niloufer_Qasim_Mahdi","Niloufer Qasim Mahdi",244,FALSE
"Peer_Tariq_Ahmed_Shah","Peer Tariq Ahmed Shah",244,FALSE
"Pir_Aslam_Bodla","Pir Aslam Bodla",244,FALSE
"Pir_Muhammad_Shah_Khagga","Pir Muhammad Shah Khagga",244,FALSE
"Pir_Sajjad_Saeed_Jan_Sirhandi","Pir Sajjad Saeed Jan Sirhandi",284,TRUE
"Professor_Engineer_Rana_Saeed_Ahmed_Zafar","Professor Engineer Rana Saeed Ahmed Zafar",244,FALSE
"Qari_Mushtaque_Ahmed_Farooqui","Qari Mushtaque Ahmed Farooqui",244,FALSE
"Rai_Mansab_Ali","Rai Mansab Ali",244,FALSE
"Rai_Muhammad_Aslam_Kharal","Rai Muhammad Aslam Kharal",244,FALSE
"Rais_Munir_Ahmad","Rais Munir Ahmad",244,FALSE
"Raja_Qasim_Javaid_Ikhlas","Raja Qasim Javaid Ikhlas",244,FALSE
"Raja_Talia_Saeed_Khan","Raja Talia Saeed Khan",244,FALSE
"Rana_Asif_Touseef","Rana Asif Touseef",244,FALSE
"Rana_Tariq_Javed","Rana Tariq Javed",244,FALSE
"Rana_Zahid_Mahmood_","Rana Zahid Mahmood.",244,FALSE
"Rao_Muhammad_Ajmal_Khan","Rao Muhammad Ajmal Khan",802,TRUE
"Rao_Sikandar_Iqbal","Rao Sikandar Iqbal",244,FALSE
"Rehman_Naseer","Rehman Naseer",244,FALSE
"Rehman_Naseer_Ch_","Rehman Naseer Ch.",244,FALSE
"Riaz_Fatiyana","Riaz Fatiyana",244,FALSE
"Rifat_Javed_Kahloon","Rifat Javed Kahloon",244,FALSE
"Rizwan_Sadiq_Khan","Rizwan Sadiq Khan",244,FALSE
"Ruquiya_Saeed_Hashmi","Ruquiya Saeed Hashmi",244,FALSE
"Sahibzada_Muhammad_Nazir_Sultan","Sahibzada Muhammad Nazir Sultan",244,FALSE
"Said_Badshah","Said Badshah",244,FALSE
"Sajad_Hussain","Sajad Hussain",244,FALSE
"Saranzaib_Khan","Saranzaib Khan",244,FALSE
"Sardar_Aqil_Omer","Sardar Aqil Omer",244,FALSE
"Sardar_Ashiq_Hussain_Gopan","Sardar Ashiq Hussain Gopan",244,FALSE
"Sardar_Awais_Ahmad_Khan_Leghari","Sardar Awais Ahmad Khan Leghari",802,TRUE
"Sardar_Bahadar_Ahmad_Khan_Seehar","Sardar Bahadar Ahmad Khan Seehar",244,FALSE
"Sardar_Fateh_Muhammad_Muhammad_Hassani","Sardar Fateh Muhammad Muhammad Hassani",244,FALSE
"Sardar_Maqsood_Khan_Leghari","Sardar Maqsood Khan Leghari",244,FALSE
"Sardar_Masood_Ali_Khan_Luni","Sardar Masood Ali Khan Luni",244,FALSE
"Sardar_Muhammad_Asif_Nakai","Sardar Muhammad Asif Nakai",244,FALSE
"Sardar_Muhammad_Israr_Tareen","Sardar Muhammad Israr Tareen",244,FALSE
"Sardar_Muhammad_Jafar_Khan_Leghari","Sardar Muhammad Jafar Khan Leghari",244,FALSE
"Sardar_Muhammad_Nawab_Khan","Sardar Muhammad Nawab Khan",244,FALSE
"Sardar_Muhammad_Yaqoob","Sardar Muhammad Yaqoob",728,TRUE
"Sardar_Nasrullh_Khan_Dreshak_","Sardar Nasrullh Khan Dreshak.",244,FALSE
"Sardar_Shajehan_Yousaf","Sardar Shajehan Yousaf",244,FALSE
"Sardar_Talib_Hassan_Nakai","Sardar Talib Hassan Nakai",244,FALSE
"Sardar_Tofail_Ahmed_Khan","Sardar Tofail Ahmed Khan",244,FALSE
"Sardar_Yar_Muhammad_Rind","Sardar Yar Muhammad Rind",244,FALSE
"Sayed_Murad_Ali_Shah","Sayed Murad Ali Shah",244,FALSE
"Sh__Rasheed_Ahmed","Sh. Rasheed Ahmed",244,FALSE
"Shad_Ali_Khan","Shad Ali Khan",244,FALSE
"Shahid_Manzoor_Gill","Shahid Manzoor Gill",244,FALSE
"Shahid_Manzoor_Gill_","Shahid Manzoor Gill.",244,FALSE
"Shahida_Sattar_Laleka","Shahida Sattar Laleka",244,FALSE
"Shahzada_Muhyuddin","Shahzada Muhyuddin",244,FALSE
"Sheikh_Jafar_Khan_Mandokhail","Sheikh Jafar Khan Mandokhail",244,FALSE
"Sheikh_Muhammad_Anwar","Sheikh Muhammad Anwar",244,FALSE
"Sheikh_Muhammad_Tahir_Rasheed","Sheikh Muhammad Tahir Rasheed",244,FALSE
"Sheikh_Waqas_Akram","Sheikh Waqas Akram",244,FALSE
"Shoukat_Ali_Khan","Shoukat Ali Khan",244,FALSE
"Shujaat_Ali_Khan","Shujaat Ali Khan",244,FALSE
"Sikandar_Hayat_Khan_Bossan","Sikandar Hayat Khan Bossan",244,FALSE
"Suhrab_Ali","Suhrab Ali",244,FALSE
"Sultan_Shahab_Jahangir","Sultan Shahab Jahangir",244,FALSE
"Sumaira_Malik","Sumaira Malik",244,FALSE
"Syed_Ayaz_Ali_Shah_Sheerazi","Syed Ayaz Ali Shah Sheerazi",244,FALSE
"Syed_Gulzar_Sabtain_Shah","Syed Gulzar Sabtain Shah",244,FALSE
"Syed_Mujahid_Ali_Shah","Syed Mujahid Ali Shah",244,FALSE
"Syed_Noor-Ul-Hassan_Shah","Syed Noor-Ul-Hassan Shah",244,FALSE
"Syed_Obaidullah","Syed Obaidullah",244,FALSE
"Syed_Qurban_Ali_Shah","Syed Qurban Ali Shah",284,TRUE
"Syed_Riaz_Hussain_Shah_Sheerazi","Syed Riaz Hussain Shah Sheerazi",244,FALSE
"Tahir_Bashir_Cheema","Tahir Bashir Cheema",802,TRUE
"Tahir_Hussain_Shah_","Tahir Hussain Shah.",244,FALSE
"Taj_Mohammad_Shaikh","Taj Mohammad Shaikh",244,FALSE
"Tariq_Bashir_Cheema","Tariq Bashir Cheema",244,FALSE
"Umar_Ayub_Khan","Umar Ayub Khan",244,FALSE
"Umar_Zeb_Khan","Umar Zeb Khan",244,FALSE
"Waseem_Gulzar","Waseem Gulzar",244,FALSE
"Wazir_Mohammad_Safi","Wazir Mohammad Safi",244,FALSE
"Zafarullah_Tarar","Zafarullah Tarar",244,FALSE
"Zaheer_Ud_Din","Zaheer Ud Din",244,FALSE
"Zahid_Nazir","Zahid Nazir",244,FALSE
"Zardali_Khan","Zardali Khan",244,FALSE
"Zargul_Khan","Zargul Khan",244,FALSE
"Inzar_Gul","Inzar Gul",0,FALSE
"Ali_Akber_Nizamani","Ali Akber Nizamani",43,FALSE
"Ali_Asghar_Halepoto","Ali Asghar Halepoto",43,FALSE
"Amjad_Hussain","Amjad Hussain",43,FALSE
"Chakar_Khan_Shahani","Chakar Khan Shahani",43,FALSE
"Fakir_Ghulam_Nabi_Mangrio","Fakir Ghulam Nabi Mangrio",43,FALSE
"Ghulam_Dastgir_Rajar","Ghulam Dastgir Rajar",43,FALSE
"Imamuddin_Shaookeen","Imamuddin Shaookeen",43,FALSE
"Inayatullah","Inayatullah",43,FALSE
"Jam_Mashooque_Ali","Jam Mashooque Ali",43,FALSE
"Khuda_Bux_Dars","Khuda Bux Dars",43,FALSE
"Main_Sajjad_Ahmad_Sajid","Main Sajjad Ahmad Sajid",43,FALSE
"Maj___Rtd__Syed_Tanveer_Hussain_Satara_Juraat","Maj: (Rtd) Syed Tanveer Hussain Satara Juraat",43,FALSE
"Makhdoom_Syed_Ahmad_Mahmood","Makhdoom Syed Ahmad Mahmood",43,FALSE
"Makhdum_Syed_Ahmad_Mahmud","Makhdum Syed Ahmad Mahmud",43,FALSE
"Malik_Ghulam_Mustafa_Khar","Malik Ghulam Mustafa Khar",43,FALSE
"Mehtab_Akbar_Rashidi","Mehtab Akbar Rashidi",43,FALSE
"Mian_Abdul_Malik","Mian Abdul Malik",43,FALSE
"Mir_Hassan_Khoso","Mir Hassan Khoso",43,FALSE
"Mir_Naseer_Khan_Khoso_","Mir Naseer Khan Khoso.",43,FALSE
"Muhammad_Jadam_Mangrio","Muhammad Jadam Mangrio",43,FALSE
"Musharraf_Ali_Khan_Khoso","Musharraf Ali Khan Khoso",43,FALSE
"Nadeem_Qadir_Bhutto","Nadeem Qadir Bhutto",43,FALSE
"Pir_Bux_Junejo","Pir Bux Junejo",43,FALSE
"Pir_Noor_Mohammad_Shah_Jeelani","Pir Noor Mohammad Shah Jeelani",43,FALSE
"Pir_Sadruddin_Shah","Pir Sadruddin Shah",43,FALSE
"Pir_Syed_Saddaruddin_Shah_Rashdi","Pir Syed Saddaruddin Shah Rashdi",43,FALSE
"Sardar_Mir_Hakim_Ali_Khan_Sundrani","Sardar Mir Hakim Ali Khan Sundrani",43,FALSE
"Sarfaraz_Ali_Bughio","Sarfaraz Ali Bughio",43,FALSE
"Shabir_Ahmed_Qaim_Khani","Shabir Ahmed Qaim Khani",43,FALSE
"Shehzad_Mughal","Shehzad Mughal",43,FALSE
"Syed_Ghulam_Abbas","Syed Ghulam Abbas",43,FALSE
"Syed_Inayat_Ali_Shah","Syed Inayat Ali Shah",1223,TRUE
"Syed_Javed_Ali_Shah","Syed Javed Ali Shah",1311,TRUE
"Syed_Kazim_Ali_Shah_Lakyari","Syed Kazim Ali Shah Lakyari",43,FALSE
"Syed_Mehr_Mohi_Ud_Din_Hashmi","Syed Mehr Mohi Ud Din Hashmi",43,FALSE
"Syed_Qazim_Ali_Shah","Syed Qazim Ali Shah",43,FALSE
"Syed_Safdar_Ali_Shah","Syed Safdar Ali Shah",43,FALSE
"Syed_Zahid_Hussain_Shah","Syed Zahid Hussain Shah",43,FALSE
"Adil_Farooq_Khan","Adil Farooq Khan",13,FALSE
"Asif_Mamon","Asif Mamon",13,FALSE
"Chaudhary_Muhammad_Younas_Hanjra","Chaudhary Muhammad Younas Hanjra",13,FALSE
"Choudhary_Amjad_Mehmood","Choudhary Amjad Mehmood",13,FALSE
"Fozia_Ashraf","Fozia Ashraf",13,FALSE
"Ijaz_Ahmed_Cheena","Ijaz Ahmed Cheena",13,FALSE
"Imran_Ahmad_Khan","Imran Ahmad Khan",13,FALSE
"Mozaffer_Ali","Mozaffer Ali",13,FALSE
"Muhammad_Ahmad_Chatha","Muhammad Ahmad Chatha",13,FALSE
"Muhammad_Fiaz_Qadri","Muhammad Fiaz Qadri",13,FALSE
"Muhammad_Mutahar_Ramzan","Muhammad Mutahar Ramzan",13,FALSE
"Syed_Ghulam_Abbas_Shah","Syed Ghulam Abbas Shah",13,FALSE
"Syed_Safdar_Ali","Syed Safdar Ali",13,FALSE
"Safdar_Zaman","Safdar Zaman",0,FALSE
"Akbar_Dars","Akbar Dars",2,FALSE
"Mohammad_Hussain","Mohammad Hussain",2,FALSE
"Muhammad_Asghar_Dars","Muhammad Asghar Dars",2,FALSE
"Mir_Zarak_Khan_Zehri","Mir Zarak Khan Zehri",0,FALSE
"Naveed_Akhtar_Khan","Naveed Akhtar Khan",0,FALSE
"Gohar_Ali_Khan","Gohar Ali Khan",2,FALSE
"Meher_Muhammad_Jhangir_Advocate","Meher Muhammad Jhangir Advocate",2,FALSE
"Tauseef_Ur_Rehman_Bhatti_Advocate","Tauseef Ur Rehman Bhatti Advocate",2,FALSE
"Mian_Abu_Bakar_Hamza","Mian Abu Bakar Hamza",2,FALSE
"Muhammad_Ijaz_Ul_Haq","Muhammad Ijaz Ul Haq",7,TRUE
"Khurram_Muhammad_Qamar","Khurram Muhammad Qamar",0,FALSE
"Mahmood_Ahmad_Khan_Qalandar_","Mahmood Ahmad Khan Qalandar.",1,FALSE
"Mehmood_Qalandar","Mehmood Qalandar",1,FALSE
"Faqir_Jamshid_Ahmad","Faqir Jamshid Ahmad",3,FALSE
"Farah_Noreen","Farah Noreen",3,FALSE
"Rasheed_Ahmad_Khan_Langha","Rasheed Ahmad Khan Langha",3,FALSE
"Saleem_Abbas","Saleem Abbas",5,TRUE
"Aamir_Rasheed","Aamir Rasheed",47,FALSE
"Afzal_Ahmad_Gondal","Afzal Ahmad Gondal",47,FALSE
"Ali_Akbar_Kalhoro","Ali Akbar Kalhoro",47,FALSE
"Ali_Nawaz_Qasmi","Ali Nawaz Qasmi",47,FALSE
"Allama_Mujhahid_Abdul_Rasool_Khan","Allama Mujhahid Abdul Rasool Khan",47,FALSE
"Allama_Shabbir_Ahmed_Chasti_Nazimi_Off_Sakka","Allama Shabbir Ahmed Chasti Nazimi Off Sakka",47,FALSE
"Arshad_Mehmood","Arshad Mehmood",47,FALSE
"Awal_Jan_Mazari","Awal Jan Mazari",47,FALSE
"Basharat_Ali_Gujjar","Basharat Ali Gujjar",47,FALSE
"Hafiz_Gul_Sher","Hafiz Gul Sher",47,FALSE
"Hafiz_Malik_Muhammad_Bashir","Hafiz Malik Muhammad Bashir",47,FALSE
"Hafiz_Raja_Muhammad_Sana_Ul_Haq","Hafiz Raja Muhammad Sana Ul Haq",47,FALSE
"Imtiaz","Imtiaz",47,FALSE
"Jahangir_Qadri","Jahangir Qadri",47,FALSE
"Jhangir_Qadri","Jhangir Qadri",47,FALSE
"Mahboob_Ali_Sahto","Mahboob Ali Sahto",47,FALSE
"Malik_Matloob_Ali_Awan","Malik Matloob Ali Awan",57,TRUE
"Malik_Muhammad_Iqbal_Khokhar","Malik Muhammad Iqbal Khokhar",47,FALSE
"Matloob_Awan","Matloob Awan",47,FALSE
"Mian_Ghulam_Shabir_Qadri","Mian Ghulam Shabir Qadri",47,FALSE
"Mohammad_Kashif","Mohammad Kashif",47,FALSE
"Mohammad_Younis_Ansari","Mohammad Younis Ansari",47,FALSE
"Mollana_Mohammad_Illyas_Gabool","Mollana Mohammad Illyas Gabool",47,FALSE
"Muhammad_Afzal_Qadri","Muhammad Afzal Qadri",47,FALSE
"Muhammad_Ajmal_Umar","Muhammad Ajmal Umar",47,FALSE
"Muhammad_Arif_Mansoori","Muhammad Arif Mansoori",47,FALSE
"Muhammad_Imran_Javaid","Muhammad Imran Javaid",47,FALSE
"Muhammad_Jamal_Barket","Muhammad Jamal Barket",47,FALSE
"Muhammad_Kaleem","Muhammad Kaleem",47,FALSE
"Muhammad_Murtaza_Rizvi_Wattoo","Muhammad Murtaza Rizvi Wattoo",47,FALSE
"Muhammad_Tahir_Qadri","Muhammad Tahir Qadri",47,FALSE
"Peer_Sayed_Munir_Hussain_Shah_Noori","Peer Sayed Munir Hussain Shah Noori",47,FALSE
"Pir_Syed_Mubashar_Hussain_Shah_Shakreelvy","Pir Syed Mubashar Hussain Shah Shakreelvy",47,FALSE
"Professor_Farooq_Ahmed_Tajra","Professor Farooq Ahmed Tajra",47,FALSE
"Rana_Muhammad_Riaz_Qadri","Rana Muhammad Riaz Qadri",47,FALSE
"Raza_e_Mustafa","Raza e Mustafa",47,FALSE
"Rizwan_Ali","Rizwan Ali",47,FALSE
"Rizwan_Qureshi","Rizwan Qureshi",47,FALSE
"Sajid_Mehmood_Qadri","Sajid Mehmood Qadri",47,FALSE
"Sajjad_Haider","Sajjad Haider",47,FALSE
"Shoukat_Ali_Lehri","Shoukat Ali Lehri",47,FALSE
"Syed_Ahmad_Shah","Syed Ahmad Shah",47,FALSE
"Syed_Tawaqal_Hussain_Shah_Bukhari","Syed Tawaqal Hussain Shah Bukhari",47,FALSE
"Alamgir_Khan","Alamgir Khan",3,FALSE
"Ihsan_Ullah_Khan_Mahsood","Ihsan Ullah Khan Mahsood",3,FALSE
"Muhammad_Sultan","Muhammad Sultan",3,FALSE
"Raja_Muhammad_Ashraf","Raja Muhammad Ashraf",3,FALSE
"Azmat_Ali","Azmat Ali",3,FALSE
"Syed_Mazhar_Ali","Syed Mazhar Ali",3,FALSE
"Kaleem_Ullah","Kaleem Ullah",1,FALSE
"Sardar_Taimoor","Sardar Taimoor",1,FALSE
"Khaqan_Waheed_Khuwaja","Khaqan Waheed Khuwaja",0,FALSE
"Ahmad_Nawaz_Khan","Ahmad Nawaz Khan",1,FALSE
"Prof_javeed_Sandhu","Prof.javeed Sandhu",1,FALSE
"Ahmad_Ikhwan","Ahmad Ikhwan",37,FALSE
"Ali_Hassan","Ali Hassan",37,FALSE
"Aman_Ullah","Aman Ullah",37,TRUE
"Amjad_Arbab_Abbasi","Amjad Arbab Abbasi",37,FALSE
"Asjad_Hussain","Asjad Hussain",37,FALSE
"Fayyaz_Ahmed_Tabassum","Fayyaz Ahmed Tabassum",37,FALSE
"Gul_Hassan","Gul Hassan",247,TRUE
"Haji_Fateh_Din","Haji Fateh Din",37,FALSE
"Latif_Ahmed_Hussain","Latif Ahmed Hussain",37,FALSE
"Mian_Muhammad_Raza","Mian Muhammad Raza",37,FALSE
"Mian_Noor_Ahmad","Mian Noor Ahmad",37,FALSE
"Mubashir_Hussain","Mubashir Hussain",37,FALSE
"Mudassar_Hussain_Shah","Mudassar Hussain Shah",37,FALSE
"Muhammad_Amir_Awan","Muhammad Amir Awan",37,FALSE
"Muhammad_Anwar_Abbasi","Muhammad Anwar Abbasi",37,FALSE
"Muhammad_Asif_Sulehria","Muhammad Asif Sulehria",37,FALSE
"Muhammad_Ayoub_Butt","Muhammad Ayoub Butt",37,FALSE
"Muhammad_Aziz","Muhammad Aziz",37,FALSE
"Muhammad_Ijaz_Arshad","Muhammad Ijaz Arshad",37,FALSE
"Muhammad_Khalil","Muhammad Khalil",37,FALSE
"Muhammad_Nadeem","Muhammad Nadeem",37,FALSE
"Muhammad_Naveed_Akhtar","Muhammad Naveed Akhtar",37,FALSE
"Muhammad_Rafi","Muhammad Rafi",37,FALSE
"Muhammad_Shahzad","Muhammad Shahzad",37,FALSE
"Muhammad_Usman","Muhammad Usman",37,FALSE
"Mujahid_Mahmood","Mujahid Mahmood",37,FALSE
"Naseer_Khan","Naseer Khan",37,FALSE
"Naveed_Akram","Naveed Akram",37,FALSE
"Pervaiz_Iqbal_Virk","Pervaiz Iqbal Virk",37,FALSE
"Salwat_Shahzad_Khan","Salwat Shahzad Khan",37,FALSE
"Sardar_Muhammad_Mansoor_Khan","Sardar Muhammad Mansoor Khan",37,FALSE
"Shafique_Ahmad","Shafique Ahmad",37,FALSE
"Sohail_Babar","Sohail Babar",37,FALSE
"Daud_Ahmed_Fakhri","Daud Ahmed Fakhri",7,FALSE
"Farzana_Parveen","Farzana Parveen",7,FALSE
"Jahangir_Hussain_Jafari","Jahangir Hussain Jafari",7,FALSE
"Muhammad_Bilal_Hussain","Muhammad Bilal Hussain",7,FALSE
"Muhammad_Zahid_Bashir","Muhammad Zahid Bashir",7,FALSE
"Rizwan_Ahmed_Khan","Rizwan Ahmed Khan",7,FALSE
"Sumbul_Akhtar","Sumbul Akhtar",7,FALSE
"Syed_Muhammad_Ishrat_Ghazali","Syed Muhammad Ishrat Ghazali",7,FALSE
"Imtiaz_Khan","Imtiaz Khan",5,FALSE
"Mubeen_Malik","Mubeen Malik",5,FALSE
"Shabbir_Ahmed_Anjum","Shabbir Ahmed Anjum",5,FALSE
"Shafaqaat_Ahmad","Shafaqaat Ahmad",5,FALSE
"Taimoor_Ahmad_Yar_Khan","Taimoor Ahmad Yar Khan",5,FALSE
"Tayyaba_Mubarak","Tayyaba Mubarak",5,FALSE
"Muhammad_Syed","Muhammad Syed",0,FALSE
"Anwar_Hussain","Anwar Hussain",2,FALSE
"Shahid_Iqbal","Shahid Iqbal",2,FALSE
"Syed_Rashid_Hussain_Shah","Syed Rashid Hussain Shah",2,FALSE
"Chaudhry_Zahid_Iqram","Chaudhry Zahid Iqram",0,FALSE
"Muhammad_Mumtaz","Muhammad Mumtaz",2,FALSE
"Zaffar_Iqbal_Gurmani","Zaffar Iqbal Gurmani",2,FALSE
"Aijaz_Ali_Khokhar","Aijaz Ali Khokhar",2,FALSE
"Rahim_Bakhsh","Rahim Bakhsh",2,FALSE
"Shahid_Anjum","Shahid Anjum",2,FALSE
"Abdul_Rab","Abdul Rab",12,FALSE
"Abdul_Razzaq","Abdul Razzaq",499,TRUE
"Jamal_Khan","Jamal Khan",12,TRUE
"Mehmood_Khan_Achakzai","Mehmood Khan Achakzai",49,TRUE
"Muhammad_Akram_Tareen","Muhammad Akram Tareen",12,FALSE
"Muhammad_Ashraf","Muhammad Ashraf",49,TRUE
"Muhammad_Rahim","Muhammad Rahim",12,FALSE
"Nawab_Muhammad_Ayaz_Khan_Jogezai","Nawab Muhammad Ayaz Khan Jogezai",12,FALSE
"Palwasha_Ramzan","Palwasha Ramzan",12,FALSE
"Riaz_Mahammad_Yousafzai","Riaz Mahammad Yousafzai",12,FALSE
"Qadeer_Hussain","Qadeer Hussain",0,FALSE
"Abdul_Samad_Khan","Abdul Samad Khan",7,FALSE
"Hazrat_Umar","Hazrat Umar",7,FALSE
"Irfan_Karim","Irfan Karim",7,FALSE
"Muhammad_Arif_Khan","Muhammad Arif Khan",7,FALSE
"Muhammad_Jibran","Muhammad Jibran",7,FALSE
"Sara_Ashfaq","Sara Ashfaq",7,FALSE
"Shahbaz_Ali","Shahbaz Ali",7,FALSE
"Yasir_Ali","Yasir Ali",7,FALSE
"Aneela_Iftikhar","Aneela Iftikhar",12,FALSE
"Arshad_Ahmad_Qamar","Arshad Ahmad Qamar",12,FALSE
"Chaudhry_Salik_Hussain","Chaudhry Salik Hussain",12,FALSE
"Chaudhry_Tariq_Bashir_Cheema","Chaudhry Tariq Bashir Cheema",12,FALSE
"Hussain_Ellahi","Hussain Ellahi",12,FALSE
"Muhammad_Jameel_Ahmed_Khan","Muhammad Jameel Ahmed Khan",12,FALSE
"Muhammad_Tariq_Hassan","Muhammad Tariq Hassan",12,FALSE
"Musa_Elahi","Musa Elahi",12,FALSE
"Riaz_Ahmed_Jan","Riaz Ahmed Jan",12,FALSE
"Shakeel_Ahmed_Roshan","Shakeel Ahmed Roshan",12,FALSE
"Syed_Faizan_Anis","Syed Faizan Anis",12,FALSE
"Muzaffar_Ahmed","Muzaffar Ahmed",0,FALSE
"Muhammad_Younas","Muhammad Younas",777,TRUE
"Abbas_Khan_Afridi","Abbas Khan Afridi",566,FALSE
"Abdul_Ghaffar_Dogar","Abdul Ghaffar Dogar",566,FALSE
"Abdul_Hakeem_Baloch","Abdul Hakeem Baloch",1269,TRUE
"Abdul_Hameed_Rajput","Abdul Hameed Rajput",566,FALSE
"Abdul_Hamid_Orakzai","Abdul Hamid Orakzai",566,FALSE
"Abdul_Khaliq_Khar","Abdul Khaliq Khar",566,FALSE
"Abdul_Majeed_Khan","Abdul Majeed Khan",566,FALSE
"Abdul_Qadeer","Abdul Qadeer",566,FALSE
"Abdul_Qadir_Khan","Abdul Qadir Khan",566,FALSE
"Abdul_Rehman_Khan_Kanju","Abdul Rehman Khan Kanju",566,FALSE
"Abdul_Subhan","Abdul Subhan",566,FALSE
"Abdulkhaliq","Abdulkhaliq",566,FALSE
"Abdullah","Abdullah",744,TRUE
"Abdullah_Sheedi","Abdullah Sheedi",566,FALSE
"Abid_Ali","Abid Ali",566,FALSE
"Abid_Ali_","Abid Ali.",566,FALSE
"Abid_Azeem","Abid Azeem",566,FALSE
"Abid_Sheer_Ali","Abid Sheer Ali",566,FALSE
"Adrees_Bajwa_","Adrees Bajwa.",566,FALSE
"Agha_Muhammad_Munwar","Agha Muhammad Munwar",566,FALSE
"Ahmad_Atteeq_Anwer","Ahmad Atteeq Anwer",566,FALSE
"Ahmad_Hussain_Dehar","Ahmad Hussain Dehar",566,FALSE
"Ahmad_Raza_Maneka","Ahmad Raza Maneka",1050,TRUE
"Ahsan_Iqbal","Ahsan Iqbal",566,FALSE
"Akhlaq_Younas","Akhlaq Younas",566,FALSE
"Akhtar_Hussain_Jadoon","Akhtar Hussain Jadoon",566,FALSE
"Akhtiar_Wali","Akhtiar Wali",566,FALSE
"Akhundzada_Badruddin","Akhundzada Badruddin",566,FALSE
"Alam_Dad_Laleka","Alam Dad Laleka",566,FALSE
"Alamzeb_Khan","Alamzeb Khan",566,FALSE
"Alhaj_Muhammad_Farid_Mufakkar","Alhaj Muhammad Farid Mufakkar",566,FALSE
"Ali_Gohar_Khan","Ali Gohar Khan",566,FALSE
"Ali_Mohammad_Khan_Juna_Advocate","Ali Mohammad Khan Juna Advocate",566,FALSE
"Ali_Raza_Cholyani","Ali Raza Cholyani",566,FALSE
"Ali_Sher_Khan","Ali Sher Khan",566,FALSE
"Ali_Zahid","Ali Zahid",566,FALSE
"Allando_Shah_Alias_Zafar_Ali_Shah","Allando Shah Alias Zafar Ali Shah",566,FALSE
"Amir_Muqam","Amir Muqam",566,FALSE
"Amir_Talal_Gopang","Amir Talal Gopang",566,FALSE
"Ammar_Ahmad_Khan_Leghari","Ammar Ahmad Khan Leghari",566,FALSE
"Anjum_Aqeel_Khan","Anjum Aqeel Khan",566,FALSE
"Anwar_Ul_Haq_Chaudhary","Anwar Ul Haq Chaudhary",1269,TRUE
"Arshad_Manan_Yousaf_Zai","Arshad Manan Yousaf Zai",566,FALSE
"Asghar_Ali_Awan","Asghar Ali Awan",566,FALSE
"Asghar_Ali_Shah","Asghar Ali Shah",1269,TRUE
"Asif_Ali_Malik","Asif Ali Malik",566,FALSE
"Asif_Aqeel","Asif Aqeel",566,FALSE
"Aslam_Bodla","Aslam Bodla",566,FALSE
"Atta_Ullah_Tarar","Atta Ullah Tarar",566,FALSE
"Ayaz_Amir","Ayaz Amir",1050,TRUE
"Azad_Ali_Tabassum","Azad Ali Tabassum",566,FALSE
"Azhar_Qayyum_Nahra","Azhar Qayyum Nahra",566,FALSE
"Azhar_Qayyum_Nehra","Azhar Qayyum Nehra",566,FALSE
"Babar_Nawaz_Khan","Babar Nawaz Khan",566,FALSE
"Bashir_Ahmed","Bashir Ahmed",566,FALSE
"Baz_Gul_Afridi","Baz Gul Afridi",566,FALSE
"Begum_Tehmina_Doultana","Begum Tehmina Doultana",566,FALSE
"Bilal_Azhar_Kayani","Bilal Azhar Kayani",566,FALSE
"Bilal_Yaseen","Bilal Yaseen",566,FALSE
"Capt_r_Muhammad_Safdar","Capt r Muhammad Safdar",566,FALSE
"Ch__Abid_Raza","Ch. Abid Raza",566,FALSE
"Ch__Ashfaq_Ahmed_Mattu","Ch. Ashfaq Ahmed Mattu",566,FALSE
"Ch__Mehmood_Bashir_Virk","Ch. Mehmood Bashir Virk",566,FALSE
"Ch__Mubashir_Hussain","Ch. Mubashir Hussain",566,FALSE
"Ch__Muhammad_Jafar_Iqbal","Ch. Muhammad Jafar Iqbal",566,FALSE
"Ch__Muhammad_Riaz","Ch. Muhammad Riaz",566,FALSE
"Ch__Nisar_Ali_Khan","Ch. Nisar Ali Khan",566,FALSE
"Ch__Safdar-Ur-Rehman","Ch. Safdar-Ur-Rehman",566,FALSE
"Ch__Saud_Majeed","Ch. Saud Majeed",566,FALSE
"Ch_Armaghan_Subhani","Ch Armaghan Subhani",566,FALSE
"Ch_Asad_Ur_Rehman","Ch Asad Ur Rehman",566,FALSE
"Ch_bilal_Ahmed_Virk","Ch.bilal Ahmed Virk",566,FALSE
"Ch_Jaffar_Iqbal","Ch Jaffar Iqbal",566,FALSE
"Ch_muhammad_Ali_Gujar__Advocate","Ch.muhammad Ali Gujar, Advocate",566,FALSE
"Ch_Muhammad_Ashraf","Ch Muhammad Ashraf",566,FALSE
"Ch_muhammad_Munir_Azhar","Ch.muhammad Munir Azhar",566,FALSE
"Ch_Nadeem_Abbas_Rebera","Ch Nadeem Abbas Rebera",566,FALSE
"Ch_Nisar_Ali_Khan","Ch Nisar Ali Khan",566,FALSE
"Chaudhary_Abid_Raza","Chaudhary Abid Raza",566,FALSE
"Chaudhary_Asad-Ur-Rehman","Chaudhary Asad-Ur-Rehman",566,FALSE
"Chaudhary_Asad_Ur_Rehman","Chaudhary Asad Ur Rehman",566,FALSE
"Chaudhary_Farrukh_Altaf","Chaudhary Farrukh Altaf",566,FALSE
"Chaudhary_Iftikhar_Nazir","Chaudhary Iftikhar Nazir",566,FALSE
"Chaudhary_Khalid_Javed","Chaudhary Khalid Javed",566,FALSE
"Chaudhary_Mahmood_Bashir_Virk","Chaudhary Mahmood Bashir Virk",566,FALSE
"Chaudhary_Muhammad_Ashraf","Chaudhary Muhammad Ashraf",566,FALSE
"Chaudhary_Muhammad_Ashraf_Gujjar","Chaudhary Muhammad Ashraf Gujjar",566,FALSE
"Chaudhary_Muhammad_Barjees_Tahir","Chaudhary Muhammad Barjees Tahir",566,FALSE
"Chaudhary_Muhammad_Iqbal","Chaudhary Muhammad Iqbal",566,FALSE
"Chaudhary_Muhammad_Shahbaz_Babar","Chaudhary Muhammad Shahbaz Babar",566,FALSE
"Chaudhary_Naseer_Ahmed_Sidhu","Chaudhary Naseer Ahmed Sidhu",566,FALSE
"Chaudhary_Nazeer_Ahmad","Chaudhary Nazeer Ahmad",566,FALSE
"Chaudhary_Nazir_Ahmad","Chaudhary Nazir Ahmad",566,FALSE
"Chaudhary_Nisar_Ali_Khan","Chaudhary Nisar Ali Khan",566,FALSE
"Chaudhry_Khadim_Hussain","Chaudhry Khadim Hussain",566,FALSE
"Chaudhry_Khalid_Javed_Warraich","Chaudhry Khalid Javed Warraich",566,FALSE
"Chaudhry_Mahmood_Bashir_Virk","Chaudhry Mahmood Bashir Virk",566,FALSE
"Chaudhry_Muhammad_Jamil_Johar_Advocate","Chaudhry Muhammad Jamil Johar Advocate",566,FALSE
"Chaudhry_Muhammad_Munir_Azhar","Chaudhry Muhammad Munir Azhar",566,FALSE
"Chaudhry_Naseer_Ahmed_Bhutta","Chaudhry Naseer Ahmed Bhutta",566,FALSE
"Chaudry_Armaghan_Subhani","Chaudry Armaghan Subhani",566,FALSE
"Choudhary_Iftikhar_Nazir","Choudhary Iftikhar Nazir",566,FALSE
"Choudhary_Muhammad_Barjees_Tahir","Choudhary Muhammad Barjees Tahir",566,FALSE
"Choudhry_Muhammad_Shahbaz_Babar","Choudhry Muhammad Shahbaz Babar",566,FALSE
"Choudhry_Muhammad_Tarique","Choudhry Muhammad Tarique",566,FALSE
"Chudhary_Bilal_Ahmed_Virk","Chudhary Bilal Ahmed Virk",566,FALSE
"Chudhary_Hamid_Hameed","Chudhary Hamid Hameed",566,FALSE
"Col_r__Mian_Muhammad_Akram_Advocate","Col(r) Mian Muhammad Akram Advocate",566,FALSE
"Daniyal_Ahmed","Daniyal Ahmed",566,FALSE
"Danyal_Choudhary","Danyal Choudhary",566,FALSE
"Dewan_Ashiq_Hussain_Bukhari","Dewan Ashiq Hussain Bukhari",566,FALSE
"Dewan_Syed_Jaffar_Hussain","Dewan Syed Jaffar Hussain",566,FALSE
"Dilawar_Khan","Dilawar Khan",566,FALSE
"Doctor_Hafeez_Ur_Rehman_Khan_Drishak","Doctor Hafeez Ur Rehman Khan Drishak",566,FALSE
"Doctor_Liaquat_Ali_Khan","Doctor Liaquat Ali Khan",566,FALSE
"Dr__Abu-Ul-Hassan_Ansari","Dr. Abu-Ul-Hassan Ansari",566,FALSE
"Dr__Azeem-Ud-Din_Zahid_Lakhvi","Dr. Azeem-Ud-Din Zahid Lakhvi",566,FALSE
"Dr__Imtiaz_Ahmed","Dr: Imtiaz Ahmed",566,FALSE
"Dr__Mian_Akhtar_Ali_Lalika","Dr. Mian Akhtar Ali Lalika",566,FALSE
"Dr__Muhammad_Afzal_Khan_Dhandla","Dr. Muhammad Afzal Khan Dhandla",566,FALSE
"Dr__Syed_Ali_Hyder_Shah","Dr. Syed Ali Hyder Shah",566,FALSE
"Dr__Tariq_Fazal_Chudhary","Dr. Tariq Fazal Chudhary",566,FALSE
"Dr__Zulfiqar_Ali_Bhatti","Dr. Zulfiqar Ali Bhatti",566,FALSE
"Dr_hafiz_Shabbir_Ahmed","Dr.hafiz Shabbir Ahmed",566,FALSE
"Dr_Rahila_Gul_Magsi","Dr Rahila Gul Magsi",566,FALSE
"Dr_syed_Khawar_Ali_Shah","Dr.syed Khawar Ali Shah",566,FALSE
"Dr_tariq_Fazal_Chaudhry","Dr.tariq Fazal Chaudhry",566,FALSE
"Ehsan-Ul-Haq_Idrees_Advocate","Ehsan-Ul-Haq Idrees Advocate",566,FALSE
"Ehsan_Ul_Haq_Bajwa","Ehsan Ul Haq Bajwa",566,FALSE
"Engineer_Abdul_Munim_Khan","Engineer Abdul Munim Khan",566,FALSE
"Engineer_Iqbal_Zafar_Jhagra","Engineer Iqbal Zafar Jhagra",566,FALSE
"Engineer_Khuram_Dastgir_Khan","Engineer Khuram Dastgir Khan",566,FALSE
"Engr_Khurram_Dastgir_Khan","Engr Khurram Dastgir Khan",566,FALSE
"Faheem_Advocate","Faheem Advocate",566,FALSE
"Faiz_Muhammad_Khan","Faiz Muhammad Khan",566,FALSE
"Farah_Awan_Advocate","Farah Awan Advocate",566,FALSE
"Farah_Khan","Farah Khan",566,FALSE
"Farhat_Ullah_Khan","Farhat Ullah Khan",566,FALSE
"Farid_Khan_Yousafzai","Farid Khan Yousafzai",566,FALSE
"Farkhanda_Amjad_Waraich","Farkhanda Amjad Waraich",566,FALSE
"Fida_Muhammad","Fida Muhammad",568,TRUE
"Furqan_Ali","Furqan Ali",566,FALSE
"Ghalib_Khan","Ghalib Khan",566,FALSE
"Ghani_Ur_Rehman","Ghani Ur Rehman",566,FALSE
"Ghulam_Hyder_Phulpoto","Ghulam Hyder Phulpoto",566,FALSE
"Ghulam_Muhammad_Lali","Ghulam Muhammad Lali",566,FALSE
"Ghulam_Rasool_Sahi","Ghulam Rasool Sahi",566,FALSE
"Ghulam_Shoaib","Ghulam Shoaib",566,FALSE
"Hafeez_Ur_Rehman_Khan_Drishak","Hafeez Ur Rehman Khan Drishak",566,FALSE
"Hafiz_Abdul_Kareem","Hafiz Abdul Kareem",566,FALSE
"Hafiz_Abdul_Karim","Hafiz Abdul Karim",566,FALSE
"Hafiz_Masroor_Lateef","Hafiz Masroor Lateef",566,FALSE
"Haji_Arz_Muhammad_Barech","Haji Arz Muhammad Barech",566,FALSE
"Haji_Jamal_Shah_Kakar","Haji Jamal Shah Kakar",566,FALSE
"Haji_Javed_Iqbal_Jat","Haji Javed Iqbal Jat",566,FALSE
"Haji_Muhammad_Akram_Ansari","Haji Muhammad Akram Ansari",566,FALSE
"Haji_Muzaffar_Ali_Shajra","Haji Muzaffar Ali Shajra",566,FALSE
"Haji_Waris_Khan_Achakzai","Haji Waris Khan Achakzai",566,FALSE
"Haji_Zar_Khan_Safi","Haji Zar Khan Safi",566,FALSE
"Hameer_Imdad_Unar","Hameer Imdad Unar",566,FALSE
"Hammad_Nawaz_Khan","Hammad Nawaz Khan",566,FALSE
"Hamza","Hamza",707,TRUE
"Hamza_Shahbaz_Sharif","Hamza Shahbaz Sharif",566,FALSE
"Hizbullah_Gandapur","Hizbullah Gandapur",566,FALSE
"Humair_Hayat_Khan_Rokhari","Humair Hayat Khan Rokhari",566,FALSE
"Husnain_Rashid","Husnain Rashid",566,FALSE
"Ibadullah","Ibadullah",566,FALSE
"Iftikhar_Uddin","Iftikhar Uddin",566,FALSE
"Ihasn_Kareem_Qureshi","Ihasn Kareem Qureshi",566,FALSE
"Ijaz_Ahmed_Chaudhary","Ijaz Ahmed Chaudhary",566,FALSE
"Illah_Bukhsh_Soomro","Illah Bukhsh Soomro",566,FALSE
"Illahi_Bux_Soomro","Illahi Bux Soomro",566,FALSE
"Imtiaz_Ahmad_Gondal","Imtiaz Ahmad Gondal",566,FALSE
"Inamullah_Khan_Niazi","Inamullah Khan Niazi",566,FALSE
"Iqbal_Zaffar_Jhagra","Iqbal Zaffar Jhagra",566,FALSE
"Irfan_Aziz_Kurd","Irfan Aziz Kurd",566,FALSE
"Ishtiaq_Ahmed_Advocate","Ishtiaq Ahmed Advocate",566,FALSE
"Jalal_Khan_Khattak","Jalal Khan Khattak",1269,TRUE
"Jam_Kamal_Khan","Jam Kamal Khan",566,FALSE
"Jamil_Ahmad_Khan","Jamil Ahmad Khan",566,FALSE
"Javaid_Ibrahim_Paracha","Javaid Ibrahim Paracha",566,FALSE
"Javed_Akhter","Javed Akhter",566,FALSE
"Jehanzeb_Khan","Jehanzeb Khan",566,FALSE
"Justice_r__Iftikhar_Ahmad_Cheema","Justice(r) Iftikhar Ahmad Cheema",566,FALSE
"Justice_r_Iftikhar_Ahmad_Cheema","Justice r Iftikhar Ahmad Cheema",566,FALSE
"Kaleem_Akbar_Durrani","Kaleem Akbar Durrani",566,FALSE
"Kalim_Akbar","Kalim Akbar",566,FALSE
"Khalid_Aziz","Khalid Aziz",566,FALSE
"Khawaja_Ahmad_Hassan","Khawaja Ahmad Hassan",566,FALSE
"Khawaja_Muhammad_Asif","Khawaja Muhammad Asif",566,FALSE
"Khawaja_Muhammad_Asif_","Khawaja Muhammad Asif.",566,FALSE
"Khawaja_Saad_Rafique","Khawaja Saad Rafique",566,FALSE
"Khudai_Noor","Khudai Noor",566,FALSE
"Khurram_Dastagir_Khan","Khurram Dastagir Khan",566,FALSE
"Liaqat_Ahmed_Khan","Liaqat Ahmed Khan",566,FALSE
"Liaquat_Ali_Jamali","Liaquat Ali Jamali",566,FALSE
"Lt_Gen_r__Salah-Ud-Din_Trimzi","Lt Gen(r) Salah-Ud-Din Trimzi",566,FALSE
"Lt_gen_r_Abdul_Qadir_Baloch","Lt.gen r Abdul Qadir Baloch",566,FALSE
"m_Aslam_Buledi","m Aslam Buledi",566,FALSE
"m_Junaid_Anwar_Chaudhary","m Junaid Anwar Chaudhary",566,FALSE
"Mailk_Sohail_Khan","Mailk Sohail Khan",566,FALSE
"Major_r_Amir_Aziz_Kurd","Major r Amir Aziz Kurd",566,FALSE
"Major_Rtd_Tahir_Iqbal","Major Rtd Tahir Iqbal",566,FALSE
"Makdum_Syed_Ahmad_Alam_Anwer","Makdum Syed Ahmad Alam Anwer",566,FALSE
"Makhadom_Jamil_Ahmed_Hussain_Bukhari","Makhadom Jamil Ahmed Hussain Bukhari",566,FALSE
"Makhdoom_Faisal_Saleh_Hayat","Makhdoom Faisal Saleh Hayat",566,FALSE
"Makhdoom_Moeen_Uddin_Ali","Makhdoom Moeen Uddin Ali",566,FALSE
"Makhdoom_Moin_Ud_Din_Ali_Hashmi","Makhdoom Moin Ud Din Ali Hashmi",566,FALSE
"Makhdoom_Muhammad_Javed_Hashmi","Makhdoom Muhammad Javed Hashmi",566,FALSE
"Makhdoom_Syed_Ali_Hassan_Gillani","Makhdoom Syed Ali Hassan Gillani",566,FALSE
"Makhdoom_Syed_Sami_Ul_Hassan_Gilani","Makhdoom Syed Sami Ul Hassan Gilani",566,FALSE
"Makhdoomzada_s_b_a_Sultan","Makhdoomzada s b a Sultan",566,FALSE
"Malak_Muhammad_Zeb_Khan","Malak Muhammad Zeb Khan",566,FALSE
"Malak_Syed_Ahmad","Malak Syed Ahmad",566,FALSE
"Malik_Abdul_Ghaffar_Dogar","Malik Abdul Ghaffar Dogar",566,FALSE
"Malik_Abrar_Ahmad","Malik Abrar Ahmad",566,FALSE
"Malik_Akhtar_Hussain_Awan","Malik Akhtar Hussain Awan",566,FALSE
"Malik_Ghulam_Qasim_Hanjra","Malik Ghulam Qasim Hanjra",566,FALSE
"Malik_Ibrar_Ahmed","Malik Ibrar Ahmed",566,FALSE
"Malik_Ihtebar_Khan","Malik Ihtebar Khan",566,FALSE
"Malik_Iqbal_Mehdi_Khan","Malik Iqbal Mehdi Khan",566,FALSE
"Malik_Khalid_Naeem","Malik Khalid Naeem",566,FALSE
"Malik_Majid_Bucha","Malik Majid Bucha",566,FALSE
"Malik_Maula_Dad_Khan_Sherani_","Malik Maula Dad Khan Sherani.",566,FALSE
"Malik_Muhammad_Afzal_Khokhar","Malik Muhammad Afzal Khokhar",566,FALSE
"Malik_Muhammad_Asad_Khan","Malik Muhammad Asad Khan",566,FALSE
"Malik_Muhammad_Basit_Khar","Malik Muhammad Basit Khar",566,FALSE
"Malik_Muhammad_Iqbal_Chanar","Malik Muhammad Iqbal Chanar",566,FALSE
"Malik_Saif_Ul_Malook_Khokar","Malik Saif Ul Malook Khokar",566,FALSE
"Malik_Shakeel_Ahmed_Awan","Malik Shakeel Ahmed Awan",566,FALSE
"Malik_Shakir_Bashir_Awan","Malik Shakir Bashir Awan",566,FALSE
"Malik_Sohail_Khan","Malik Sohail Khan",1050,TRUE
"Malik_Sultan_Mehmood","Malik Sultan Mehmood",566,FALSE
"Mansoor_Kamal_Marwat","Mansoor Kamal Marwat",566,FALSE
"Maryam_Nawaz_Sharif","Maryam Nawaz Sharif",566,FALSE
"Mehar_Ishtiaq_Ahmad","Mehar Ishtiaq Ahmad",566,FALSE
"Mian_Abdul_Manan","Mian Abdul Manan",566,FALSE
"Mian_Abdul_Mannan_","Mian Abdul Mannan.",566,FALSE
"Mian_Abdul_Rasheed","Mian Abdul Rasheed",566,FALSE
"Mian_Faiz-Ul-Hassan","Mian Faiz-Ul-Hassan",566,FALSE
"Mian_Imtiaz_Ahmad","Mian Imtiaz Ahmad",566,FALSE
"Mian_Imtiaz_Ahmed","Mian Imtiaz Ahmed",566,FALSE
"Mian_Javed_Latif","Mian Javed Latif",566,FALSE
"Mian_Manzoor_Hussain","Mian Manzoor Hussain",566,FALSE
"Mian_Margoob_Ahmad","Mian Margoob Ahmad",566,FALSE
"Mian_Muhammad_Arshad_Abbas_Qureshi","Mian Muhammad Arshad Abbas Qureshi",566,FALSE
"Mian_Muhammad_Farooq","Mian Muhammad Farooq",566,FALSE
"Mian_Muhammad_Ilyas_Rasheed","Mian Muhammad Ilyas Rasheed",566,FALSE
"Mian_Muhammad_Nawaz_Sharif","Mian Muhammad Nawaz Sharif",566,FALSE
"Mian_Muhammad_Qasim_Farooq_","Mian Muhammad Qasim Farooq.",566,FALSE
"Mian_Muhammad_Rasheed","Mian Muhammad Rasheed",582,TRUE
"Mian_Muhammad_Shahbaz_Sharif","Mian Muhammad Shahbaz Sharif",566,FALSE
"Mian_Muhammad_Sharif_Zafar_Joia","Mian Muhammad Sharif Zafar Joia",566,FALSE
"Mian_Najibuddin_Awaisi","Mian Najibuddin Awaisi",566,FALSE
"Mian_Riaz_Hussain_Peerzada","Mian Riaz Hussain Peerzada",566,FALSE
"Mian_Shahid_Hussain_Khan","Mian Shahid Hussain Khan",566,FALSE
"Mian_Shahid_Hussain_Khan_Bhatti","Mian Shahid Hussain Khan Bhatti",566,FALSE
"Mian_Yawar_Zaman","Mian Yawar Zaman",566,FALSE
"Mir_Amanullah_Talpur","Mir Amanullah Talpur",566,FALSE
"Mir_Atta_Ullah","Mir Atta Ullah",566,FALSE
"Mir_Dosteen_Khan_Domki","Mir Dosteen Khan Domki",566,FALSE
"Mir_Khan_Muhammad_Jamali","Mir Khan Muhammad Jamali",566,FALSE
"Mir_Mehrullah_Khan_Umrani","Mir Mehrullah Khan Umrani",566,FALSE
"Mohammad_Riyaz","Mohammad Riyaz",566,FALSE
"Mohmmad-Ul-Mulk__Akhon_Zada_","Mohmmad-Ul-Mulk (Akhon Zada)",566,FALSE
"Mohsin_Shah_Nawaz_Ranjah","Mohsin Shah Nawaz Ranjah",566,FALSE
"Mohsin_Shah_Nawaz_Ranjha","Mohsin Shah Nawaz Ranjha",566,FALSE
"Mohsin_Shahnawaz_Ranjha","Mohsin Shahnawaz Ranjha",566,FALSE
"Mohtarmatehmina_Doultana","Mohtarmatehmina Doultana",566,FALSE
"Moin_Khan","Moin Khan",566,FALSE
"Molana_Asif_Muawia","Molana Asif Muawia",566,FALSE
"Mr__Makhdoom_Shah_Nawaz_Qureshi","Mr. Makhdoom Shah Nawaz Qureshi",566,FALSE
"Mr_babu_Sarfraz_Khan_Jatoi","Mr.babu Sarfraz Khan Jatoi",566,FALSE
"Mr_liaquat_Ali_Jatoi","Mr.liaquat Ali Jatoi",566,FALSE
"Mrs_Amjad_Ali_Warraich","Mrs Amjad Ali Warraich",566,FALSE
"Muhabbat_Khan","Muhabbat Khan",566,FALSE
"Muhammad_Abad","Muhammad Abad",566,FALSE
"Muhammad_Abdul_Ghaffar_Watto","Muhammad Abdul Ghaffar Watto",566,FALSE
"Muhammad_Afzal_Khokhar","Muhammad Afzal Khokhar",566,FALSE
"Muhammad_Akbar_Khan","Muhammad Akbar Khan",566,FALSE
"Muhammad_Akhtar_Khan_Kanjoo","Muhammad Akhtar Khan Kanjoo",566,FALSE
"Muhammad_Akhtar_Khan_Kanju","Muhammad Akhtar Khan Kanju",566,FALSE
"Muhammad_Akhter_Khadam_Alias_Khadam_Hussain","Muhammad Akhter Khadam Alias Khadam Hussain",566,FALSE
"Muhammad_Akram_Mughal","Muhammad Akram Mughal",566,FALSE
"Muhammad_Amjad_Farooq_Khan_Khosa","Muhammad Amjad Farooq Khan Khosa",566,FALSE
"Muhammad_Arif_Ch","Muhammad Arif Ch",566,FALSE
"Muhammad_Arshad_Khan_Laghari","Muhammad Arshad Khan Laghari",566,FALSE
"Muhammad_Asad_Ali_Khan_Junejo","Muhammad Asad Ali Khan Junejo",566,FALSE
"Muhammad_Asim_Nazeer","Muhammad Asim Nazeer",566,FALSE
"Muhammad_Aslam_Khan_Khattak","Muhammad Aslam Khan Khattak",566,FALSE
"Muhammad_Azhar_Khan_Laghari","Muhammad Azhar Khan Laghari",566,FALSE
"Muhammad_Baleegh-Ur-Rehman","Muhammad Baleegh-Ur-Rehman",566,FALSE
"Muhammad_Baligh_Ur_Rehman","Muhammad Baligh Ur Rehman",566,FALSE
"Muhammad_Barjees_Tahir","Muhammad Barjees Tahir",566,FALSE
"Muhammad_Faiz_Tamman","Muhammad Faiz Tamman",566,FALSE
"Muhammad_Farooq_Baha-Ul-Haq_Shah","Muhammad Farooq Baha-Ul-Haq Shah",566,FALSE
"Muhammad_Hamid_Hameed","Muhammad Hamid Hameed",566,FALSE
"Muhammad_Hamza_Shehbaz_Sharif","Muhammad Hamza Shehbaz Sharif",566,FALSE
"Muhammad_Hanif_Abbasi","Muhammad Hanif Abbasi",566,FALSE
"Muhammad_Humair_Hayat_Khan_Niazi","Muhammad Humair Hayat Khan Niazi",566,FALSE
"Muhammad_Israr","Muhammad Israr",566,FALSE
"Muhammad_Jamil_Malik","Muhammad Jamil Malik",566,FALSE
"Muhammad_Junaid_Anwaar_Chaudhry","Muhammad Junaid Anwaar Chaudhry",566,FALSE
"Muhammad_Junaid_Anwaar_Chudhary","Muhammad Junaid Anwaar Chudhary",566,FALSE
"Muhammad_Khan_Daha","Muhammad Khan Daha",566,FALSE
"Muhammad_Moeen_Wattoo","Muhammad Moeen Wattoo",566,FALSE
"Muhammad_Mueen_Watto","Muhammad Mueen Watto",566,FALSE
"Muhammad_Nawaz_Sharif","Muhammad Nawaz Sharif",566,FALSE
"Muhammad_Nazir_Khan","Muhammad Nazir Khan",566,FALSE
"Muhammad_Nisar_Khan","Muhammad Nisar Khan",566,FALSE
"Muhammad_Numan","Muhammad Numan",566,FALSE
"Muhammad_Pervaiz_Malik","Muhammad Pervaiz Malik",566,FALSE
"Muhammad_Qasim_Farooq","Muhammad Qasim Farooq",566,FALSE
"Muhammad_Riaz_Malik","Muhammad Riaz Malik",566,FALSE
"Muhammad_Sana_Ullah_Khan_Masti_Khel","Muhammad Sana Ullah Khan Masti Khel",566,FALSE
"Muhammad_Shahbaz_Sharif","Muhammad Shahbaz Sharif",566,FALSE
"Muhammad_Shoaib_Khan","Muhammad Shoaib Khan",566,FALSE
"Muhammad_Tahir_Ameer_Ghroi","Muhammad Tahir Ameer Ghroi",566,FALSE
"Muhammad_Talal_Chaudhry_","Muhammad Talal Chaudhry.",566,FALSE
"Muhammad_Tallal_Choudhary","Muhammad Tallal Choudhary",566,FALSE
"Muhammad_Ullah","Muhammad Ullah",566,FALSE
"Muhammad_Usman_Awaisi","Muhammad Usman Awaisi",566,FALSE
"Muhammad_Uzair_Khan","Muhammad Uzair Khan",566,FALSE
"Muhammad_Yaqub_Sheikh","Muhammad Yaqub Sheikh",566,FALSE
"Muhammad_Yar_Khan_Kamoka","Muhammad Yar Khan Kamoka",566,FALSE
"Muhammad_Yousaf_Kakar","Muhammad Yousaf Kakar",566,FALSE
"Mukhdoom_Syed_Asad_Murtaza_Geelani","Mukhdoom Syed Asad Murtaza Geelani",566,FALSE
"Mukhtar_Ahmed_Malik","Mukhtar Ahmed Malik",566,FALSE
"Mumtaz_Ahmad_Tarar","Mumtaz Ahmad Tarar",566,FALSE
"Munawar_Hayat_Abbasi","Munawar Hayat Abbasi",566,FALSE
"Murtaza_Javed_Abbasi","Murtaza Javed Abbasi",566,FALSE
"Mushahid_Raza","Mushahid Raza",566,FALSE
"Mushahidullah_Khan","Mushahidullah Khan",566,FALSE
"Nadeem_Abbas","Nadeem Abbas",566,FALSE
"Naheed_Parveen","Naheed Parveen",566,FALSE
"Naik_Amal_Khan","Naik Amal Khan",566,FALSE
"Najeeb_Ullah_Khan_Niazi","Najeeb Ullah Khan Niazi",566,FALSE
"Nasar_Iqbal_Bosal","Nasar Iqbal Bosal",566,FALSE
"Nasir_Iqbal_Bosal","Nasir Iqbal Bosal",566,FALSE
"Nasir_Khan_Mosazai","Nasir Khan Mosazai",566,FALSE
"Nawab_Arshad_Ali_Talpur","Nawab Arshad Ali Talpur",566,FALSE
"Nawab_Salman_Khan_Khilji","Nawab Salman Khan Khilji",566,FALSE
"Nawab_Sher","Nawab Sher",566,FALSE
"Nawab_Zada","Nawab Zada",566,FALSE
"Nawabzada_Jangaiz_Khan_Marri","Nawabzada Jangaiz Khan Marri",566,FALSE
"Nawabzada_Khawaja_Muhammad_Khan_Hoti","Nawabzada Khawaja Muhammad Khan Hoti",566,FALSE
"Nawabzada_Mazher_Ali","Nawabzada Mazher Ali",566,FALSE
"Niaz_Muhammad_Khan","Niaz Muhammad Khan",566,FALSE
"Nisar_Ahmed_Cheema","Nisar Ahmed Cheema",566,FALSE
"Nisar_Akbar_Khan_","Nisar Akbar Khan.",566,FALSE
"Noor_Ul_Hassan_Tanveer","Noor Ul Hassan Tanveer",566,FALSE
"Obaid_Ullah_Khan_Shadi_Khel","Obaid Ullah Khan Shadi Khel",566,FALSE
"Obaid_Ullah_Shadi_Khel","Obaid Ullah Shadi Khel",566,FALSE
"Omar_Ayub_Khan","Omar Ayub Khan",1050,TRUE
"Parveen_Bashir","Parveen Bashir",566,FALSE
"Pir_Muhammad_Amin_Ul_Hasnat_Shah","Pir Muhammad Amin Ul Hasnat Shah",566,FALSE
"Pir_Muhammad_Aslam_Bodla","Pir Muhammad Aslam Bodla",566,FALSE
"Pirzada_Muhammad_Ashraf_Zia","Pirzada Muhammad Ashraf Zia",566,FALSE
"Professor_Doctor_Noor_Muhammad_Ghafari","Professor Doctor Noor Muhammad Ghafari",566,FALSE
"Qadir_Bux","Qadir Bux",566,FALSE
"Qaiser_Ahmad_Sheikh","Qaiser Ahmad Sheikh",566,FALSE
"Qaiser_Ahmed_Sheikh","Qaiser Ahmed Sheikh",566,FALSE
"Raees_Khan","Raees Khan",566,FALSE
"Rahim_Bux","Rahim Bux",566,FALSE
"Rai_Mansab_Ali_Khan","Rai Mansab Ali Khan",566,FALSE
"Rai_Muhammad_Saleem_Raza_Kharral_Advocate","Rai Muhammad Saleem Raza Kharral Advocate",566,FALSE
"Rai_Salah-Ud-Din","Rai Salah-Ud-Din",566,FALSE
"Raja_Javed_Ikhlas","Raja Javed Ikhlas",566,FALSE
"Raja_Muhammad_Asad_Khan","Raja Muhammad Asad Khan",566,FALSE
"Raja_Muhammad_Javed_Ikhlas","Raja Muhammad Javed Ikhlas",566,FALSE
"Raja_Muhammad_Safdar","Raja Muhammad Safdar",566,FALSE
"Raja_Osama_Sarwar","Raja Osama Sarwar",566,FALSE
"Raja_Qamar_Ul_Islam","Raja Qamar Ul Islam",566,FALSE
"Rajab_Ali_Khan_Baloch","Rajab Ali Khan Baloch",566,FALSE
"Rana_Abdul_Sattar_Bin_Rana_Shamim_Ahmed_Khan","Rana Abdul Sattar Bin Rana Shamim Ahmed Khan",566,FALSE
"Rana_Afzaal_Hussain","Rana Afzaal Hussain",566,FALSE
"Rana_Iradat_Sharif_Khan","Rana Iradat Sharif Khan",566,FALSE
"Rana_Mahmood-Ul-Hassan","Rana Mahmood-Ul-Hassan",566,FALSE
"Rana_Mehmood_Ul_Hassan","Rana Mehmood Ul Hassan",566,FALSE
"Rana_Mubasshir_Iqbal","Rana Mubasshir Iqbal",566,FALSE
"Rana_Muhammad_Afzal_Khan","Rana Muhammad Afzal Khan",566,FALSE
"Rana_Muhammad_Hayat_Khan","Rana Muhammad Hayat Khan",566,FALSE
"Rana_Muhammad_Ishaq_Khan","Rana Muhammad Ishaq Khan",566,FALSE
"Rana_Nazir_Ahmad_Khan","Rana Nazir Ahmad Khan",566,FALSE
"Rana_Qasim_Noon","Rana Qasim Noon",566,FALSE
"Rana_Sana_Ullah_Khan","Rana Sana Ullah Khan",566,FALSE
"Rana_Shamim_Ahmed_Khan","Rana Shamim Ahmed Khan",566,FALSE
"Rana_Tanveer_Hussain","Rana Tanveer Hussain",566,FALSE
"Rana_Umer_Nazir_Khan","Rana Umer Nazir Khan",566,FALSE
"Rana_Zahid_Hussain_Khan","Rana Zahid Hussain Khan",566,FALSE
"Rao_Abid_Rizwan_Shoukat","Rao Abid Rizwan Shoukat",566,FALSE
"Rao_Mazhar_Hayyat_Khan","Rao Mazhar Hayyat Khan",566,FALSE
"Rao_Muhammad_Mohsin_Ali_Khan","Rao Muhammad Mohsin Ali Khan",566,FALSE
"Rasheed_Ahmad_Khan","Rasheed Ahmad Khan",566,FALSE
"Rasool_Bux_Jakhro","Rasool Bux Jakhro",566,FALSE
"Rehan_Malik_Advocate","Rehan Malik Advocate",566,FALSE
"Rehan_Qaiser_Sheikh","Rehan Qaiser Sheikh",566,FALSE
"Rehmat_Salam_Khattak","Rehmat Salam Khattak",566,FALSE
"Riaz_Ahmad_Khan","Riaz Ahmad Khan",566,FALSE
"Riaz_Ul_Haq","Riaz Ul Haq",566,FALSE
"Rooh_Ullah_Khan","Rooh Ullah Khan",566,FALSE
"Rozina","Rozina",566,FALSE
"Saad_Ullah_Tareen","Saad Ullah Tareen",566,FALSE
"Saad_Waseem","Saad Waseem",566,FALSE
"Saboohuddin_Malik","Saboohuddin Malik",566,FALSE
"Saddique_Khan_Baloch","Saddique Khan Baloch",566,FALSE
"Sadia_Shabir","Sadia Shabir",566,FALSE
"Saeed_Ahmed_Khan_Manais","Saeed Ahmed Khan Manais",566,FALSE
"Saeed_Ahmed_Manais","Saeed Ahmed Manais",566,FALSE
"Sahabzada_Syed_Murtaza_Amin","Sahabzada Syed Murtaza Amin",566,FALSE
"Sahibzada-Faizul-Hassan","Sahibzada-Faizul-Hassan",566,FALSE
"Sahibzada_Faiz_Ul_Hassan","Sahibzada Faiz Ul Hassan",566,FALSE
"Sahibzada_Haji_Muhammad_Fazal-e-Kareem_","Sahibzada Haji Muhammad Fazal-e-Kareem.",566,FALSE
"Sahibzada_Muhammad_Tahir_Sultan","Sahibzada Muhammad Tahir Sultan",566,FALSE
"Sahibzada_Shabbir_Hassan_Ansari","Sahibzada Shabbir Hassan Ansari",566,FALSE
"Saima_Akhtar_Bharwana","Saima Akhtar Bharwana",566,FALSE
"Saira_Afzal_Tarar","Saira Afzal Tarar",566,FALSE
"Saira_Tarar","Saira Tarar",566,FALSE
"Sajid_Mehdi","Sajid Mehdi",566,FALSE
"Sajjad_Ahmed_Sohal","Sajjad Ahmed Sohal",566,FALSE
"Sajjad_Ali","Sajjad Ali",566,FALSE
"Sajjad_Anwar_Khan","Sajjad Anwar Khan",566,FALSE
"Sakina_Anwer","Sakina Anwer",566,FALSE
"Salar_Khan","Salar Khan",566,FALSE
"Saleem_Zia","Saleem Zia",566,FALSE
"Salman_Hanif","Salman Hanif",566,FALSE
"Sardar_Adil_Umar","Sardar Adil Umar",566,FALSE
"Sardar_Ayaz_Sadiq","Sardar Ayaz Sadiq",566,FALSE
"Sardar_Fateh_Muhammad_Hasni","Sardar Fateh Muhammad Hasni",566,FALSE
"Sardar_Ghulam_Abbas","Sardar Ghulam Abbas",566,FALSE
"Sardar_m_Yaqoob_Nasir","Sardar m Yaqoob Nasir",566,FALSE
"Sardar_Mansab_Ali_Dogar","Sardar Mansab Ali Dogar",566,FALSE
"Sardar_Mansab_Ali_Doggar","Sardar Mansab Ali Doggar",566,FALSE
"Sardar_Mehtab_Ahmed_Khan","Sardar Mehtab Ahmed Khan",566,FALSE
"Sardar_Muhammad_Amjad_Farooq_Khan_Khosa","Sardar Muhammad Amjad Farooq Khan Khosa",566,FALSE
"Sardar_Muhammad_Arshad_Khan_Laghari","Sardar Muhammad Arshad Khan Laghari",566,FALSE
"Sardar_Muhammad_Irfan_Dogar","Sardar Muhammad Irfan Dogar",566,FALSE
"Sardar_Muhammad_Jaffar_Khan_Leghari","Sardar Muhammad Jaffar Khan Leghari",566,FALSE
"Sardar_Muhammad_Mushtaq_Khan","Sardar Muhammad Mushtaq Khan",1269,TRUE
"Sardar_Muhammad_Saif-Ul-Din_Khan_Khosa","Sardar Muhammad Saif-Ul-Din Khan Khosa",566,FALSE
"Sardar_Muhammad_Shafqat_Hayat_Khan","Sardar Muhammad Shafqat Hayat Khan",566,FALSE
"Sardar_Muhammad_Yaqoob_Khan_Nasir","Sardar Muhammad Yaqoob Khan Nasir",566,FALSE
"Sardar_Muhammad_Yousaf","Sardar Muhammad Yousaf",566,FALSE
"Sardar_Muhammad_Yousaf_Zaman","Sardar Muhammad Yousaf Zaman",566,FALSE
"Sardar_Mumtaz_Khan","Sardar Mumtaz Khan",566,FALSE
"Sardar_Noor_Ahmed_Khan_Malaizai","Sardar Noor Ahmed Khan Malaizai",566,FALSE
"Sardar_Riaz_Mahmood_Khan_Mazari","Sardar Riaz Mahmood Khan Mazari",566,FALSE
"Sardar_Sanaullah_Zehri","Sardar Sanaullah Zehri",566,FALSE
"Sarzamin_Khan","Sarzamin Khan",566,FALSE
"Saud_Majeed","Saud Majeed",566,FALSE
"Shabbir_Ahmed_Hyderi","Shabbir Ahmed Hyderi",566,FALSE
"Shah_Jee_Gul_Afridi","Shah Jee Gul Afridi",566,FALSE
"Shahab_Ud_Din_Khan","Shahab Ud Din Khan",566,FALSE
"Shahibzada_Faiz_Ul_Hassan","Shahibzada Faiz Ul Hassan",566,FALSE
"Shahid_Khaqan_Abbasi","Shahid Khaqan Abbasi",566,FALSE
"Shahid_Khaqan_Abbassi","Shahid Khaqan Abbassi",566,FALSE
"Shahid_Usman","Shahid Usman",566,FALSE
"Shaikh_Maqsood_Ahmed","Shaikh Maqsood Ahmed",566,FALSE
"Shaikh_Rohale_Asghar","Shaikh Rohale Asghar",566,FALSE
"Shams_Ur_Rehman_Khattak","Shams Ur Rehman Khattak",566,FALSE
"Sharafat_Khan","Sharafat Khan",566,FALSE
"Shazia_Mubashar","Shazia Mubashar",566,FALSE
"Shehzad_Asghar_Khan_Rind__Advocate","Shehzad Asghar Khan Rind, Advocate",566,FALSE
"Sheikh_Abdul_Sattar_Mandokhel","Sheikh Abdul Sattar Mandokhel",566,FALSE
"Sheikh_Aftab_Ahmad","Sheikh Aftab Ahmad",566,FALSE
"Sheikh_Aftab_Ahmed","Sheikh Aftab Ahmed",566,FALSE
"Sheikh_Fayyaz_Ud_Din","Sheikh Fayyaz Ud Din",566,FALSE
"Sheikh_Muhammad_Akram","Sheikh Muhammad Akram",566,FALSE
"Sheikh_Muhammad_Tariq_Rasheed","Sheikh Muhammad Tariq Rasheed",566,FALSE
"Sheikh_Rohale_Asghar","Sheikh Rohale Asghar",566,FALSE
"Sheikh_Roheel_Asghar","Sheikh Roheel Asghar",566,FALSE
"Sher_Afghan_Khan","Sher Afghan Khan",566,FALSE
"Sher_Rehman","Sher Rehman",566,FALSE
"Shezra_Mansab_Ali_Khan_Kharal","Shezra Mansab Ali Khan Kharal",566,FALSE
"Sidra_Tel_Muntaha","Sidra Tel Muntaha",566,FALSE
"Sikander_Ali_Mirani","Sikander Ali Mirani",566,FALSE
"Skindar_Hayyat_Khan_Bosan","Skindar Hayyat Khan Bosan",566,FALSE
"Sobia_Shahid","Sobia Shahid",566,FALSE
"Sohail_Ahmad","Sohail Ahmad",707,TRUE
"Sohail_Shoukat_Butt","Sohail Shoukat Butt",566,FALSE
"Speen_Gul","Speen Gul",566,FALSE
"Sumaira_Naz","Sumaira Naz",566,FALSE
"Syed_Ansub_Raza_Fatmi","Syed Ansub Raza Fatmi",566,FALSE
"Syed_Attaullah_Shah_Bukhari","Syed Attaullah Shah Bukhari",566,FALSE
"Syed_Basit_Sultan_Bukhari","Syed Basit Sultan Bukhari",566,FALSE
"Syed_Faisal_Abbas","Syed Faisal Abbas",566,FALSE
"Syed_Fakhar_Imam","Syed Fakhar Imam",1269,TRUE
"Syed_Ghulam_Mustafa_Shah_s_o_Syed_Asadullah_Shah","Syed Ghulam Mustafa Shah s/o Syed Asadullah Shah",566,FALSE
"Syed_Hafeezuddin","Syed Hafeezuddin",566,FALSE
"Syed_Iftikhar_Ul_Hassan","Syed Iftikhar Ul Hassan",566,FALSE
"Syed_Imran_Ahmad_Shah","Syed Imran Ahmad Shah",566,FALSE
"Syed_Imran_Ahmed_Shah","Syed Imran Ahmed Shah",566,FALSE
"Syed_Javed_Hassan","Syed Javed Hassan",566,FALSE
"Syed_Javed_Hassnain","Syed Javed Hassnain",566,FALSE
"Syed_Javed_Hassnain_Shah","Syed Javed Hassnain Shah",566,FALSE
"Syed_Mobeen_Ahmed","Syed Mobeen Ahmed",566,FALSE
"Syed_Muhammad_Abdullah_Shah","Syed Muhammad Abdullah Shah",566,FALSE
"Syed_Muhammad_Ali_Shah_Bacha_Lala","Syed Muhammad Ali Shah Bacha Lala",566,FALSE
"Syed_Muhammad_Ashiq_Hussain_Shah","Syed Muhammad Ashiq Hussain Shah",566,FALSE
"Syed_Muhammad_Athar_Hussain_Shah_Gillani","Syed Muhammad Athar Hussain Shah Gillani",566,FALSE
"Syed_Muhammad_Iqbal_Shah","Syed Muhammad Iqbal Shah",566,FALSE
"Syed_Muhammad_Nihal_Hashmi","Syed Muhammad Nihal Hashmi",566,FALSE
"Syed_Muhammad_Rafi_Ud_Din_Bukhari","Syed Muhammad Rafi Ud Din Bukhari",566,FALSE
"Syed_Muhammad_Raza_Bukhari","Syed Muhammad Raza Bukhari",566,FALSE
"Syed_Muhammad_Saleem_Ashrafi","Syed Muhammad Saleem Ashrafi",566,FALSE
"Syed_Muhammad_Salman_Mohsin_Gillani","Syed Muhammad Salman Mohsin Gillani",566,FALSE
"Syed_Muhammad_Saqlain_Bukhari","Syed Muhammad Saqlain Bukhari",566,FALSE
"Syed_Raza_Ali_Bukhari","Syed Raza Ali Bukhari",566,FALSE
"Syed_Riaz_Hussain_Shah_Sherazi","Syed Riaz Hussain Shah Sherazi",566,FALSE
"Syed_Sajid_Mehdi","Syed Sajid Mehdi",566,FALSE
"Syed_Zahoor_Shah","Syed Zahoor Shah",566,FALSE
"Syed_Zulfiqar_Ali_Shah","Syed Zulfiqar Ali Shah",566,FALSE
"Syeda_Nosheen_Iftikhar","Syeda Nosheen Iftikhar",566,FALSE
"Syeda_Shehr_Bano_Bukhari","Syeda Shehr Bano Bukhari",566,FALSE
"Tariq_Fazal_Chaudhry","Tariq Fazal Chaudhry",566,FALSE
"Tehmina_Daultana","Tehmina Daultana",566,FALSE
"Toor_Gul_Khan_Jogezai","Toor Gul Khan Jogezai",566,FALSE
"Umer_Sohail_Zia_Butt","Umer Sohail Zia Butt",566,FALSE
"Usman_Ibrahim","Usman Ibrahim",566,FALSE
"Uzair_Tariq","Uzair Tariq",566,FALSE
"Waheed_Alam_Khan","Waheed Alam Khan",566,FALSE
"Wajid_Ali_Khan","Wajid Ali Khan",566,FALSE
"Waseem_Akhtar_Shaikh","Waseem Akhtar Shaikh",566,FALSE
"Waseem_Akhtar_Sheikh","Waseem Akhtar Sheikh",566,FALSE
"Wazeer_Ahmed_Afridi","Wazeer Ahmed Afridi",566,FALSE
"Yasir_Khan","Yasir Khan",566,FALSE
"Zahid_Hamid","Zahid Hamid",566,FALSE
"Zahid_Khan_Afridi","Zahid Khan Afridi",566,FALSE
"Zaib_Jafar","Zaib Jafar",566,FALSE
"Zain-Ul-Abideen_Ansari","Zain-Ul-Abideen Ansari",566,FALSE
"Zain_Ansari","Zain Ansari",566,FALSE
"Zain_Ul_Abdin_Ansari","Zain Ul Abdin Ansari",566,FALSE
"Zakir_Hussain_Mari","Zakir Hussain Mari",566,FALSE
"Zameer_Hussain_Leghari","Zameer Hussain Leghari",566,FALSE
"Zar_Khan","Zar Khan",566,FALSE
"Zobaida_Jalal","Zobaida Jalal",566,FALSE
"Zulifqar_Ali_Bhindar","Zulifqar Ali Bhindar",566,FALSE
"Syed_Faqir_Hussain_Shah_Bukhari","Syed Faqir Hussain Shah Bukhari",0,FALSE
"Zahid_Parvez","Zahid Parvez",0,FALSE
"Abrar_Hussain","Abrar Hussain",212,TRUE
"Abdul_Rehman_Jameel","Abdul Rehman Jameel",5,FALSE
"Ahmad_Deen_Malik","Ahmad Deen Malik",5,FALSE
"Arshad_Ali_Khan","Arshad Ali Khan",5,FALSE
"Muhammad_Allah_Dad_Cheema","Muhammad Allah Dad Cheema",5,FALSE
"Muhammad_Anwar_Ulhaq","Muhammad Anwar Ulhaq",5,FALSE
"Aasim_Nisar","Aasim Nisar",144,FALSE
"Abdul_Azeem","Abdul Azeem",144,FALSE
"Abdul_Azeem_Khan","Abdul Azeem Khan",144,FALSE
"Abdul_Aziz_Aziz","Abdul Aziz Aziz",144,FALSE
"Abdul_Mateen","Abdul Mateen",144,FALSE
"Abdul_Nisar","Abdul Nisar",144,FALSE
"Abdul_Raheem","Abdul Raheem",144,FALSE
"Abdul_Rahim","Abdul Rahim",144,FALSE
"Abdul_Rehman_Muslim","Abdul Rehman Muslim",144,FALSE
"Abdul_Waheed_Abid","Abdul Waheed Abid",144,FALSE
"Abdul_Wajid","Abdul Wajid",354,TRUE
"Abu_Zar","Abu Zar",144,FALSE
"Adil_Hussain","Adil Hussain",144,FALSE
"Ahmad_Bakhsh","Ahmad Bakhsh",144,FALSE
"Ahmad_Sher","Ahmad Sher",144,FALSE
"Aisha","Aisha",144,FALSE
"Akhtari_Bibi","Akhtari Bibi",144,FALSE
"Amir_Zeb","Amir Zeb",144,FALSE
"Amjad_Islam_Amjad","Amjad Islam Amjad",144,FALSE
"Ansar_Javed_Tarar","Ansar Javed Tarar",144,FALSE
"Arshad_Nawab","Arshad Nawab",144,FALSE
"Asad_Munawar","Asad Munawar",144,FALSE
"Asmat_Bibi","Asmat Bibi",144,FALSE
"Azmat_Ali_Kiyani","Azmat Ali Kiyani",144,FALSE
"Babar_Ijaz_Virk","Babar Ijaz Virk",144,FALSE
"Balquees_Begum","Balquees Begum",144,FALSE
"Basmeeda","Basmeeda",144,FALSE
"Chaudhry_Zulfiqar_Ali_Aulakh","Chaudhry Zulfiqar Ali Aulakh",144,FALSE
"Choudhary_Muhammad_Yaqoob_Chahal","Choudhary Muhammad Yaqoob Chahal",144,FALSE
"Danish_Anam","Danish Anam",144,FALSE
"Faisal_Ahmad_Cheema","Faisal Ahmad Cheema",144,FALSE
"Faisal_Nadeem_Shaikh","Faisal Nadeem Shaikh",144,FALSE
"Fazal_Rahim","Fazal Rahim",144,FALSE
"Fiaz_Ahmad","Fiaz Ahmad",144,FALSE
"Ghulam_Ali_Shakar_Toor","Ghulam Ali Shakar Toor",144,FALSE
"Hafeez_Ullah_Rehman","Hafeez Ullah Rehman",144,FALSE
"Hafiz_Ameer_Hamza","Hafiz Ameer Hamza",144,FALSE
"Hafiz_Muhammad_Masood","Hafiz Muhammad Masood",144,FALSE
"Hafiz_Muhammad_Rizwan","Hafiz Muhammad Rizwan",144,FALSE
"Hafiz_Safi_Ur_Rehman","Hafiz Safi Ur Rehman",144,FALSE
"Hafiz_Talha_Saeed","Hafiz Talha Saeed",144,FALSE
"Haq_Nawaz","Haq Nawaz",144,FALSE
"Imran_Liaquat","Imran Liaquat",144,FALSE
"Jahanzaib_Zahid","Jahanzaib Zahid",144,FALSE
"Jamil_Badshah","Jamil Badshah",144,FALSE
"Kashif_Altaf","Kashif Altaf",144,FALSE
"Khalid_Mahmood_Cheema","Khalid Mahmood Cheema",144,FALSE
"Khalid_Masood_Sandhu","Khalid Masood Sandhu",144,FALSE
"Mahar_Muhammad_Mujahid","Mahar Muhammad Mujahid",144,FALSE
"Maqbool_Bibi","Maqbool Bibi",144,FALSE
"Mehak_Rafiq","Mehak Rafiq",144,FALSE
"Mehdi_Ishaq","Mehdi Ishaq",144,FALSE
"Mir_Hazoor_Bakhsh","Mir Hazoor Bakhsh",144,FALSE
"Mudassir_Yaqoob","Mudassir Yaqoob",144,FALSE
"Muhamamd_Ehsan","Muhamamd Ehsan",144,FALSE
"Muhamamd_Saif_Ullah_Saif","Muhamamd Saif Ullah Saif",144,FALSE
"Muhamamd_Shahid_Siddique","Muhamamd Shahid Siddique",144,FALSE
"Muhammad_Abid","Muhammad Abid",144,FALSE
"Muhammad_Ajmal_Khan","Muhammad Ajmal Khan",144,FALSE
"Muhammad_Akmal_Javed","Muhammad Akmal Javed",144,FALSE
"Muhammad_Ameen","Muhammad Ameen",144,FALSE
"Muhammad_Arshad_Bhatti","Muhammad Arshad Bhatti",144,FALSE
"Muhammad_Ashfaq","Muhammad Ashfaq",144,FALSE
"Muhammad_Asif","Muhammad Asif",631,TRUE
"Muhammad_Bilal_Haider","Muhammad Bilal Haider",144,FALSE
"Muhammad_Ghalib","Muhammad Ghalib",144,FALSE
"Muhammad_Haris","Muhammad Haris",629,TRUE
"Muhammad_Haroon_Rafiq","Muhammad Haroon Rafiq",144,FALSE
"Muhammad_Hussain_Amir","Muhammad Hussain Amir",144,FALSE
"Muhammad_Ijaz_Malik","Muhammad Ijaz Malik",144,FALSE
"Muhammad_Imran","Muhammad Imran",160,TRUE
"Muhammad_Iqbal","Muhammad Iqbal",354,TRUE
"Muhammad_Irfan","Muhammad Irfan",154,TRUE
"Muhammad_Irfan_Ashraf","Muhammad Irfan Ashraf",144,FALSE
"Muhammad_Mansha","Muhammad Mansha",144,FALSE
"Muhammad_Munawar","Muhammad Munawar",144,FALSE
"Muhammad_Nadeem_Tabasum","Muhammad Nadeem Tabasum",144,FALSE
"Muhammad_Rizwan_Sarwar","Muhammad Rizwan Sarwar",144,FALSE
"Muhammad_Sajjad","Muhammad Sajjad",144,FALSE
"Muhammad_Shafiq_Ur_Rahman","Muhammad Shafiq Ur Rahman",144,FALSE
"Muhammad_Shamshad","Muhammad Shamshad",144,FALSE
"Muhammad_Shoaib","Muhammad Shoaib",144,FALSE
"Muhammad_Shoaib_Ahmad","Muhammad Shoaib Ahmad",144,FALSE
"Muhammad_Siraj","Muhammad Siraj",144,FALSE
"Muhammad_Usaman","Muhammad Usaman",144,FALSE
"Muhammad_Zafar_Iqbal","Muhammad Zafar Iqbal",144,FALSE
"Muzamil_Iqbal_Hashmi","Muzamil Iqbal Hashmi",144,FALSE
"Nabi_Ahmad_Virk","Nabi Ahmad Virk",144,FALSE
"Nighat_Fardoos","Nighat Fardoos",144,FALSE
"Noreen_Kamran","Noreen Kamran",144,FALSE
"Qaisar_Haroon_Toor","Qaisar Haroon Toor",144,FALSE
"Qaisar_Mustafa_Jajja","Qaisar Mustafa Jajja",144,FALSE
"Qaisar_Sardar","Qaisar Sardar",144,FALSE
"Qaiser_Mustafa_Jajja","Qaiser Mustafa Jajja",144,FALSE
"Qasim_Ali_Khan","Qasim Ali Khan",144,FALSE
"Rahila_Khanum","Rahila Khanum",144,FALSE
"Rana_Abu_Khubaib_Rehman_Khan","Rana Abu Khubaib Rehman Khan",144,FALSE
"Rana_Shahid_Iqbal_Chachar","Rana Shahid Iqbal Chachar",144,FALSE
"Rana_Tariq_Jamal","Rana Tariq Jamal",144,FALSE
"Rashid_Mahmood","Rashid Mahmood",144,FALSE
"Raza_Ullah_Khan","Raza Ullah Khan",144,FALSE
"Ruqia_Bibi","Ruqia Bibi",144,FALSE
"s_m_Yousuf_Ali_Bhatti","s m Yousuf Ali Bhatti",144,FALSE
"Saeed_Ahmed_Khalid","Saeed Ahmed Khalid",144,FALSE
"Saeeda_Zafar","Saeeda Zafar",144,FALSE
"Sajid_Bashir","Sajid Bashir",144,FALSE
"Sajid_Iqbal","Sajid Iqbal",144,FALSE
"Sajjad_Ahmed_Khan","Sajjad Ahmed Khan",144,FALSE
"Salma_Bibi","Salma Bibi",144,FALSE
"Sardar_Abdul_Sattar_Khan","Sardar Abdul Sattar Khan",144,FALSE
"Shaban_Akhtar","Shaban Akhtar",144,FALSE
"Shahbaz","Shahbaz",144,FALSE
"Shahbaz_Hussain_Sidhu","Shahbaz Hussain Sidhu",144,FALSE
"Shakeela_Yasmeen","Shakeela Yasmeen",144,FALSE
"Sohail_Qaiser","Sohail Qaiser",144,FALSE
"Syed_Rabab_Haider","Syed Rabab Haider",144,FALSE
"Tahir_Javed_Khan","Tahir Javed Khan",144,FALSE
"Taj_Mehal","Taj Mehal",144,FALSE
"Taj_Mehmood","Taj Mehmood",144,FALSE
"Tasneem_Gul","Tasneem Gul",144,FALSE
"Waqar_Murtaza","Waqar Murtaza",144,FALSE
"Wasim_Shaukat","Wasim Shaukat",144,FALSE
"Yasira_Bibi","Yasira Bibi",144,FALSE
"Yawar_Aftab","Yawar Aftab",144,FALSE
"Zain_Ullah","Zain Ullah",144,FALSE
"Hafiz_Abdul_Rauf","Hafiz Abdul Rauf",0,FALSE
"Asadullah_Khan","Asadullah Khan",9,FALSE
"Khushal_Khan_Kakar","Khushal Khan Kakar",9,FALSE
"Malik_Zada","Malik Zada",9,FALSE
"Mehar_Ullah","Mehar Ullah",9,FALSE
"Muhammad_Essa_Achakzai","Muhammad Essa Achakzai",9,FALSE
"Muhammad_Mukhtar","Muhammad Mukhtar",9,FALSE
"Nasrullah_Khan_Barech","Nasrullah Khan Barech",9,FALSE
"Noor_Gul_Khan","Noor Gul Khan",9,FALSE
"Parveen_Usman","Parveen Usman",9,FALSE
"Aamir_Khan","Aamir Khan",13,FALSE
"Abdullah_Abbasi","Abdullah Abbasi",13,FALSE
"Afzal_Hayat","Afzal Hayat",13,FALSE
"Fateh_Ali_Muawiya","Fateh Ali Muawiya",13,FALSE
"Fehmeed_Nawaz","Fehmeed Nawaz",13,FALSE
"Hafiz_Allah_Ditta","Hafiz Allah Ditta",13,FALSE
"Khurram_Shehzad","Khurram Shehzad",13,FALSE
"Luqman_Khan","Luqman Khan",13,FALSE
"Muhammad_Arsalan_Khalid","Muhammad Arsalan Khalid",13,FALSE
"Muhammad_Aslam_Iqbal","Muhammad Aslam Iqbal",13,FALSE
"Muhammad_Muzammal_Nazir","Muhammad Muzammal Nazir",13,FALSE
"Rustam_Khan","Rustam Khan",13,FALSE
"Wajid_Kiyani","Wajid Kiyani",13,FALSE
"Waqas_Qudoos","Waqas Qudoos",13,FALSE
"Waseem_Ahmad","Waseem Ahmad",0,FALSE
"Aarif_Aziz_Sheikh","Aarif Aziz Sheikh",709,FALSE
"Abdul_Akbar_Khan","Abdul Akbar Khan",709,FALSE
"Abdul_Aziz_Memon","Abdul Aziz Memon",709,FALSE
"Abdul_Berr","Abdul Berr",709,FALSE
"Abdul_Ghafoor_Chaudhary","Abdul Ghafoor Chaudhary",709,FALSE
"Abdul_Habib_Memon","Abdul Habib Memon",709,FALSE
"Abdul_Qadir_Patel","Abdul Qadir Patel",709,FALSE
"Abdul_Qayyum_Khan_Jatoi","Abdul Qayyum Khan Jatoi",1182,TRUE
"Abdul_Qudoos_Awan","Abdul Qudoos Awan",709,FALSE
"Abdul_Rauf_Advocate","Abdul Rauf Advocate",709,FALSE
"Abdul_Razzaq_Raja","Abdul Razzaq Raja",709,FALSE
"Abdul_Sattar_Bachani","Abdul Sattar Bachani",709,FALSE
"Abdul_Wahab","Abdul Wahab",913,TRUE
"Abdul_Wahab_Barakzai","Abdul Wahab Barakzai",709,FALSE
"Abdul_Waheed","Abdul Waheed",709,FALSE
"Abdullah_Bloch","Abdullah Bloch",709,FALSE
"Abid_Hussain_Sathi","Abid Hussain Sathi",709,FALSE
"Abid_Ullah_Yousafzai","Abid Ullah Yousafzai",709,FALSE
"Abrar_Azam","Abrar Azam",709,FALSE
"Adeel_Ghulam_Mohy_Ud_Din","Adeel Ghulam Mohy Ud Din",709,FALSE
"Aezid_Mahmood_Khan_","Aezid Mahmood Khan.",709,FALSE
"Aftab_Ahmad_Khan_Sherpao","Aftab Ahmad Khan Sherpao",721,TRUE
"Aftab_Alam","Aftab Alam",709,FALSE
"Aftab_Shahban_Mirani","Aftab Shahban Mirani",709,FALSE
"Agha_Shafqatullah","Agha Shafqatullah",709,FALSE
"Ahmad_Hassan","Ahmad Hassan",709,FALSE
"Ahmad_Mustafa","Ahmad Mustafa",709,FALSE
"Ahmad_Shah_Khan","Ahmad Shah Khan",709,FALSE
"Ahmed_Ali_Khosa","Ahmed Ali Khosa",709,FALSE
"Ahmed_Jan","Ahmed Jan",709,FALSE
"Aijaz_Ahmed_Halepoto","Aijaz Ahmed Halepoto",709,FALSE
"Aijaz_Hussain_Jakhrani","Aijaz Hussain Jakhrani",709,FALSE
"Aitzaz_Rasheed","Aitzaz Rasheed",709,FALSE
"Ajmal_Khan","Ajmal Khan",709,FALSE
"Akhtar_Javid_Khan","Akhtar Javid Khan",709,FALSE
"Alam_Zaib_Khan","Alam Zaib Khan",709,FALSE
"Alamzaib_Umerzai","Alamzaib Umerzai",709,FALSE
"Alhaj_Muhammad_Asad_Bhatti","Alhaj Muhammad Asad Bhatti",709,FALSE
"Ali-Uz-Zaman","Ali-Uz-Zaman",709,FALSE
"Ali_Ahmed","Ali Ahmed",709,FALSE
"Ali_Gohar_Khan_Mahar","Ali Gohar Khan Mahar",709,FALSE
"Ali_Jan_Mazari","Ali Jan Mazari",709,FALSE
"Ali_Javed","Ali Javed",709,FALSE
"Ali_Muhammad_Khan_Mahar","Ali Muhammad Khan Mahar",709,FALSE
"Ali_Muhammad_Sahito","Ali Muhammad Sahito",709,FALSE
"Ali_Muhammad_Sehto","Ali Muhammad Sehto",709,FALSE
"Ali_Musa_Gilani","Ali Musa Gilani",709,FALSE
"Allah_Yar","Allah Yar",709,FALSE
"Altaf_Hussain_Virk","Altaf Hussain Virk",709,FALSE
"Aman_Ullah_Wald_Gul_Azad","Aman Ullah Wald Gul Azad",709,FALSE
"Amanullah","Amanullah",1182,TRUE
"Amjad_Ali_Jutt","Amjad Ali Jutt",709,FALSE
"Amjad_Yaqoub","Amjad Yaqoub",709,FALSE
"Anwar-Ul-Haq_Ramay","Anwar-Ul-Haq Ramay",709,FALSE
"Anwar_Saifullah_Khan","Anwar Saifullah Khan",709,FALSE
"Arbab_Alamgir_Khan","Arbab Alamgir Khan",709,FALSE
"Arbab_Wazir_Ahmed_Memon","Arbab Wazir Ahmed Memon",709,FALSE
"Arif_Aziz_Shaikh","Arif Aziz Shaikh",709,FALSE
"Asad_Alam_Niazi","Asad Alam Niazi",709,FALSE
"Asad_Ullah_Khan","Asad Ullah Khan",709,FALSE
"Asghar_Ali_Jara","Asghar Ali Jara",709,FALSE
"Asif_Ali_Zardari","Asif Ali Zardari",709,FALSE
"Asif_Bashir","Asif Bashir",709,FALSE
"Asma_Shahnawaz_Cheema","Asma Shahnawaz Cheema",709,FALSE
"Athar_Hassan_Khan_Gorchani","Athar Hassan Khan Gorchani",709,FALSE
"Aurangzeb_Shaafi_Burki","Aurangzeb Shaafi Burki",709,FALSE
"Aurangzeb_Shafi_Barki","Aurangzeb Shafi Barki",709,FALSE
"Ayatullah_Durrani","Ayatullah Durrani",709,FALSE
"Ayaz_Imran","Ayaz Imran",709,FALSE
"Ayub_Shah","Ayub Shah",709,FALSE
"Azeem_Daultana","Azeem Daultana",709,FALSE
"Baber_Sultan_Jadoon","Baber Sultan Jadoon",709,FALSE
"Babu_Nafees_Ahmad_Ansari","Babu Nafees Ahmad Ansari",709,FALSE
"Bari_Khan","Bari Khan",709,FALSE
"Barrister_Gohar_Ali_Khan","Barrister Gohar Ali Khan",1182,TRUE
"Barrister_Mian_Amir_Hassan","Barrister Mian Amir Hassan",709,FALSE
"Basharat_Ali_Wald_Faqir_Muhammad","Basharat Ali Wald Faqir Muhammad",709,FALSE
"Begum_Shahnaz_Javed","Begum Shahnaz Javed",709,FALSE
"Bilawal_Bhutto_Zardari","Bilawal Bhutto Zardari",709,FALSE
"Bushra_Aitzaz_Ahsan","Bushra Aitzaz Ahsan",709,FALSE
"Capt__Rtd__Rai_Ghulam_Mujtaba_Kharral","Capt.(Rtd) Rai Ghulam Mujtaba Kharral",709,FALSE
"Captain_Retired_Asad_Gill","Captain Retired Asad Gill",709,FALSE
"Ch__Ahmad_Mukhtar","Ch. Ahmad Mukhtar",709,FALSE
"Ch__Ahmed_Mukhtar","Ch. Ahmed Mukhtar",709,FALSE
"Ch__Hammad_Muhammad_Khan","Ch. Hammad Muhammad Khan",709,FALSE
"Ch__Iftikhar_Nazir","Ch. Iftikhar Nazir",709,FALSE
"Ch__Manzoor_Ahmad","Ch. Manzoor Ahmad",709,FALSE
"Ch__Muhammad_Abdullah_Virk","Ch. Muhammad Abdullah Virk",709,FALSE
"Ch__Zeshan_Ilyas","Ch. Zeshan Ilyas",709,FALSE
"Ch_Ejaz_Ahmed_Cheema","Ch Ejaz Ahmed Cheema",709,FALSE
"Ch_Iftikhar_Ahmed","Ch Iftikhar Ahmed",709,FALSE
"Ch_Muhammad_Saddique","Ch Muhammad Saddique",709,FALSE
"Ch_Muhammad_Saeed_Gujar","Ch Muhammad Saeed Gujar",709,FALSE
"Ch_mushtaq_Ahmad_","Ch.mushtaq Ahmad.",709,FALSE
"Ch_tawakkal-Ullah_Virk","Ch.tawakkal-Ullah Virk",709,FALSE
"Ch_zahid_Iqbal","Ch.zahid Iqbal",709,FALSE
"Ch_Zulifqar_Bhindar","Ch Zulifqar Bhindar",709,FALSE
"Chaudhary_Ijaz_Ahmad_Cheema","Chaudhary Ijaz Ahmad Cheema",709,FALSE
"Chaudhary_Shoukat_Ali","Chaudhary Shoukat Ali",709,FALSE
"Chaudhary_Sohail_Zafar","Chaudhary Sohail Zafar",709,FALSE
"Chaudhary_Tasneem_Nasir","Chaudhary Tasneem Nasir",709,FALSE
"Chaudhry_Abdul_Ghafoor_Khan","Chaudhry Abdul Ghafoor Khan",709,FALSE
"Chaudhry_Asad_Parvez","Chaudhry Asad Parvez",709,FALSE
"Chaudhry_Manzoor_Ahmad","Chaudhry Manzoor Ahmad",709,FALSE
"Chaudry_Atif_Rafique","Chaudry Atif Rafique",709,FALSE
"Chohadry_Manzoor_Ahmad","Chohadry Manzoor Ahmad",709,FALSE
"Choudhary_Altaf_Hussain","Choudhary Altaf Hussain",709,FALSE
"Choudhary_Sharaqat_Rasool_Ghumman","Choudhary Sharaqat Rasool Ghumman",709,FALSE
"Choudhary_Zafar_Iqbal_Warriach","Choudhary Zafar Iqbal Warriach",709,FALSE
"Choudhri_Umar_Hayat_Sandhu","Choudhri Umar Hayat Sandhu",709,FALSE
"Col_Rtd_Rao_Abid_Ali_Khan","Col Rtd Rao Abid Ali Khan",709,FALSE
"Comrade_Zahoor_Ahmed_Khosa","Comrade Zahoor Ahmed Khosa",709,FALSE
"Dewan_Syed_Muhammad_Haider_Abbas_Bukhari","Dewan Syed Muhammad Haider Abbas Bukhari",709,FALSE
"Doctor_Mian_Akhtar_Ali_Laleka","Doctor Mian Akhtar Ali Laleka",709,FALSE
"Doctor_Muhammad_Rashid_Malik","Doctor Muhammad Rashid Malik",709,FALSE
"Doctor_Sultan_Zeb_Khan","Doctor Sultan Zeb Khan",709,FALSE
"Dost_Muhammad_Khan","Dost Muhammad Khan",1182,TRUE
"Dr__Abdul_Wahid_Soomro","Dr. Abdul Wahid Soomro",709,FALSE
"Dr__Arbab_Alamgir_Khan","Dr. Arbab Alamgir Khan",709,FALSE
"Dr__Ayatullah_Durrani","Dr. Ayatullah Durrani",709,FALSE
"Dr__Azra_Fazal_Pecheho","Dr. Azra Fazal Pecheho",709,FALSE
"Dr__Fardos_Ashiq_Awan_","Dr. Fardos Ashiq Awan.",709,FALSE
"Dr__Mirza_Ikhtiar_Baig","Dr. Mirza Ikhtiar Baig",709,FALSE
"Dr__Muhammad_Haider_Baloch","Dr. Muhammad Haider Baloch",709,FALSE
"Dr__Muhammad_Riaz","Dr. Muhammad Riaz",709,FALSE
"Dr__Muhammad_Shakir_Alam","Dr. Muhammad Shakir Alam",709,FALSE
"Dr__Syed_Israr_Hussain","Dr. Syed Israr Hussain",709,FALSE
"Dr__Zafar_Chaudhary","Dr. Zafar Chaudhary",709,FALSE
"Dr_afsar_Ul_Mulk_Khan","Dr.afsar Ul Mulk Khan",709,FALSE
"Dr_Azra_Fazal_Pechuho","Dr Azra Fazal Pechuho",709,FALSE
"Dr_fahmida_Mirza","Dr.fahmida Mirza",709,FALSE
"Dr_Farooq_Afzal","Dr Farooq Afzal",709,FALSE
"Dr_Fehmida_Mirza","Dr Fehmida Mirza",709,FALSE
"Dr_Firdous_Ashiq_Awan","Dr Firdous Ashiq Awan",709,FALSE
"Dr_Mazhar_Iqbal_Choudhary","Dr Mazhar Iqbal Choudhary",709,FALSE
"Dr_Saeed_Ahmad_Buzdar","Dr Saeed Ahmad Buzdar",709,FALSE
"Dr_zaheer-Ul-Hassan_Rizvi","Dr.zaheer-Ul-Hassan Rizvi",709,FALSE
"Dr_zulfiqar_Ali_Bhatti","Dr.zulfiqar Ali Bhatti",709,FALSE
"Ejaz_Ahmed_Samma","Ejaz Ahmed Samma",709,FALSE
"Ejaz_Ali_Khan_Shahani","Ejaz Ali Khan Shahani",709,FALSE
"Engineer_Hamid_Iqbal_Khan","Engineer Hamid Iqbal Khan",709,FALSE
"Engineer_Muhammad_Tariq_Khattak","Engineer Muhammad Tariq Khattak",709,FALSE
"Engr_dawar_Khan_Kundi","Engr:dawar Khan Kundi",709,FALSE
"Faisal_Karim_Kundi","Faisal Karim Kundi",709,FALSE
"Faisal_Sakhi_Butt","Faisal Sakhi Butt",709,FALSE
"Faizullah_Chaichee","Faizullah Chaichee",709,FALSE
"Fakhar_Umar_Hayat","Fakhar Umar Hayat",709,FALSE
"Faqir_Sher_Muhammad_Bilalani","Faqir Sher Muhammad Bilalani",709,FALSE
"Faraz_Hashmi","Faraz Hashmi",709,FALSE
"Farhana","Farhana",709,FALSE
"Farooq_Akbar_Kahloon","Farooq Akbar Kahloon",709,FALSE
"Faryal_Talpur","Faryal Talpur",709,FALSE
"Farzana_Sherin","Farzana Sherin",709,FALSE
"Fateh_Ullah_Khan","Fateh Ullah Khan",709,FALSE
"Fazal_e_Rabi","Fazal e Rabi",709,FALSE
"Fazal_Rahman","Fazal Rahman",709,FALSE
"Fazal_Wadood","Fazal Wadood",709,FALSE
"Fida_Hussain_Dero","Fida Hussain Dero",709,FALSE
"Fozia_Behram","Fozia Behram",709,FALSE
"Ghanva_Bhutto","Ghanva Bhutto",709,FALSE
"Ghanwa_Bhutto","Ghanwa Bhutto",709,FALSE
"Ghayas-Ud-Din_Khan","Ghayas-Ud-Din Khan",709,FALSE
"Ghinva_Bhutto","Ghinva Bhutto",709,FALSE
"Ghinwa_Bhutto","Ghinwa Bhutto",709,FALSE
"Ghulam_Akbar_Lasi","Ghulam Akbar Lasi",709,FALSE
"Ghulam_Ali_Nizamani","Ghulam Ali Nizamani",709,FALSE
"Ghulam_Farid_Kathia","Ghulam Farid Kathia",709,FALSE
"Ghulam_Muhammad_Junejo_Alias_Gul_Junejo","Ghulam Muhammad Junejo Alias Gul Junejo",709,FALSE
"Ghulam_Murtaza_Satti","Ghulam Murtaza Satti",709,FALSE
"Ghulam_Rabbani_Khar","Ghulam Rabbani Khar",709,FALSE
"Ghulam_Sarwar_Khan_Khichi","Ghulam Sarwar Khan Khichi",709,FALSE
"Gulzar_Ahmed_Chaudhary","Gulzar Ahmed Chaudhary",709,FALSE
"Hafeez-Ullah_Ishaq","Hafeez-Ullah Ishaq",709,FALSE
"Hafiz_Hussain_Ahmed_Madni","Hafiz Hussain Ahmed Madni",709,FALSE
"Haider_Ali_Khan_Kharal","Haider Ali Khan Kharal",709,FALSE
"Hajan_Allah_Rakhi","Hajan Allah Rakhi",709,FALSE
"Haji_Misar_Khan","Haji Misar Khan",709,FALSE
"Haji_Muhammad_Ishaq","Haji Muhammad Ishaq",709,FALSE
"Haji_Nafees_Ahmed_Usmani_Advocate","Haji Nafees Ahmed Usmani Advocate",709,FALSE
"Haji_Rasool_Bux_Chandio","Haji Rasool Bux Chandio",709,FALSE
"Hamid_Ali_Bhatti","Hamid Ali Bhatti",709,FALSE
"Hamid_Saeed_Kazmi","Hamid Saeed Kazmi",709,FALSE
"Haris_Meeran","Haris Meeran",709,FALSE
"Hasnain_Ijaz_Khan_Shahani","Hasnain Ijaz Khan Shahani",709,FALSE
"Hassan_Sardar","Hassan Sardar",1182,TRUE
"Hayat_Ullah_Khan_Tareen","Hayat Ullah Khan Tareen",709,FALSE
"Hazrat_Wali","Hazrat Wali",709,FALSE
"Hina_Rabbani_Khar","Hina Rabbani Khar",709,FALSE
"Ibne_Saeed_Ch_","Ibne Saeed Ch.",709,FALSE
"Iftikhar_Ahmed_Cheema_Advocate","Iftikhar Ahmed Cheema Advocate",709,FALSE
"Iftikhar_Shahid","Iftikhar Shahid",709,FALSE
"Ihsan_Ur_Rahman_Mazari","Ihsan Ur Rahman Mazari",709,FALSE
"Imam_Ali_Samejo","Imam Ali Samejo",709,FALSE
"Imdad_Ullah_Abbasi","Imdad Ullah Abbasi",709,FALSE
"Imran","Imran",709,FALSE
"Imtiaz_Safdar_Waraich","Imtiaz Safdar Waraich",709,FALSE
"Imtiaz_Safdar_Warraich","Imtiaz Safdar Warraich",709,FALSE
"Iqbal_Ahmad_Khan","Iqbal Ahmad Khan",709,FALSE
"Irfan_Ali_Leghari","Irfan Ali Leghari",709,FALSE
"Irfan_Qureshi","Irfan Qureshi",709,FALSE
"Israr_Ahmed_Khan","Israr Ahmed Khan",709,FALSE
"Jahangir_Badar","Jahangir Badar",709,FALSE
"Jam_Abdul_Karim_Bijar","Jam Abdul Karim Bijar",709,FALSE
"Jamshed_Ahmad_Khan_Dasti","Jamshed Ahmad Khan Dasti",709,FALSE
"Javaid_Saeed_Kazmi","Javaid Saeed Kazmi",709,FALSE
"Javed_Iqbal_Warraich","Javed Iqbal Warraich",709,FALSE
"Javeed_Iqbal_Waraich","Javeed Iqbal Waraich",709,FALSE
"Jawad_Hussain","Jawad Hussain",709,FALSE
"Jawaid_Sheikh","Jawaid Sheikh",709,FALSE
"Kakagi_Muhammad_Zahoor","Kakagi Muhammad Zahoor",709,FALSE
"Kamal_Khan","Kamal Khan",709,FALSE
"Kamran_Yousaf_Ghumman","Kamran Yousaf Ghumman",709,FALSE
"Khadeeja_Aamir","Khadeeja Aamir",709,FALSE
"Khair_Muhammad_Khan_Tareen","Khair Muhammad Khan Tareen",709,FALSE
"Khalilu_Rehman","Khalilu Rehman",709,FALSE
"Khan_Daraz","Khan Daraz",709,FALSE
"Khanim_Ullah","Khanim Ullah",709,FALSE
"Khanzada_Khan","Khanzada Khan",709,FALSE
"Khawaja_Atta_Ullah_Khan_Tonsa_Sharif","Khawaja Atta Ullah Khan Tonsa Sharif",709,FALSE
"Khawaja_Ghulam_Hussain","Khawaja Ghulam Hussain",709,FALSE
"Khawaja_Kaleem-Ud-Din_Koreja_","Khawaja Kaleem-Ud-Din Koreja.",709,FALSE
"Khawaja_Kaleem_Ud_Din_Koreja","Khawaja Kaleem Ud Din Koreja",709,FALSE
"Khawaja_Muhammad_Saleh","Khawaja Muhammad Saleh",709,FALSE
"Khawaja_Sheeraz_Mehmood","Khawaja Sheeraz Mehmood",709,FALSE
"Khawja_Mudassir_Mehmood","Khawja Mudassir Mehmood",709,FALSE
"Khizarul_Islam","Khizarul Islam",709,FALSE
"Khurram_Pervaiz_Raja","Khurram Pervaiz Raja",709,FALSE
"Khurram_Shahzad","Khurram Shahzad",913,TRUE
"Khuwaja_Ghulam_Hussain","Khuwaja Ghulam Hussain",709,FALSE
"Khwaja_Ghulam_Rasool_Koreja","Khwaja Ghulam Rasool Koreja",709,FALSE
"Kiramatullah_Khan","Kiramatullah Khan",709,FALSE
"Lal_Muhammad_Khan","Lal Muhammad Khan",709,FALSE
"Liaqat_Ali_Khan","Liaqat Ali Khan",709,FALSE
"Lt_col__r__Sultan_Sikandar_Ghumman_","Lt.col.(r) Sultan Sikandar Ghumman.",709,FALSE
"m_Bilal_Khan_Sherpao","m Bilal Khan Sherpao",709,FALSE
"m_Israr_Tareen","m Israr Tareen",709,FALSE
"Mahar_Khliq_Yar_Khan_Lak","Mahar Khliq Yar Khan Lak",709,FALSE
"Mahesh_Kumar_Malani","Mahesh Kumar Malani",709,FALSE
"Mahesh_Kumar_Malhani","Mahesh Kumar Malhani",709,FALSE
"Mahmood_Akhtar_Ghuman","Mahmood Akhtar Ghuman",709,FALSE
"Mahr_Irshad_Ahmed_Siyal","Mahr Irshad Ahmed Siyal",709,FALSE
"Maj_Retd_Liaqat_Ali_Shah_Gailani","Maj Retd Liaqat Ali Shah Gailani",709,FALSE
"Makhddom_Syed_Murtaza_Mehmood","Makhddom Syed Murtaza Mehmood",709,FALSE
"Makhdoom_Amad-Ud-Din","Makhdoom Amad-Ud-Din",709,FALSE
"Makhdoom_Jamil_Uz_Zaman","Makhdoom Jamil Uz Zaman",709,FALSE
"Makhdoom_Muhammad_Ameen_Fahim","Makhdoom Muhammad Ameen Fahim",709,FALSE
"Makhdoom_Shah_Mehmood_Qureshi","Makhdoom Shah Mehmood Qureshi",1182,TRUE
"Makhdoom_Shahab-Ud-Din","Makhdoom Shahab-Ud-Din",709,FALSE
"Makhdoom_Shahab_Ud_Din","Makhdoom Shahab Ud Din",709,FALSE
"Makhdoom_Syed_Ali_Hassan_Gilani","Makhdoom Syed Ali Hassan Gilani",709,FALSE
"Makhdoom_Syed_Mustafa_Mehmood","Makhdoom Syed Mustafa Mehmood",709,FALSE
"Makhdoom_Tahir_Rashid","Makhdoom Tahir Rashid",709,FALSE
"Makhdum_Syed_Mustafa_Mahmud","Makhdum Syed Mustafa Mahmud",709,FALSE
"Makhdum_Syed_Usman_Mahmud","Makhdum Syed Usman Mahmud",709,FALSE
"Malak_Azmat_Khan","Malak Azmat Khan",709,FALSE
"Malak_Syed_Noor_Akbar","Malak Syed Noor Akbar",709,FALSE
"Malik_Aamer_Fida_Paracha","Malik Aamer Fida Paracha",709,FALSE
"Malik_Amjad_Aziz_Khan","Malik Amjad Aziz Khan",709,FALSE
"Malik_Asad_Sikandar","Malik Asad Sikandar",709,FALSE
"Malik_Asghar_Ali_Qaisar","Malik Asghar Ali Qaisar",709,FALSE
"Malik_Irfan_Ahmad_Gheba","Malik Irfan Ahmad Gheba",709,FALSE
"Malik_Karamat_Ali_Khokhar","Malik Karamat Ali Khokhar",1182,TRUE
"Malik_Khalid_Awan","Malik Khalid Awan",709,FALSE
"Malik_Muhammad_Amir_Dogar","Malik Muhammad Amir Dogar",709,FALSE
"Malik_Mushtaq_Ahmad","Malik Mushtaq Ahmad",709,FALSE
"Malik_Nawab_Sher_Waseer","Malik Nawab Sher Waseer",709,FALSE
"Malik_Nawab_Sher_Wasseer","Malik Nawab Sher Wasseer",709,FALSE
"Malik_Niaz_Ahmad","Malik Niaz Ahmad",709,FALSE
"Malik_Raza_Rabbani_Khar","Malik Raza Rabbani Khar",709,FALSE
"Malik_Salah-Ud-Din_Dogar","Malik Salah-Ud-Din Dogar",709,FALSE
"Malik_Sardar_Muhammad_Tralay_Wala","Malik Sardar Muhammad Tralay Wala",709,FALSE
"Malik_Shah","Malik Shah",709,FALSE
"Malik_Shoukat_Hayyat_Awan","Malik Shoukat Hayyat Awan",709,FALSE
"Malik_Sohail","Malik Sohail",709,FALSE
"Malik_Sultan_Mehmood_Wadhal_Tiwana","Malik Sultan Mehmood Wadhal Tiwana",709,FALSE
"Meer_Dost_Muhammad_Mazari","Meer Dost Muhammad Mazari",709,FALSE
"Mehar_Abdul_Rashid_","Mehar Abdul Rashid.",709,FALSE
"Mehboob_Ullah_Jan","Mehboob Ullah Jan",709,FALSE
"Mehkumuddin","Mehkumuddin",709,FALSE
"Mehmood_Hayat_Khan_Alias_Tochi_Khan","Mehmood Hayat Khan Alias Tochi Khan",709,FALSE
"Mehmood_Hayat_Khan_Tochi","Mehmood Hayat Khan Tochi",709,FALSE
"Mehmood_Hayyat_Khan_Alias_Tauchi_Khan","Mehmood Hayyat Khan Alias Tauchi Khan",709,FALSE
"Mehr_Ghulam_Farid_Kathia","Mehr Ghulam Farid Kathia",709,FALSE
"Mehr_Sultana","Mehr Sultana",709,FALSE
"Mehreen_Anwar_Raja","Mehreen Anwar Raja",709,FALSE
"Mian_Abdul_Haq_Alias_Mian_Mitho","Mian Abdul Haq Alias Mian Mitho",709,FALSE
"Mian_Abdul_Sattar","Mian Abdul Sattar",709,FALSE
"Mian_Abdus_Sattar","Mian Abdus Sattar",709,FALSE
"Mian_Aziz_Ur_Rehman_Chann","Mian Aziz Ur Rehman Chann",709,FALSE
"Mian_Humayun_Sarwar_Bodla","Mian Humayun Sarwar Bodla",709,FALSE
"Mian_Jamshed-Ud-Din","Mian Jamshed-Ud-Din",709,FALSE
"Mian_Manzoor_Ahmad_Khan_Wattoo","Mian Manzoor Ahmad Khan Wattoo",709,FALSE
"Mian_Muhammad_Aslam_Arain","Mian Muhammad Aslam Arain",709,FALSE
"Mian_Muzaffar_Shah","Mian Muzaffar Shah",709,FALSE
"Mian_Nasim_Mahmood_Hotiana","Mian Nasim Mahmood Hotiana",709,FALSE
"Mian_Omer_Misbah-Ul-Rehman","Mian Omer Misbah-Ul-Rehman",709,FALSE
"Mian_Rehman_Aziz_Chan","Mian Rehman Aziz Chan",709,FALSE
"Mian_Shamim_Haider","Mian Shamim Haider",709,FALSE
"Mian_Tariq_Habib_","Mian Tariq Habib.",709,FALSE
"Mir_Aamir_Ali_Khan_Magsi","Mir Aamir Ali Khan Magsi",709,FALSE
"Mir_Aijaz_Hussain_Jakhrani","Mir Aijaz Hussain Jakhrani",709,FALSE
"Mir_Amir_Ali_Khan_Magsi","Mir Amir Ali Khan Magsi",709,FALSE
"Mir_Changez_Khan_Jamali","Mir Changez Khan Jamali",709,FALSE
"Mir_Ghulam_Ali_Talpur","Mir Ghulam Ali Talpur",709,FALSE
"Mir_Ghulam_Fareed_Raisani","Mir Ghulam Fareed Raisani",709,FALSE
"Mir_Hazar_Khan_Bijarani_","Mir Hazar Khan Bijarani.",709,FALSE
"Mir_Imam_Bakhsh_Zahri","Mir Imam Bakhsh Zahri",709,FALSE
"Mir_Imran_Jattak","Mir Imran Jattak",709,FALSE
"Mir_Jan_Muhammad_Masuri","Mir Jan Muhammad Masuri",709,FALSE
"Mir_Maqbool_Ahmed_Lehri","Mir Maqbool Ahmed Lehri",709,FALSE
"Mir_Munawar_Ali_Talpur","Mir Munawar Ali Talpur",709,FALSE
"Mir_Shabbir_Ali_Bijarani","Mir Shabbir Ali Bijarani",709,FALSE
"Mirza_Ikhtiar_Baig","Mirza Ikhtiar Baig",709,FALSE
"Mirza_Maqbool_Ahmed","Mirza Maqbool Ahmed",709,FALSE
"Mirza_Muhammad_Nasir_Bage","Mirza Muhammad Nasir Bage",709,FALSE
"Mirza_Muhammad_Nasir_Baig","Mirza Muhammad Nasir Baig",709,FALSE
"Misbah-Ud-Din","Misbah-Ud-Din",709,FALSE
"Misbah_Ud_Din","Misbah Ud Din",709,FALSE
"Mohammad_Ayaz_Soomro","Mohammad Ayaz Soomro",709,FALSE
"Mohammad_Moazim_Ali_Khan","Mohammad Moazim Ali Khan",709,FALSE
"Mohammad_Sagheer","Mohammad Sagheer",709,FALSE
"Mohammad_Sulleman","Mohammad Sulleman",709,FALSE
"Mr__Makhdoom_Muhammad_Ameen_Faheem","Mr. Makhdoom Muhammad Ameen Faheem",709,FALSE
"Mr__Peeral_Majeedano","Mr. Peeral Majeedano",709,FALSE
"Mr__Shahid_Hussain_Bhutto","Mr. Shahid Hussain Bhutto",709,FALSE
"Mr_imran_Zafar_Leghari","Mr.imran Zafar Leghari",709,FALSE
"Mrs_faryal_Talpur","Mrs.faryal Talpur",709,FALSE
"Mubeen_Arshad","Mubeen Arshad",709,FALSE
"Muhammad_Abbas","Muhammad Abbas",913,TRUE
"Muhammad_Afaque_Khan_Alias_Shahid","Muhammad Afaque Khan Alias Shahid",709,FALSE
"Muhammad_Afzal_Sindhu","Muhammad Afzal Sindhu",1182,TRUE
"Muhammad_Alam_Khan","Muhammad Alam Khan",709,FALSE
"Muhammad_Ali_Laleka","Muhammad Ali Laleka",709,FALSE
"Muhammad_Ali_Sanul_Awan","Muhammad Ali Sanul Awan",709,FALSE
"Muhammad_Amjid_Abbas","Muhammad Amjid Abbas",709,FALSE
"Muhammad_Arshad_Abbas_Qureshi","Muhammad Arshad Abbas Qureshi",709,FALSE
"Muhammad_Asghar_Lal","Muhammad Asghar Lal",709,FALSE
"Muhammad_Ashraf_Bhatti","Muhammad Ashraf Bhatti",709,FALSE
"Muhammad_Asif_Khan","Muhammad Asif Khan",709,FALSE
"Muhammad_Azam_Afridi","Muhammad Azam Afridi",709,FALSE
"Muhammad_Farooq_Azam_Malik","Muhammad Farooq Azam Malik",709,FALSE
"Muhammad_Haider_Shah","Muhammad Haider Shah",709,FALSE
"Muhammad_Hakeem_Khan","Muhammad Hakeem Khan",709,FALSE
"Muhammad_Hanif","Muhammad Hanif",718,TRUE
"Muhammad_Hassan_Khan","Muhammad Hassan Khan",709,FALSE
"Muhammad_Hyder_Ali_Bukhari","Muhammad Hyder Ali Bukhari",709,FALSE
"Muhammad_Idrees_Khattak","Muhammad Idrees Khattak",709,FALSE
"Muhammad_Ijaz_Virk_Advocate_","Muhammad Ijaz Virk Advocate.",709,FALSE
"Muhammad_Irshad_Khan","Muhammad Irshad Khan",709,FALSE
"Muhammad_Jamshed","Muhammad Jamshed",709,FALSE
"Muhammad_Kashif_Bhabha","Muhammad Kashif Bhabha",709,FALSE
"Muhammad_Khalid_Bashir_Tarnsporter","Muhammad Khalid Bashir Tarnsporter",709,FALSE
"Muhammad_Khan_Nadeem","Muhammad Khan Nadeem",709,FALSE
"Muhammad_Moazam_Ali_Khan_Jatoi","Muhammad Moazam Ali Khan Jatoi",709,FALSE
"Muhammad_Mohsin_Ali_Qureshi","Muhammad Mohsin Ali Qureshi",709,FALSE
"Muhammad_Murad_Baloch","Muhammad Murad Baloch",709,FALSE
"Muhammad_Muzamil_Qureshi","Muhammad Muzamil Qureshi",709,FALSE
"Muhammad_Naveed_Ch_","Muhammad Naveed Ch.",709,FALSE
"Muhammad_Nawazish_Ali_Pirzada","Muhammad Nawazish Ali Pirzada",709,FALSE
"Muhammad_Nisar_Ahmad_Khan","Muhammad Nisar Ahmad Khan",709,FALSE
"Muhammad_Rashid_Hussain_Rabani","Muhammad Rashid Hussain Rabani",709,FALSE
"Muhammad_Saif_Ullah_Khan_Sadozai_Advocate","Muhammad Saif Ullah Khan Sadozai Advocate",709,FALSE
"Muhammad_Sardar_Bahadar_Babar_Khan","Muhammad Sardar Bahadar Babar Khan",709,FALSE
"Muhammad_Shah_Jehan","Muhammad Shah Jehan",709,FALSE
"Muhammad_Shahjahan_Khan","Muhammad Shahjahan Khan",709,FALSE
"Muhammad_Shahryar_Khan_Mahar","Muhammad Shahryar Khan Mahar",709,FALSE
"Muhammad_Shakeel_Shah_Gilani","Muhammad Shakeel Shah Gilani",709,FALSE
"Muhammad_Shakeel_Ur_Rehman","Muhammad Shakeel Ur Rehman",709,FALSE
"Muhammad_Shuja_Khan","Muhammad Shuja Khan",709,FALSE
"Muhammad_Tariq_Anees","Muhammad Tariq Anees",709,FALSE
"Muhammad_Tariq_Khan_Niazi","Muhammad Tariq Khan Niazi",709,FALSE
"Muhammad_Tariq_Tarar","Muhammad Tariq Tarar",709,FALSE
"Muhammad_Waqas","Muhammad Waqas",709,FALSE
"Muhammad_Yaqoob_Ziaratwal","Muhammad Yaqoob Ziaratwal",709,FALSE
"Muhammad_Yasin","Muhammad Yasin",709,FALSE
"Muhammad_Yousuf_Ali_Ghallu","Muhammad Yousuf Ali Ghallu",709,FALSE
"Muhammad_Zaki_Chaudhary","Muhammad Zaki Chaudhary",709,FALSE
"Muhammad_Zaki_Chaudhry","Muhammad Zaki Chaudhry",709,FALSE
"Muhammad_Zaman","Muhammad Zaman",775,TRUE
"Muhammad_Zulfiqar_Ali","Muhammad Zulfiqar Ali",709,FALSE
"Muhtarma_Ghanwa_Bhutto","Muhtarma Ghanwa Bhutto",709,FALSE
"Mukhtar_Abbas","Mukhtar Abbas",709,FALSE
"Mullna_Abdul_Sattar","Mullna Abdul Sattar",709,FALSE
"Mumtaz_Ali_Cheema","Mumtaz Ali Cheema",709,FALSE
"Munawar_Hayat_Abasi","Munawar Hayat Abasi",709,FALSE
"Mushtaq_Ahmad_Mohal__Advocate_High_Court_","Mushtaq Ahmad Mohal, Advocate High Court.",709,FALSE
"Nadeem_Afzal_Gondal","Nadeem Afzal Gondal",709,FALSE
"Nadeem_Ahmad_Awan","Nadeem Ahmad Awan",709,FALSE
"Naeem_Dastgir_Khan","Naeem Dastgir Khan",709,FALSE
"Naeem_Mehmood_Rana","Naeem Mehmood Rana",709,FALSE
"Nafisa_Shah","Nafisa Shah",709,FALSE
"Najam_Ud_Din_Khan","Najam Ud Din Khan",709,FALSE
"Najam_Uddin_Khan","Najam Uddin Khan",709,FALSE
"Najmuddin_Khan","Najmuddin Khan",709,FALSE
"Naseem_Khan","Naseem Khan",709,FALSE
"Naseer_Mohammad_Khan","Naseer Mohammad Khan",709,FALSE
"Nasira_Arshad","Nasira Arshad",709,FALSE
"Nasira_Meo","Nasira Meo",709,FALSE
"Nasrullah_Roonjha","Nasrullah Roonjha",709,FALSE
"Natasha_Daultana","Natasha Daultana",709,FALSE
"Nauman_Islam_Shaikh","Nauman Islam Shaikh",709,FALSE
"Nauman_Islam_Shaikh_","Nauman Islam Shaikh.",709,FALSE
"Nawab_Abdul_Ghani_Talpur","Nawab Abdul Ghani Talpur",709,FALSE
"Nawab_Ali_Wassan","Nawab Ali Wassan",709,FALSE
"Nawab_Din","Nawab Din",709,FALSE
"Nawab_Malik_Amir_Muhammad_Khan","Nawab Malik Amir Muhammad Khan",709,FALSE
"Nawab_Mohammad_Yousif_Talpur","Nawab Mohammad Yousif Talpur",709,FALSE
"Nawab_Muhammad_Yousaf_Talpur","Nawab Muhammad Yousaf Talpur",709,FALSE
"Nawab_Muhammad_Yousif_Talpur","Nawab Muhammad Yousif Talpur",709,FALSE
"Nawabzada_Abdul_Qadir_Khan","Nawabzada Abdul Qadir Khan",709,FALSE
"Nawabzada_Ghazanfar_Ali_Gul","Nawabzada Ghazanfar Ali Gul",709,FALSE
"Nawabzada_Iftikhar_Ahmad_Khan","Nawabzada Iftikhar Ahmad Khan",709,FALSE
"Nawabzada_Iftikhar_Ahmed_Khan","Nawabzada Iftikhar Ahmed Khan",709,FALSE
"Nawabzada_Mir_Amir_Ali_Khan_Magsi","Nawabzada Mir Amir Ali Khan Magsi",709,FALSE
"Nawabzada_Mir_Jamal_Khan_Raisani","Nawabzada Mir Jamal Khan Raisani",709,FALSE
"Nazar_Muhammad","Nazar Muhammad",709,FALSE
"Nazar_Muhammad_Gondal","Nazar Muhammad Gondal",709,FALSE
"Nazar_Muhammad_Kakar","Nazar Muhammad Kakar",709,FALSE
"Nazeer_Ahmad","Nazeer Ahmad",709,FALSE
"Nazir_Ahmed_Bhugio","Nazir Ahmed Bhugio",709,FALSE
"Nazir_Ahmed_Bughio","Nazir Ahmed Bughio",709,FALSE
"Neha_Javed","Neha Javed",709,FALSE
"Nida_Asim","Nida Asim",709,FALSE
"Nisar_Muhammad","Nisar Muhammad",709,FALSE
"Noor_Naeem_Khan","Noor Naeem Khan",709,FALSE
"Noor_Ul_Ain","Noor Ul Ain",709,FALSE
"Noor_Ul_Ain_Rai_Saeed","Noor Ul Ain Rai Saeed",709,FALSE
"Peer_Haider_Zaman_Quraishi","Peer Haider Zaman Quraishi",709,FALSE
"Peeral_Majeedano","Peeral Majeedano",709,FALSE
"Pir_Aftab_Hussain_Shah_Jilani","Pir Aftab Hussain Shah Jilani",709,FALSE
"Pir_Aftab_Hussain_Shah_Jillani","Pir Aftab Hussain Shah Jillani",709,FALSE
"Pir_Ameer_Ali_Shah_Jilani","Pir Ameer Ali Shah Jilani",709,FALSE
"Pir_Bux_Jamot","Pir Bux Jamot",709,FALSE
"Pir_Haider_Zaman_Qureshi","Pir Haider Zaman Qureshi",709,FALSE
"Pir_Noor_Muhammad_Shah_Jeelani","Pir Noor Muhammad Shah Jeelani",709,FALSE
"Pir_Shafqat_Hussain_Shah_Jilani","Pir Shafqat Hussain Shah Jilani",709,FALSE
"Pir_Syed_Fazal_Ali_Shah_Jeelani","Pir Syed Fazal Ali Shah Jeelani",709,FALSE
"Pir_Syed_Fazal_Ali_Shah_Jillani","Pir Syed Fazal Ali Shah Jillani",709,FALSE
"Qadir_Khan_Mando_Khail","Qadir Khan Mando Khail",709,FALSE
"Qamar_Abbas","Qamar Abbas",709,FALSE
"Qamar_Zaman_Kaira","Qamar Zaman Kaira",709,FALSE
"Qazi_Muhammad_Azhar_Advocate","Qazi Muhammad Azhar Advocate",709,FALSE
"Qazi_Muhammad_Bashir","Qazi Muhammad Bashir",709,FALSE
"Qurban_Ali_Kalwar","Qurban Ali Kalwar",709,FALSE
"Quttab_Din","Quttab Din",709,FALSE
"Rafiq_Ahmed_Jamali","Rafiq Ahmed Jamali",709,FALSE
"Rafique_Ahmed_Jamali","Rafique Ahmed Jamali",709,FALSE
"Raheela_Perveen","Raheela Perveen",709,FALSE
"Rai_Ghulam_Mujtaba_Kharal","Rai Ghulam Mujtaba Kharal",709,FALSE
"Rai_Ijaz_Ahmad_Khan","Rai Ijaz Ahmad Khan",709,FALSE
"Rais_Muhammad_Khalid_Chachar","Rais Muhammad Khalid Chachar",709,FALSE
"Raja_Faiz_Akbar_Janjuha","Raja Faiz Akbar Janjuha",709,FALSE
"Raja_Israr_Ahmed_Abbasi_Advocate","Raja Israr Ahmed Abbasi Advocate",709,FALSE
"Raja_Masood_Ahmad","Raja Masood Ahmad",709,FALSE
"Raja_Muhammad_Afzal_Khan","Raja Muhammad Afzal Khan",709,FALSE
"Raja_Muhammad_Iftikhar_Kayani","Raja Muhammad Iftikhar Kayani",709,FALSE
"Raja_Muhammad_Sana_Ul_Haq_Advocate","Raja Muhammad Sana Ul Haq Advocate",709,FALSE
"Raja_Parvaiz_Ashraf","Raja Parvaiz Ashraf",709,FALSE
"Raja_Pervaiz_Ashraf","Raja Pervaiz Ashraf",709,FALSE
"Rajib_Ali","Rajib Ali",709,FALSE
"Rameez_u_Din_Memon","Rameez u Din Memon",709,FALSE
"Rana_Abdul_Rehman_Khan","Rana Abdul Rehman Khan",709,FALSE
"Rana_Abdul_Shakoor_Khan","Rana Abdul Shakoor Khan",709,FALSE
"Rana_Mahmood_Ashraf","Rana Mahmood Ashraf",709,FALSE
"Rana_Mehmood_Ul_Hasan","Rana Mehmood Ul Hasan",709,FALSE
"Rana_Mubashir_Ali_Khan","Rana Mubashir Ali Khan",709,FALSE
"Rana_Muhammad_Azhar_Uttra","Rana Muhammad Azhar Uttra",709,FALSE
"Rana_Muhammad_Faraz_Noon","Rana Muhammad Faraz Noon",1182,TRUE
"Rana_Muhammad_Farooq_Saeed_Khan","Rana Muhammad Farooq Saeed Khan",709,FALSE
"Rana_Muhammad_Qasim_Noon","Rana Muhammad Qasim Noon",709,FALSE
"Rao_Abdul_Ghaffar","Rao Abdul Ghaffar",709,FALSE
"Rao_Muhammad_Jameel_Hashim_Khan","Rao Muhammad Jameel Hashim Khan",709,FALSE
"Rao_Najeeb_Ur_Rehman","Rao Najeeb Ur Rehman",709,FALSE
"Rashid_Ali","Rashid Ali",913,TRUE
"Riaz_Hussain_Lund_Balouch","Riaz Hussain Lund Balouch",709,FALSE
"Rizwan_Ahmad_Hans","Rizwan Ahmad Hans",709,FALSE
"Roshan_Din_Junejo","Roshan Din Junejo",709,FALSE
"Rozi_Khan_Kakar","Rozi Khan Kakar",709,FALSE
"Saathi_Ishaque_Advocate","Saathi Ishaque Advocate",709,FALSE
"Sabar_Ali_Baloch","Sabar Ali Baloch",709,FALSE
"Sabir_Ali_Baloch","Sabir Ali Baloch",709,FALSE
"Sabir_Hussain","Sabir Hussain",709,FALSE
"Sadiq_Ali_Memon","Sadiq Ali Memon",709,FALSE
"Saeed_Iqbal","Saeed Iqbal",709,FALSE
"Saeed_Iqbal_","Saeed Iqbal.",709,FALSE
"Sajid_Ali_Bambhan","Sajid Ali Bambhan",709,FALSE
"Sajid_Ali_Banbhan","Sajid Ali Banbhan",709,FALSE
"Sajid_Hussain_Turi","Sajid Hussain Turi",709,FALSE
"Sajjad_Ahmad_Awan_","Sajjad Ahmad Awan.",709,FALSE
"Sajjad_Ul_Hassan","Sajjad Ul Hassan",709,FALSE
"Sakhawat_Masih","Sakhawat Masih",709,FALSE
"Salahuddin_Junejo","Salahuddin Junejo",709,FALSE
"Saleem_Mandviwala","Saleem Mandviwala",709,FALSE
"Saleem_Shah","Saleem Shah",709,FALSE
"Saleem_Ullah_Khan","Saleem Ullah Khan",709,FALSE
"Salim_Rehman","Salim Rehman",1182,TRUE
"Samina_Khalid_Ghurki","Samina Khalid Ghurki",709,FALSE
"Sardar_Ahmed_Khan_Alias_Fayyaz_Ali_Khan","Sardar Ahmed Khan Alias Fayyaz Ali Khan",709,FALSE
"Sardar_Al-Haaj_Muhammad_Umar","Sardar Al-Haaj Muhammad Umar",709,FALSE
"Sardar_Al_Haaj_Muhammmad_Umer_Gorgaij","Sardar Al Haaj Muhammmad Umer Gorgaij",709,FALSE
"Sardar_Ali","Sardar Ali",709,FALSE
"Sardar_Ali_Abbas_Khan_Baloch","Sardar Ali Abbas Khan Baloch",709,FALSE
"Sardar_Asif_Ahmad_Ali","Sardar Asif Ahmad Ali",709,FALSE
"Sardar_Azhar_Ali_Mekan","Sardar Azhar Ali Mekan",709,FALSE
"Sardar_Bahadur_Ahmad_Khan","Sardar Bahadur Ahmad Khan",709,FALSE
"Sardar_Bahadur_Ahmed_Khan","Sardar Bahadur Ahmed Khan",709,FALSE
"Sardar_Dost_Muhammad_Khan_Khosa","Sardar Dost Muhammad Khan Khosa",709,FALSE
"Sardar_Jahazeb_Khan_Drishak_Almarof_Chand_Khan","Sardar Jahazeb Khan Drishak Almarof Chand Khan",709,FALSE
"Sardar_Kamal_Khan_Chang","Sardar Kamal Khan Chang",709,FALSE
"Sardar_Khurram_Latif_Khan_Khosa","Sardar Khurram Latif Khan Khosa",709,FALSE
"Sardar_Khyzar_Hayat_Khan_Ladhu_Ka","Sardar Khyzar Hayat Khan Ladhu Ka",709,FALSE
"Sardar_Mansoor_Hayat_Tamman","Sardar Mansoor Hayat Tamman",1182,TRUE
"Sardar_Mir_Baz_Muhammad_Kha_Khetran","Sardar Mir Baz Muhammad Kha Khetran",709,FALSE
"Sardar_Mir_Baz_Muhammad_Khan_Khethran","Sardar Mir Baz Muhammad Khan Khethran",709,FALSE
"Sardar_Muhammad_Gulzar_Abbasi","Sardar Muhammad Gulzar Abbasi",709,FALSE
"Sardar_Muhammad_Saif_Ud_Din_Khan_Khosa","Sardar Muhammad Saif Ud Din Khan Khosa",709,FALSE
"Sardar_Mushtaq_Ahmed","Sardar Mushtaq Ahmed",709,FALSE
"Sardar_Nabil_Ahmed_Gabol","Sardar Nabil Ahmed Gabol",709,FALSE
"Sardar_Saleem_Haider","Sardar Saleem Haider",709,FALSE
"Sardar_Saleem_Haider_Khan","Sardar Saleem Haider Khan",709,FALSE
"Sardar_Sana_Ullah_Zehri","Sardar Sana Ullah Zehri",709,FALSE
"Sardar_Shahnawaz_Khan","Sardar Shahnawaz Khan",709,FALSE
"Sardar_Shaukat_Hayat_Khan_Advocate","Sardar Shaukat Hayat Khan Advocate",709,FALSE
"Sardar_Shoaib_Mumtaz_Khan","Sardar Shoaib Mumtaz Khan",709,FALSE
"Sardar_Usman_Nawaz","Sardar Usman Nawaz",709,FALSE
"Sardar_Wahid_Bux_Bhayo","Sardar Wahid Bux Bhayo",709,FALSE
"Sardar_Wazir_Ahmed_Jogezai","Sardar Wazir Ahmed Jogezai",709,FALSE
"Sardar_Zafar_Ullah_Khan_Laghari","Sardar Zafar Ullah Khan Laghari",709,FALSE
"Sarfaraz_Rajar","Sarfaraz Rajar",709,FALSE
"Sarshar_Hassan_Cheema","Sarshar Hassan Cheema",709,FALSE
"Sayed_Akhun_Zada_Chattan","Sayed Akhun Zada Chattan",709,FALSE
"Shabbir_Ahmad_Khan_Leghari","Shabbir Ahmad Khan Leghari",709,FALSE
"Shabir_Ahmed","Shabir Ahmed",709,FALSE
"Shafeeqa_Baghum_Rao_Sikindar_Iqbal","Shafeeqa Baghum Rao Sikindar Iqbal",709,FALSE
"Shah_Fahad_Ansari","Shah Fahad Ansari",709,FALSE
"Shah_Rehman","Shah Rehman",709,FALSE
"Shahadat_Ali_Khan_Baloch","Shahadat Ali Khan Baloch",709,FALSE
"Shaheem_Safdar","Shaheem Safdar",709,FALSE
"Shaheen_Zamir","Shaheen Zamir",709,FALSE
"Shaheryar_Khan","Shaheryar Khan",709,FALSE
"Shahid_Abbas","Shahid Abbas",709,FALSE
"Shahid_Bashir","Shahid Bashir",709,FALSE
"Shahjahan_Ahmad_Bhatti","Shahjahan Ahmad Bhatti",709,FALSE
"Shahjahan_Baloch","Shahjahan Baloch",709,FALSE
"Shahrukh_Malik","Shahrukh Malik",709,FALSE
"Shahzad_Majeed","Shahzad Majeed",709,FALSE
"Shahzada_Ghulam_Muhyuddin","Shahzada Ghulam Muhyuddin",709,FALSE
"Shakeel_Ahmed_","Shakeel Ahmed.",709,FALSE
"Shamas-Un-Nisa","Shamas-Un-Nisa",709,FALSE
"Shams_Panhwar","Shams Panhwar",709,FALSE
"Shamshad_Sattar_Bachani","Shamshad Sattar Bachani",709,FALSE
"Shamusddin_Panhwar","Shamusddin Panhwar",709,FALSE
"Shaukat_Ali_Bajwa","Shaukat Ali Bajwa",709,FALSE
"Shaukat_Pervez_Khan","Shaukat Pervez Khan",709,FALSE
"Shazia_Aurangzeb_Khan","Shazia Aurangzeb Khan",709,FALSE
"Shazia_Mari","Shazia Mari",709,FALSE
"Shazia_Marri","Shazia Marri",709,FALSE
"Shazia_Tehmas_Khan","Shazia Tehmas Khan",709,FALSE
"Shehryar_Amir_Zeb","Shehryar Amir Zeb",709,FALSE
"Sheikh_Kamran_Iqbal","Sheikh Kamran Iqbal",709,FALSE
"Sheikh_Muhammad_Iqbal","Sheikh Muhammad Iqbal",709,FALSE
"Sheikh_Muhammad_Maghaz_Feroz","Sheikh Muhammad Maghaz Feroz",709,FALSE
"Sheikh_Waqar_Ahmed_Advocate","Sheikh Waqar Ahmed Advocate",709,FALSE
"Sher_Muhammad_Balcoh","Sher Muhammad Balcoh",709,FALSE
"Sher_Qanoos_Advocate","Sher Qanoos Advocate",709,FALSE
"Shiyam_Sundar_Advocate","Shiyam Sundar Advocate",709,FALSE
"Shoaib_Alam_Khan","Shoaib Alam Khan",709,FALSE
"Shoukat_Ali_Joya_Laleka","Shoukat Ali Joya Laleka",709,FALSE
"Siddique_Akber","Siddique Akber",709,FALSE
"Sidra_Saeed","Sidra Saeed",709,FALSE
"Sohail_Ansari","Sohail Ansari",709,FALSE
"Sohail_Shahzad","Sohail Shahzad",709,FALSE
"Sumaira_Gul","Sumaira Gul",709,FALSE
"Sumaira_Mushtaq_Kharal","Sumaira Mushtaq Kharal",709,FALSE
"Syed_Abbas_Raza_Rizvi","Syed Abbas Raza Rizvi",709,FALSE
"Syed_Abdul_Qadir_Gillani","Syed Abdul Qadir Gillani",709,FALSE
"Syed_Abid_Ali_Shah","Syed Abid Ali Shah",709,FALSE
"Syed_Abid_Hussain_Imam","Syed Abid Hussain Imam",709,FALSE
"Syed_Abrar_Ali_Shah","Syed Abrar Ali Shah",709,FALSE
"Syed_Ahmad_Ali_Shah","Syed Ahmad Ali Shah",709,FALSE
"Syed_Ahmad_Mujtaba_Gillani","Syed Ahmad Mujtaba Gillani",709,FALSE
"Syed_Akhunzada_Chattan","Syed Akhunzada Chattan",709,FALSE
"Syed_Ali_Musa_Gillani","Syed Ali Musa Gillani",709,FALSE
"Syed_Ali_Zawar_Naqvi","Syed Ali Zawar Naqvi",709,FALSE
"Syed_Allauddin","Syed Allauddin",709,FALSE
"Syed_Ameer_Ali_Shah_Jamot","Syed Ameer Ali Shah Jamot",709,FALSE
"Syed_Amir_Ali_Shah_Jamote","Syed Amir Ali Shah Jamote",709,FALSE
"Syed_Amir_Hamza_Peerzada","Syed Amir Hamza Peerzada",709,FALSE
"Syed_Amjad_Hussain_Zaidi","Syed Amjad Hussain Zaidi",709,FALSE
"Syed_Anayat_Ali_Shah","Syed Anayat Ali Shah",709,FALSE
"Syed_Asghar_Hussain","Syed Asghar Hussain",709,FALSE
"Syed_Asif_Hashmi","Syed Asif Hashmi",709,FALSE
"Syed_Ayaz_Ali_Shah_Sherazi","Syed Ayaz Ali Shah Sherazi",709,FALSE
"Syed_Azmat_Ali_Bukhari_Advocate","Syed Azmat Ali Bukhari Advocate",709,FALSE
"Syed_Faisal_Raza_Abidi","Syed Faisal Raza Abidi",709,FALSE
"Syed_Faqeer_Hussain_Shah","Syed Faqeer Hussain Shah",709,FALSE
"Syed_Gayoor_Abbas_Bukhari_","Syed Gayoor Abbas Bukhari.",709,FALSE
"Syed_Ghayoor_Abbas_Bukhari","Syed Ghayoor Abbas Bukhari",709,FALSE
"Syed_Ghulam_Mustafa_Shah","Syed Ghulam Mustafa Shah",709,FALSE
"Syed_Ghulam_Mustafa_Shah_s_o_Syed_Sabbir_Ahmed_Shah","Syed Ghulam Mustafa Shah s/o Syed Sabbir Ahmed Shah",709,FALSE
"Syed_Hamid_Saeed_Kazmi","Syed Hamid Saeed Kazmi",709,FALSE
"Syed_Hasnat_Ahmed","Syed Hasnat Ahmed",709,FALSE
"Syed_Hussain_Tariq","Syed Hussain Tariq",709,FALSE
"Syed_Ibne_Ali","Syed Ibne Ali",709,FALSE
"Syed_Intikhab_Hussain_Shah","Syed Intikhab Hussain Shah",709,FALSE
"Syed_Irfan_Gardezi","Syed Irfan Gardezi",709,FALSE
"Syed_Ishtiaq_Ul_Hassan_Gilani","Syed Ishtiaq Ul Hassan Gilani",709,FALSE
"Syed_Javed_Ali_Shah_Jillani","Syed Javed Ali Shah Jillani",709,FALSE
"Syed_Khursheed_Ahmed_Shah","Syed Khursheed Ahmed Shah",709,FALSE
"Syed_Manzoor_Abbas","Syed Manzoor Abbas",709,FALSE
"Syed_Mumtaz_Alam_Gillani","Syed Mumtaz Alam Gillani",709,FALSE
"Syed_Murtza_Mehmud","Syed Murtza Mehmud",709,FALSE
"Syed_Nasir_Ali_Shah_Alias_Syed_Abbas","Syed Nasir Ali Shah Alias Syed Abbas",709,FALSE
"Syed_Naveed_Qamar","Syed Naveed Qamar",709,FALSE
"Syed_Nayyer_Hussain_Bukhari","Syed Nayyer Hussain Bukhari",709,FALSE
"Syed_Qutab_Ali_Shah_Alias_Ali_Baba","Syed Qutab Ali Shah Alias Ali Baba",709,FALSE
"Syed_Rafiullah","Syed Rafiullah",709,FALSE
"Syed_Raza_Abbas","Syed Raza Abbas",709,FALSE
"Syed_Sabtul_Haider_Bukhari","Syed Sabtul Haider Bukhari",709,FALSE
"Syed_Sohail_Abidi","Syed Sohail Abidi",709,FALSE
"Syed_Sohail_Abrar","Syed Sohail Abrar",709,FALSE
"Syed_Sumsam_Ali_Shah_Bukhari","Syed Sumsam Ali Shah Bukhari",709,FALSE
"Syed_Sumsan_Ali_Shah_Bukhari","Syed Sumsan Ali Shah Bukhari",709,FALSE
"Syed_Tariq_Gilani","Syed Tariq Gilani",709,FALSE
"Syed_Tariq_Raza","Syed Tariq Raza",709,FALSE
"Syed_Waseem_Ul_Hassan_Naqvi","Syed Waseem Ul Hassan Naqvi",709,FALSE
"Syed_Yousaf_Raza_Gillani","Syed Yousaf Raza Gillani",709,FALSE
"Syed_Zaffar_Ali_Shah","Syed Zaffar Ali Shah",709,FALSE
"Syed_Zahid_Bukhari","Syed Zahid Bukhari",709,FALSE
"Syeda_Abida_Hussain","Syeda Abida Hussain",709,FALSE
"Syeda_Sughra_Imam","Syeda Sughra Imam",709,FALSE
"Taimoor_Tahir","Taimoor Tahir",709,FALSE
"Taj_Muhammad_Jamali","Taj Muhammad Jamali",709,FALSE
"Talat_Iqbal_Mahessar","Talat Iqbal Mahessar",709,FALSE
"Tariq_Ashrif_Kahloon","Tariq Ashrif Kahloon",709,FALSE
"Tariq_Hakam_Ali","Tariq Hakam Ali",709,FALSE
"Tariq_Javed_Manzoor","Tariq Javed Manzoor",709,FALSE
"Tariq_Mahmood","Tariq Mahmood",709,FALSE
"Tariq_Mahmood_Bajwa","Tariq Mahmood Bajwa",709,FALSE
"Tariq_Mehmood_Bajwa","Tariq Mehmood Bajwa",709,FALSE
"Tariq_Shabbir_Advocate","Tariq Shabbir Advocate",709,FALSE
"Tariq_Yaqoob_Fateh_Muhammad","Tariq Yaqoob Fateh Muhammad",709,FALSE
"Tasneem_Ahmad_Qureshi","Tasneem Ahmad Qureshi",709,FALSE
"Tasneem_Ahmed_Qureshi","Tasneem Ahmed Qureshi",709,FALSE
"Tussadiq_Masood_Khan","Tussadiq Masood Khan",709,FALSE
"Umar_Aftab","Umar Aftab",709,FALSE
"Umar_Farooq_Khan_Shawa","Umar Farooq Khan Shawa",709,FALSE
"Usman_Khan_Tarakai","Usman Khan Tarakai",709,FALSE
"Waqar_Ahmad_Khan","Waqar Ahmad Khan",709,FALSE
"Waseef_Ullah_Khan","Waseef Ullah Khan",709,FALSE
"Waseem_Akhtar","Waseem Akhtar",709,FALSE
"Waseem_Khan_Rajput","Waseem Khan Rajput",709,FALSE
"Yousaf_Ali","Yousaf Ali",709,FALSE
"Zafar_Ahmed_Siddiqui_Advocate","Zafar Ahmed Siddiqui Advocate",709,FALSE
"Zafar_Iqbal_Ch_","Zafar Iqbal Ch.",709,FALSE
"Zafar_Jhandeer","Zafar Jhandeer",709,FALSE
"Zahid_Pervaiz_Alias_Zahid_Bashir_","Zahid Pervaiz Alias Zahid Bashir.",709,FALSE
"Zaka_Ullah","Zaka Ullah",913,TRUE
"Zar_Gul_Khan","Zar Gul Khan",709,FALSE
"Zubair_Kardar","Zubair Kardar",709,FALSE
"Zulfaqar_Ali_Qaim_Khani","Zulfaqar Ali Qaim Khani",709,FALSE
"Zulfiqar_Ali_Behan","Zulfiqar Ali Behan",709,FALSE
"Zulfiqar_Ali_Khan","Zulfiqar Ali Khan",709,FALSE
"Zulfiqar_Bachani","Zulfiqar Bachani",709,FALSE
"Zumarad_Khan","Zumarad Khan",709,FALSE
"Zumurrad_Khan","Zumurrad Khan",709,FALSE
"Abdul_Ahad","Abdul Ahad",37,FALSE
"Abdul_Khaliq_s_o_Haji_Fazal_m","Abdul Khaliq s/o Haji Fazal m",37,FALSE
"Abdul_u_Haq_Malik","Abdul u Haq Malik",37,FALSE
"Ali_Nawaz","Ali Nawaz",37,FALSE
"Asgher_Ali","Asgher Ali",37,FALSE
"Ata_Muhammad","Ata Muhammad",37,FALSE
"Eid_Nazar","Eid Nazar",37,FALSE
"Ghulam_Shabbir","Ghulam Shabbir",37,FALSE
"Gul_Faraz","Gul Faraz",37,FALSE
"Hafiz_Aurangzaib_Farooqui","Hafiz Aurangzaib Farooqui",37,FALSE
"Hamza_Tariq","Hamza Tariq",37,FALSE
"Iftikhar_Ahmed_Farooqi","Iftikhar Ahmed Farooqi",37,FALSE
"Kamran_Khalid_Butt","Kamran Khalid Butt",37,FALSE
"Khuda_Nazar","Khuda Nazar",37,FALSE
"Muhammad_Abu_Bakar_Saddique","Muhammad Abu Bakar Saddique",37,FALSE
"Muhammad_Ahmad_Khan","Muhammad Ahmad Khan",37,FALSE
"Muhammad_Ishaque","Muhammad Ishaque",37,FALSE
"Muhammad_Ishfaq","Muhammad Ishfaq",37,FALSE
"Muhammad_Safder_Hashmi","Muhammad Safder Hashmi",37,FALSE
"Muhammad_Sikandar","Muhammad Sikandar",37,FALSE
"Naimatullah","Naimatullah",37,FALSE
"Saeed_Khan","Saeed Khan",37,FALSE
"Shakil_Ahmed","Shakil Ahmed",37,FALSE
"Syed_Abdul_Rafay","Syed Abdul Rafay",37,FALSE
"Syed_Kaleem_Ullah","Syed Kaleem Ullah",37,FALSE
"Tariq_Aziz","Tariq Aziz",37,FALSE
"Ubaid_Ullah_Khan","Ubaid Ullah Khan",37,FALSE
"Waqas_Ahmed","Waqas Ahmed",37,FALSE
"Muhammad_Majeed","Muhammad Majeed",0,FALSE
"Abdul_Razaq_Shahid","Abdul Razaq Shahid",0,FALSE
"Atif_Atta","Atif Atta",4,FALSE
"Aziz_Ul_Islam","Aziz Ul Islam",4,FALSE
"Javed_Sharif","Javed Sharif",4,FALSE
"Aamer_Masood_Mughal","Aamer Masood Mughal",487,FALSE
"Abdul_Hakeem_Chandio","Abdul Hakeem Chandio",487,FALSE
"Abdul_Qayum","Abdul Qayum",487,FALSE
"Abdul_Sattar_Samoon","Abdul Sattar Samoon",487,FALSE
"Abdur_Raoof_Dolla","Abdur Raoof Dolla",487,FALSE
"Abid_Javed_Virk","Abid Javed Virk",487,FALSE
"Abid_Mahmood","Abid Mahmood",487,FALSE
"Abid_Mahmood_Khagga","Abid Mahmood Khagga",487,FALSE
"Abrar_Ul_Haq","Abrar Ul Haq",487,FALSE
"Abu_Bakar_Virk","Abu Bakar Virk",487,FALSE
"Adil_Khan_Bazai","Adil Khan Bazai",487,FALSE
"Adv_Shujaat_Ali","Adv Shujaat Ali",487,FALSE
"Advocate_Zahoor_Mehsud","Advocate Zahoor Mehsud",487,FALSE
"Aftab_Ahmad","Aftab Ahmad",487,FALSE
"Aftab_Ahmad_Khan_Khichi","Aftab Ahmad Khan Khichi",487,FALSE
"Aftab_Ahmed_Soomro","Aftab Ahmed Soomro",487,FALSE
"Aftab_Irshad_Cheema","Aftab Irshad Cheema",487,FALSE
"Aftab_Jahangir","Aftab Jahangir",487,FALSE
"Afzaal_Azeem_Pahat_Advocate","Afzaal Azeem Pahat Advocate",487,FALSE
"Ahsan_Ulla_Virk","Ahsan Ulla Virk",487,FALSE
"Ajab_Gul","Ajab Gul",487,FALSE
"Akeel_Aslam","Akeel Aslam",487,FALSE
"Akhtar_Iqbal_Dar","Akhtar Iqbal Dar",487,FALSE
"Akram_Khan","Akram Khan",487,FALSE
"Akram_Niazi","Akram Niazi",487,FALSE
"Aleem_Adil_Sheikh_","Aleem Adil Sheikh.",487,FALSE
"Ali_Afzal_Sahi","Ali Afzal Sahi",487,FALSE
"Ali_Amin_Gandapur","Ali Amin Gandapur",487,FALSE
"Ali_Asghar_Khan","Ali Asghar Khan",487,FALSE
"Ali_Ashraf","Ali Ashraf",487,FALSE
"Ali_Asjid_Malhi","Ali Asjid Malhi",487,FALSE
"Ali_Bukhari","Ali Bukhari",487,FALSE
"Ali_Ijaz_Buttar","Ali Ijaz Buttar",487,FALSE
"Ali_Khan_Jadoon","Ali Khan Jadoon",487,FALSE
"Ali_Muhammad_Khalul","Ali Muhammad Khalul",487,FALSE
"Ali_Muhammad_Khan","Ali Muhammad Khan",487,FALSE
"Aliya_Hamza","Aliya Hamza",487,FALSE
"Amber_Majeed_Niazi","Amber Majeed Niazi",487,FALSE
"Ambreen_Malik","Ambreen Malik",487,FALSE
"Amir_Sharjeel","Amir Sharjeel",487,FALSE
"Amirullah","Amirullah",487,FALSE
"Amjad_Ali_Bajwa","Amjad Ali Bajwa",487,FALSE
"Amjid_Ali_Khan","Amjid Ali Khan",487,FALSE
"Aniqa_Mehdi","Aniqa Mehdi",487,FALSE
"Anwar_Haqdad","Anwar Haqdad",487,FALSE
"Anwar_Taj","Anwar Taj",487,FALSE
"Aqibullah","Aqibullah",487,FALSE
"Arbab_Amir_Ayub","Arbab Amir Ayub",487,FALSE
"Arbab_Muhammad_Haleem","Arbab Muhammad Haleem",487,FALSE
"Arif_Murad","Arif Murad",487,FALSE
"Arif_Ur_Rehman_Alvi","Arif Ur Rehman Alvi",487,FALSE
"Arshad_Ali_Mayo","Arshad Ali Mayo",487,FALSE
"Arshad_Mahmood_Chaudhry","Arshad Mahmood Chaudhry",487,FALSE
"Arslan_Khalid","Arslan Khalid",487,FALSE
"Asad_Qaiser","Asad Qaiser",487,FALSE
"Asad_Umar","Asad Umar",487,FALSE
"Asif_Khan","Asif Khan",487,FALSE
"Asiya_Asad","Asiya Asad",487,FALSE
"Ataullah_Khan","Ataullah Khan",487,FALSE
"Atif_Ali_Khan_Dreshak","Atif Ali Khan Dreshak",487,FALSE
"Atif_Choudhry","Atif Choudhry",487,FALSE
"Aurangzeb_Khichi","Aurangzeb Khichi",487,FALSE
"Awais_Haider_Jakhar","Awais Haider Jakhar",487,FALSE
"Ayaz_Sarfraz_Malik","Ayaz Sarfraz Malik",487,FALSE
"Ayesha_Nazir_Jatt","Ayesha Nazir Jatt",487,FALSE
"Azizullah_Dero","Azizullah Dero",487,FALSE
"Azra_Masood","Azra Masood",487,FALSE
"Babar_Marghazani","Babar Marghazani",487,FALSE
"Bakht_Jamal_Chandio","Bakht Jamal Chandio",487,FALSE
"Barrister_Abdullah_Mumtaz_Kahloon","Barrister Abdullah Mumtaz Kahloon",487,FALSE
"Barrister_Hammad_Azhar","Barrister Hammad Azhar",487,FALSE
"Barrister_Nabeel_Dhar","Barrister Nabeel Dhar",487,FALSE
"Barrister_Taimur_Malik","Barrister Taimur Malik",487,FALSE
"Basharat_Ali_Randhawa","Basharat Ali Randhawa",487,FALSE
"Basharat_Raja","Basharat Raja",487,FALSE
"Bilal_Ejaz","Bilal Ejaz",487,FALSE
"Brig_Ejaz_Shah","Brig Ejaz Shah",487,FALSE
"Brigadier_Mumtaz_Iqbal_Kahlon","Brigadier Mumtaz Iqbal Kahlon",487,FALSE
"Ch__Muhammad_Ilyas","Ch. Muhammad Ilyas",487,FALSE
"Ch_Khalil_Arain","Ch Khalil Arain",487,FALSE
"Ch_Muhammad_Shahnawaz_Cheema","Ch Muhammad Shahnawaz Cheema",487,FALSE
"Ch_Usman_Ali_Tariq","Ch Usman Ali Tariq",487,FALSE
"Changez_Khan_Kakar","Changez Khan Kakar",487,FALSE
"Chaudhary_Abdul_Ilyas","Chaudhary Abdul Ilyas",487,FALSE
"Chaudhary_Javed_Iqbal_Waraich","Chaudhary Javed Iqbal Waraich",487,FALSE
"Chaudhry_Muhammad_Ashfaq","Chaudhry Muhammad Ashfaq",487,FALSE
"Choudary_Shokat_Ali_Bhatti","Choudary Shokat Ali Bhatti",487,FALSE
"Choudhry_Muhammad_Saqlain","Choudhry Muhammad Saqlain",487,FALSE
"Choudhry_Naeem_Ul_Din_Waraich","Choudhry Naeem Ul Din Waraich",487,FALSE
"Chudhary_Ilyas_Meharban","Chudhary Ilyas Meharban",487,FALSE
"Chudhary_Muhammed_Yaqoob","Chudhary Muhammed Yaqoob",487,FALSE
"Col_Ajmal_Sabir_Raja","Col Ajmal Sabir Raja",487,FALSE
"Colnel_Ejaz_Hussain_Minhas","Colnel Ejaz Hussain Minhas",487,FALSE
"Dawar_Khan_Kundi","Dawar Khan Kundi",487,FALSE
"Dawood_Shah","Dawood Shah",487,FALSE
"Dawood_Ullah","Dawood Ullah",487,FALSE
"Doctor_Saeed_Ahmed_Afridi","Doctor Saeed Ahmed Afridi",487,FALSE
"Doctor_Yasmin_Rashid","Doctor Yasmin Rashid",487,FALSE
"Dr__Amjad","Dr. Amjad",487,FALSE
"Dr__Nisar_Jutt","Dr. Nisar Jutt",487,FALSE
"Dr__Riaz_Lang","Dr. Riaz Lang",487,FALSE
"Dr__Tahir_Ali_Javed","Dr. Tahir Ali Javed",487,FALSE
"Dr_Azeem_Zahid_Lakhvi","Dr Azeem Zahid Lakhvi",487,FALSE
"Dr_Muhammad_Azhar_Khan_Jadoon","Dr Muhammad Azhar Khan Jadoon",487,FALSE
"Ejaz_Ahmad_Gaddan","Ejaz Ahmad Gaddan",487,FALSE
"Eman_Tahir","Eman Tahir",487,FALSE
"Engineer_Dawar_Khan_Kundi","Engineer Dawar Khan Kundi",487,FALSE
"Faheem_Khan","Faheem Khan",487,FALSE
"Faisal_Mughal","Faisal Mughal",487,FALSE
"Faiz_Ullah_Kamoka","Faiz Ullah Kamoka",487,FALSE
"Falak_Niaz","Falak Niaz",487,FALSE
"Falak_Sheer_Sikandar","Falak Sheer Sikandar",487,FALSE
"Farhat_Faheem_Bhatti","Farhat Faheem Bhatti",487,FALSE
"Farrukh_Habib","Farrukh Habib",487,FALSE
"Fawad_Ahmad_Cheema","Fawad Ahmad Cheema",487,FALSE
"Fayaz_Ahmed","Fayaz Ahmed",487,FALSE
"Fazal_Muhammad_Khan","Fazal Muhammad Khan",487,FALSE
"Ghulam_Zahid","Ghulam Zahid",487,FALSE
"Gohar_Ali_Khoso","Gohar Ali Khoso",487,FALSE
"Gul_Badshah","Gul Badshah",487,FALSE
"Gul_Dad_Khan","Gul Dad Khan",487,FALSE
"Gul_Muhammad_Keerio","Gul Muhammad Keerio",487,FALSE
"Gul_Muhammad_Rind","Gul Muhammad Rind",487,FALSE
"Gul_Zafar_Khan","Gul Zafar Khan",487,FALSE
"Gulzar_Khan","Gulzar Khan",487,FALSE
"Hafeezullah","Hafeezullah",487,FALSE
"Hafiz_Hamid_Raza","Hafiz Hamid Raza",487,FALSE
"Haji_Akhtar_Mohammad_Mandokhel","Haji Akhtar Mohammad Mandokhel",487,FALSE
"Haji_Imtiaz_Ahmed_Choudhry","Haji Imtiaz Ahmed Choudhry",487,FALSE
"Haji_Khalid_Mehmood_Chatha","Haji Khalid Mehmood Chatha",487,FALSE
"Haleem_Adil_Sheikh","Haleem Adil Sheikh",487,FALSE
"Hamid_Khan","Hamid Khan",487,FALSE
"Hamid_Ul_Haq","Hamid Ul Haq",487,FALSE
"Hamid_Zaman","Hamid Zaman",487,FALSE
"Hamida_Masood_Shah","Hamida Masood Shah",487,FALSE
"Hamza_Khan","Hamza Khan",487,FALSE
"Haroon_Ihsaan_Paracha","Haroon Ihsaan Paracha",487,FALSE
"Hassan_Adeel","Hassan Adeel",487,FALSE
"Hassan_Ali_Khan","Hassan Ali Khan",487,FALSE
"Hina_Manzoor","Hina Manzoor",487,FALSE
"Iffat_Soomro","Iffat Soomro",487,FALSE
"Iftikhar_Ali_Khitran","Iftikhar Ali Khitran",487,FALSE
"Iftikhar_Soomro","Iftikhar Soomro",487,FALSE
"Imran_Ahmed_Khan_Niazi","Imran Ahmed Khan Niazi",487,FALSE
"Imran_Khattak","Imran Khattak",487,FALSE
"Imran_Qaisar_Abbbas","Imran Qaisar Abbbas",487,FALSE
"Iqra_Mubarik","Iqra Mubarik",487,FALSE
"Jahanzaib_Imtiaz_Gill","Jahanzaib Imtiaz Gill",487,FALSE
"Jameel_Ahmed_Lund_Baloch","Jameel Ahmed Lund Baloch",487,FALSE
"Jamshaid_Dasti","Jamshaid Dasti",487,FALSE
"Javaid_Safdar_Kahlon","Javaid Safdar Kahlon",487,FALSE
"Javed_Ali_Bozdar","Javed Ali Bozdar",487,FALSE
"Jehanzeb_Khan_Dhakki","Jehanzeb Khan Dhakki",487,FALSE
"Junaid_Akbar","Junaid Akbar",487,FALSE
"Kanwal_Shauzab","Kanwal Shauzab",487,FALSE
"Karim_Dad","Karim Dad",487,FALSE
"Khalid_Abdullah_Ghazi","Khalid Abdullah Ghazi",487,FALSE
"Khalid_Masood_Khan","Khalid Masood Khan",487,FALSE
"Khalid_Mehmood_Ali","Khalid Mehmood Ali",487,FALSE
"Khalid_Nawaz","Khalid Nawaz",487,FALSE
"Khan_Shaid_Afridi","Khan Shaid Afridi",487,FALSE
"Khawaja_Mudasar_Mehmood","Khawaja Mudasar Mehmood",487,FALSE
"Khawaja_Sharif_Muhammad_Koreja","Khawaja Sharif Muhammad Koreja",487,FALSE
"Khawaja_Sheraz_Mehmood","Khawaja Sheraz Mehmood",487,FALSE
"Khial_Zaman_Aurak_Zai","Khial Zaman Aurak Zai",487,FALSE
"Khudada_Kalyar_Advocate","Khudada Kalyar Advocate",487,FALSE
"Khurram_Munawar_Munj","Khurram Munawar Munj",487,FALSE
"Khurram_Shahzad_Virk","Khurram Shahzad Virk",487,FALSE
"Khurram_Sher_Zaman","Khurram Sher Zaman",487,FALSE
"Khursheed_Mehmood_Kasuri","Khursheed Mehmood Kasuri",487,FALSE
"Kousar_Parveen","Kousar Parveen",487,FALSE
"Lal_Chand_Malhi","Lal Chand Malhi",487,FALSE
"Lala_Asad_Ullah","Lala Asad Ullah",487,FALSE
"Latif_Khosa","Latif Khosa",487,FALSE
"Lt_Col_r_Ajmal_Sabir_Raja","Lt Col r Ajmal Sabir Raja",487,FALSE
"Mahar_Sajjad_Hussain_Cheena","Mahar Sajjad Hussain Cheena",487,FALSE
"Maher_Naveed_Ahmad_Kherha","Maher Naveed Ahmad Kherha",487,FALSE
"Mahmood_Khan","Mahmood Khan",487,FALSE
"Maj_Latasab_Satti","Maj Latasab Satti",487,FALSE
"Makhdoom_Imad_Ud_Din_Hashmi","Makhdoom Imad Ud Din Hashmi",487,FALSE
"Makhdoom_Javaid_Hussain_Hashmi","Makhdoom Javaid Hussain Hashmi",487,FALSE
"Makhdoom_Shah_Mahmood_Hussain_Qureshi","Makhdoom Shah Mahmood Hussain Qureshi",487,FALSE
"Makhdoom_Shah_Mahmood_Qureshi","Makhdoom Shah Mahmood Qureshi",487,FALSE
"Makhdoom_Shah_Mehmood_Hussain_Qureshi","Makhdoom Shah Mehmood Hussain Qureshi",487,FALSE
"Malik_Ameen_Aslam_Khan","Malik Ameen Aslam Khan",487,FALSE
"Malik_Amir_Dogar","Malik Amir Dogar",487,FALSE
"Malik_Arif_Awan","Malik Arif Awan",487,FALSE
"Malik_Atiq_Ur_Rehman_Orakzai","Malik Atiq Ur Rehman Orakzai",487,FALSE
"Malik_Ghulam_Murtaza_Metla","Malik Ghulam Murtaza Metla",487,FALSE
"Malik_Mehboob_Ahmed","Malik Mehboob Ahmed",487,FALSE
"Malik_Muhammad_Akram_Bhatti","Malik Muhammad Akram Bhatti",487,FALSE
"Malik_Muhammad_Ali_Khan_Tiwana","Malik Muhammad Ali Khan Tiwana",487,FALSE
"Malik_Muhammad_Faisal_Dehwar","Malik Muhammad Faisal Dehwar",487,FALSE
"Malik_Muhammad_Muzaffar_Khan","Malik Muhammad Muzaffar Khan",487,FALSE
"Malik_Muhammad_Yar_Dhakoo","Malik Muhammad Yar Dhakoo",487,FALSE
"Malik_Nazir_Ahmed_Sobhi","Malik Nazir Ahmed Sobhi",487,FALSE
"Malik_Touqeer_Abbas_Khokhar","Malik Touqeer Abbas Khokhar",487,FALSE
"Malik_Umar_Farooq","Malik Umar Farooq",487,FALSE
"Malik_Waheed_Khan","Malik Waheed Khan",487,FALSE
"Malik_Waqar_Ahmad","Malik Waqar Ahmad",487,FALSE
"Malik_Zaheer_Abbas","Malik Zaheer Abbas",487,FALSE
"Manochaher","Manochaher",487,FALSE
"Mansoor_Sarwar_Khan","Mansoor Sarwar Khan",487,FALSE
"Maqsood_Ahmed_Ansari","Maqsood Ahmed Ansari",487,FALSE
"Maqsood_Ali","Maqsood Ali",487,FALSE
"Maryam_Batool","Maryam Batool",487,FALSE
"Masroor_Ali","Masroor Ali",487,FALSE
"Matiullah_Khan","Matiullah Khan",487,FALSE
"Mehar_Un_Nisa_Baloch","Mehar Un Nisa Baloch",487,FALSE
"Mehboob_Shah","Mehboob Shah",487,FALSE
"Mehr_Bano_Qureshi","Mehr Bano Qureshi",487,FALSE
"Mian_Azhar","Mian Azhar",487,FALSE
"Mian_Ghous_Muhammad","Mian Ghous Muhammad",487,FALSE
"Mian_Moin_Uddin","Mian Moin Uddin",487,FALSE
"Mian_Muhammad_Afzal_Hayat","Mian Muhammad Afzal Hayat",487,FALSE
"Mian_Muhammad_Amjad_Joyia","Mian Muhammad Amjad Joyia",487,FALSE
"Mian_Muhammad_Naeem","Mian Muhammad Naeem",487,FALSE
"Mian_Mumtaz_Ahmad_Matyana","Mian Mumtaz Ahmad Matyana",487,FALSE
"Mian_Nazir_Rahman","Mian Nazir Rahman",487,FALSE
"Mian_Salman_Ali_Qureshi","Mian Salman Ali Qureshi",487,FALSE
"Mian_Shahid_Mustafa_Qureshi","Mian Shahid Mustafa Qureshi",487,FALSE
"Mir_Ali_Ahmed_Zehri","Mir Ali Ahmed Zehri",487,FALSE
"Mir_Mohammad_Azam_Sumalani","Mir Mohammad Azam Sumalani",487,FALSE
"Mirza_Abdul_Qayyum","Mirza Abdul Qayyum",487,FALSE
"Mirza_Saeed_Mehmood_Baig","Mirza Saeed Mehmood Baig",487,FALSE
"Moazam_Jatoi","Moazam Jatoi",487,FALSE
"Mohammad_Imran","Mohammad Imran",487,FALSE
"Mohtarma_Zartaj_Gul_Akhwand","Mohtarma Zartaj Gul Akhwand",487,FALSE
"Mubeen_Arif_Jatt","Mubeen Arif Jatt",487,FALSE
"Muhammad_Afzal_Gondal","Muhammad Afzal Gondal",487,FALSE
"Muhammad_Ahmad_Chattha","Muhammad Ahmad Chattha",487,FALSE
"Muhammad_Ajmal_Cheema","Muhammad Ajmal Cheema",487,FALSE
"Muhammad_Alamgir_Khan","Muhammad Alamgir Khan",487,FALSE
"Muhammad_Ali_Sarfaraz","Muhammad Ali Sarfaraz",487,FALSE
"Muhammad_Ali_Shakoor","Muhammad Ali Shakoor",487,FALSE
"Muhammad_Ameer_Sultan","Muhammad Ameer Sultan",487,FALSE
"Muhammad_Arshad_Sahi","Muhammad Arshad Sahi",487,FALSE
"Muhammad_Ashraf_Jabbar_Qureshi","Muhammad Ashraf Jabbar Qureshi",487,FALSE
"Muhammad_Aslam_Ghumman","Muhammad Aslam Ghumman",487,FALSE
"Muhammad_Atif","Muhammad Atif",487,FALSE
"Muhammad_Aurangzaib_Khan_Khichi","Muhammad Aurangzaib Khan Khichi",487,FALSE
"Muhammad_Azam_Khan_Swati","Muhammad Azam Khan Swati",487,FALSE
"Muhammad_Bashir_Khan","Muhammad Bashir Khan",487,FALSE
"Muhammad_Daood","Muhammad Daood",487,FALSE
"Muhammad_Dawood_Khan","Muhammad Dawood Khan",487,FALSE
"Muhammad_Ibraheem_Khan","Muhammad Ibraheem Khan",487,FALSE
"Muhammad_Imran_Shaukat_Khan","Muhammad Imran Shaukat Khan",487,FALSE
"Muhammad_Ishaq_Khan_Khakwani","Muhammad Ishaq Khan Khakwani",487,FALSE
"Muhammad_Jamal_Ahsan_Khan","Muhammad Jamal Ahsan Khan",487,FALSE
"Muhammad_Madni","Muhammad Madni",487,FALSE
"Muhammad_Mansha_Sindhu","Muhammad Mansha Sindhu",487,FALSE
"Muhammad_Miqdad_Ali_Khan","Muhammad Miqdad Ali Khan",487,FALSE
"Muhammad_Naem","Muhammad Naem",487,FALSE
"Muhammad_Nawaz_Gondal","Muhammad Nawaz Gondal",487,FALSE
"Muhammad_Qasim_Khan_Suri","Muhammad Qasim Khan Suri",487,FALSE
"Muhammad_Riaz_Haider","Muhammad Riaz Haider",487,FALSE
"Muhammad_Roman_Ahmed","Muhammad Roman Ahmed",487,FALSE
"Muhammad_Sajid_Naeem_Qureshi","Muhammad Sajid Naeem Qureshi",487,FALSE
"Muhammad_Saleem_Akhtar_Durrani","Muhammad Saleem Akhtar Durrani",487,FALSE
"Muhammad_Saleem_Imran","Muhammad Saleem Imran",487,FALSE
"Muhammad_Sana_Ullah_Khan_Mastikhel","Muhammad Sana Ullah Khan Mastikhel",487,FALSE
"Muhammad_Shoaib_Shaheen","Muhammad Shoaib Shaheen",487,FALSE
"Muhammad_Tuffail","Muhammad Tuffail",487,FALSE
"Muhammad_Usman_Dar","Muhammad Usman Dar",487,FALSE
"Muhammad_Waqar_Wasi_Chaudhary","Muhammad Waqar Wasi Chaudhary",487,FALSE
"Muhammad_Yasir","Muhammad Yasir",487,FALSE
"Muhammad_Zeeshan","Muhammad Zeeshan",487,FALSE
"Muhammad_Zubair_Khan","Muhammad Zubair Khan",487,FALSE
"Muhram_Khan","Muhram Khan",487,FALSE
"Mujahid_Ali","Mujahid Ali",487,FALSE
"Mujahid_Khan","Mujahid Khan",487,FALSE
"Mumtaz_Ahmad","Mumtaz Ahmad",487,FALSE
"Mumtaz_Ali_Jakhrani","Mumtaz Ali Jakhrani",487,FALSE
"Mumtaz_Ali_Shah","Mumtaz Ali Shah",487,FALSE
"Mumtaz_Mustafa_Advocate","Mumtaz Mustafa Advocate",487,FALSE
"Murad_Saeed","Murad Saeed",487,FALSE
"Mustafa_Kundi","Mustafa Kundi",487,FALSE
"Mustansir_Billah","Mustansir Billah",487,FALSE
"Nadeem_Abbasi","Nadeem Abbasi",487,FALSE
"Naiz_Muhammad_Gujjar","Naiz Muhammad Gujjar",487,FALSE
"Naseem_Hashim_Khan","Naseem Hashim Khan",487,FALSE
"Nasim_Ali_Shah","Nasim Ali Shah",487,FALSE
"Nasir_Khan_Khattak","Nasir Khan Khattak",487,FALSE
"Nasrullah_Mughal","Nasrullah Mughal",487,FALSE
"Naveed_Hameed","Naveed Hameed",487,FALSE
"Nawab_Aman_Ullah_Khan","Nawab Aman Ullah Khan",487,FALSE
"Nawab_Khan_Dumer","Nawab Khan Dumer",487,FALSE
"Nawab_Muhammad_Ahmad_Khan","Nawab Muhammad Ahmad Khan",487,FALSE
"Nawabzada_Salahuddin_Saeed","Nawabzada Salahuddin Saeed",487,FALSE
"Nawaz_Mehmood_Khan","Nawaz Mehmood Khan",487,FALSE
"Naz_Baloch","Naz Baloch",487,FALSE
"Nazish_Bhatti","Nazish Bhatti",487,FALSE
"Nek_Mohammad","Nek Mohammad",487,FALSE
"Niaz_Mohammad_Khan","Niaz Mohammad Khan",487,FALSE
"Nisar_Akbar_Khan","Nisar Akbar Khan",487,FALSE
"Nisaraslam_Khan","Nisaraslam Khan",487,FALSE
"Noor_Muhammad_Ghaffari","Noor Muhammad Ghaffari",487,FALSE
"Peer_Zahoor_Hussain_Quraishi","Peer Zahoor Hussain Quraishi",487,FALSE
"Pervez_Khattak","Pervez Khattak",487,FALSE
"Pir_Bux_Jamood","Pir Bux Jamood",487,FALSE
"Qaisar_Jamal","Qaisar Jamal",490,TRUE
"Qaisara_Elahi","Qaisara Elahi",487,FALSE
"Qurban_Ali","Qurban Ali",487,FALSE
"Rab_Nawaz_Kalwar","Rab Nawaz Kalwar",487,FALSE
"Raees_Nawaz_Ali_Burfat","Raees Nawaz Ali Burfat",487,FALSE
"Rafique_Ahmad_Khan_Niazi","Rafique Ahmad Khan Niazi",487,FALSE
"Rahat_Aman_Ullah_Bhatti","Rahat Aman Ullah Bhatti",487,FALSE
"Rahat_Amanullah_Bhatti","Rahat Amanullah Bhatti",487,FALSE
"Rai_Haider_Ali_Khan","Rai Haider Ali Khan",487,FALSE
"Rai_Hasan_Nawaz_Khan","Rai Hasan Nawaz Khan",487,FALSE
"Rai_Hassan_Nawaz_Khan","Rai Hassan Nawaz Khan",487,FALSE
"Rai_Muhammad_Akram_Khan_Bhatti","Rai Muhammad Akram Khan Bhatti",487,FALSE
"Rai_Naeem_Asad_Kharal","Rai Naeem Asad Kharal",487,FALSE
"Raja_Aamer_Zaman","Raja Aamer Zaman",487,FALSE
"Raja_Abdul_Haque","Raja Abdul Haque",487,FALSE
"Raja_Azhar_Khan","Raja Azhar Khan",487,FALSE
"Raja_Muhammad_Saleem","Raja Muhammad Saleem",487,FALSE
"Raja_Taila_Saeed","Raja Taila Saeed",487,FALSE
"Raja_Yassir_Humayun_Sarfraz","Raja Yassir Humayun Sarfraz",487,FALSE
"Rana_Aamir_Shahzad_Tahir","Rana Aamir Shahzad Tahir",487,FALSE
"Rana_Atif","Rana Atif",487,FALSE
"Rana_Javed_Umar","Rana Javed Umar",487,FALSE
"Rana_Naeem_Ur_Rehman_Khan","Rana Naeem Ur Rehman Khan",487,FALSE
"Rana_Shehzad_Hafeez","Rana Shehzad Hafeez",487,FALSE
"Rana_Tanveer_Riaz_Khan","Rana Tanveer Riaz Khan",487,FALSE
"Rao_Hassan_Skindar","Rao Hassan Skindar",487,FALSE
"Rao_Khalid_Khan","Rao Khalid Khan",487,FALSE
"Rao_Umer_Hashim_Khan","Rao Umer Hashim Khan",487,FALSE
"Rashid_Siddiqui","Rashid Siddiqui",487,FALSE
"Rashida_Tariq","Rashida Tariq",487,FALSE
"Rehana_Imtiaz_Dar","Rehana Imtiaz Dar",487,FALSE
"Riasat_Ali_Bhatti","Riasat Ali Bhatti",487,FALSE
"Riaz_Ahmad_Tarar","Riaz Ahmad Tarar",487,FALSE
"Riaz_Hyder","Riaz Hyder",487,FALSE
"Riyaz_Fatyana","Riyaz Fatyana",487,FALSE
"Rozina_Bhutto","Rozina Bhutto",487,FALSE
"s_a_Hameed","s a Hameed",487,FALSE
"Saadullah_Baloch","Saadullah Baloch",487,FALSE
"Saadullah_Mehmood_Urf_Muhammad_Yasir_Baloch","Saadullah Mehmood Urf Muhammad Yasir Baloch",487,FALSE
"Sabeen_Safdar_Bandesha","Sabeen Safdar Bandesha",487,FALSE
"Sadaqat_Ali_Abbasi","Sadaqat Ali Abbasi",487,FALSE
"Saddam_Tareen","Saddam Tareen",487,FALSE
"Saeed_Khursheed_Ahmad","Saeed Khursheed Ahmad",487,FALSE
"Saeed_Mushtaq","Saeed Mushtaq",487,FALSE
"Sahibzada_Mehboob_Sultan","Sahibzada Mehboob Sultan",487,FALSE
"Sahibzada_Muhammad_Hamid_Raza","Sahibzada Muhammad Hamid Raza",503,TRUE
"Sajid_Khan","Sajid Khan",487,FALSE
"Sajid_Khan_Wald_Taj_Gul","Sajid Khan Wald Taj Gul",487,FALSE
"Sajid_Nawaz","Sajid Nawaz",487,FALSE
"Sajid_Nawaz_Khan","Sajid Nawaz Khan",487,FALSE
"Sajid_Yousaf","Sajid Yousaf",487,FALSE
"Salar_Khan_Kakar","Salar Khan Kakar",487,FALSE
"Saleem_Mahmood_Kamlana_Sial","Saleem Mahmood Kamlana Sial",487,FALSE
"Saleem_Ur_Rehman","Saleem Ur Rehman",487,FALSE
"Salman_Akram_Raja","Salman Akram Raja",487,FALSE
"Salman_Saif_Cheema","Salman Saif Cheema",487,FALSE
"Sami_Ullah_Chaudhry","Sami Ullah Chaudhry",487,FALSE
"Sardar_Ahsan_Raza_Advocate","Sardar Ahsan Raza Advocate",487,FALSE
"Sardar_Muhammad_Ahmed_Dreshak","Sardar Muhammad Ahmed Dreshak",487,FALSE
"Sardar_Muhammad_Ali_Khan","Sardar Muhammad Ali Khan",487,FALSE
"Sardar_Muhammad_Hussain_Dogar","Sardar Muhammad Hussain Dogar",487,FALSE
"Sardar_Rafique_Haider_Khan_Laghari","Sardar Rafique Haider Khan Laghari",487,FALSE
"Sardar_Sher_Muhammad_Rind_Baloch","Sardar Sher Muhammad Rind Baloch",487,FALSE
"Seemabia_Tahir","Seemabia Tahir",487,FALSE
"Shabana_Nawab","Shabana Nawab",487,FALSE
"Shabbir_Ali_Quereshi","Shabbir Ali Quereshi",487,FALSE
"Shafqat_Abbas","Shafqat Abbas",487,FALSE
"Shafqat_Ali","Shafqat Ali",487,FALSE
"Shafqat_Mehmood","Shafqat Mehmood",487,FALSE
"Shahbaz_Ahmad_Khan_Sial","Shahbaz Ahmad Khan Sial",487,FALSE
"Shahid_Ahmad_Khattak","Shahid Ahmad Khattak",487,FALSE
"Shahid_Amin","Shahid Amin",487,FALSE
"Shahid_Talib","Shahid Talib",487,FALSE
"Shahnawaz","Shahnawaz",487,FALSE
"Shahram_Tarakai","Shahram Tarakai",487,FALSE
"Shamraiz_Khan","Shamraiz Khan",487,FALSE
"Shandana_Gulzar_Khan","Shandana Gulzar Khan",487,FALSE
"Shaukat_Iqbal_Mirza","Shaukat Iqbal Mirza",487,FALSE
"Shehryar_Afridi","Shehryar Afridi",487,FALSE
"Shehryar_Riaz","Shehryar Riaz",487,FALSE
"Shehzad_Farooq","Shehzad Farooq",487,FALSE
"Shehzada_Muhammad_Gushtasap_Khan","Shehzada Muhammad Gushtasap Khan",487,FALSE
"Sheikh_Waqar_Ahmad_Advocate","Sheikh Waqar Ahmad Advocate",487,FALSE
"Sher_Afzal_Marwat","Sher Afzal Marwat",487,FALSE
"Sher_Ali_Arbab","Sher Ali Arbab",487,FALSE
"Shoaib_Nasir","Shoaib Nasir",487,FALSE
"Shoukat_Basra","Shoukat Basra",487,FALSE
"Sibghatullah","Sibghatullah",487,FALSE
"Sidra_Faisal","Sidra Faisal",487,FALSE
"Siraj_Muhammad_Khan","Siraj Muhammad Khan",487,FALSE
"Sohail_Sultan","Sohail Sultan",487,FALSE
"Subhan_Ali","Subhan Ali",487,FALSE
"Subhan_Ali_Sahil","Subhan Ali Sahil",487,FALSE
"Syed_Ahmed_Rasheed","Syed Ahmed Rasheed",487,FALSE
"Syed_Akhtar_Hussain_Rizvi","Syed Akhtar Hussain Rizvi",487,FALSE
"Syed_Ali_Haider_Zaidi","Syed Ali Haider Zaidi",487,FALSE
"Syed_Ali_Husnain_Shah","Syed Ali Husnain Shah",487,FALSE
"Syed_Ali_Hyder_Zaidi","Syed Ali Hyder Zaidi",487,FALSE
"Syed_Jameel_Ahmad_Hussain_Bokhari","Syed Jameel Ahmad Hussain Bokhari",487,FALSE
"Syed_Jameel_Ahmed_Hussain_Bokhari","Syed Jameel Ahmed Hussain Bokhari",487,FALSE
"Syed_Jamil_Ahmed_Shah_Bukhari","Syed Jamil Ahmed Shah Bukhari",487,FALSE
"Syed_Khawar_Ali_Shah","Syed Khawar Ali Shah",487,FALSE
"Syed_Muhammad_Jawad_Asghar_Shah","Syed Muhammad Jawad Asghar Shah",487,FALSE
"Syed_Mumtaz_Ali_Shah","Syed Mumtaz Ali Shah",487,FALSE
"Syed_Niaz_Hussain_Shah_Jillani","Syed Niaz Hussain Shah Jillani",487,FALSE
"Syed_Qaisar_Abbas_Shah","Syed Qaisar Abbas Shah",487,FALSE
"Syed_Raza_Ali_Gillani","Syed Raza Ali Gillani",487,FALSE
"Syed_Shah_Ahad_Ali_Shah","Syed Shah Ahad Ali Shah",487,FALSE
"Syed_Wajahat_Hasnain_Shah","Syed Wajahat Hasnain Shah",487,FALSE
"Syed_Zahoor_Agha","Syed Zahoor Agha",487,FALSE
"Tahir_Iqbal_Chuhdary","Tahir Iqbal Chuhdary",487,FALSE
"Tahir_Sadiq","Tahir Sadiq",487,FALSE
"Taj_Muhammad","Taj Muhammad",488,TRUE
"Talib_Hussain_Sidhu","Talib Hussain Sidhu",487,FALSE
"Tariq_Aziz_Bhatti","Tariq Aziz Bhatti",487,FALSE
"Tasawar_Abbas","Tasawar Abbas",487,FALSE
"Umair_Khan_Niazi","Umair Khan Niazi",487,FALSE
"Umar_Aslam_Khan","Umar Aslam Khan",487,FALSE
"Usama_Ahmed_Mela","Usama Ahmed Mela",487,FALSE
"Usama_Hamza","Usama Hamza",487,FALSE
"Usman_Hamza","Usman Hamza",487,FALSE
"Wajiha_Akram","Wajiha Akram",487,FALSE
"Wali_Muhammad_Mugheri","Wali Muhammad Mugheri",487,FALSE
"Walid_Iqbal","Walid Iqbal",487,FALSE
"Waqas_Akram","Waqas Akram",487,FALSE
"Waseem_Abbas","Waseem Abbas",487,FALSE
"Wasim_Qadir","Wasim Qadir",487,FALSE
"Yasmin_Rashid","Yasmin Rashid",487,FALSE
"Yousaf_Khan","Yousaf Khan",487,FALSE
"Zafar_Ullah_Tararr","Zafar Ullah Tararr",487,FALSE
"Zaffar_Khan","Zaffar Khan",487,FALSE
"Zaheer_Abbas_Naqvi","Zaheer Abbas Naqvi",487,FALSE
"Zahid_Hussain_Hashmi","Zahid Hussain Hashmi",487,FALSE
"Zahid_Mehmood_Mazari","Zahid Mehmood Mazari",487,FALSE
"Zain_Qureshi","Zain Qureshi",487,FALSE
"Zain_Ul_Abidin_Khelji","Zain Ul Abidin Khelji",487,FALSE
"Zameer_Jedhu_Advocate","Zameer Jedhu Advocate",487,FALSE
"Zartaj_Gul_Wazir","Zartaj Gul Wazir",487,FALSE
"Zubair_Khan","Zubair Khan",487,FALSE
"Zulfiqar","Zulfiqar",487,FALSE
"Zulfiqar_Ali_Mallah","Zulfiqar Ali Mallah",487,FALSE
"Zulqarnain_Als_Sakhi_Bhutto","Zulqarnain Als Sakhi Bhutto",487,FALSE
"Muhammad_Hanif_Mughal","Muhammad Hanif Mughal",0,FALSE
"Maazullah_Khan","Maazullah Khan",1,FALSE
"Muhammad_Sherwan_Amirzada","Muhammad Sherwan Amirzada",1,FALSE
"Abdul_Qadir_Khan_Wadan","Abdul Qadir Khan Wadan",28,FALSE
"Abdul_Rahim_Mandokhail","Abdul Rahim Mandokhail",28,FALSE
"Abdul_Razzaq_Achakzai","Abdul Razzaq Achakzai",28,FALSE
"Ahmed_Jan_Khan","Ahmed Jan Khan",28,FALSE
"Akhtar_Shah_Kudezai","Akhtar Shah Kudezai",28,FALSE
"Burhan_Ul_Din","Burhan Ul Din",28,FALSE
"Dr__Abdullah_Khan","Dr. Abdullah Khan",28,FALSE
"Haji_Muhammad_Barki","Haji Muhammad Barki",28,FALSE
"Ikram_Ul_Haq_Khan","Ikram Ul Haq Khan",28,FALSE
"Jan_Dad_Khan","Jan Dad Khan",28,FALSE
"Jehangir_Khan","Jehangir Khan",86,TRUE
"Khurshid_Ali","Khurshid Ali",28,FALSE
"Main_Asmatullah_Shah","Main Asmatullah Shah",28,FALSE
"Malik_Khaliq_Dad","Malik Khaliq Dad",28,FALSE
"Mohammad_Nawaz_Khan","Mohammad Nawaz Khan",28,FALSE
"Mohammad_Usman","Mohammad Usman",28,FALSE
"Muhammad_Bakhsh_Mengal","Muhammad Bakhsh Mengal",28,FALSE
"Muhammad_Essa_Roshan","Muhammad Essa Roshan",28,FALSE
"Muhammad_Mukhtiar","Muhammad Mukhtiar",28,FALSE
"Murad_Ali","Murad Ali",28,FALSE
"Noor_Ullah_Tareen","Noor Ullah Tareen",28,FALSE
"Rafi_Ullah","Rafi Ullah",28,FALSE
"Raza_Mohammad_Raza","Raza Mohammad Raza",28,FALSE
"Saleem_Khan_Kakar","Saleem Khan Kakar",28,FALSE
"Syed_Muhammad_Yousuf_Agha","Syed Muhammad Yousuf Agha",28,FALSE
"Zameen_Dad_Shah","Zameen Dad Shah",28,FALSE
"Zia_Watan_Dost","Zia Watan Dost",28,FALSE
"Khuwaja_Tariq_Sarfaraz","Khuwaja Tariq Sarfaraz",4,FALSE
"Riaz_Shahid_Khan_Punian_Advocate","Riaz Shahid Khan Punian Advocate",4,FALSE
"Shahid_Naeem_Advocate","Shahid Naeem Advocate",4,FALSE
"Syed_Muhammad_Abbas","Syed Muhammad Abbas",4,FALSE
"Muhammad_Yaqub_Alvi","Muhammad Yaqub Alvi",0,FALSE
"Ibtsaam_Illahi_Zahir","Ibtsaam Illahi Zahir",1,FALSE
"Sardar_Rafiq_Ar_Sanjrani","Sardar Rafiq Ar Sanjrani",1,FALSE
"Abdul_Ghaffar_Khan_Mohmand","Abdul Ghaffar Khan Mohmand",13,FALSE
"Ahmad_Raza","Ahmad Raza",13,FALSE
"Akbar_Khan","Akbar Khan",13,FALSE
"Dr_Siraj_Ud_Din","Dr Siraj Ud Din",13,FALSE
"Farooq_Ahmad","Farooq Ahmad",13,FALSE
"Haji_Muhammad_Umar","Haji Muhammad Umar",13,FALSE
"Irshad_Alam_Khan","Irshad Alam Khan",13,FALSE
"Khalil_Saeed","Khalil Saeed",13,FALSE
"Masood_Ahmed_Saeed","Masood Ahmed Saeed",13,FALSE
"Muhamamd_Ibrar","Muhamamd Ibrar",13,FALSE
"Muhammad_Khan","Muhammad Khan",17,TRUE
"Nasir_Mahmood_Chaudhry","Nasir Mahmood Chaudhry",13,FALSE
"Sami_Ullah_Luni","Sami Ullah Luni",13,FALSE
"Amjad_Ali","Amjad Ali",10,FALSE
"Bakhtiar_Ali","Bakhtiar Ali",10,FALSE
"Fida_Mohammad","Fida Mohammad",10,FALSE
"Malik_Haider_Khan","Malik Haider Khan",10,FALSE
"Mian_Abdul_Latif","Mian Abdul Latif",10,FALSE
"Najeebullah_Durrani","Najeebullah Durrani",10,FALSE
"Sher_Wali","Sher Wali",10,FALSE
"Sikandar_Hayat_Khan","Sikandar Hayat Khan",10,FALSE
"Hajiani","Hajiani",0,FALSE
"Faiza_Bibi_Rasheed","Faiza Bibi Rasheed",3,FALSE
"Naseeb_Zaman","Naseeb Zaman",3,FALSE
"Ameer_Ali_Pate_Wale","Ameer Ali Pate Wale",1,FALSE
"Muhammad_Aslam_Khan","Muhammad Aslam Khan",1,FALSE
"Ghulam_Fareed_Koreja","Ghulam Fareed Koreja",2,FALSE
"Khawja_Ghulam_Fareed_Koreja","Khawja Ghulam Fareed Koreja",2,FALSE
"Muhammad_Wazeer_Khan_Dundam_Advocate","Muhammad Wazeer Khan Dundam Advocate",2,FALSE
"Khalil_Ahmed","Khalil Ahmed",2,FALSE
"Ahmad_Kamran_Thaeem_Ansari","Ahmad Kamran Thaeem Ansari",1,FALSE
"Allah_Nawaz","Allah Nawaz",1,FALSE
"Muhammad_Sardar_Bahadur_Khan","Muhammad Sardar Bahadur Khan",0,FALSE
"Abul_Salam","Abul Salam",4,FALSE
"Eid_Muhammad","Eid Muhammad",4,FALSE
"Zia_Ul_Haq","Zia Ul Haq",4,FALSE
"Allah_Rakha_Waseem","Allah Rakha Waseem",16,FALSE
"Basharat_Ali_Khan_Advocate","Basharat Ali Khan Advocate",16,FALSE
"Haji_Rana_Sharafat_Ali_Qadri","Haji Rana Sharafat Ali Qadri",16,FALSE
"Hameed_Ghazi_Dogar","Hameed Ghazi Dogar",16,FALSE
"Malik_Muhammad_Siddique_Khokhar","Malik Muhammad Siddique Khokhar",16,FALSE
"Mofti_Mohammad_Hayat_Qadri","Mofti Mohammad Hayat Qadri",16,FALSE
"Muhammad_Anwar_Ali","Muhammad Anwar Ali",16,FALSE
"Muhammad_Haseeb","Muhammad Haseeb",16,FALSE
"Muhammad_Sarfraz_Akbar","Muhammad Sarfraz Akbar",16,FALSE
"Qari_Fateh_Khan","Qari Fateh Khan",16,FALSE
"Rana_Muhammad_Irfan","Rana Muhammad Irfan",16,FALSE
"Saeed_Ahmed_Zafar","Saeed Ahmed Zafar",16,FALSE
"Sardar_Mulana_Muhammad_Wazeer_Ul_Qadri","Sardar Mulana Muhammad Wazeer Ul Qadri",16,FALSE
"Tariq_Mehboob","Tariq Mehboob",16,FALSE
"Allama_Haider_Alvi","Allama Haider Alvi",10,FALSE
"Hamid_Idrees","Hamid Idrees",10,FALSE
"Mian_Muhammad_Asif_Raza_","Mian Muhammad Asif Raza.",10,FALSE
"Moulana_Nalay_Mitho_Shaikh","Moulana Nalay Mitho Shaikh",10,FALSE
"Muhammad_Javed_Qadri","Muhammad Javed Qadri",10,FALSE
"Sikandar_Khan","Sikandar Khan",10,FALSE
"Sohail_Baig_Noori","Sohail Baig Noori",10,FALSE
"Muhammad_Asim","Muhammad Asim",0,FALSE
"Waleed_Ahmad","Waleed Ahmad",2,FALSE
"Zahid_Iqbal","Zahid Iqbal",2,FALSE
"Majeeda_Maria","Majeeda Maria",3,FALSE
"Malik_Muhammad_Tufail","Malik Muhammad Tufail",3,FALSE
"Syed_Ali_Raza","Syed Ali Raza",3,FALSE
"Zawar_Hussain","Zawar Hussain",3,FALSE
"Himmat_Ali","Himmat Ali",1,FALSE
"Ali_Afsar_Tanoli","Ali Afsar Tanoli",6,FALSE
"Fakhar_e_Alam_Urf_Hazrat","Fakhar e Alam Urf Hazrat",6,FALSE
"Fida_Hussain","Fida Hussain",6,FALSE
"Major_Rtd_Jameel_Ehsan_Kiyani","Major Rtd Jameel Ehsan Kiyani",6,FALSE
"Mohammad_Ashfaque","Mohammad Ashfaque",6,FALSE
"Sardar_Haider_Zaman","Sardar Haider Zaman",6,FALSE
"Sardar_Muhammad_Iqbal_Khan","Sardar Muhammad Iqbal Khan",6,FALSE
"Abdul_Ali","Abdul Ali",58,FALSE
"Abdul_Qayyum_Bajwa","Abdul Qayyum Bajwa",58,FALSE
"Adeel_Ahmad","Adeel Ahmad",58,FALSE
"Aman_Ullah_Khan","Aman Ullah Khan",58,FALSE
"Amir_Hamza_Dogar_Advocate","Amir Hamza Dogar Advocate",58,FALSE
"Amir_Muhammad","Amir Muhammad",58,FALSE
"Amjid_Pervaiz","Amjid Pervaiz",58,FALSE
"Aqeel_Shahzad","Aqeel Shahzad",58,FALSE
"Asif_Iqbal","Asif Iqbal",58,FALSE
"Ch_Tanveer_Ahmad_Kambo","Ch Tanveer Ahmad Kambo",58,FALSE
"Doctor_Abdul_Rashid","Doctor Abdul Rashid",58,FALSE
"Doctor_Nasir_Razzaq","Doctor Nasir Razzaq",58,FALSE
"Dr__Rafique_Ahmed_Ghuncha","Dr. Rafique Ahmed Ghuncha",58,FALSE
"Ghulam_Abbass","Ghulam Abbass",58,FALSE
"Iftikhar_Ali","Iftikhar Ali",58,FALSE
"Kamal_Azfar","Kamal Azfar",58,FALSE
"Khizar_Hayat","Khizar Hayat",58,FALSE
"Maki_Muhammad","Maki Muhammad",58,FALSE
"Malik_Gul_Zali_Khan_Zakheli","Malik Gul Zali Khan Zakheli",58,FALSE
"Malik_Nazar_Fareed_Khokhar","Malik Nazar Fareed Khokhar",58,FALSE
"Malik_Zafar_Iqbal_Rajput_Panwar","Malik Zafar Iqbal Rajput Panwar",58,FALSE
"Mian_Abdul_Waheed","Mian Abdul Waheed",58,FALSE
"Moin_Ud_Din","Moin Ud Din",58,FALSE
"Mr_mumtaz_Ali","Mr.mumtaz Ali",58,FALSE
"Muhammad_Abu_Bakar_Watto","Muhammad Abu Bakar Watto",58,FALSE
"Muhammad_Ahmad_Chaudhary","Muhammad Ahmad Chaudhary",58,FALSE
"Muhammad_Arshad_Taqi","Muhammad Arshad Taqi",58,FALSE
"Muhammad_Irfan_Ud_Din","Muhammad Irfan Ud Din",58,FALSE
"Muhammad_Muzzammil","Muhammad Muzzammil",58,FALSE
"Muhammad_Nawaz_Cheema","Muhammad Nawaz Cheema",58,FALSE
"Muhammad_Rafique_Advocate","Muhammad Rafique Advocate",58,FALSE
"Muhammad_Sharif","Muhammad Sharif",58,FALSE
"Naseer_Ahmed_Chandio","Naseer Ahmed Chandio",58,FALSE
"Nek_Daraz_Khan","Nek Daraz Khan",58,FALSE
"Peer_Abdul_Shakoor_Naqsh_Bandi","Peer Abdul Shakoor Naqsh Bandi",58,FALSE
"Qazi_Aslam_Khan","Qazi Aslam Khan",58,FALSE
"Rahimullah_Khan","Rahimullah Khan",58,FALSE
"Raja_Izat_Ali","Raja Izat Ali",58,FALSE
"Rana_Muhammad_Saeed_Khan","Rana Muhammad Saeed Khan",58,FALSE
"Rana_Muhammad_Sharif","Rana Muhammad Sharif",58,FALSE
"Rao_Muhammad_Akbar_Khan_Mayyo","Rao Muhammad Akbar Khan Mayyo",58,FALSE
"Rao_Wajid_Ali_Khan","Rao Wajid Ali Khan",58,FALSE
"Saghir_Hussain","Saghir Hussain",58,FALSE
"Sahahbaz_Yasir_Ali","Sahahbaz Yasir Ali",58,FALSE
"Shamim_Khan","Shamim Khan",58,FALSE
"Waheed_Ahmad_Khan","Waheed Ahmad Khan",58,FALSE
"Zaheer_Ahmad_Zia_Warraich","Zaheer Ahmad Zia Warraich",58,FALSE
"Zahid_Sadique_Ansari","Zahid Sadique Ansari",58,FALSE
"Zaib_Ali","Zaib Ali",58,FALSE
"Manzoor_Ali_Bhatti","Manzoor Ali Bhatti",0,FALSE
"Aftab_Khurram","Aftab Khurram",7,FALSE
"Malik_Abdul_Rasheed","Malik Abdul Rasheed",7,FALSE
"Malik_Jahanzaib_Waran","Malik Jahanzaib Waran",7,FALSE
"Mirza_Asif_Baig","Mirza Asif Baig",7,FALSE
"Muhammad_Jan_Mohmand","Muhammad Jan Mohmand",7,FALSE
"Muhammad_Sohail_Akhter","Muhammad Sohail Akhter",7,FALSE
"Syed_Muhammad_Shakeel_Ali_Shah","Syed Muhammad Shakeel Ali Shah",7,FALSE
"m_Raza","m Raza",3,FALSE
"Moulana_Abdul_Quddoos","Moulana Abdul Quddoos",3,FALSE
"Mukhtar_Ali","Mukhtar Ali",3,FALSE
"Nasar_Ullah_Khan","Nasar Ullah Khan",3,FALSE
"Abdul_Rehman_Shar","Abdul Rehman Shar",212,FALSE
"Abrar_Ahmad","Abrar Ahmad",212,FALSE
"Aftab_Ahmad_Joiya","Aftab Ahmad Joiya",212,FALSE
"Alaf_Khan","Alaf Khan",212,FALSE
"Allah_Bachaya","Allah Bachaya",212,FALSE
"Allah_Bakhsh","Allah Bakhsh",212,FALSE
"Allah_Baksh","Allah Baksh",212,FALSE
"Ameen","Ameen",212,FALSE
"Amjad_Naeem","Amjad Naeem",212,FALSE
"Anbreen_aka_Hena","Anbreen aka Hena",212,FALSE
"Asad_Jawad_Khan_Sherwani","Asad Jawad Khan Sherwani",212,FALSE
"Ashique_Hussain","Ashique Hussain",212,FALSE
"Asif_Mahmood","Asif Mahmood",212,FALSE
"Asim_Irshad_Khan","Asim Irshad Khan",212,FALSE
"Atiq_Ur_Rehman","Atiq Ur Rehman",212,FALSE
"Azhar_Hussain","Azhar Hussain",212,FALSE
"Azhar_Mehmood","Azhar Mehmood",212,FALSE
"Bilal_Liaqat","Bilal Liaqat",212,FALSE
"Chaudhary_Zulfiqar_Ali_Gujjar","Chaudhary Zulfiqar Ali Gujjar",212,FALSE
"Chaudhry_Abdul_Kraim","Chaudhry Abdul Kraim",212,FALSE
"Chaudhry_Alhamza_Hussain_Cheema","Chaudhry Alhamza Hussain Cheema",212,FALSE
"Chuadhary_Muhammad_Riaz","Chuadhary Muhammad Riaz",212,FALSE
"Faisal_Bashir","Faisal Bashir",212,FALSE
"Faisal_Hasan_Khan","Faisal Hasan Khan",212,FALSE
"Faqeer_Hussain_Dogar","Faqeer Hussain Dogar",212,FALSE
"Farzand_Nasim","Farzand Nasim",212,FALSE
"Ghulam_Farid","Ghulam Farid",212,FALSE
"Ghulam_Meeran_Shah_Gilani","Ghulam Meeran Shah Gilani",212,FALSE
"Ghulam_Mohyu_Din","Ghulam Mohyu Din",212,FALSE
"Ghulam_Murtaza","Ghulam Murtaza",212,FALSE
"Ghulam_Rasool_Kalwar","Ghulam Rasool Kalwar",212,FALSE
"Ghulam_Sarwar_Khatti","Ghulam Sarwar Khatti",212,FALSE
"Ghulam_Yaseen","Ghulam Yaseen",212,FALSE
"Habib_Ul_Maalik_Khan","Habib Ul Maalik Khan",212,FALSE
"Hafiz_Abid_Hussain","Hafiz Abid Hussain",212,FALSE
"Hafiz_Farrukh_Saleem","Hafiz Farrukh Saleem",212,FALSE
"Hafiz_Imran_Siddiq","Hafiz Imran Siddiq",212,FALSE
"Hafiz_Khawar_Ikhlas","Hafiz Khawar Ikhlas",212,FALSE
"Hafiz_Muhammad_Abubakar","Hafiz Muhammad Abubakar",212,FALSE
"Hafiz_Muhammad_Ahmad_Bukhari","Hafiz Muhammad Ahmad Bukhari",212,FALSE
"Hafiz_Muhammad_Hamid","Hafiz Muhammad Hamid",212,FALSE
"Hafiz_Muhammad_Hamid_Mehmood_Kagani","Hafiz Muhammad Hamid Mehmood Kagani",212,FALSE
"Hafiz_Muhammad_Saad_Rizvi","Hafiz Muhammad Saad Rizvi",212,FALSE
"Hafiz_Muneeb_Ahmad","Hafiz Muneeb Ahmad",212,FALSE
"Hafiz_Sher_Muhammad_Sialvi","Hafiz Sher Muhammad Sialvi",212,FALSE
"Hafiz_Shoukat_Ali_Jatoi","Hafiz Shoukat Ali Jatoi",212,FALSE
"Haji_Allah_Dad","Haji Allah Dad",212,FALSE
"Hamid_Mehmood_Faizi","Hamid Mehmood Faizi",212,FALSE
"Ikram_Ullah","Ikram Ullah",212,FALSE
"Imran_Haider","Imran Haider",212,FALSE
"Imtiaz_Dogar","Imtiaz Dogar",212,FALSE
"Irfan_Ali_Bhatti","Irfan Ali Bhatti",212,FALSE
"Irshad_Ali_Babar","Irshad Ali Babar",212,FALSE
"Israr_Ahmed","Israr Ahmed",212,FALSE
"Javed_Akhtar_Abbasi","Javed Akhtar Abbasi",212,FALSE
"Kashif_Ullah","Kashif Ullah",212,FALSE
"m_Habib","m Habib",212,FALSE
"Majid_Hussain","Majid Hussain",212,FALSE
"Malik_Azhar_Ahmad_Sandila","Malik Azhar Ahmad Sandila",212,FALSE
"Malik_Kamran_Rasheed","Malik Kamran Rasheed",212,FALSE
"Manzoor_Elahi","Manzoor Elahi",212,FALSE
"Matloob_Ahmad","Matloob Ahmad",212,FALSE
"Mehtab_Ahmad","Mehtab Ahmad",212,FALSE
"Mir_Muhammad_Aslam","Mir Muhammad Aslam",212,FALSE
"Mohammad_Zaheer_u_Din_Pechuho","Mohammad Zaheer u Din Pechuho",212,FALSE
"Mohsin_Raza","Mohsin Raza",212,FALSE
"Mudassar_Ali","Mudassar Ali",212,FALSE
"Muhamamd_Mazhar_Mahmood","Muhamamd Mazhar Mahmood",212,FALSE
"Muhamamd_Waseem","Muhamamd Waseem",212,FALSE
"Muhammad_Ahmad_Majeed","Muhammad Ahmad Majeed",212,FALSE
"Muhammad_Ahsan","Muhammad Ahsan",212,FALSE
"Muhammad_Akbar","Muhammad Akbar",212,FALSE
"Muhammad_Akhtar_Abbasi","Muhammad Akhtar Abbasi",212,FALSE
"Muhammad_Akram","Muhammad Akram",212,FALSE
"Muhammad_Akram_Tahir","Muhammad Akram Tahir",212,FALSE
"Muhammad_Ali","Muhammad Ali",212,FALSE
"Muhammad_Ali_Langrial","Muhammad Ali Langrial",212,FALSE
"Muhammad_Amad_Khan_Wajid","Muhammad Amad Khan Wajid",212,FALSE
"Muhammad_Amin_Uddin_Sialvi","Muhammad Amin Uddin Sialvi",212,FALSE
"Muhammad_Amjad_Ali","Muhammad Amjad Ali",212,FALSE
"Muhammad_Amjad_Jameel","Muhammad Amjad Jameel",212,FALSE
"Muhammad_Arif","Muhammad Arif",212,FALSE
"Muhammad_Asad_Iqbal","Muhammad Asad Iqbal",212,FALSE
"Muhammad_Athar_Amin","Muhammad Athar Amin",212,FALSE
"Muhammad_Farooq","Muhammad Farooq",212,FALSE
"Muhammad_Farooq_Ul_Hassan","Muhammad Farooq Ul Hassan",212,FALSE
"Muhammad_Ghulam_Rasool","Muhammad Ghulam Rasool",212,FALSE
"Muhammad_Hussain_Babar","Muhammad Hussain Babar",212,FALSE
"Muhammad_Irfan_Qureshi","Muhammad Irfan Qureshi",212,FALSE
"Muhammad_Ismail_Hussaini","Muhammad Ismail Hussaini",212,FALSE
"Muhammad_Ismail_Shah","Muhammad Ismail Shah",212,FALSE
"Muhammad_Jahangeer","Muhammad Jahangeer",212,FALSE
"Muhammad_Jawad_Saleem","Muhammad Jawad Saleem",212,FALSE
"Muhammad_Kamran_Aulakh","Muhammad Kamran Aulakh",212,FALSE
"Muhammad_Khurram_Riaz","Muhammad Khurram Riaz",212,FALSE
"Muhammad_Luqman","Muhammad Luqman",212,FALSE
"Muhammad_Mehmood_Qadri","Muhammad Mehmood Qadri",212,FALSE
"Muhammad_Munir","Muhammad Munir",212,FALSE
"Muhammad_Mushtaq_Rehmani","Muhammad Mushtaq Rehmani",212,FALSE
"Muhammad_Noman_Khalid","Muhammad Noman Khalid",212,FALSE
"Muhammad_Qasim_Jakhro","Muhammad Qasim Jakhro",212,FALSE
"Muhammad_Rashid_Shah","Muhammad Rashid Shah",212,FALSE
"Muhammad_Raza_Khan","Muhammad Raza Khan",212,FALSE
"Muhammad_Sajid","Muhammad Sajid",212,FALSE
"Muhammad_Saleh","Muhammad Saleh",212,FALSE
"Muhammad_Sarfraz","Muhammad Sarfraz",212,FALSE
"Muhammad_Shafi_Khan","Muhammad Shafi Khan",212,FALSE
"Muhammad_Shafiq","Muhammad Shafiq",212,FALSE
"Muhammad_Shafiq_Ul_Hai","Muhammad Shafiq Ul Hai",212,FALSE
"Muhammad_Shahid_Iqbal","Muhammad Shahid Iqbal",212,FALSE
"Muhammad_Sharjil_Gopalani","Muhammad Sharjil Gopalani",212,FALSE
"Muhammad_Sohail_Manzoor","Muhammad Sohail Manzoor",212,FALSE
"Muhammad_Taimoor_Khalid","Muhammad Taimoor Khalid",212,FALSE
"Muhammad_Tayyab","Muhammad Tayyab",212,FALSE
"Muhammad_Umer_Jan","Muhammad Umer Jan",212,FALSE
"Muhammad_Wakeel","Muhammad Wakeel",212,FALSE
"Muhammad_Waseem","Muhammad Waseem",212,FALSE
"Muhammad_Yaqub","Muhammad Yaqub",212,FALSE
"Muhammad_Yar_Mehboob_Khar","Muhammad Yar Mehboob Khar",212,FALSE
"Muhammad_Younis","Muhammad Younis",212,FALSE
"Muhammad_Zaheer_Mughal","Muhammad Zaheer Mughal",212,FALSE
"Munawar_Ali","Munawar Ali",212,FALSE
"Nadeem_Zafar","Nadeem Zafar",212,FALSE
"Najeeb_Ullah_Durrani","Najeeb Ullah Durrani",212,FALSE
"Naseer_Ahmed","Naseer Ahmed",212,FALSE
"Nasir_Ali","Nasir Ali",212,FALSE
"Niamat_Ullah","Niamat Ullah",212,FALSE
"Pie_Muhammad_Ali_Sarhandi","Pie Muhammad Ali Sarhandi",212,FALSE
"Qari_Ghulam_Akber","Qari Ghulam Akber",212,FALSE
"Qazi_Tahir_Mahmood","Qazi Tahir Mahmood",212,FALSE
"Raja_Saleem_Abid","Raja Saleem Abid",212,FALSE
"Raja_Sohail_Akhtar_Satti","Raja Sohail Akhtar Satti",212,FALSE
"Rana_Muhammad_Rafique","Rana Muhammad Rafique",212,FALSE
"Rao_Atif_Ali_Khan","Rao Atif Ali Khan",212,FALSE
"Rao_Dilnawaz","Rao Dilnawaz",212,FALSE
"Ray_Munsif_Shabbir_Ahmad","Ray Munsif Shabbir Ahmad",212,FALSE
"Rehmat_Ullah","Rehmat Ullah",212,FALSE
"Sadam_Hussain","Sadam Hussain",212,FALSE
"Saeed_Ullah","Saeed Ullah",212,FALSE
"Saif_Ur_Rahman","Saif Ur Rahman",212,FALSE
"Sajjad_Akbar_Abbasi","Sajjad Akbar Abbasi",212,FALSE
"Sajjad_Hussain_Shah","Sajjad Hussain Shah",212,FALSE
"Saqib_Hussain","Saqib Hussain",212,FALSE
"Shabana_Kouser","Shabana Kouser",212,FALSE
"Shahbaz_Ahmed","Shahbaz Ahmed",212,FALSE
"Shahid_Ullah","Shahid Ullah",212,FALSE
"Shahzada_Shahbaz","Shahzada Shahbaz",212,FALSE
"Shehzad_Ullah_Chatha","Shehzad Ullah Chatha",212,FALSE
"Shujaat_Ali","Shujaat Ali",212,FALSE
"Sohail_Anwar","Sohail Anwar",212,FALSE
"Syed_Asif_Ullah_Shah_Bukhari","Syed Asif Ullah Shah Bukhari",212,FALSE
"Syed_Atta_Ullah_Shah_Bukhari","Syed Atta Ullah Shah Bukhari",212,FALSE
"Syed_Iqbal_Hussain_Shah","Syed Iqbal Hussain Shah",212,FALSE
"Syed_Ishrat_Jahania_Bukhari","Syed Ishrat Jahania Bukhari",212,FALSE
"Syed_Jahanzaib_Bukhari","Syed Jahanzaib Bukhari",212,FALSE
"Syed_Kashif_Ali_Shah","Syed Kashif Ali Shah",212,FALSE
"Syed_Muhammad_Ali_Shah","Syed Muhammad Ali Shah",212,FALSE
"Syed_Muhammad_Atta_Ul_Hasnain_Ali","Syed Muhammad Atta Ul Hasnain Ali",212,FALSE
"Syed_Muhammad_Irfan_Shah","Syed Muhammad Irfan Shah",212,FALSE
"Syed_Muhammad_Sarwar_Shah","Syed Muhammad Sarwar Shah",212,FALSE
"Syed_Munir_Hussain","Syed Munir Hussain",212,FALSE
"Syed_Shahid_Zahoor_Gillani","Syed Shahid Zahoor Gillani",212,FALSE
"Syed_Shamin_Raza","Syed Shamin Raza",212,FALSE
"Syed_Zaheer_Ul_Hassan_Shah","Syed Zaheer Ul Hassan Shah",212,FALSE
"Syed_Zaman_Ali_Jafri","Syed Zaman Ali Jafri",212,FALSE
"Tahir_Riaz","Tahir Riaz",212,FALSE
"Tahir_Uddin_Shah","Tahir Uddin Shah",212,FALSE
"Tariq_Maqsood","Tariq Maqsood",212,FALSE
"Ubedullah_Jamro","Ubedullah Jamro",212,FALSE
"Wahid_Bakhsh","Wahid Bakhsh",212,FALSE
"Waseem_Nisar","Waseem Nisar",212,FALSE
"Waseem_Zafar","Waseem Zafar",212,FALSE
"Wazir_Ahmed_Noorani","Wazir Ahmed Noorani",212,FALSE
"Zahid_Hameed_Gujjar","Zahid Hameed Gujjar",212,FALSE
"Zahir_Shah","Zahir Shah",212,FALSE
"Zameer_Hussain","Zameer Hussain",212,FALSE
"Zamurd_Abbas_Khan","Zamurd Abbas Khan",212,FALSE
"Farrukh_Bashir","Farrukh Bashir",0,FALSE
"Muhammad_Jahangir_Malik","Muhammad Jahangir Malik",2,FALSE
"Shah_Zia_Udin_Khan","Shah Zia Udin Khan",2,FALSE
