"Candidate_ID","Clustering","Degree"
"Nawab_Amber_Shahzada",1,2
"Nawab_Doctor_Amber_Shahzada",1,2
"Nawab_Dr__Amber_Shehzada",1,2
"Noor_Hussain",1,2
"Rashida_Naeem",1,2
"Waqar_Ahmed",1,2
"Arslan_Khan_Manj",1,4
"Mirza_Tariq_Mehmood",1,4
"Muhammad_Ali_Khan_Yousafzai",1,4
"Muhammad_Amin_Watoo",1,4
"Muhammad_Kashif",1,566
"Akhtar_Nawaz_Faisal_Daryana",1,75
"Amoon_Pasha",1,75
"Arshad_Ali",1,75
"Asghar_Abbas",1,75
"Ashar_Jahangir",1,75
"Ch__Muhamamd_Ilyas",1,75
"Ch_Ghulam_Dastageer",1,75
"Chaudhary_Tanveer_Ahmed_Advocate",1,75
"Choudhry_Gulzar_Hussain_Gohar_Advocate",1,75
"Dilshad_Rind",1,75
"Farid_Ullah_Bazai",1,75
"Ghulam_Qadir_Bajwa",1,75
"Haji_Rashid_Ahmed_Khan_Rana",1,75
"Iftikhar_Ud_Din",1,75
"Israr_Ahmad_Chishti_Advocate",1,75
"Jawaid_Ahmed_Khan",1,75
"Khalid_Ibrar",1,75
"Makhdeem_Syed_Zahid_Hussain",1,75
"Makhodzada_Syed_Hasan_Raza_Gillini",1,75
"Malik_Azhar_Mehmood",1,75
"Malik_Fakhar_Iqbal_Wattoo",1,75
"Malik_Hamid_Mehmood",1,75
"Malik_Muhammad_Iqbal_Jora",1,75
"Malik_Muhammad_Siddique_Advocate",1,75
"Malik_Nisar_Ahmad_Thind",1,75
"Malik_Shamriz_Awan",1,75
"Malik_Zia_Ul_Haque_Tiwana",1,75
"Mashood_Ahsan_Gill",1,75
"Mian_Nadeem_Ahmed_Saleemi",1,75
"Mirza_Bilal_Baig",1,75
"Mohammad_Sharif_Rind",1,75
"Muhammad_Asim_Ishtiaq",1,75
"Muhammad_Ghufran_Rajput",1,75
"Muhammad_Khaliq_Siddique",1,75
"Muhammad_Naseer",1,75
"Muhammad_Nisar_Butt",1,75
"Muhammad_Sharif_Noori",1,75
"Muhammad_Zeb",1,75
"Mushtaq_Ahmed_Khan_Mughal",1,75
"Nadir_Khan",1,75
"Nasar_Ullah_Khan_Jarral",1,75
"Paras_Shah",1,75
"Qaiser_Nawaz_Khan_Babar",1,75
"Qasim_Ali",1,75
"Raja_Amir_Rasheed",1,75
"Rana_Arshad_Saeed_Khan",1,75
"Riaz_Ahmad",1,75
"Riaz_Hussain_Sewag",1,75
"Sahibzada_Ahmed_Raza_Khan_Qasoori",1,75
"Saira_Goga_Daughter_of_Goga_Pehalwan",1,75
"Saqlain_Abbas_Bangash",1,75
"Saradar_Sikandar_Hayat_Khan_Goopang",1,75
"Sardar_Ghulam_Mustafa",1,75
"Sarmir_Khan",1,75
"Shafiur_Rahman",1,75
"Shaheen_Munawer",1,75
"Shoaib_Khaskhali",1,75
"Syed_Adnan_Haider_Jafri",1,75
"Syed_Ali_Abbas_Kazmi",1,75
"Syed_Imran_Sultan",1,75
"Syed_Marghoob_Hussain_Abdi",1,75
"Syed_Naveed_Ali_Shah",1,75
"Syed_Sajjad_Hussain_Shah_Kazmi",1,75
"Syed_Zakir_Shah",1,75
"Tayyaba_Zameer",1,75
"Waheed_Depal",1,75
"Waseem_Akhter_Raja",1,75
"Yar_Badshah",1,75
"Abdul_Matin_Khan",1,148
"Abdul_Rasheed_Nasir",1,148
"Abdul_Rehman_Khan_Yousufzai",1,148
"Abdur_Rauf",1,148
"Ahmad_Ali",1,148
"Ahmad_Khan",1,148
"Ahmadullah",1,148
"Ahmed_Zaman",1,148
"Aimal_Wali_Khan",1,148
"Alhaj_Ghulam_Ahmad_Bilour",1,148
"Aman_Masood",1,148
"Ameer_Haider_Azam_Khan",1,148
"Amir_Haider_Khan",1,148
"Amir_Nawab",1,148
"Anwar_Zaib",1,148
"Arbab_Inam_Ullah_Khan",1,148
"Arbab_Mohammad_Ayub_Jan",1,148
"Arbab_Muhammad_Zahir_Khan",1,148
"Arbab_Najeeb_Ullah_Khan",1,148
"Arbab_Najeeb_Ullah_Khan_Khalil",1,148
"Arshad_Mansoor_Shah",1,148
"Arshad_Sohail",1,148
"Asfandiyar_Wali_Khan",1,148
"Asfandyar_Wali_Khan",1,148
"Asghar_Khan",1,148
"Ashraf_Ullah",1,148
"Asif_Ali",1,148
"Bahadar_Khan",1,148
"Bashir_Khan_Umerzai",1,148
"Bismillah_Jan",1,148
"Bismillah_Jan_Luni",1,148
"Ch__Ghulam_Mustafa",1,148
"Dost_Muhammad",1,148
"Doulat_Ali",1,148
"Dr_Sherbaz_Khan",1,148
"Engineer_Noor_Ahmed_Khan",1,148
"Faisal_Imran_Khan_Niazi",1,148
"Farid_Ullah_Dumar",1,148
"Gul_Afzal",1,148
"Habib_Ullah_Khan",1,148
"Hafiz_Zardullah_Khan_Hassan_Zai_",1,148
"Haji_Ghulam_Ahmad_Bilour",1,148
"Haji_Naseem-Ur-Rehman",1,148
"Haji_Nizamuddin_Kakar",1,148
"Haji_Rehmanullah",1,148
"Hameed_Ullah",1,148
"Hamid_Khan_Toofan",1,148
"Hamidullah_Khan",1,148
"Inayat_Khan",1,148
"Iqbal_Zaib_Khan",1,148
"Irfan_Ali",1,148
"Irshad_Khan",1,148
"Jumma_Khan_Babar",1,148
"Kabir_Ahmed_Sher",1,148
"Khadija_Bibi",1,148
"Khan_Parvez",1,148
"Khan_Zeb",1,148
"Khudai_Dad",1,148
"Khursheed_Begum_Saeed",1,148
"Khurshid",1,148
"m_Shafi",1,148
"Maj_r__Mahr_Muhammad_Ramzan",1,148
"Malik_Dad_Muhammad_Tareen",1,148
"Malik_Darya_Khan",1,148
"Malik_Muhammad_Usman_Achakzai_",1,148
"Mamoon_Khan_Kakar",1,148
"Masood_Abbas",1,148
"Masood_Abbas_Khattak",1,148
"Mian_Babar_Shah_Kaka_Khel",1,148
"Mohammad_Ayub_Khan_Advocate",1,148
"Mohammad_Farooq_Khan",1,148
"Muhammad_Ayaz_Khan",1,148
"Muhammad_Ayub_Khan",1,148
"Muhammad_Azam_Khan",1,148
"Muhammad_Daud_Khan_Khattak",1,148
"Muhammad_Farooq_Bangsh",1,148
"Muhammad_Farooq_Khan",1,148
"Muhammad_Fayaz_Khan",1,148
"Muhammad_Hashim_Babar",1,148
"Muhammad_Kamal",1,148
"Muhammad_Khan_Afridi",1,148
"Muhammad_Riaz_Khan",1,148
"Muhammad_Sajid_Taheem_Advocate",1,148
"Muhammad_Sharif_Khattak",1,148
"Muhammad_Taimoor_Khan",1,148
"Muhammad_Younus_Khan",1,148
"Muhammad_Zahid_Khan",1,148
"Muhibullah_Kakar",1,148
"Munir_Shah",1,148
"Muzafer_Ul_Mulk",1,148
"Muzaffar-Ul-Mulk",1,148
"Naik_Muhammad_Kakar",1,148
"Naimat_Khalil",1,148
"Nawabzada_Khawaja_Muhammad_Khan_Hoti_Alias_Toti_Khan",1,148
"Nawabzada_Mohamamd_Amin_Khan_Jogezai",1,148
"Nawaz_Ali_Burfat",1,148
"Nisar_Ahmed",1,148
"Noor_Ahmed",1,148
"Noor_Aslam",1,148
"Owais_Khan",1,148
"Perviz_Khan_Advocate",1,148
"Qalandar_Bux",1,148
"Rahmat_Shah_Sael",1,148
"Rana_Mushtaq_Ahmad",1,148
"Sadeed_Ur_Rehman",1,148
"Sadid_Ur_Rahman",1,148
"Sajid_Mahmood",1,148
"Saqib_Ullah_Khan",1,148
"Sarfaraz_Khan_Jadoon",1,148
"Shah_Hussain",1,148
"Shah_Mohammad",1,148
"Shahi_Khan",1,148
"Shahi_Khan_Sherani",1,148
"Shahnawaz_Khanzada",1,148
"Shahzia_Batul",1,148
"Shazia_Bibi",1,148
"Sheheryar_Khan",1,148
"Sher_Nawaz_Khattak",1,148
"Sherullah_Khan",1,148
"Sultan_Khan_Mandokhail",1,148
"Sultan_Khan_Mandokhel",1,148
"Syed_Abdul_Qayyum",1,148
"Syed_Basharat_Hussain",1,148
"Syed_Haider_Ali_Shah",1,148
"Syed_Haroon_Shah",1,148
"Syed_Karam_Darwesh",1,148
"Syed_Masood_Shah",1,148
"Syed_Muhammad_Afzal",1,148
"Syed_Muhammad_Hanif",1,148
"Syed_Muzafar_Ali_Shah_Jan",1,148
"Tariq_Hameed_Khattak",1,148
"Umar_Hayat",1,148
"Umar_Khan",1,148
"Waris_Khan",1,148
"Zain_Umar_Arbab",1,148
"Zarbali_Syed",1,148
"Bashir_Khan",1,2
"Malik_Annayat_Ullah_Khokhar",1,2
"Rajkumar",1,2
"Jawad_Aziz",1,4
"M_iqbal_Haider",1,4
"Molvi_Iqbal_Haider_Advocate",1,4
"Moulvi_Iqbal_Haider",1,4
"Mahr_Ghulam_Mustafa_Mangan_Advocate",1,7
"Mohtarma_Nazish_Aslam_Advocate",1,7
"Muhammad_Zafar_Iqbal_Gujjar",1,7
"Mushtaq_Ahmad_Bhatti",1,7
"Qari_Nasir_Mahmood_Mughal",1,7
"Rana_Akbar_Abbas",1,7
"Rana_Basharat_Ali",1,7
"Sayyeda_Nighat_Ishfaq",1,7
"Abdul_Khaliq_Shamas",1,17
"Abdul_Razaque",1,17
"Begum_Shahmeem_Arshad_Minhas",1,17
"Ch_Dilbar_Hussain_Ghaffari",1,17
"Chaudhary_Muhammad_Iqbal_Gujjar",1,17
"Gulana_Bibi",1,17
"Kanwar_Aamir_Sami",1,17
"Mahboob_Aftab_Khan",1,17
"Muhammad_Nasrullah_Arain",1,17
"Muhammad_Rashid",1,17
"Muhammad_Usama_Nawaz",1,17
"Nawab_Imran_Khan_Khilji",1,17
"Sheikh_Rashid_Ahmed",1,17
"Syed_Mustafsir_Hussain_Bukhari",1,17
"Syed_Rehan_Ali",1,17
"Zafar_Ahmed_Ghori",1,17
"Commander__r__Ayoub_Malik",1,9
"Ghulam_Qadir_Alias_Papu",1,9
"Khan_Zada",1,9
"Mian_Abdul_Qayum",1,9
"Mian_Ashiq_Hussain_Kamyana_Advocate",1,9
"Muhammad_Aslam_Miraj",1,9
"Muhammad_Athar_Khan_Advocate",1,9
"Gul_Muhammad_Bhatti",1,2
"Gull_Muhammad_Bhatti__Retired_",1,2
"Sardar_Sher_Zaman_Khan_Qaisrani",1,2
"Bahi_Khan",1,8
"Jasim",1,8
"Khalid_Hussain_Magsi",1,8
"Mir_Shah_Jahan_Khan_Khetran",1,8
"Prince_Ahmed_Omar_Ahmedzai",1,8
"Qadha_Babar",1,8
"Rubina_Irfan",1,8
"Syed_Abdul_Karim",1,8
"Agha_Hassan_Baloch_Advocate",1,24
"Gaman_Khan",1,24
"Ghulam_Hadiar",1,24
"Haji_Noor_Muhammad_Shahwani",1,24
"Haq_Nawaz_Buzdar",1,24
"Jahanzaib_Baloch",1,24
"Khuda_Bukhsh",1,24
"Malik_Naveed_Dehwar",1,24
"Maqbool_Ahmed_Lehri",1,24
"Mir_Abdul_Ghafoor_Mengal",1,24
"Mir_Abdul_Rauf_Mengal",1,24
"Mohammad_Qasim_Roonjho",1,24
"Muhamamd_Akhtar_Mengal",1,24
"Muhammad_Akhtar_Mengal",1,24
"Muhammad_Akhter_Mengal",1,24
"Muhammad_Hashim",1,24
"Naib_Faqeer_Muhammad_Zahri",1,24
"Nawabzada_Aurangzeb_Jogezai",1,24
"Sayed_Essa_Nori",1,24
"Shair_Afgan",1,24
"Syed_Ahsan_Shah",1,24
"Wadera_Gulzar_Khan",1,24
"Zahid_Hussain",1,24
"Abdul_Rauf_Rind",1,18
"Ghulam_Farooq",1,18
"Gulam_Farooq",1,18
"Haji_Muhamad_Azeem",1,18
"Mir_Ali_Akbar",1,18
"Mir_Muhammad_Khan_Chandio",1,18
"Mir_Muhammad_Shoaib_Baloch",1,18
"Mir_Mujeeb_Rahman_Shahwani",1,18
"Muhammad_Arif_Badini",1,18
"Muhammad_Hanif_Baloch",1,18
"Muhammad_Qayyum_Baluch",1,18
"Noor_Ahmed_Adil",1,18
"Noor_Ahmed_Umrani",1,18
"Sayed_Akber_Shah",1,18
"Yaqoob_Bizenjo_",1,18
"Abid_Wazir",1,7
"Mohsin_Khan",1,7
"Muhammad_Ajmal_Siddique",1,7
"Muhammad_Fahad",1,7
"Muhammad_Mazhar_Jaffar",1,7
"Nisar_Ahmad_Khattak",1,7
"Syed_Anis_Raza_Naqvi",1,7
"Waqas_Ahmad",1,7
"Arbab_Ghulam_Rahim",1,28
"Aurangzaib_Khan",1,28
"Dilawar_Gulzar",1,28
"Ghullam_Murtaza_Khan_Jatoi",1,28
"Kausar_Fatima_Zaidi",1,28
"Liaquat_Ali_Jatoi",1,28
"m_Khan_Junejo",1,28
"Mir_Hussain_Bakhash_Talpur",1,28
"Muhammad_Faisal",1,28
"Muhammad_Hassam_Mirza",1,28
"Muhammad_Mushtaq_Ahmed",1,28
"Pir_Sadar_Uddin_Shah",1,28
"Rahila_Magsi",1,28
"Safdar_Ali_Abbasi",1,28
"Saira_Bano",1,28
"Shaheen_Khan",1,28
"Shaheena",1,28
"Shaista_Ameer",1,28
"Shumaila",1,28
"Syed_Munir_Hyder_Shah",1,28
"Syed_Mushtaq_Hussain",1,28
"Syed_Zainulabdin",1,28
"Umair_Naeem",1,28
"Abdul_Khaliq_Hazara",1,2
"Barkat_Ali_Thamki",1,2
"Muhammad_Raza",1,2
"Amir_Shehzad",1,2
"Muhammad_Zia_Khan",1,2
"Muhammad_Zahid",1,224
"Aiman_Javed",1,26
"Bukhtiyar_Ali",1,26
"Firdous_Ashiq_Awan",1,26
"Ghulam_Sarwar",1,26
"Jairam_Das",1,26
"Jalil_Ahmad_Khan",1,26
"Mahmood_Baqi_Molvi",1,26
"Malik_Muhammad_Ahmad_Langrial",1,26
"Mir_Faiz_Ahmad",1,26
"Muhammad_Anwar_Azeem_Khan",1,26
"Muhammad_Aon_Saqlain",1,26
"Muhammad_Ayaz_Khan_Niazi",1,26
"Muhammad_Hashim_Dogar",1,26
"Nargis_Jabeen",1,26
"Noureen_Iqbal",1,26
"Rana_Nazeer_Ahmad_Khan",1,26
"Rasheed_Ahmed",1,26
"Sharjeel_Mir",1,26
"Tariq_Mehmood_Qadri",1,26
"Zunaira_Rehman",1,26
"Mr_zulfiquar_Ali_Khoso__Retired_",1,3
"Muhammad_Lateef_Lajpal_Sial",1,3
"Munir_Ahmad_Zafar",1,3
"Agha_Syed_Sibtian_Haider_Sabzwari",1,8
"Ali_Gohar_Shah__Retired_",1,8
"Kazim_Ali_Shah",1,8
"Manzoor_Ali",1,8
"Rana_Intizar_Hussain",1,8
"Riaz_Hussain_Al_Hussaini__Retired_",1,8
"Syed_Azizullah_Shah",1,8
"Syed_Gazanfar_Abbas",1,8
"Syed_Mujahid_Abbas_Shah",1,8
"Hafiz_Hasham_Elahi_Zaheer",1,3
"Ibtesam_Elahi_Zaheer",1,3
"Ibtisam_Elahi_Zaheer",1,3
"Mutasim_Elahi_Zaheer",1,3
"Gul_Muhammad",1,10
"Muhammad_Farooq_Rajput",1,10
"Nawabzada_Shazain_Bugti",1,10
"Nawabzada_Talal_Akbar_Bughti",1,10
"Nawabzada_Talal_Akbar_Bugti",1,10
"Rana_Umar_Nazir_Ahmad_Khan",1,10
"Sardar_Zia_Ul_Haq",1,10
"Shah_Wali",1,10
"Talal_Akbar_Bugti",1,10
"Bakht_Zar",1,4
"Muhammad_Asad_Thaniwi_",1,4
"Rana_Zia_Ahmed_Farooqi_Advocate",1,4
"Zaheer_Ud_Din_Bader",1,4
"Dad_Muhammad",1,12
"Ghulam_Hyder_Jakhro",1,12
"Hafiz_Fazal_Muhammad_Barech",1,12
"Haji_Molvi_Muhammad_Hanif",1,12
"Malik_Abdul_Qayum_Kakar",1,12
"Mohammad_Nawaz_Katoher",1,12
"Molana_Abdul_Qadir_Luni",1,12
"Mollana_Mehmood_Ul_Hassan_Qasmi",1,12
"Moulana_Asmatullah",1,12
"Muhammad_Nazeer",1,12
"Qari_Nazir_Ahmed",1,12
"Sardarzada_Mir_Saeed_Ahmed_Langove",1,12
"Ubaid_Ur_Rehman",1,12
"Abu_Khair_Muhammad_Zubair",1,46
"Abul_Khair_Mohammad_Zubair",1,46
"Akhtar_Hussain_Gil",1,46
"Allama_Muhammad_Yaqoob",1,46
"Badshah_Muain",1,46
"Chaudhary_Tariq_Maqsood_Sahi",1,46
"Doctor_Muhammad_Aslam_Javaid_Awan",1,46
"Ghulam_Hussain_Farooqi",1,46
"Hafiz_Ahmed_Ali_Abbasi",1,46
"Hafiz_Munawar_Hussain",1,46
"Hafiz_Saeed_Ahmed",1,46
"Jan_Muhammad_Jat",1,46
"Khalid_Mahmood_Akhtar_Jajja",1,46
"Malik_Bashir_Ahmad_Nizami",1,46
"Mehmood_Ahmad",1,46
"Mir_Maqbool_Ahmed_Khosa",1,46
"Mirza_Mukhtar_Ali_Khan",1,46
"Mohammad_Jaffar",1,46
"Molana_Miraj_Ud_Din_Sirkani",1,46
"Molvi_Muhammad_Qasim",1,46
"Mufti_Abdul_Shakoor_Rizvi",1,46
"Muhammad_Awais_Siddiqi",1,46
"Muhammad_Fayaz",1,46
"Muhammad_Sajjad_Ali_Hamdi",1,46
"Muhammad_Siddiq_Rathore",1,46
"Muhammad_Tassaduq_Hussain",1,46
"Muhammad_Younus",1,46
"Niaz_Muhammad_Chandio",1,46
"Pir_Muhammad_Saeed_Ahmad_Nuqshbandi",1,46
"Pir_Syed",1,46
"Qari_Hafiz_Muhammad_Zawar_Bahadar",1,46
"Qazi_Shehzada_Sultan_Ul_Haq",1,46
"Rajab_Ali",1,46
"Rao_Azmat_Ullah_Khan",1,46
"Rashid_Imran_Khan",1,46
"Seikh_Muhammad_Akram",1,46
"Shad_Mohammad_Khan",1,46
"Shah_Muhammad_Owais_Noorani",1,46
"Tauqeer_Ahmed_Bajwa",1,46
"Wahid_Ali_Naqshband",1,46
"Abdul_Nazeer",1,8
"Aurang_Sher",1,8
"Bakhtiar_Ahmed_Maitlo",1,8
"Dr_Babur_Zaheer_Uddin",1,8
"Muhammad_Farooq_Ali",1,8
"Muhammad_Sarwar_Bin_Pakistan",1,8
"Muhammad_Yousuf_Nawaz",1,8
"Sarfraz_Ahmed_Chandio",1,8
"Abdul_Akbar_Chitrali",1,161
"Abdul_Jameel_Khan",1,161
"Abdul_Majeed_Pathan_Advocate",1,161
"Abdul_Mateen_Akhondzada",1,161
"Abdul_Mustaan",1,161
"Akhtar_Mohammad",1,161
"Anwar_Ul_Haq_Butt",1,161
"Arshad_Mahmood_Baggu",1,161
"Asadullah_Bhutto",1,161
"Atta_Muhammad_Jafri",1,161
"Atta_Ur_Rahman",1,161
"Bakhtiar_Maani",1,161
"Basheer_Ahmed_Mandai",1,161
"Ch__Ansar_Mahmood",1,161
"Ch_Manzoor_Hussain",1,161
"Ch_Zahid_Imran_Korotana",1,161
"Chaudhary_Bashir_Ahmed",1,161
"Chaudhery_Asghar_Ali_Gujjar",1,161
"Chaudhry_Ihsan_Ali",1,161
"Chaudhry_Sajid_Ali_Chadhar",1,161
"Choudhry_Abdul_Rehman_Ranga",1,161
"Choudhry_Muhammad_Anwar",1,161
"Doctor_Muhammad_Anwar_Shah",1,161
"Dr__Abdul_Rehman_Ranjha",1,161
"Dr_Mairaj_Ul_Huda_Siddiqui",1,161
"Dr_Muhammad_Abdullah",1,161
"Dr_Muhammad_Arshad_Shahid",1,161
"Dr_muhammad_Ashraf",1,161
"Dr_Muhammad_Ubaid_Ullah_Gohar",1,161
"Engineer_Muhammad_Azeem_Randhawa",1,161
"Farid_Ahmed_Piracha",1,161
"Farooq_Ahmad_Chatha",1,161
"Fazale_Subhan",1,161
"Gul_Nawaz_Khan",1,161
"Gulab_Baloch",1,161
"Habib_Ullah_Cheema",1,161
"Habib_Ur_Rehman_Abbasi",1,161
"Hafiz_Khalid_Rauf",1,161
"Hafiz_Muhammad_Tahir_Aslam",1,161
"Hafiz_Nasrullah",1,161
"Hafiz_Salman_Butt",1,161
"Hafiz_Zubair_Ahmad",1,161
"Haji_Abdul_Aziz",1,161
"Haji_Muhammad_Irshad_Mund",1,161
"Haji_Muhammad_Khalid",1,161
"Haji_Muhammad_Ramzan",1,161
"Hameed_u_Deen_Awan",1,161
"Haroon_Ur_Rasheed_Nizami_Advocate",1,161
"Hikmat_Khan",1,161
"Hizbullah_Jhakro",1,161
"Israr_Ahmed_Sheikh",1,161
"Israr_Ullah",1,161
"Jaffer_Ali_Nizamani",1,161
"Khalid_Mahmood_Virk",1,161
"Khalid_Mehmood_Mirza",1,161
"Khawaja_Muhammad_Waqar_Khan",1,161
"Khuda_Dino",1,161
"Maehrullah_Khan",1,161
"Major_r_Muhammad_Ghulam_Sarwar",1,161
"Major_Retired_Haq_Daad_Ali_Khan",1,161
"Maulana_Abdul_Malik",1,161
"Mehrab_Ali",1,161
"Mian_Asad_Ullah",1,161
"Mian_Muhammad_Ibhrahim",1,161
"Mian_Muhammad_Younis",1,161
"Mian_Mukhtar_Ahmad",1,161
"Mian_Saleem_Akbar",1,161
"Mohammad_Awais_Ghumman",1,161
"Mohammad_Laeeque_Khan",1,161
"Mohammad_Tariq_Javed_Dar",1,161
"Mr_Niamatullah_Khan",1,161
"Muhammad_Arshad_Khan",1,161
"Muhammad_Farooq_Sheikh",1,161
"Muhammad_Hanif_Chaudhary",1,161
"Muhammad_Haq_Nawaz_Khan_Durani",1,161
"Muhammad_Husain_Mehenti",1,161
"Muhammad_Ibraheem",1,161
"Muhammad_Iqbal_Khalil",1,161
"Muhammad_Irshad_Anwar",1,161
"Muhammad_Mashal_Khan",1,161
"Muhammad_Rafique_Nizami_Advocate",1,161
"Muhammad_Rasool",1,161
"Muhammad_Sadiq_Malik",1,161
"Muhammad_Saeed_Khan",1,161
"Muhammad_Tasleem_Iqbal",1,161
"Muhammad_Younis_Khattak",1,161
"Mumtaz_Hussain_Sahto",1,161
"Naseer_Ahmad",1,161
"Naveed_Zafar_Shah",1,161
"Professor_Muhammad_Ibrahim_Khan",1,161
"Qari_Muhammad_Asif_Gujjar",1,161
"Rai_Muhammad_Akram_Khan",1,161
"Raj_Muhammad",1,161
"Raja_Muhammad_Jawwad",1,161
"Raja_Muhammad_Nawaz_Kayani",1,161
"Rana_Javed_Iqbal",1,161
"Rana_Muhammad_Adnan_Khan",1,161
"Rana_Zahid_Farooq",1,161
"Rashid_Nasim",1,161
"Raza_Ahmed_Shah",1,161
"Riaz_Ahmad_Bhulla_Advocate",1,161
"Riaz_Ali_Kazmi",1,161
"Rizwan_Ahmed",1,161
"Sabir_Hussain_Awan",1,161
"Sahib_Zada_Haroon_Ur_Raheed",1,161
"Sami_Ullah_Jan",1,161
"Sardar_Riaz_Ahmad_Khan",1,161
"Sardar_Zafar_Hussain_Khan",1,161
"Sarfraz_Ahmad_Khan",1,161
"Shahib_Zada_Muhammad_Yaqub",1,161
"Sheikh_Muhammad_Mushtaq",1,161
"Shoukat_Ali_Shaikh",1,161
"Solat_Majeed_Satti_Advocate",1,161
"Sultan_Muhammad",1,161
"Syed_Attaullah_Shah",1,161
"Syed_Mehr_Hassan_Gillani",1,161
"Syed_Mohammad_Faheem",1,161
"Syed_Muhammad_Bilal",1,161
"Tahir_Siraj",1,161
"Taj_Muhammad_Khan",1,161
"Tariq_Javeed_Janjua",1,161
"Tashkeel_Ahmed_Siddiqui",1,161
"Taufeequddin_Siddiqui",1,161
"Uzair_Latif",1,161
"Waheed_Akhtar",1,161
"Waleed_Nasir_Choudhary",1,161
"Yahya_Bakhtiar",1,161
"Zafar_Jamal_Khan_Advocate",1,161
"Zahid_Mohibullah_Khan_Advocate",1,161
"Zahid_Saeed",1,161
"Zahoor_Ahmad_Watto",1,161
"Zar_Noor_Afridi",1,161
"Zubair_Ahmad_Gondal",1,161
"Zubair_Farooq_Khan",1,161
"Abd_Ur_Rasheed",1,224
"Abdul_Fatah_Pathan",1,224
"Abdul_Hameed_Alias_Arfan",1,224
"Abdul_Jamil_Khan",1,224
"Abdul_Kabeer",1,224
"Abdul_Razzaq_Khalil",1,224
"Abdul_Waheed_Akhtar",1,224
"Afifa_Athar",1,224
"Afrasiab_Khattak",1,224
"Ahktar_Hussain",1,224
"Ahmad_Jamil_Rashid",1,224
"Akbar_Ali_Khan",1,224
"Akhtar_Hussain_Qureshi",1,224
"Altaf_Ahmad_Khan",1,224
"Ameer_Ul_Azeem",1,224
"Amir_Mahmood_Cheema",1,224
"Amir_Siddiqui",1,224
"Anam_Hamza",1,224
"Anwar_Ul_Haq",1,224
"Asad_Ullah",1,224
"Asim_Muneer",1,224
"Aslam_Khan",1,224
"Atif_Imran",1,224
"Atta_Ullah_Hameed",1,224
"Azhar_Ul_Haq",1,224
"Babar_Rashid",1,224
"Bakht_Jehan_Khan",1,224
"Ch__Abid_Hussain",1,224
"Chaudhary_Abdul_Sattar",1,224
"Chaudhary_Asadullah",1,224
"Chaudhry_Irfan_Aslam",1,224
"Chaudry_Muhammad_Shoukat",1,224
"Chaudry_Zulfiqar_Advocate",1,224
"Dedar_Hussain_Behrani",1,224
"Dr_Atta_Ur_Rehman",1,224
"Engr_Muhammad_Sikandar_Asad",1,224
"Faiz_Miran",1,224
"Fazal_Ahmed",1,224
"Fazal_Subhan",1,224
"Fazal_Ur_Rehman_Niazi",1,224
"Ghanzanfar_Ali_Bajwa",1,224
"Ghazan_Iqbal",1,224
"Hafiz_Aqib_Ismail",1,224
"Hafiz_Muhammad_Arshad",1,224
"Hafiz_Nasrullah_Aziz",1,224
"Haji_Sami_Ullah",1,224
"Hameed_Ud_Din_Awan",1,224
"Hammad_Hasan_Lashari",1,224
"Hashmat_Khan",1,224
"Hizabullah_Jakhro",1,224
"Iftikhar_Ahmad_Shaikh",1,224
"Iftikhar_Nadeem",1,224
"Imdad_Khan",1,224
"Imran_Shafiq_Advocate",1,224
"Imtiaz_Ahmed",1,224
"Inayat_Ur_Rehman",1,224
"Iqbal_Khan",1,224
"Jahangir_Ahmad",1,224
"Jamal_d_Din",1,224
"Kamran_Aziz_Ghauri",1,224
"Kamran_Malik",1,224
"Kashif_Azam",1,224
"Khalid_Khan_Yousafzai",1,224
"Khalid_Mahmood_Mirza",1,224
"Mahmood_Urf_Mahmood_Illahi",1,224
"Mairaj_Ul_Huda_Siddiqui",1,224
"Malik_Abdul_Aziz",1,224
"Malik_Ghulam_Mohiuddin",1,224
"Malik_Mateeullah",1,224
"Malik_Muhammad_Naeem_Haider",1,224
"Mamtaz_Hussain",1,224
"Manzoor_Hussain",1,224
"Maulana_Abdul_Akbar_Chitrali",1,224
"Maulana_Mehboob_Janan",1,224
"Maulana_Muhammad_Ismail",1,224
"Mian_Mohammad_Aslam",1,224
"Mian_Muslim_Pervaiz",1,224
"Mir_Muhammad_Baldi",1,224
"Miraj_Ul_Huda_Siddiqui",1,224
"Mohtarma_Zaiba_Basharat",1,224
"Mudassar_Ahmad_Shah",1,224
"Mufti_Muhammad_Imtiaz_Marwat",1,224
"Muhammad_Ahmad_Raza",1,224
"Muhammad_Anwar_Khan",1,224
"Muhammad_Arif_Gujjar",1,224
"Muhammad_Arslan_Khan_Khakwani",1,224
"Muhammad_Ashique",1,224
"Muhammad_Asim_Khan",1,224
"Muhammad_Azeem_Tahir_Randhawa",1,224
"Muhammad_Babar_Khan",1,224
"Muhammad_Ejaz_Malik",1,224
"Muhammad_Faisal_Bin_Zair",1,224
"Muhammad_Hanif_Khan",1,224
"Muhammad_Ibrahim_Khan",1,224
"Muhammad_Irfan_Ullah",1,224
"Muhammad_Ishaq_Khan",1,224
"Muhammad_Islam",1,224
"Muhammad_Jabir",1,224
"Muhammad_Javed_Kasori",1,224
"Muhammad_Kashif_Chaudhry",1,224
"Muhammad_Kashif_Gujjar",1,224
"Muhammad_Musa",1,224
"Muhammad_Nasir_Nadeem_Gujjar",1,224
"Muhammad_Rehmat_Ullah_Watto",1,224
"Muhammad_Safdar_Iqbal",1,224
"Muhammad_Sami_Ul_Qazi",1,224
"Muhammad_Shabir_Khanzada",1,224
"Muhammad_Shahid_Abbas",1,224
"Muhammad_Sufyan_Abbasi",1,224
"Muhammad_Tahir_Malik",1,224
"Muhammad_Tariq_Javed",1,224
"Muhammad_Tauseef",1,224
"Muhammad_Umar_Farooq",1,224
"Muhammad_Usama_Razi_Khan",1,224
"Muhammad_Waris",1,224
"Muhammad_Yousaf_Khan",1,224
"Muhmmad_Mudabbar_Siddique",1,224
"Mumtaz_Hussain",1,224
"Munam_Zafar_Khan",1,224
"Munir_Ahmed_Anjum",1,224
"Mussawair_Shah",1,224
"Naeem_Ullah",1,224
"Naeem_Ur_Rehman_Khan",1,224
"Nageena",1,224
"Naheem_Ur_Rehman_Khan",1,224
"Naveed_Ali_Baig",1,224
"Noor_Ali",1,224
"Qamar_Zaman_Cheema",1,224
"Qari_Saeed_Ahmad",1,224
"Qasim_Mehmood",1,224
"Raja_Sajid_Sharif",1,224
"Rana_Abdul_Waheed",1,224
"Rana_Muhammad_Afzal",1,224
"Rana_Muhammad_Sikandar_Azam_Khan",1,224
"Rasheed_Ahmad",1,224
"Rashid_Farooq",1,224
"Rustam_Ali_Saqi",1,224
"Safia_Khanum",1,224
"Sahibzada_Haroon_u_Rasheed",1,224
"Saif_Ud_Din",1,224
"Sakeena",1,224
"Salman_Ahmed",1,224
"Samina_Saeed",1,224
"Sardar_Abdul_Razaq",1,224
"Sardar_Karam_Khan",1,224
"Shafiq_Ahmad_Rouf",1,224
"Shakeela",1,224
"Shamas_Ur_Rehman",1,224
"Sharaf_Ud_Din",1,224
"Sheikh_Muhammad_Afzaal_Shaheen",1,224
"Shiekh_Usman_Farooq",1,224
"Shiraz_Khan_Jadoon",1,224
"Shoukat_Ali_Bhatti",1,224
"Siraj_Ul_Haq",1,224
"Sufi_Khalique_Ahmad_Butt",1,224
"Sultan_Ahmed_Lashari",1,224
"Syed_Abdul_Rasheed",1,224
"Syed_Ahmad",1,224
"Syed_Arif_Shirazi",1,224
"Syed_Ghaffar",1,224
"Syed_Ihsan_Ullah_Waqas",1,224
"Syed_Tariq_Hussain_Shah_Sherazi",1,224
"Syed_Umer_Farooq",1,224
"Syed_Ziaullah_Shah_Bukhari",1,224
"Tahir_Majeed",1,224
"Tahir_Mehmood_Butt",1,224
"Talib_Jan",1,224
"Tariq_Mateen",1,224
"Tasheen",1,224
"Tasnim_Khurshid",1,224
"Tofiq_Ul_Din_Siddiqui",1,224
"Tohfa_Dastgir_Ahmad",1,224
"Umar_Farooq_Kanju",1,224
"Umar_Gul",1,224
"Zabeeh_Ullah_Balgan",1,224
"Zafar_Ali",1,224
"Zafar_Hussain_Khan",1,224
"Zaheer_Babar",1,224
"Zaheer_Ud_Din_Jatoi",1,224
"Zubair_Ahmed_Gondal",1,224
"Zubair_Khadim",1,224
"Zulifqar_Ali_Ahmad",1,224
"Abdul_Nabi",1,66
"Abdul_Nasir",1,66
"Abdul_Qadir_Luni",1,66
"Abdul_Sadiq",1,66
"Abdul_Wahid",1,66
"Abul_Khair_Muhammad_Zubair",1,66
"Ameer_Ullah",1,66
"Arman_Ahmed",1,66
"Azizullah_Satakzai",1,66
"Faaiz_Mehmood",1,66
"Faiz_Ul_Hassan",1,66
"Fazal_Muhammad_Kakar",1,66
"Ghous_Baksh_Fareed",1,66
"Gul_Naseeb_Khan",1,66
"Hafiz_Ahmed_Ali",1,66
"Hafiz_Muhammad_Muzaffar",1,66
"Haji_Naseem_Shah",1,66
"Ishfaq_Ahmad",1,66
"Islam_Noor",1,66
"Khalil_Ahmad",1,66
"m_Ajmal_Qadri",1,66
"m_Esa",1,66
"m_Iqbal",1,66
"Mahmood_Ahmed_Qadri",1,66
"Malik_Amjad_Kakar",1,66
"Mher_Ullah",1,66
"Mohammad_Ismail_Buledi",1,66
"Moheb_Ullah",1,66
"Mufti_Syed_Zain_Ul_Abidin",1,66
"Muhammad_Bashir_Yousaf",1,66
"Muhammad_Dawood",1,66
"Muhammad_Ishtiaq_Khan_Jadoon",1,66
"Muhammad_Jan",1,66
"Muhammad_Khalid_Shakir",1,66
"Muhammad_Maroof",1,66
"Muhammad_Rizwan_Sheikh",1,66
"Muhammad_Sadiq_Serani",1,66
"Noor_Ahmad_Sial",1,66
"Rao_Azmat_Ullah",1,66
"Shafi_Ud_Din",1,66
"Shafi_Ullah",1,66
"Shaheen_Iqbal",1,66
"Shuja_Al_Malik",1,66
"Zubair_Ahmad",1,66
"Abd_Ul_Ghafoor",1,229
"Abdul_Haleem",1,229
"Abdul_Majeed_Anwar",1,229
"Abdul_Majeed_Hazarvi",1,229
"Abdul_Qayoom",1,229
"Abdul_Quyyum",1,229
"Abdul_Salam",1,229
"Abdul_Samad_Son_of_Muhammad_Yousuf",1,229
"Abdul_Wajid_Hussain",1,229
"Abdullah_Ahmed",1,229
"Abdur_Rahim_Khan",1,229
"Abu_Bakar_Brohi",1,229
"Adnan_Bin_Abdul_Aziz",1,229
"Agha_Syed_Muhammad_Ayyoob",1,229
"Ahmad_Mujeeb_Aslam",1,229
"Ahmed_Naseer",1,229
"Akhunzada_Irfan_Ullah_Shah",1,229
"Akram_Khan_Durrani",1,229
"Allama_Abdul_Raoof_Rabbani",1,229
"Amin_Ullah",1,229
"Aneela",1,229
"Arbab_Kamal_Ahmad",1,229
"Asad_Mahmood",1,229
"Asad_Mehmood",1,229
"Asghar_Ali_Nasir",1,229
"Asjad_Mahmood",1,229
"Asmat_Ullah",1,229
"Attaul_Haq",1,229
"Azam_Khan",1,229
"Ch_Waseem_Ahmed",1,229
"Engineer_Tahir_Iqbal_Orakzai",1,229
"Fakharul_Hassan",1,229
"Farooq_Hussain_Shah",1,229
"Fazal_Ali",1,229
"Fazal_Ur_Rehman",1,229
"Fazlullah",1,229
"Ghulam_Mohammad_Sadiq",1,229
"Gohar_Ali",1,229
"Gohar_Mohammad_Khan_Bangesh",1,229
"Gohar_Muhammad_Khan_Bangash",1,229
"Hafiz_Abdul_Qadeer",1,229
"Hafiz_Abdul_Razzak",1,229
"Hafiz_Abdul_Wadood",1,229
"Hafiz_Hamdullah",1,229
"Hafiz_Mahmood_Ul_Hassan",1,229
"Hafiz_Muhammad_Afzaal",1,229
"Hafiz_Muhammad_Azam",1,229
"Hafiz_Muhammad_Jameel_Ahmed",1,229
"Hafiz_Muhammad_Saeed",1,229
"Hafiz_Muhammad_Zubair",1,229
"Hafiz_Shahzad_Bashir",1,229
"Hajan_Khan_Leghari",1,229
"Haji_Abdul_Rasheed_Khan_Bhatti",1,229
"Haji_Ghulam_Ali",1,229
"Haji_Mangey_Khan_Rahija",1,229
"Haji_Manzoor_Ahmed_Mengal",1,229
"Hakeem_Muhammad_Asaad",1,229
"Hameed_Ullah_Jan_Afridi",1,229
"Hidayat_Ur_Rehman",1,229
"Ihsan_Ul_Haq",1,229
"Ijaz_Ul_Haq",1,229
"Ilhaj_Pervaiz_Khan_Khattak",1,229
"Imdad_Ullah_Yousafzai",1,229
"Ishfaq_Ullah_Khan",1,229
"Kaleem_Ullah_Khan",1,229
"Khalid_Mobeen",1,229
"Khalid_Waleed",1,229
"Kifayat_Ullah",1,229
"Liaq_Muhammad_Khan",1,229
"Makhdoom_Zada_Syed_Muhammad_Zakaria_Shah",1,229
"Malik_Gulfraz_Ahmad_Faraz",1,229
"Malik_Naveed_Ahmed_Advocate",1,229
"Malik_Qadir_Bukhsh",1,229
"Malik_Zafar_Borrana_Sahab",1,229
"Maulana_Abdul_Ghafar_Tauhadi",1,229
"Maulana_Abdullah_Ahmad",1,229
"Maulana_Abdur_Rashid",1,229
"Maulana_Fazli_Azeem",1,229
"Maulana_Haleem_Ur_Rahman",1,229
"Maulana_Muhammad_Gohar_Shah",1,229
"Maulana_Nizam_Ud_Din",1,229
"Maulana_Shirin_Muhammad",1,229
"Maulvi_Mohammad_Abdullah_Jatak",1,229
"Mehboobullah_Jan_Baqi",1,229
"Mir_Baz_Muhammad_Marri",1,229
"Mir_Hussain",1,229
"Misbah_Ud_Din_Wald_e_Ahmad_Din",1,229
"Misbahul_Alam",1,229
"Mohammad_Akram_Khan",1,229
"Mohammad_Ibrahim_Jatol",1,229
"Molana_Abdul_Ghafoor_Haideri",1,229
"Molana_Ameer_Zaman",1,229
"Molana_Fazal_Ur_Rehman",1,229
"Molana_Muhammad_Gohar_Shah",1,229
"Molana_Muhammad_Iqbal_Rasheed",1,229
"Molana_Muhammad_Sabir_Aarfi",1,229
"Molana_Qamar_Din",1,229
"Mollana_Ghulam_Qadir_Qasmi",1,229
"Molvi_Mohammad_Ishaque_Laghari",1,229
"Molvi_Muhammad_Saleh_Alhadad",1,229
"Moulana_Abdul_Ghafoor_Haideri",1,229
"Moulana_Abdul_Malik",1,229
"Moulana_Abdul_Naeem_Nomani",1,229
"Moulana_Hafiz_Sana_Ullah",1,229
"Moulana_Mohammad_Khan_Sherani",1,229
"Moulana_Muhammad_Yakoob_Mahar",1,229
"Moulana_Noor_Ul_Haq",1,229
"Moulvi_Agha_Muhammad",1,229
"Mualana_Muhammad_Qasim",1,229
"Mufti_Abdul_Shakoor",1,229
"Mufti_Faizul_Haq",1,229
"Mufti_Kifayat_Ullah",1,229
"Mufti_Nazir_Ahmed_Umrani",1,229
"Mufti_Taj_Ud_Din_Rabani",1,229
"Muhammad_Abdullah",1,229
"Muhammad_Akbar_Tabani",1,229
"Muhammad_Arif_Wald_Meer_Azam_Khan",1,229
"Muhammad_Ayaz_Chaudhary",1,229
"Muhammad_Ayub",1,229
"Muhammad_Hafeezur_Rahman",1,229
"Muhammad_Nabi",1,229
"Muhammad_Naseef_Awan",1,229
"Muhammad_Rafique_Abid_Alwi",1,229
"Muhammad_Riaz_Shaheen",1,229
"Muhammad_Saeed_Jan",1,229
"Muhammad_Safdar",1,229
"Muhammad_Safi_Ullah",1,229
"Muhammad_Saleh_Indhar",1,229
"Muhammad_Sardar",1,229
"Muhammad_Shah_Zaman",1,229
"Muhammad_Sharif_Sadwani_Mazari",1,229
"Muhammad_Sufyan_Muavia",1,229
"Muhammad_Tahir_Siddique",1,229
"Muhammad_Talha_Mahmood",1,229
"Muhammad_Usman_Badini",1,229
"Muhammad_Uzair_Jagirani",1,229
"Muhammad_Zakriya",1,229
"Muhammad_Zubair_Abbasi",1,229
"Mulana_Ain_u_Din_Shaker",1,229
"Mulana_Muhammad_Abdul_Majeed_Farooqe",1,229
"Musammir_Shah",1,229
"Mushtaq_Ahmad",1,229
"Niyaz_Ali",1,229
"Nizam_Din",1,229
"Nizam_Ud_Din_Lehri",1,229
"Nizamuddin",1,229
"Noor_Muhammad_Shah",1,229
"Obaid_Ullah",1,229
"Obaid_Ur_Rehman",1,229
"Pir_Muhammad_Aqal_Shah",1,229
"Pir_Syed_Alamzeb_Shah",1,229
"Qaiser_Khan",1,229
"Qari_Abdul_Aziz",1,229
"Qari_Attique_Ur_Rehman",1,229
"Qari_Khalil_Ur_Rehman",1,229
"Qari_Mohammad_Yousif",1,229
"Qari_Muhammad_Safdar_Javed",1,229
"Qari_Muhammad_Shair_Ali",1,229
"Raheem_Ullah",1,229
"Rashid_Ahmad_Khan",1,229
"Rashid_Mahmood_Soomro",1,229
"Rashid_Mehmood_Soomro",1,229
"Saad_Sultan",1,229
"Saeed_Ahmad_Awan",1,229
"Safeer_Alam",1,229
"Sahabzada_Hafiz_Aziz_Ur_Rehman_Darkhuwasti",1,229
"Saida_Jan",1,229
"Saif_Ullah_Saifi",1,229
"Saif_Ur_Rehman_Rashidi",1,229
"Saifullah_Khalid",1,229
"Salah_Ud_Din",1,229
"Salahuddin_",1,229
"Saleem_Ullah",1,229
"Sardar_Ibrar_Khan",1,229
"Shafqat_Rehman",1,229
"Shahzane_Khan",1,229
"Shamsuddin",1,229
"Shuja_Ul_Mulk",1,229
"Siraj_Ud_Din",1,229
"Sultan_Ahmad",1,229
"Syed_Abdul_Wadood_Azad",1,229
"Syed_Haroon_Sultan_Bukhari",1,229
"Syed_Muhammad_Athar",1,229
"Syed_Qasim_Shah",1,229
"Syed_Sami_Ullah",1,229
"Tanveer_Rasool_Qureshi",1,229
"Tariq_Sultan",1,229
"Tipu_Sultan",1,229
"Umer_Ali",1,229
"Zafarullah_Khan_Gichki",1,229
"Zahid_Akram_Durrani",1,229
"Zia_Ur_Rehman_Tamimi",1,229
"Fakhar_Ul_Din",1,8
"Fathe_Muhammad",1,8
"Ghazanfar_Aziz",1,8
"Hussain_Ahmed_Madni",1,8
"Muhammad_Tasadduq",1,8
"Noor_Alam",1,8
"Saddam_Ul_Haq",1,8
"Zia_Ur_Rehman_Amazai",1,8
"Abdul_Basit",1,6
"Hazoor_Baksh",1,6
"Ijaz_Ahmad",1,6
"Ikhtiar_Ahmed",1,6
"Mir_Muhammad_Ali_Reki_Baloch",1,6
"Muhammad_Jawad",1,6
"Nawab_Zada_Shahzain",1,6
"Abdullah_Mangi",1,25
"Aijaz_Ahmed_Sanjrani",1,25
"Allama_Muhammad_Hasnain_Arif",1,25
"Asghar_Ali_Mubarik",1,25
"Darban_Ali_Jaffry",1,25
"Ehsan_Ullah_Khan_Baluch",1,25
"Ghulam_Hussain",1,25
"Hakeem_Muhammad_Tufail",1,25
"Hakeem_Syed_Jaffar_Hussain_Bukhari",1,25
"Khair_Mohammad",1,25
"Khuwaja_Aftab_Ali_Jaafri",1,25
"Maqsood_Ali_Domki",1,25
"Molana_Moula_Bux_Murtazai",1,25
"Muhammad_Askari_Ul_Hidayat",1,25
"Muhammad_Hussain_Karimi",1,25
"Muhammad_Ismail_Jaffery",1,25
"Muhammad_Sarwer",1,25
"Mukhtar_Ahmed_Chandio",1,25
"Rasool_Bux_Shah",1,25
"Shumaila_Bibi",1,25
"Syed_Asghar_Abbas_Zaidi",1,25
"Syed_Basheer_Ahmed_Shah_Naqvi",1,25
"Syed_Muhammad_Hassan_Zaidi",1,25
"Zaheer_Abass_Hajano",1,25
"Dr_Sarfraz_Ahmad_Cheema",1,2
"Syed_Ghulam_Abul_Hassan_Shah",1,2
"Wajid_Hussain_Mughal",1,2
"Ali_Muhammad",1,3
"Masood_Ahmed",1,3
"Zaeem_Ud_Din_Abid",1,3
"Essa_Khan",1,6
"Gul_Meer_Khan",1,6
"Gulab_Khan",1,6
"Gull_Meer_Khan",1,6
"Hakeem_Khan",1,6
"Badshah_Rawan",1,6
"Mohsin_Faraz",1,6
"Muhammad_Ebrahim_Ali",1,6
"Sohail_Wahab",1,6
"Aasia_Ishaq",1,404
"Abdul_Jalil_Bazai",1,404
"Abdul_Kareem",1,404
"Abdul_Khalid",1,404
"Abdul_Majeed_Chohan",1,404
"Abdul_Qadeer_Khan",1,404
"Abdul_Qadir_Solangi",1,404
"Abdul_Rasheed_Godil",1,404
"Abdul_Salam_Ansari",1,404
"Abdul_Sattar_Chaudhary",1,404
"Abdul_Sattar_Jatoi",1,404
"Abdul_Waseem",1,404
"Abdul_Waseem_Khan_Ghouri",1,404
"Adbul_Rashid_Godil",1,404
"Advocate_Sikandar_Ali_Keerio",1,404
"Advocate_Zulfiqar_Ali_Qazi",1,404
"Afaq_Shafqat",1,404
"Aftab_Ahmed_Rajput",1,404
"Aftikhar_Akbar_Randhawa",1,404
"Agha_Muhammad_Ali_Khan",1,404
"Agha_Muhammad_Naved",1,404
"Ahmed_Ali_Buriro",1,404
"Ahmed_Gabol",1,404
"Ahmed_Saleem_Siddiqui",1,404
"Alam_Dar_Hussain_Shah",1,404
"Alama_Syed_Farman_Raza_Abidi",1,404
"Alambardar_Hussain_Rizvi",1,404
"Ali_Muhammad_Memon",1,404
"Amin",1,404
"Aminul_Haque",1,404
"Anwar_Ali_Khan",1,404
"Anwer_Sial_Bhai_",1,404
"Arbab_Abdul_Ghani_Kasi",1,404
"Arif_Jamal",1,404
"Arshad_Abdullah_Vohra",1,404
"Arshad_Iqbal",1,404
"Arshad_Mahmood_Rabbani",1,404
"Asad_Ullah_Shah",1,404
"Asghar_Ali_Parhiar",1,404
"Asghar_Ali_Parhiar_Advocate",1,404
"Ashfaq",1,404
"Atta_Shaikh_Advocate",1,404
"Aziz_Ullah_Marwat",1,404
"Babar_Siraj_Mirza",1,404
"Basir_Ahmad",1,404
"Begum_Tahira_Asif",1,404
"Bilal_Hussain",1,404
"Bisma_Asif",1,404
"Ch__Hamid_Ali_Wahla",1,404
"Ch__Muahmmad_Shabbir_Kamboh",1,404
"Ch__Muhammad_Safdar_Jamna",1,404
"Ch__Muhammad_Suleman_Gujar",1,404
"Ch__Zafar_Iqbal",1,404
"Ch_Abdul_Qayyum_Bajwa_Advocate",1,404
"Ch_Khalid_Hussain_Bhatti_Advocate",1,404
"Chaudhry_Iftikhar_Ahmed_Siddhu_Advocate",1,404
"Chaudhry_Javed_Sarwar",1,404
"Chaudhry_Munawar_Hafeez",1,404
"Choudhary_Anwar_Ali_Gill_Advocate",1,404
"Choudhary_Muhammad_Ilyas",1,404
"Dev_Das",1,404
"Dildar_Ahmed_Khaskheli",1,404
"Doctor_Asif_Rafique",1,404
"Doctor_Hafiz_Mohammad_Sarwar_Joyia",1,404
"Dr__Abdul_Qadir_Khanzada",1,404
"Dr__Ejaz_Hussain",1,404
"Dr__Farooq_Sattar",1,404
"Dr__K_s__Mujahid_Khan_Baloch",1,404
"Dr__Khalid_Maqbool_Siddiqui",1,404
"Dr__Lala_Rukh_Mustafa",1,404
"Dr__Muhammad_Ayoub_Shaikh",1,404
"Dr__Muhammad_Farooq_Sattar",1,404
"Dr__Mumtaz_Ali_Chandio",1,404
"Dr__Taj_Hussain_Fani",1,404
"Dr_Abdul_Razaque_Lashari",1,404
"Dr_imam_Bux_Khilji",1,404
"Dr_Muhammad_Musa_Advocate",1,404
"Dr_nadeem_Ehsan",1,404
"Dr_Zaib_Un_Nisa",1,404
"Engineer_Afridi",1,404
"Engineer_Muhammad_Zakir",1,404
"Fahmida_Shah_Bukhari",1,404
"Faiz_Muhammad",1,404
"Farhan_Chishti",1,404
"Farhat_Muhammad_Khan",1,404
"Farkhanda_Khalid",1,404
"Farrukh_Hussain",1,404
"Fayyaz_Ali",1,404
"Fazal_Ul_Rehman",1,404
"Feroz_Khan",1,404
"Fouzia_Hameed",1,404
"Ghaman",1,404
"Ghazanfar_Anjum_Yousafzai_Advocate",1,404
"Ghazi_Salahuddin",1,404
"Ghulam_Akber_Mallah",1,404
"Ghulam_Asghar_Rind",1,404
"Ghulam_Farooq_Shahwani",1,404
"Ghulam_Muhammad_Rajoka",1,404
"Ghulam_Murtza_Solangi",1,404
"Ghulam_Mustafa_Sumsam_Qureshi",1,404
"Ghulam_Yasin",1,404
"Gulzar_Ali_Mugheri",1,404
"Habibullah_Khan",1,404
"Hafeezuddin",1,404
"Hafiz_Muhammad_Hanif",1,404
"Haji_Muhammad_Saeed_Arian",1,404
"Hamid_Mehmood",1,404
"Hassan_Sabir",1,404
"Heer_Soho",1,404
"Hubdar_Ali",1,404
"Humayu_Usman",1,404
"Hussain_Bakhsh_Panhwar",1,404
"Iftikhar_Mughal",1,404
"Imran_Khan_Rajput",1,404
"Imtiaz_Ali",1,404
"Imtiaz_Ali_Lakho",1,404
"Inayat_Ali_Rind",1,404
"Inayat_Ul_Haq",1,404
"Iqbal_Muhammad_Ali_Khan",1,404
"Irfan_Ali_Bikak",1,404
"Irfan_Siddique",1,404
"Irshad_Bano",1,404
"Izhar_Ul_Haq_Qureshi_Siddiqui",1,404
"Junaid_Ahmed_Samejo",1,404
"Junaid_Tariq_Qureshi_Advocate",1,404
"Kaleem_Khan",1,404
"Karim_Khan",1,404
"Kashif_Ali_Khan",1,404
"Khair_Bux_Khosa",1,404
"Khalid_Maqbool_Siddiqui",1,404
"Khawaja_Awais_Mushtaq",1,404
"Khawaja_Izhar_Ul_Hassan",1,404
"Khawaja_Sohail_Mansoor",1,404
"Khursheed_Abbas",1,404
"Khursheed_Ali",1,404
"Khushbakht_Shujat",1,404
"Kiran_Muhammad_Ali",1,404
"Kokab_Bukhari",1,404
"m_Ameen_Watoo",1,404
"Mahrukh_Mirza",1,404
"Major_r__Habib_Ur_Rehman_Khan_Myo_Advocate",1,404
"Makhdoom_Syyed_Zawar_Hussain",1,404
"Malik_Abdul_Hameed_Awan",1,404
"Malik_Abdul_Rehman_Dehwar",1,404
"Malik_Ameer_Abdullah_Awan",1,404
"Malik_Amjid_Hussain_Uttera",1,404
"Malik_Aurang_Zaib_Awan",1,404
"Malik_Ejaz_Ahmad_Channar",1,404
"Malik_Javed_Khan",1,404
"Malik_Mazhar_Hussain",1,404
"Malik_Muhammad_Asif_Awan",1,404
"Malik_Muhammad_Asim",1,404
"Malik_Subhoh_Saddiq",1,404
"Malik_Tanveer_Hussain",1,404
"Malik_Zafar_Iqbal_Boorh",1,404
"Mangharam",1,404
"Manzoor_Joori",1,404
"Maqsood_Ahmed_Awan",1,404
"Maryam_Bibi",1,404
"Maulana_Noor_Ul_Haq",1,404
"Mazhar_Ali_Alvi",1,404
"Mazhar_Hussain",1,404
"Mehar_Tajamal_Hussain_Luck",1,404
"Mehboob_Alam",1,404
"Mehmood_Qadir_Khanzada",1,404
"Mehr_Tariq_Maqsood_Advocate",1,404
"Mian_Aftab_Ahmad_Qureshi",1,404
"Mian_Muhammad_Ateeq_Sheikh",1,404
"Mian_Nadeem_Anwar",1,404
"Mian_Sarfraz_Watto",1,404
"Mian_Tariq_Ali_Bodla",1,404
"Mihtab_Hayat_Khan",1,404
"Mir_Sanaullah_Khan_Murghazani",1,404
"Mirza_Muhammad_Jameel_Raza",1,404
"Mohammad_Salman_Khan_Baloch",1,404
"Mohammad_Umer_Agha_Awaan",1,404
"Mohammad_Zubair_Anjum",1,404
"Mohsin_Badshah_Advocate",1,404
"Mr__Ghulam_Mohiuddin_Durrani__Advocate_",1,404
"Mr__Rana_Fateh_Muhammad_Rajput",1,404
"Mr_ferozuddin_Narejo",1,404
"Mrs__Khush_Bakhat_Shujaat",1,404
"Mudassar_Ejaz",1,404
"Muhamamd_Moin_Aamer_Pirzada",1,404
"Muhammad_Abdul_Rauf_Siddiqui",1,404
"Muhammad_Adrees",1,404
"Muhammad_Akhtar",1,404
"Muhammad_Akram_Arain_Advocate",1,404
"Muhammad_Aleem",1,404
"Muhammad_Ali_Jawad",1,404
"Muhammad_Ali_Rodeni",1,404
"Muhammad_Amin_Wattoo_",1,404
"Muhammad_Anwar_Khantareen",1,404
"Muhammad_Arif_Brohi",1,404
"Muhammad_Asif_Jah",1,404
"Muhammad_Aslam__Retired_",1,404
"Muhammad_Hafeez_Tabassum",1,404
"Muhammad_Hanif_Ansari",1,404
"Muhammad_Hussain_Awan",1,404
"Muhammad_Ilyas",1,404
"Muhammad_Imran_Gill",1,404
"Muhammad_Imran_Ijaz_Butt",1,404
"Muhammad_Jan_Rind",1,404
"Muhammad_Jawed_Hanif_Khan",1,404
"Muhammad_Jumma_Changazi",1,404
"Muhammad_Junaid_Niaz_Siddiqui",1,404
"Muhammad_Meraj_Ahmed",1,404
"Muhammad_Mureed_Brohi",1,404
"Muhammad_Muzammil_Qureshi",1,404
"Muhammad_Pervaiz",1,404
"Muhammad_Ramzan_Lashari",1,404
"Muhammad_Rashid_Saleem_Khanzada",1,404
"Muhammad_Rehan_Hashmi",1,404
"Muhammad_Roshan_Khan",1,404
"Muhammad_Saeed_Anwar",1,404
"Muhammad_Saleem",1,404
"Muhammad_Saleem_Langah",1,404
"Muhammad_Sarwar_Alvi",1,404
"Muhammad_Shafique_Bhatti",1,404
"Muhammad_Talib_Bhatti",1,404
"Muhammad_Tariq_Pachar",1,404
"Muhammad_Tufail_Thakar_Advocate",1,404
"Muhammad_Zakir_Shaikh",1,404
"Muhammad_Zunbair_Anjum",1,404
"Mujahid_Abbas_Khan",1,404
"Mulana_Abdul_Baqi_Torkhel",1,404
"Mumtaz_Bhai",1,404
"Munawar_Ali_Chohan",1,404
"Munawar_Ali_Choohan_",1,404
"Munir_Ahmed_Pathan",1,404
"Munzleen",1,404
"Mushtaq_Ali",1,404
"Mustafa_Kamal",1,404
"Muzammil_Hussain_Joyia",1,404
"Nadeem_Brohi_Bhai",1,404
"Naeem_Ajmal_Khan_Lashari_Bedar",1,404
"Najma",1,404
"Naseem_Akhtar",1,404
"Naseer_Ahmed_Farooqi",1,404
"Nasir_Ayyub_Awan_Advocate",1,404
"Naveed_Akhter_Khan",1,404
"Naveed_Hasan",1,404
"Nawab_Ali",1,404
"Nazir_Ahmed_Abbasi",1,404
"Nazir_Hussain",1,404
"Nazli_Ifat_Tabasum",1,404
"Nisar_Ahmed_Shar",1,404
"Nisar_Ahmed_Sultan_Tanoli",1,404
"Noor_Ahmad",1,404
"Noor_Mohammad_Sahito",1,404
"Paras",1,404
"Peer_Nasir_Saqlalin_Muhammadi",1,404
"Pir_Bux_Solangi",1,404
"Pir_Syed_Farzand_Ali_Shah",1,404
"Pir_Zaman_Shah",1,404
"Poonjo_Bheel_Advocate",1,404
"Prem_Chand",1,404
"Prof__Mushtaq_Hussain_Mughal",1,404
"Prof_muhammad_Sagheer_Choudhary_",1,404
"Professor_Khursheed_Ahmed_Siddiqui",1,404
"Qalib_Abbas_Malik",1,404
"Qayum_Khan",1,404
"Rai_Muhammad_Younas",1,404
"Raja_Ajaz_Hussain",1,404
"Rana_Abdul_Rehman_Sultani",1,404
"Rana_Farhat_Ali_Advocate",1,404
"Rana_Muhamamd_Ashraf",1,404
"Rana_Muhammad_Abu_Bakar",1,404
"Rana_Muhammad_Arif_Raza",1,404
"Rana_Muhammad_Arshad_Khan",1,404
"Rana_Nisar_Ahmed",1,404
"Rana_Sajid_Mehmood_Advocate",1,404
"Rana_Zafar_Ali_Khan",1,404
"Rana_Zahoor_Ul_Haq_Advocate",1,404
"Rana_Zulqarnain_Khan",1,404
"Rao_Abdul_Qayoum_Khan_Advocate",1,404
"Rao_Abdul_Qayyum_Khan_Advocate",1,404
"Rao_Muhammad_Farman_Uarf_Chotu_Chacha",1,404
"Razia_Iqbal",1,404
"Razziq_Mehmood_Bhatti",1,404
"Riaz_Shar",1,404
"Rizwan_Zafar",1,404
"S_a_iqbal_Qadri",1,404
"Saba_Anwar",1,404
"Sadiq_Iftikhar",1,404
"Saifullah_Khan",1,404
"Sajid_Ahmed",1,404
"Sajid_Wahab_Khanzada",1,404
"Sajjad_Ahmad_Naseem",1,404
"Sakhi_Dad_Mari",1,404
"Salahuddin",1,404
"Samia_Naz",1,404
"Sardar_Afzaal_Ahmed_Madahar_Advocate",1,404
"Sardar_Ameer_Qalam_Awan",1,404
"Sardar_Ghulam_Mujtaba_Khan",1,404
"Sardar_Nabeel_Ahmed_Gabol",1,404
"Sarfaraz_Khan",1,404
"Sarwar_Khan_Lashri_Advocate_High_Court_",1,404
"Shabbir_Ahmed_Qaimkhani",1,404
"Shah_Nawaz_Mahar",1,404
"Shahid_Akram",1,404
"Shahid_Khan_Advocate",1,404
"Shahid_Parvaiz_Dogar_Advocate",1,404
"Shahid_Sultan",1,404
"Shahinshah_Khuddar",1,404
"Shaikh_Salahuddin",1,404
"Shakeel_Ahmed",1,404
"Shaukatullah_Farooqui",1,404
"Shehbaz_Khan_Umrani",1,404
"Shehzad_Asif_Javed",1,404
"Sheikh_Qaisar_Javed",1,404
"Sheikh_Salahuddin",1,404
"Sher_Muhammad_Nohri",1,404
"Siraj-Ud-Din",1,404
"Sohail_Ahmed_Abbasi",1,404
"Sufyan_Yousuf",1,404
"Suhail_Ahmed_Abbasi_Advocate_",1,404
"Suheno",1,404
"Syed_Akhter_Ul_Iqbal_Qadri",1,404
"Syed_Ali_Abbas_Shah",1,404
"Syed_Ali_Raza_Abidi",1,404
"Syed_Ashraf_Hussain_Shah",1,404
"Syed_Asif_Hasnain",1,404
"Syed_Baqar_Ahsan",1,404
"Syed_Farzand_Ali_Shah",1,404
"Syed_Ghulam_Shabbir_Shah",1,404
"Syed_Haider_Abbas_Rizvi",1,404
"Syed_Imran_Abdullah_so_Syed_Muhammd_Abdullah_Shah",1,404
"Syed_Imran_Hyder_Shah",1,404
"Syed_Iqbal_Hussain",1,404
"Syed_Jamil_Ur_Rab",1,404
"Syed_Jehan_Shah__Retd_",1,404
"Syed_Munir_Ul_Haq_Advocate_Attock",1,404
"Syed_Murtaza_Hussain_Shah",1,404
"Syed_Nadeem_Hyder_Shah_Advocate",1,404
"Syed_Nadeem_Mansoor",1,404
"Syed_Naveed_Anjum_Bukhari",1,404
"Syed_Rafi_Uddin",1,404
"Syed_Riffat_Hussain_Shah",1,404
"Syed_Tayyab_Hussain",1,404
"Syed_Waseem_Hussain",1,404
"Syed_Zafar_Iqbal_Bukhari",1,404
"Syed_Zahid_Ali_Shah",1,404
"Ubedullah",1,404
"Waheed_Ahmed_Mughal",1,404
"Waheed_Ud_Din",1,404
"Walidad",1,404
"Waseem_Ahmed",1,404
"Waseem_Akhter",1,404
"Wasiullah_Lakhoo",1,404
"Wing_Commander_r__Muhammad_Nawaz_Asim",1,404
"Zaheer_Ahmed",1,404
"Zahid_Ali_Ujjan",1,404
"Zahid_Mehmood_Kiani",1,404
"Zair_Ullah_Khan",1,404
"Zameer_Ahmed",1,404
"Zeeshan_Hasan_Sidhu_Advocate",1,404
"Zulfiqar_Ali",1,404
"Abdul_Hai_Sheikh_Qari_Sahab",1,86
"Abdul_Hakam",1,86
"Abdul_Hanan",1,86
"Amanullah_Usmani",1,86
"Anus_Bin_Malik",1,86
"Asghar_Ali_Abbasi",1,86
"Atta_Ullah",1,86
"Bashir_Ahmad",1,86
"Bilal_Ahmed",1,86
"Chand_Faisal",1,86
"Faridullah",1,86
"Fiaz_Ur_Rehman_Siddiqui",1,86
"Gul_Wazir_Shaheen",1,86
"Habibullah_Mukhtiar",1,86
"Hafeezullah_Chandio",1,86
"Hafiz_Asim_Makdoom",1,86
"Hafiz_Manzoor_Ahmed_Solangi",1,86
"Hafiz_Mohammad_Akber",1,86
"Hafiz_Muhammad_Hanif_Usmani",1,86
"Hafiz_Muhammad_Safdar_Qasmi",1,86
"Hafiz_Orangzaib",1,86
"Hafiz_Qudratullah_Arif_Khan",1,86
"Hafiz_Rana_Muhammad_Usman_Shakar",1,86
"Hakeem_Jameel_Asghar_Khizri",1,86
"Hakeem_Muhammad_Sadique",1,86
"Ishtiaq_Ahmad",1,86
"Khalifa_Abdul_Qayyum",1,86
"Khwaja_Muhammad",1,86
"Mahar_Ghulam_Shabir",1,86
"Maulana_Rasheed_Ahmad",1,86
"Maulana_Umar_Farooq_Saddiqui",1,86
"Mohammad_Ramzan_Malik_Mdm",1,86
"Mohammad_Tayyab",1,86
"Molana_Abdul_Waheed",1,86
"Molana_Hamid_Ul_Haq_Haqqani",1,86
"Molana_Hidayat_Ullah_Khan_Chishti",1,86
"Molana_Iftikhar_Ahmed",1,86
"Molana_Muhammad_Ahmad_Ludhianvi",1,86
"Molana_Muhammad_Bilal_Umer",1,86
"Molana_Taj_Muhammad_Hanfi",1,86
"Mollana_Abdul_Kabeer_Shahkir",1,86
"Molvi_Abdul_Hai",1,86
"Mr_ayoub_Chandio",1,86
"Muhammad_Arfan_Siddiquei_Advocate",1,86
"Muhammad_Ashiq_Khan",1,86
"Muhammad_Aslam_Siddiqui",1,86
"Muhammad_Basir_Sikhan_Advocate",1,86
"Muhammad_Hayat_Muhammad_Hassani",1,86
"Muhammad_Ibrahim_Qasmi",1,86
"Muhammad_Iqbal_Jutt",1,86
"Muhammad_Muhsan_Rahmani",1,86
"Muhammad_Naseem_Khan",1,86
"Muhammad_Sarwar",1,86
"Mulana_Muhammad_Asif_Moavia_Sial",1,86
"Qari_Abdul_Majeed",1,86
"Qari_Abdul_Majeed_Pitafi",1,86
"Qari_Asghar_Ali",1,86
"Qari_Faqir_Mohammad_Hazarvi",1,86
"Qari_Hussain_Ahmad_Shad",1,86
"Qazi_Naeem_Akhtar",1,86
"Qazi_Saif_Ullah_Khan",1,86
"Qudratullah_Rajput",1,86
"Raheem_Bukhsh",1,86
"Rana_Hafiz_Abdul_Jabbar_Muavia",1,86
"Rao_Habib_Ur_Rehman",1,86
"Rao_Muhammad_Javaid_Iqbal",1,86
"Rehan_Mehmood_Zia",1,86
"Syed_Bahroon_Shah",1,86
"Syed_Faisal_Hussain_Shah_Gillani",1,86
"Syed_Muhammad_Subtain_Shah_Naqvi",1,86
"Tahir_Aqeel",1,86
"Zaheer_Uddin_Baber",1,86
"Zar_Wali_Khan",1,86
"Habib_Noor",1,2
"Malik_Habib_Malak_Orakzai",1,2
"Noor_Jamal_Shah",1,2
"Abdul_Aziz_Baloch",1,108
"Abdul_Aziz_Khan_Khilji_Advocate",1,108
"Abdul_Moeen_Qureshi",1,108
"Abdullah_Shaikh",1,108
"Allama_Doctor_Muhammad_Anees_Rohani",1,108
"Anwar_Ul_Habib",1,108
"Aslam_Katchela",1,108
"Attaullah_Khoso",1,108
"Aziz_Ud_Din",1,108
"Doctor_Muhammad_Khalid_Raza_Pir_Zakori_Sharif",1,108
"Dr__Abdul_Rehman_Shakir",1,108
"Dr__Abid_Rauf_Orakzai",1,108
"Ehsan_Bari_Mian_Doctor_Sahib",1,108
"Ghulam_Kibriya_Rizwan__G_k__Rizwan_Advocate_",1,108
"Hafiz_Abdul_Razaq_Parhyar",1,108
"Hafiz_Muhammad_Ejaz-Ul-Haq_Ch_",1,108
"Hafiz_Muhammad_Hanif_Zafar__Advocate_",1,108
"Hafiz_Muhammad_Ibrahim_Soomro",1,108
"Hafiz_Muhammad_Idrees",1,108
"Hafiz_Muhammad_Nadeem",1,108
"Hafiz_Saeed_Ahmad",1,108
"Hafiz_Sana_Ullah",1,108
"Haji_Abdul_Jalil_Jan",1,108
"Haji_Rozuddin",1,108
"Hidayat-Ur-Rehman",1,108
"Ibrahim_Rais_Advocate",1,108
"Iftikhar_Ahmed_Haqani",1,108
"Iftikhar_Ahmed_Haqqani",1,108
"Imdad_Hussain_Pitafi",1,108
"Kari_Abdul_Rasheed_Awan__Retired_",1,108
"Khawja_Ghulam_Nizam_Ud_Din",1,108
"Malik_Faiz_Muhammad_Adovocate",1,108
"Manzoor_Ahmed_Soomro",1,108
"Maulana_Atta-Ul-Haq",1,108
"Maulana_Malik_Muhammad_Khan_Sherani",1,108
"Maulana_Mohammad_Qasim",1,108
"Maulana_Nisar_Khan",1,108
"Maulana_Rehmat_Ullah",1,108
"Maulana_Sadiq_Ahmad",1,108
"Maulana_Zahoor_Ahmad_Ranjha",1,108
"Mir_Wali",1,108
"Mohammad_Hafizur_Rehman",1,108
"Molana_Abdul_Ghafoor_Hyderi_",1,108
"Molana_Abdul_Ghafoor_Qasimi",1,108
"Molana_Abdul_Hai",1,108
"Molana_Fazal_Azim",1,108
"Molana_Shujah-Ul-Mulk",1,108
"Molvi_Agha_Muhammad",1,108
"Molvi_Attaullah",1,108
"Molvi_Faizullah",1,108
"Molvi_Fateh_Mohammad_Maheri",1,108
"Molvi_Karimdad",1,108
"Molvi_Muhammad_Idrees_Soomro",1,108
"Molvi_Muhammad_Jehangir_Khan",1,108
"Molvi_Qamar-Ud-Din",1,108
"Moulana_Abdul_Karim_Abid",1,108
"Moulana_Abdul_Razaque_Abid_Lakho_",1,108
"Moulana_Abdul_Samad_Shahwani___r_",1,108
"Moulana_Muhammad_Zahid_Anwar",1,108
"Moulana_Siddique_Mughari",1,108
"Moulanataj_Muhammad_Nahiyon",1,108
"Mr__Mufti_Wali_Muhammad",1,108
"Mufti_Abdul_Nabi_Langah",1,108
"Mufti_Ahtisham-Ul-Haq_Asia_Abadi",1,108
"Mufti_Ajmal_Khan",1,108
"Mufti_Ali_Hassan_Buriro_",1,108
"Mufti_Fazal-Ur-Rehman_Nasir_",1,108
"Mufti_Hafiz_Muhammad_Usman",1,108
"Mufti_Muhammad_Hanif_Khoso",1,108
"Mufti_Muhammad_Sajjad",1,108
"Mufti_Muhammad_Younas",1,108
"Muhammad_Akram_Abbasi",1,108
"Muhammad_Faiz-Ur-Rehman",1,108
"Muhammad_Idrees_Haqani",1,108
"Muhammad_Ilyas_Siddique_Advocate",1,108
"Muhammad_Rab_Nawaz",1,108
"Muhammad_Ramzan_Phulpoto",1,108
"Muhammad_Riaz_Noori",1,108
"Muhammad_Siddique_Rathor",1,108
"Muhammad_Zubair_Kayani",1,108
"Prof__Abdul_Rehman_Ludhanvi",1,108
"Professor_Raja_Aurangzeb_Khan",1,108
"Qari_Muhammad_Usman",1,108
"Qari_Muhammad_Yousaf",1,108
"Qari_Muhammad_Zawar_Bahadur",1,108
"Qari_Muhammad_Zawar_Bahadur__Retired_",1,108
"Qari_Syed_Abdul_Rahim_Shah",1,108
"Qazi_Fazal_Ullah",1,108
"Qazi_Hameed_Ullah_Khan",1,108
"Raja_Ishtiaq_Ahmed",1,108
"Rauy_Bashir_Ahmad",1,108
"Rehmatullah_Tunsuwani",1,108
"Sahibzada_Abul_Khair_Muhammad_Zubair",1,108
"Sahibzada_Khalid_Jan",1,108
"Said_Mukhtar_Ahmed",1,108
"Saleemullah_Khan_Tarak",1,108
"Saqib_Rehman_",1,108
"Shabbir_Abu_Talib",1,108
"Sibghatullah_Chuadhry",1,108
"Syed_Abdul_Salam_Hassan_Raza_Naqvi",1,108
"Syed_Muhammad_Ayoub_",1,108
"Arbab_Liaquat_Ali",1,7
"Jaffar_Ali",1,7
"Mohsin_Sajjad_Utraa",1,7
"Muntazir_Mehdi",1,7
"Ruqia_Sultana",1,7
"Syed_Arif_Raza_Zaidi",1,7
"Syeda_Zainab_Kazmi",1,7
"Abdul_Kareem_Khetran",1,11
"Abdul_Khaliq_Baloch",1,11
"Dr_Abdul_Hayee_Baloch",1,11
"Haji_Musa_Jan_Khilji",1,11
"Mir_Muhammad_Ayoub_Jattak",1,11
"Mmad_Yasin_Baloch",1,11
"Sardar_Kamal_Khan_Bangulzai",1,11
"Sardar_Sanaullah_Zehri_",1,11
"Yar_Muhammad_Bangulzai",1,11
"Abdul_Mujeeb_Pirzada",1,5
"Ghulam_Murtaza_Khan_Jatoi",1,5
"Ghulam_Rasool_Khan_Jatoi",1,5
"Muhammad_Ibrahim_Jatoi",1,5
"Rais_Ghulam_Murtaza_Jatoi",1,5
"Ahmad_Jaan",1,5
"Aimal_Nasir_Khan",1,5
"Mohsin_Javed",1,5
"Muhammad_Asghar_Khan",1,5
"Syed_Nadeem_Shah",1,5
"Abdul_Khalique",1,13
"Faiza_Rafique",1,13
"Ijaz_Hussain",1,13
"m_Naeem",1,13
"Mir_Kabeer_Ahmed",1,13
"Muhammad_Hussain_Wattoo",1,13
"Phaleen",1,13
"Sabira_Asad",1,13
"Yar_Muhammad",1,13
"Yasar_Altaf_Rana",1,13
"Yasmeen_Bibi_Lehri",1,13
"Saira_Khatoon",1,2
"Sayyed_Khalid_Mehmood_Shah",1,2
"Shahid_Ahmad",1,2
"Asia_Chudhary",1,3
"Mirza_Zaheer_Ahmed_Babar",1,3
"Raja_Muhammad_Aftab_Satti",1,3
"Abdul_Aziz_Khan",1,3
"Ghulam_Habib_Marwat",1,3
"Makhdoom_Nasir_Farid_Chishti",1,3
"Rubina_Shaheen_Wattoo",1,3
"Danish_Channa",1,2
"Muhammad_Jaffar_Jatoi",1,2
"Raheeman",1,2
"Admiral_r_Javaid_Iqbal",1,16
"Admiral_r_Javed_Iqbal",1,16
"Ameer_Ahmad_Awan",1,16
"Asghar_Ali_Javed",1,16
"Choudhary_Muhammad_Rafi",1,16
"Hafiz_Muhammad_Abid_Khan_Saeedi",1,16
"Khalid_Jamal_Siddiqui",1,16
"Muhammad_Salman_Ansari",1,16
"Nasir_Raheem",1,16
"Nazar_Ali_Mazari",1,16
"Rahmaan_Alli",1,16
"Syed_Ahmed_Ali",1,16
"Syed_Iqbal_Shah",1,16
"Syed_Rashid_Ali_Gerdazi",1,16
"Tariq_Yaseen",1,16
"Doctor_Muhammad_Rashid_Qammar",1,4
"Muhammad_Arshad_Hussain_Chishti",1,4
"Sardar_Naseer_Ahmed",1,4
"Sufi_Muhammad_Ali_Naqshbandi",1,4
"Ch_Ijaz_Hussain_Gujjar_Advocate",1,12
"Ch_Muhammad_Majeed_Gill_Advocate",1,12
"Chudhary_Ghulam_Rasool_Mehr",1,12
"Malik_Mansaf_Awan_Advocate",1,12
"Malik_Noor_Muhammad_Sarfraz_Awan_Advocate",1,12
"Mian_Ghulam_Rasool_Advocate",1,12
"Muhammad_Arshad_Faqir",1,12
"Muhammad_Naeem_Kashif_Adv",1,12
"Muhammad_Shakeel_Tahir",1,12
"Qari_Nadeem_Ahmad_Owaisi",1,12
"Rai_Muhammad_Nawaz_Kharal_Advocate",1,12
"Zafar_Iqbal_Rajput_Khokhar",1,12
"Abdul_Ghafoor_Kolachi",1,4
"Malik_Zulfiqar_Hussain",1,4
"Muhammad_Amir_Wattoo",1,4
"Syed_Muhammad_Asad_Shah_Athar",1,4
"Tariq_Iqbal",1,4
"Abdul_Rehman_Khan_Jamali",1,244
"Abdur_Raj_Khan",1,244
"Adeeba_Gul_Magsi",1,244
"Alhaaj_Malak_Aurangzeb_Khan",1,244
"Ali_Asjad_Malhi",1,244
"Altaf_Hussain_Unar",1,244
"Amanullah_Khan_Jadoon",1,244
"Amanullah_Paracha",1,244
"Ameer_Maqam",1,244
"Anwar_Ul_Haq_Alias_Anno",1,244
"Arbab_Zakaullah",1,244
"Asif_Tauseef_",1,244
"Aurangzaib_Khan_Khichi",1,244
"Azeem_u_Deen_Zahid",1,244
"Begum_Malik_Shoaib_Awan",1,244
"Brgd_r__Zulfiqar_Ahmad_Dhillon",1,244
"Ch__Abdul_Sattar",1,244
"Ch__Anwar_Ali_Cheema",1,244
"Ch__Bilal_Ijaz",1,244
"Ch__Ghais_Ahmed_Mela",1,244
"Ch__Imran_Ullah",1,244
"Ch__Muhammad_Ashiq_Dyial",1,244
"Ch__Nazir_Ahmed_Jatt",1,244
"Ch__Pervaiz_Ellahi",1,244
"Ch__Shahid_Akram_Bhinder",1,244
"Ch__Shamshad_Ahmad_Khan",1,244
"Ch__Shujaat_Hussain",1,244
"Ch__Zaffar_Iqbal_Warraich",1,244
"Ch_amir_Hussain_",1,244
"Ch_Anwar_Ali_Cheema",1,244
"Ch_Liaqat_Abbas_Bhatti",1,244
"Ch_muhammad_Saeed_Virk",1,244
"Ch_nauraiz_Shakoor_Khan",1,244
"Ch_Parvez_Elahi",1,244
"Ch_pervaiz_Elahi",1,244
"Ch_pervaiz_Ellahi",1,244
"Ch_Sajid_Hussain_Chatha",1,244
"Ch_shahbaz_Hussain",1,244
"Ch_Shoukat_Ali_Bhatti",1,244
"Ch_shujat_Hussain",1,244
"Ch_Wajahat_Hussain",1,244
"Chaudhary_Shahbaz_Hussain",1,244
"Chaudhary_Wajahat_Hussain",1,244
"Chaudhry_Muhammad_Anwar_Bhinder",1,244
"Choudhry_Adil_Saboor",1,244
"Choudhry_Farrukh_Altaf",1,244
"Choudhry_Tariq_Bashir_Cheema",1,244
"Dewan_Syed_Ashiq_Hussain_Bukhari",1,244
"Doctor_Nisar_Ahmad_Jat_",1,244
"Dr__Ghulam_Hyder_Samejo",1,244
"Dr_junaid_Mumtaz_Joya",1,244
"Dr_sher_Afghan_Khan_Niazi",1,244
"Engineer_Amir_Muqam",1,244
"Fahad_Malik",1,244
"Farhad_Ali_Khan",1,244
"Farkhanda_Amjad_Warraich",1,244
"Farooq_Ahmed_Khan_Leghari",1,244
"Fawad_Ahmad",1,244
"Fazal_Ahmad_Sheikh",1,244
"Ghias_Ahmad_Mela",1,244
"Ghulam_Sarwar_Siyal_Babu",1,244
"Habibullah_Khan_Kundi",1,244
"Haji_Bilal_Noor_Ansari_",1,244
"Haji_Mohammad_Islam_Qureshi",1,244
"Haleem_Adil_Shaikh",1,244
"Hamayun_Saifullah_Khan",1,244
"Hamid_Nasir_Chatha",1,244
"Hamid_Yar_Hiraj",1,244
"Haroon_Ehsan_Piracha",1,244
"Humayun_Akhtar_Khan",1,244
"Hussaini_Shahabuddin_Shah",1,244
"Ihsan_Ali_Jatoi",1,244
"Inam_Khan",1,244
"Irshad_Alam",1,244
"Ishaq_Khan_Khakwani",1,244
"Jaffar_Khan_Mandokhel",1,244
"Jam_Mir_Muhammad_Yousuf",1,244
"Javed_Iqbal_Satti",1,244
"Kh__Tahir_Zia",1,244
"Khalid_Ahmad_Gurmani",1,244
"Khan_Aftab_Ahmad_Khan_Khichi",1,244
"Khan_Amanullah_Khan",1,244
"Khan_Muhammad_Dhari",1,244
"Khawja_Sheeraz_Mehmood",1,244
"Khurram_Munawar_Manj",1,244
"Khurram_Munawwar_Munj",1,244
"Khurshid_Ali_Khan",1,244
"Liaquat_Ali_Qureshi",1,244
"Lietutant_Col__r_Ghulam_Rasul_Sahi_",1,244
"Liquat_Ali_Khan_Jatoi",1,244
"Maj__r__Habib_Ullah_Warraich",1,244
"Makhdom_Zada_Syed_Basit_Ahmad_Sultan_Bukhari",1,244
"Makhdoom_Khusru_Bakhtiar",1,244
"Makhdoom_Syed_Ahmad_Alam_Anwar",1,244
"Makhdoom_Syed_Ali_Akbar_Mehmood",1,244
"Makhdoom_Syed_Faisal_Saleh_Hayat",1,244
"Malik_Ghulam_Murtaza_Maitla",1,244
"Malik_Ghulam_Qasim_Hinjra",1,244
"Malik_Najab_Gul_Khalil_Adv_",1,244
"Malik_Nauman_Ahmad_Langrial",1,244
"Malik_Nauman_Ahmed_Langriyal",1,244
"Malik_Niaz_Ahmad_Jakhar",1,244
"Mian_Ahmad_Raza_Khan_Maneka",1,244
"Mian_Khursheed_Mehmood_Kasuri",1,244
"Mian_Mazhar_Ahmed_Qureshi",1,244
"Mian_Muhammad_Azhar",1,244
"Mian_Muhammad_Jehangir",1,244
"Mian_Muhammad_Kashif_Ashfaq",1,244
"Mian_Muhammad_Riaz_",1,244
"Mian_Najeeb_Ud_Din_Awasi",1,244
"Mian_Rajab_Ali_Khan_Baloch_",1,244
"Mian_Shamim_Haidar",1,244
"Mian_Yahya_Shah_Kaka_Khel",1,244
"Mir_Ahmadan_Khan_Bugti",1,244
"Mir_Ahmedan_Khan_Bugti",1,244
"Mir_Asim_Kurd",1,244
"Mir_Atta-Ur-Rehman_Mengal",1,244
"Mir_Zeeshan_Ali_Panhwar",1,244
"Mr__Ghulam_Sarwar_Siyal__Babu_",1,244
"Muhammad_Afrooq_Anwar_Abbasi",1,244
"Muhammad_Ajmal_Khan_Kanjoo",1,244
"Muhammad_Asim_Nazir",1,244
"Muhammad_Aslam_Khan_Kharral",1,244
"Muhammad_Ayub_Khan_Khattak",1,244
"Muhammad_Basharat_Raja",1,244
"Muhammad_Idrees",1,244
"Muhammad_Intikhab_Khan",1,244
"Muhammad_Naseer_Khan",1,244
"Muhammad_Nasir_Raja",1,244
"Muhammad_Raza_Hayat_Hiraj",1,244
"Muhammad_Saddique_Khan_Baluch",1,244
"Muhammad_Safdar_Shakir_",1,244
"Muhammad_Sarwar_Khan_Kakar",1,244
"Muhammad_Shah_Khagga",1,244
"Muhammad_Tahir_Shah",1,244
"Muhammad_Urs_Khero",1,244
"Muhtarma_Amna_Zulifqar_Dhillon",1,244
"Mukhdoom_Syed_Sami-Ul-Hassan_Gilani",1,244
"Mushtaq_Ali_Cheema_",1,244
"Nasir_Iqbal_Busal",1,244
"Nasrullah_Khan_Bijarani",1,244
"Nawab_Zada_Iftikhar_Ahmad_Khan_Babar",1,244
"Nawabzada_Sardar_Khan_Chandio",1,244
"Niloufer_Qasim_Mahdi",1,244
"Peer_Tariq_Ahmed_Shah",1,244
"Pir_Aslam_Bodla",1,244
"Pir_Muhammad_Shah_Khagga",1,244
"Professor_Engineer_Rana_Saeed_Ahmed_Zafar",1,244
"Qari_Mushtaque_Ahmed_Farooqui",1,244
"Rai_Mansab_Ali",1,244
"Rai_Muhammad_Aslam_Kharal",1,244
"Rais_Munir_Ahmad",1,244
"Raja_Qasim_Javaid_Ikhlas",1,244
"Raja_Talia_Saeed_Khan",1,244
"Rana_Asif_Touseef",1,244
"Rana_Tariq_Javed",1,244
"Rana_Zahid_Mahmood_",1,244
"Rao_Sikandar_Iqbal",1,244
"Rehman_Naseer",1,244
"Rehman_Naseer_Ch_",1,244
"Riaz_Fatiyana",1,244
"Rifat_Javed_Kahloon",1,244
"Rizwan_Sadiq_Khan",1,244
"Ruquiya_Saeed_Hashmi",1,244
"Sahibzada_Muhammad_Nazir_Sultan",1,244
"Said_Badshah",1,244
"Sajad_Hussain",1,244
"Saranzaib_Khan",1,244
"Sardar_Aqil_Omer",1,244
"Sardar_Ashiq_Hussain_Gopan",1,244
"Sardar_Bahadar_Ahmad_Khan_Seehar",1,244
"Sardar_Fateh_Muhammad_Muhammad_Hassani",1,244
"Sardar_Maqsood_Khan_Leghari",1,244
"Sardar_Masood_Ali_Khan_Luni",1,244
"Sardar_Muhammad_Asif_Nakai",1,244
"Sardar_Muhammad_Israr_Tareen",1,244
"Sardar_Muhammad_Jafar_Khan_Leghari",1,244
"Sardar_Muhammad_Nawab_Khan",1,244
"Sardar_Nasrullh_Khan_Dreshak_",1,244
"Sardar_Shajehan_Yousaf",1,244
"Sardar_Talib_Hassan_Nakai",1,244
"Sardar_Tofail_Ahmed_Khan",1,244
"Sardar_Yar_Muhammad_Rind",1,244
"Sayed_Murad_Ali_Shah",1,244
"Sh__Rasheed_Ahmed",1,244
"Shad_Ali_Khan",1,244
"Shahid_Manzoor_Gill",1,244
"Shahid_Manzoor_Gill_",1,244
"Shahida_Sattar_Laleka",1,244
"Shahzada_Muhyuddin",1,244
"Sheikh_Jafar_Khan_Mandokhail",1,244
"Sheikh_Muhammad_Anwar",1,244
"Sheikh_Muhammad_Tahir_Rasheed",1,244
"Sheikh_Waqas_Akram",1,244
"Shoukat_Ali_Khan",1,244
"Shujaat_Ali_Khan",1,244
"Sikandar_Hayat_Khan_Bossan",1,244
"Suhrab_Ali",1,244
"Sultan_Shahab_Jahangir",1,244
"Sumaira_Malik",1,244
"Syed_Ayaz_Ali_Shah_Sheerazi",1,244
"Syed_Gulzar_Sabtain_Shah",1,244
"Syed_Mujahid_Ali_Shah",1,244
"Syed_Noor-Ul-Hassan_Shah",1,244
"Syed_Obaidullah",1,244
"Syed_Riaz_Hussain_Shah_Sheerazi",1,244
"Tahir_Hussain_Shah_",1,244
"Taj_Mohammad_Shaikh",1,244
"Tariq_Bashir_Cheema",1,244
"Umar_Ayub_Khan",1,244
"Umar_Zeb_Khan",1,244
"Waseem_Gulzar",1,244
"Wazir_Mohammad_Safi",1,244
"Zafarullah_Tarar",1,244
"Zaheer_Ud_Din",1,244
"Zahid_Nazir",1,244
"Zardali_Khan",1,244
"Zargul_Khan",1,244
"Ali_Akber_Nizamani",1,43
"Ali_Asghar_Halepoto",1,43
"Amjad_Hussain",1,43
"Chakar_Khan_Shahani",1,43
"Fakir_Ghulam_Nabi_Mangrio",1,43
"Ghulam_Dastgir_Rajar",1,43
"Imamuddin_Shaookeen",1,43
"Inayatullah",1,43
"Jam_Mashooque_Ali",1,43
"Khuda_Bux_Dars",1,43
"Main_Sajjad_Ahmad_Sajid",1,43
"Maj___Rtd__Syed_Tanveer_Hussain_Satara_Juraat",1,43
"Makhdoom_Syed_Ahmad_Mahmood",1,43
"Makhdum_Syed_Ahmad_Mahmud",1,43
"Malik_Ghulam_Mustafa_Khar",1,43
"Mehtab_Akbar_Rashidi",1,43
"Mian_Abdul_Malik",1,43
"Mir_Hassan_Khoso",1,43
"Mir_Naseer_Khan_Khoso_",1,43
"Muhammad_Jadam_Mangrio",1,43
"Musharraf_Ali_Khan_Khoso",1,43
"Nadeem_Qadir_Bhutto",1,43
"Pir_Bux_Junejo",1,43
"Pir_Noor_Mohammad_Shah_Jeelani",1,43
"Pir_Sadruddin_Shah",1,43
"Pir_Syed_Saddaruddin_Shah_Rashdi",1,43
"Sardar_Mir_Hakim_Ali_Khan_Sundrani",1,43
"Sarfaraz_Ali_Bughio",1,43
"Shabir_Ahmed_Qaim_Khani",1,43
"Shehzad_Mughal",1,43
"Syed_Ghulam_Abbas",1,43
"Syed_Kazim_Ali_Shah_Lakyari",1,43
"Syed_Mehr_Mohi_Ud_Din_Hashmi",1,43
"Syed_Qazim_Ali_Shah",1,43
"Syed_Safdar_Ali_Shah",1,43
"Syed_Zahid_Hussain_Shah",1,43
"Adil_Farooq_Khan",1,13
"Asif_Mamon",1,13
"Chaudhary_Muhammad_Younas_Hanjra",1,13
"Choudhary_Amjad_Mehmood",1,13
"Fozia_Ashraf",1,13
"Ijaz_Ahmed_Cheena",1,13
"Imran_Ahmad_Khan",1,13
"Mozaffer_Ali",1,13
"Muhammad_Ahmad_Chatha",1,13
"Muhammad_Fiaz_Qadri",1,13
"Muhammad_Mutahar_Ramzan",1,13
"Syed_Ghulam_Abbas_Shah",1,13
"Syed_Safdar_Ali",1,13
"Akbar_Dars",1,2
"Mohammad_Hussain",1,2
"Muhammad_Asghar_Dars",1,2
"Gohar_Ali_Khan",1,2
"Meher_Muhammad_Jhangir_Advocate",1,2
"Tauseef_Ur_Rehman_Bhatti_Advocate",1,2
"Mian_Abu_Bakar_Hamza",1,2
"Faqir_Jamshid_Ahmad",1,3
"Farah_Noreen",1,3
"Rasheed_Ahmad_Khan_Langha",1,3
"Aamir_Rasheed",1,47
"Afzal_Ahmad_Gondal",1,47
"Ali_Akbar_Kalhoro",1,47
"Ali_Nawaz_Qasmi",1,47
"Allama_Mujhahid_Abdul_Rasool_Khan",1,47
"Allama_Shabbir_Ahmed_Chasti_Nazimi_Off_Sakka",1,47
"Arshad_Mehmood",1,47
"Awal_Jan_Mazari",1,47
"Basharat_Ali_Gujjar",1,47
"Hafiz_Gul_Sher",1,47
"Hafiz_Malik_Muhammad_Bashir",1,47
"Hafiz_Raja_Muhammad_Sana_Ul_Haq",1,47
"Imtiaz",1,47
"Jahangir_Qadri",1,47
"Jhangir_Qadri",1,47
"Mahboob_Ali_Sahto",1,47
"Malik_Muhammad_Iqbal_Khokhar",1,47
"Matloob_Awan",1,47
"Mian_Ghulam_Shabir_Qadri",1,47
"Mohammad_Kashif",1,47
"Mohammad_Younis_Ansari",1,47
"Mollana_Mohammad_Illyas_Gabool",1,47
"Muhammad_Afzal_Qadri",1,47
"Muhammad_Ajmal_Umar",1,47
"Muhammad_Arif_Mansoori",1,47
"Muhammad_Imran_Javaid",1,47
"Muhammad_Jamal_Barket",1,47
"Muhammad_Kaleem",1,47
"Muhammad_Murtaza_Rizvi_Wattoo",1,47
"Muhammad_Tahir_Qadri",1,47
"Peer_Sayed_Munir_Hussain_Shah_Noori",1,47
"Pir_Syed_Mubashar_Hussain_Shah_Shakreelvy",1,47
"Professor_Farooq_Ahmed_Tajra",1,47
"Rana_Muhammad_Riaz_Qadri",1,47
"Raza_e_Mustafa",1,47
"Rizwan_Ali",1,47
"Rizwan_Qureshi",1,47
"Sajid_Mehmood_Qadri",1,47
"Sajjad_Haider",1,47
"Shoukat_Ali_Lehri",1,47
"Syed_Ahmad_Shah",1,47
"Syed_Tawaqal_Hussain_Shah_Bukhari",1,47
"Alamgir_Khan",1,3
"Ihsan_Ullah_Khan_Mahsood",1,3
"Muhammad_Sultan",1,3
"Raja_Muhammad_Ashraf",1,3
"Azmat_Ali",1,3
"Syed_Mazhar_Ali",1,3
"Ahmad_Ikhwan",1,37
"Ali_Hassan",1,37
"Aman_Ullah",1,37
"Amjad_Arbab_Abbasi",1,37
"Asjad_Hussain",1,37
"Fayyaz_Ahmed_Tabassum",1,37
"Haji_Fateh_Din",1,37
"Latif_Ahmed_Hussain",1,37
"Mian_Muhammad_Raza",1,37
"Mian_Noor_Ahmad",1,37
"Mubashir_Hussain",1,37
"Mudassar_Hussain_Shah",1,37
"Muhammad_Amir_Awan",1,37
"Muhammad_Anwar_Abbasi",1,37
"Muhammad_Asif_Sulehria",1,37
"Muhammad_Ayoub_Butt",1,37
"Muhammad_Aziz",1,37
"Muhammad_Ijaz_Arshad",1,37
"Muhammad_Khalil",1,37
"Muhammad_Nadeem",1,37
"Muhammad_Naveed_Akhtar",1,37
"Muhammad_Rafi",1,37
"Muhammad_Shahzad",1,37
"Muhammad_Usman",1,37
"Mujahid_Mahmood",1,37
"Naseer_Khan",1,37
"Naveed_Akram",1,37
"Pervaiz_Iqbal_Virk",1,37
"Salwat_Shahzad_Khan",1,37
"Sardar_Muhammad_Mansoor_Khan",1,37
"Shafique_Ahmad",1,37
"Sohail_Babar",1,37
"Daud_Ahmed_Fakhri",1,7
"Farzana_Parveen",1,7
"Jahangir_Hussain_Jafari",1,7
"Muhammad_Bilal_Hussain",1,7
"Muhammad_Zahid_Bashir",1,7
"Rizwan_Ahmed_Khan",1,7
"Sumbul_Akhtar",1,7
"Syed_Muhammad_Ishrat_Ghazali",1,7
"Imtiaz_Khan",1,5
"Mubeen_Malik",1,5
"Shabbir_Ahmed_Anjum",1,5
"Shafaqaat_Ahmad",1,5
"Taimoor_Ahmad_Yar_Khan",1,5
"Tayyaba_Mubarak",1,5
"Anwar_Hussain",1,2
"Shahid_Iqbal",1,2
"Syed_Rashid_Hussain_Shah",1,2
"Muhammad_Mumtaz",1,2
"Zaffar_Iqbal_Gurmani",1,2
"Aijaz_Ali_Khokhar",1,2
"Rahim_Bakhsh",1,2
"Shahid_Anjum",1,2
"Abdul_Rab",1,12
"Jamal_Khan",1,12
"Muhammad_Akram_Tareen",1,12
"Muhammad_Rahim",1,12
"Nawab_Muhammad_Ayaz_Khan_Jogezai",1,12
"Palwasha_Ramzan",1,12
"Riaz_Mahammad_Yousafzai",1,12
"Abdul_Samad_Khan",1,7
"Hazrat_Umar",1,7
"Irfan_Karim",1,7
"Muhammad_Arif_Khan",1,7
"Muhammad_Jibran",1,7
"Sara_Ashfaq",1,7
"Shahbaz_Ali",1,7
"Yasir_Ali",1,7
"Aneela_Iftikhar",1,12
"Arshad_Ahmad_Qamar",1,12
"Chaudhry_Salik_Hussain",1,12
"Chaudhry_Tariq_Bashir_Cheema",1,12
"Hussain_Ellahi",1,12
"Muhammad_Jameel_Ahmed_Khan",1,12
"Muhammad_Tariq_Hassan",1,12
"Musa_Elahi",1,12
"Riaz_Ahmed_Jan",1,12
"Shakeel_Ahmed_Roshan",1,12
"Syed_Faizan_Anis",1,12
"Abbas_Khan_Afridi",1,566
"Abdul_Ghaffar_Dogar",1,566
"Abdul_Hameed_Rajput",1,566
"Abdul_Hamid_Orakzai",1,566
"Abdul_Khaliq_Khar",1,566
"Abdul_Majeed_Khan",1,566
"Abdul_Qadeer",1,566
"Abdul_Qadir_Khan",1,566
"Abdul_Rehman_Khan_Kanju",1,566
"Abdul_Subhan",1,566
"Abdulkhaliq",1,566
"Abdullah_Sheedi",1,566
"Abid_Ali",1,566
"Abid_Ali_",1,566
"Abid_Azeem",1,566
"Abid_Sheer_Ali",1,566
"Adrees_Bajwa_",1,566
"Agha_Muhammad_Munwar",1,566
"Ahmad_Atteeq_Anwer",1,566
"Ahmad_Hussain_Dehar",1,566
"Ahsan_Iqbal",1,566
"Akhlaq_Younas",1,566
"Akhtar_Hussain_Jadoon",1,566
"Akhtiar_Wali",1,566
"Akhundzada_Badruddin",1,566
"Alam_Dad_Laleka",1,566
"Alamzeb_Khan",1,566
"Alhaj_Muhammad_Farid_Mufakkar",1,566
"Ali_Gohar_Khan",1,566
"Ali_Mohammad_Khan_Juna_Advocate",1,566
"Ali_Raza_Cholyani",1,566
"Ali_Sher_Khan",1,566
"Ali_Zahid",1,566
"Allando_Shah_Alias_Zafar_Ali_Shah",1,566
"Amir_Muqam",1,566
"Amir_Talal_Gopang",1,566
"Ammar_Ahmad_Khan_Leghari",1,566
"Anjum_Aqeel_Khan",1,566
"Arshad_Manan_Yousaf_Zai",1,566
"Asghar_Ali_Awan",1,566
"Asif_Ali_Malik",1,566
"Asif_Aqeel",1,566
"Aslam_Bodla",1,566
"Atta_Ullah_Tarar",1,566
"Azad_Ali_Tabassum",1,566
"Azhar_Qayyum_Nahra",1,566
"Azhar_Qayyum_Nehra",1,566
"Babar_Nawaz_Khan",1,566
"Bashir_Ahmed",1,566
"Baz_Gul_Afridi",1,566
"Begum_Tehmina_Doultana",1,566
"Bilal_Azhar_Kayani",1,566
"Bilal_Yaseen",1,566
"Capt_r_Muhammad_Safdar",1,566
"Ch__Abid_Raza",1,566
"Ch__Ashfaq_Ahmed_Mattu",1,566
"Ch__Mehmood_Bashir_Virk",1,566
"Ch__Mubashir_Hussain",1,566
"Ch__Muhammad_Jafar_Iqbal",1,566
"Ch__Muhammad_Riaz",1,566
"Ch__Nisar_Ali_Khan",1,566
"Ch__Safdar-Ur-Rehman",1,566
"Ch__Saud_Majeed",1,566
"Ch_Armaghan_Subhani",1,566
"Ch_Asad_Ur_Rehman",1,566
"Ch_bilal_Ahmed_Virk",1,566
"Ch_Jaffar_Iqbal",1,566
"Ch_muhammad_Ali_Gujar__Advocate",1,566
"Ch_Muhammad_Ashraf",1,566
"Ch_muhammad_Munir_Azhar",1,566
"Ch_Nadeem_Abbas_Rebera",1,566
"Ch_Nisar_Ali_Khan",1,566
"Chaudhary_Abid_Raza",1,566
"Chaudhary_Asad-Ur-Rehman",1,566
"Chaudhary_Asad_Ur_Rehman",1,566
"Chaudhary_Farrukh_Altaf",1,566
"Chaudhary_Iftikhar_Nazir",1,566
"Chaudhary_Khalid_Javed",1,566
"Chaudhary_Mahmood_Bashir_Virk",1,566
"Chaudhary_Muhammad_Ashraf",1,566
"Chaudhary_Muhammad_Ashraf_Gujjar",1,566
"Chaudhary_Muhammad_Barjees_Tahir",1,566
"Chaudhary_Muhammad_Iqbal",1,566
"Chaudhary_Muhammad_Shahbaz_Babar",1,566
"Chaudhary_Naseer_Ahmed_Sidhu",1,566
"Chaudhary_Nazeer_Ahmad",1,566
"Chaudhary_Nazir_Ahmad",1,566
"Chaudhary_Nisar_Ali_Khan",1,566
"Chaudhry_Khadim_Hussain",1,566
"Chaudhry_Khalid_Javed_Warraich",1,566
"Chaudhry_Mahmood_Bashir_Virk",1,566
"Chaudhry_Muhammad_Jamil_Johar_Advocate",1,566
"Chaudhry_Muhammad_Munir_Azhar",1,566
"Chaudhry_Naseer_Ahmed_Bhutta",1,566
"Chaudry_Armaghan_Subhani",1,566
"Choudhary_Iftikhar_Nazir",1,566
"Choudhary_Muhammad_Barjees_Tahir",1,566
"Choudhry_Muhammad_Shahbaz_Babar",1,566
"Choudhry_Muhammad_Tarique",1,566
"Chudhary_Bilal_Ahmed_Virk",1,566
"Chudhary_Hamid_Hameed",1,566
"Col_r__Mian_Muhammad_Akram_Advocate",1,566
"Daniyal_Ahmed",1,566
"Danyal_Choudhary",1,566
"Dewan_Ashiq_Hussain_Bukhari",1,566
"Dewan_Syed_Jaffar_Hussain",1,566
"Dilawar_Khan",1,566
"Doctor_Hafeez_Ur_Rehman_Khan_Drishak",1,566
"Doctor_Liaquat_Ali_Khan",1,566
"Dr__Abu-Ul-Hassan_Ansari",1,566
"Dr__Azeem-Ud-Din_Zahid_Lakhvi",1,566
"Dr__Imtiaz_Ahmed",1,566
"Dr__Mian_Akhtar_Ali_Lalika",1,566
"Dr__Muhammad_Afzal_Khan_Dhandla",1,566
"Dr__Syed_Ali_Hyder_Shah",1,566
"Dr__Tariq_Fazal_Chudhary",1,566
"Dr__Zulfiqar_Ali_Bhatti",1,566
"Dr_hafiz_Shabbir_Ahmed",1,566
"Dr_Rahila_Gul_Magsi",1,566
"Dr_syed_Khawar_Ali_Shah",1,566
"Dr_tariq_Fazal_Chaudhry",1,566
"Ehsan-Ul-Haq_Idrees_Advocate",1,566
"Ehsan_Ul_Haq_Bajwa",1,566
"Engineer_Abdul_Munim_Khan",1,566
"Engineer_Iqbal_Zafar_Jhagra",1,566
"Engineer_Khuram_Dastgir_Khan",1,566
"Engr_Khurram_Dastgir_Khan",1,566
"Faheem_Advocate",1,566
"Faiz_Muhammad_Khan",1,566
"Farah_Awan_Advocate",1,566
"Farah_Khan",1,566
"Farhat_Ullah_Khan",1,566
"Farid_Khan_Yousafzai",1,566
"Farkhanda_Amjad_Waraich",1,566
"Furqan_Ali",1,566
"Ghalib_Khan",1,566
"Ghani_Ur_Rehman",1,566
"Ghulam_Hyder_Phulpoto",1,566
"Ghulam_Muhammad_Lali",1,566
"Ghulam_Rasool_Sahi",1,566
"Ghulam_Shoaib",1,566
"Hafeez_Ur_Rehman_Khan_Drishak",1,566
"Hafiz_Abdul_Kareem",1,566
"Hafiz_Abdul_Karim",1,566
"Hafiz_Masroor_Lateef",1,566
"Haji_Arz_Muhammad_Barech",1,566
"Haji_Jamal_Shah_Kakar",1,566
"Haji_Javed_Iqbal_Jat",1,566
"Haji_Muhammad_Akram_Ansari",1,566
"Haji_Muzaffar_Ali_Shajra",1,566
"Haji_Waris_Khan_Achakzai",1,566
"Haji_Zar_Khan_Safi",1,566
"Hameer_Imdad_Unar",1,566
"Hammad_Nawaz_Khan",1,566
"Hamza_Shahbaz_Sharif",1,566
"Hizbullah_Gandapur",1,566
"Humair_Hayat_Khan_Rokhari",1,566
"Husnain_Rashid",1,566
"Ibadullah",1,566
"Iftikhar_Uddin",1,566
"Ihasn_Kareem_Qureshi",1,566
"Ijaz_Ahmed_Chaudhary",1,566
"Illah_Bukhsh_Soomro",1,566
"Illahi_Bux_Soomro",1,566
"Imtiaz_Ahmad_Gondal",1,566
"Inamullah_Khan_Niazi",1,566
"Iqbal_Zaffar_Jhagra",1,566
"Irfan_Aziz_Kurd",1,566
"Ishtiaq_Ahmed_Advocate",1,566
"Jam_Kamal_Khan",1,566
"Jamil_Ahmad_Khan",1,566
"Javaid_Ibrahim_Paracha",1,566
"Javed_Akhter",1,566
"Jehanzeb_Khan",1,566
"Justice_r__Iftikhar_Ahmad_Cheema",1,566
"Justice_r_Iftikhar_Ahmad_Cheema",1,566
"Kaleem_Akbar_Durrani",1,566
"Kalim_Akbar",1,566
"Khalid_Aziz",1,566
"Khawaja_Ahmad_Hassan",1,566
"Khawaja_Muhammad_Asif",1,566
"Khawaja_Muhammad_Asif_",1,566
"Khawaja_Saad_Rafique",1,566
"Khudai_Noor",1,566
"Khurram_Dastagir_Khan",1,566
"Liaqat_Ahmed_Khan",1,566
"Liaquat_Ali_Jamali",1,566
"Lt_Gen_r__Salah-Ud-Din_Trimzi",1,566
"Lt_gen_r_Abdul_Qadir_Baloch",1,566
"m_Aslam_Buledi",1,566
"m_Junaid_Anwar_Chaudhary",1,566
"Mailk_Sohail_Khan",1,566
"Major_r_Amir_Aziz_Kurd",1,566
"Major_Rtd_Tahir_Iqbal",1,566
"Makdum_Syed_Ahmad_Alam_Anwer",1,566
"Makhadom_Jamil_Ahmed_Hussain_Bukhari",1,566
"Makhdoom_Faisal_Saleh_Hayat",1,566
"Makhdoom_Moeen_Uddin_Ali",1,566
"Makhdoom_Moin_Ud_Din_Ali_Hashmi",1,566
"Makhdoom_Muhammad_Javed_Hashmi",1,566
"Makhdoom_Syed_Ali_Hassan_Gillani",1,566
"Makhdoom_Syed_Sami_Ul_Hassan_Gilani",1,566
"Makhdoomzada_s_b_a_Sultan",1,566
"Malak_Muhammad_Zeb_Khan",1,566
"Malak_Syed_Ahmad",1,566
"Malik_Abdul_Ghaffar_Dogar",1,566
"Malik_Abrar_Ahmad",1,566
"Malik_Akhtar_Hussain_Awan",1,566
"Malik_Ghulam_Qasim_Hanjra",1,566
"Malik_Ibrar_Ahmed",1,566
"Malik_Ihtebar_Khan",1,566
"Malik_Iqbal_Mehdi_Khan",1,566
"Malik_Khalid_Naeem",1,566
"Malik_Majid_Bucha",1,566
"Malik_Maula_Dad_Khan_Sherani_",1,566
"Malik_Muhammad_Afzal_Khokhar",1,566
"Malik_Muhammad_Asad_Khan",1,566
"Malik_Muhammad_Basit_Khar",1,566
"Malik_Muhammad_Iqbal_Chanar",1,566
"Malik_Saif_Ul_Malook_Khokar",1,566
"Malik_Shakeel_Ahmed_Awan",1,566
"Malik_Shakir_Bashir_Awan",1,566
"Malik_Sultan_Mehmood",1,566
"Mansoor_Kamal_Marwat",1,566
"Maryam_Nawaz_Sharif",1,566
"Mehar_Ishtiaq_Ahmad",1,566
"Mian_Abdul_Manan",1,566
"Mian_Abdul_Mannan_",1,566
"Mian_Abdul_Rasheed",1,566
"Mian_Faiz-Ul-Hassan",1,566
"Mian_Imtiaz_Ahmad",1,566
"Mian_Imtiaz_Ahmed",1,566
"Mian_Javed_Latif",1,566
"Mian_Manzoor_Hussain",1,566
"Mian_Margoob_Ahmad",1,566
"Mian_Muhammad_Arshad_Abbas_Qureshi",1,566
"Mian_Muhammad_Farooq",1,566
"Mian_Muhammad_Ilyas_Rasheed",1,566
"Mian_Muhammad_Nawaz_Sharif",1,566
"Mian_Muhammad_Qasim_Farooq_",1,566
"Mian_Muhammad_Shahbaz_Sharif",1,566
"Mian_Muhammad_Sharif_Zafar_Joia",1,566
"Mian_Najibuddin_Awaisi",1,566
"Mian_Riaz_Hussain_Peerzada",1,566
"Mian_Shahid_Hussain_Khan",1,566
"Mian_Shahid_Hussain_Khan_Bhatti",1,566
"Mian_Yawar_Zaman",1,566
"Mir_Amanullah_Talpur",1,566
"Mir_Atta_Ullah",1,566
"Mir_Dosteen_Khan_Domki",1,566
"Mir_Khan_Muhammad_Jamali",1,566
"Mir_Mehrullah_Khan_Umrani",1,566
"Mohammad_Riyaz",1,566
"Mohmmad-Ul-Mulk__Akhon_Zada_",1,566
"Mohsin_Shah_Nawaz_Ranjah",1,566
"Mohsin_Shah_Nawaz_Ranjha",1,566
"Mohsin_Shahnawaz_Ranjha",1,566
"Mohtarmatehmina_Doultana",1,566
"Moin_Khan",1,566
"Molana_Asif_Muawia",1,566
"Mr__Makhdoom_Shah_Nawaz_Qureshi",1,566
"Mr_babu_Sarfraz_Khan_Jatoi",1,566
"Mr_liaquat_Ali_Jatoi",1,566
"Mrs_Amjad_Ali_Warraich",1,566
"Muhabbat_Khan",1,566
"Muhammad_Abad",1,566
"Muhammad_Abdul_Ghaffar_Watto",1,566
"Muhammad_Afzal_Khokhar",1,566
"Muhammad_Akbar_Khan",1,566
"Muhammad_Akhtar_Khan_Kanjoo",1,566
"Muhammad_Akhtar_Khan_Kanju",1,566
"Muhammad_Akhter_Khadam_Alias_Khadam_Hussain",1,566
"Muhammad_Akram_Mughal",1,566
"Muhammad_Amjad_Farooq_Khan_Khosa",1,566
"Muhammad_Arif_Ch",1,566
"Muhammad_Arshad_Khan_Laghari",1,566
"Muhammad_Asad_Ali_Khan_Junejo",1,566
"Muhammad_Asim_Nazeer",1,566
"Muhammad_Aslam_Khan_Khattak",1,566
"Muhammad_Azhar_Khan_Laghari",1,566
"Muhammad_Baleegh-Ur-Rehman",1,566
"Muhammad_Baligh_Ur_Rehman",1,566
"Muhammad_Barjees_Tahir",1,566
"Muhammad_Faiz_Tamman",1,566
"Muhammad_Farooq_Baha-Ul-Haq_Shah",1,566
"Muhammad_Hamid_Hameed",1,566
"Muhammad_Hamza_Shehbaz_Sharif",1,566
"Muhammad_Hanif_Abbasi",1,566
"Muhammad_Humair_Hayat_Khan_Niazi",1,566
"Muhammad_Israr",1,566
"Muhammad_Jamil_Malik",1,566
"Muhammad_Junaid_Anwaar_Chaudhry",1,566
"Muhammad_Junaid_Anwaar_Chudhary",1,566
"Muhammad_Khan_Daha",1,566
"Muhammad_Moeen_Wattoo",1,566
"Muhammad_Mueen_Watto",1,566
"Muhammad_Nawaz_Sharif",1,566
"Muhammad_Nazir_Khan",1,566
"Muhammad_Nisar_Khan",1,566
"Muhammad_Numan",1,566
"Muhammad_Pervaiz_Malik",1,566
"Muhammad_Qasim_Farooq",1,566
"Muhammad_Riaz_Malik",1,566
"Muhammad_Sana_Ullah_Khan_Masti_Khel",1,566
"Muhammad_Shahbaz_Sharif",1,566
"Muhammad_Shoaib_Khan",1,566
"Muhammad_Tahir_Ameer_Ghroi",1,566
"Muhammad_Talal_Chaudhry_",1,566
"Muhammad_Tallal_Choudhary",1,566
"Muhammad_Ullah",1,566
"Muhammad_Usman_Awaisi",1,566
"Muhammad_Uzair_Khan",1,566
"Muhammad_Yaqub_Sheikh",1,566
"Muhammad_Yar_Khan_Kamoka",1,566
"Muhammad_Yousaf_Kakar",1,566
"Mukhdoom_Syed_Asad_Murtaza_Geelani",1,566
"Mukhtar_Ahmed_Malik",1,566
"Mumtaz_Ahmad_Tarar",1,566
"Munawar_Hayat_Abbasi",1,566
"Murtaza_Javed_Abbasi",1,566
"Mushahid_Raza",1,566
"Mushahidullah_Khan",1,566
"Nadeem_Abbas",1,566
"Naheed_Parveen",1,566
"Naik_Amal_Khan",1,566
"Najeeb_Ullah_Khan_Niazi",1,566
"Nasar_Iqbal_Bosal",1,566
"Nasir_Iqbal_Bosal",1,566
"Nasir_Khan_Mosazai",1,566
"Nawab_Arshad_Ali_Talpur",1,566
"Nawab_Salman_Khan_Khilji",1,566
"Nawab_Sher",1,566
"Nawab_Zada",1,566
"Nawabzada_Jangaiz_Khan_Marri",1,566
"Nawabzada_Khawaja_Muhammad_Khan_Hoti",1,566
"Nawabzada_Mazher_Ali",1,566
"Niaz_Muhammad_Khan",1,566
"Nisar_Ahmed_Cheema",1,566
"Nisar_Akbar_Khan_",1,566
"Noor_Ul_Hassan_Tanveer",1,566
"Obaid_Ullah_Khan_Shadi_Khel",1,566
"Obaid_Ullah_Shadi_Khel",1,566
"Parveen_Bashir",1,566
"Pir_Muhammad_Amin_Ul_Hasnat_Shah",1,566
"Pir_Muhammad_Aslam_Bodla",1,566
"Pirzada_Muhammad_Ashraf_Zia",1,566
"Professor_Doctor_Noor_Muhammad_Ghafari",1,566
"Qadir_Bux",1,566
"Qaiser_Ahmad_Sheikh",1,566
"Qaiser_Ahmed_Sheikh",1,566
"Raees_Khan",1,566
"Rahim_Bux",1,566
"Rai_Mansab_Ali_Khan",1,566
"Rai_Muhammad_Saleem_Raza_Kharral_Advocate",1,566
"Rai_Salah-Ud-Din",1,566
"Raja_Javed_Ikhlas",1,566
"Raja_Muhammad_Asad_Khan",1,566
"Raja_Muhammad_Javed_Ikhlas",1,566
"Raja_Muhammad_Safdar",1,566
"Raja_Osama_Sarwar",1,566
"Raja_Qamar_Ul_Islam",1,566
"Rajab_Ali_Khan_Baloch",1,566
"Rana_Abdul_Sattar_Bin_Rana_Shamim_Ahmed_Khan",1,566
"Rana_Afzaal_Hussain",1,566
"Rana_Iradat_Sharif_Khan",1,566
"Rana_Mahmood-Ul-Hassan",1,566
"Rana_Mehmood_Ul_Hassan",1,566
"Rana_Mubasshir_Iqbal",1,566
"Rana_Muhammad_Afzal_Khan",1,566
"Rana_Muhammad_Hayat_Khan",1,566
"Rana_Muhammad_Ishaq_Khan",1,566
"Rana_Nazir_Ahmad_Khan",1,566
"Rana_Qasim_Noon",1,566
"Rana_Sana_Ullah_Khan",1,566
"Rana_Shamim_Ahmed_Khan",1,566
"Rana_Tanveer_Hussain",1,566
"Rana_Umer_Nazir_Khan",1,566
"Rana_Zahid_Hussain_Khan",1,566
"Rao_Abid_Rizwan_Shoukat",1,566
"Rao_Mazhar_Hayyat_Khan",1,566
"Rao_Muhammad_Mohsin_Ali_Khan",1,566
"Rasheed_Ahmad_Khan",1,566
"Rasool_Bux_Jakhro",1,566
"Rehan_Malik_Advocate",1,566
"Rehan_Qaiser_Sheikh",1,566
"Rehmat_Salam_Khattak",1,566
"Riaz_Ahmad_Khan",1,566
"Riaz_Ul_Haq",1,566
"Rooh_Ullah_Khan",1,566
"Rozina",1,566
"Saad_Ullah_Tareen",1,566
"Saad_Waseem",1,566
"Saboohuddin_Malik",1,566
"Saddique_Khan_Baloch",1,566
"Sadia_Shabir",1,566
"Saeed_Ahmed_Khan_Manais",1,566
"Saeed_Ahmed_Manais",1,566
"Sahabzada_Syed_Murtaza_Amin",1,566
"Sahibzada-Faizul-Hassan",1,566
"Sahibzada_Faiz_Ul_Hassan",1,566
"Sahibzada_Haji_Muhammad_Fazal-e-Kareem_",1,566
"Sahibzada_Muhammad_Tahir_Sultan",1,566
"Sahibzada_Shabbir_Hassan_Ansari",1,566
"Saima_Akhtar_Bharwana",1,566
"Saira_Afzal_Tarar",1,566
"Saira_Tarar",1,566
"Sajid_Mehdi",1,566
"Sajjad_Ahmed_Sohal",1,566
"Sajjad_Ali",1,566
"Sajjad_Anwar_Khan",1,566
"Sakina_Anwer",1,566
"Salar_Khan",1,566
"Saleem_Zia",1,566
"Salman_Hanif",1,566
"Sardar_Adil_Umar",1,566
"Sardar_Ayaz_Sadiq",1,566
"Sardar_Fateh_Muhammad_Hasni",1,566
"Sardar_Ghulam_Abbas",1,566
"Sardar_m_Yaqoob_Nasir",1,566
"Sardar_Mansab_Ali_Dogar",1,566
"Sardar_Mansab_Ali_Doggar",1,566
"Sardar_Mehtab_Ahmed_Khan",1,566
"Sardar_Muhammad_Amjad_Farooq_Khan_Khosa",1,566
"Sardar_Muhammad_Arshad_Khan_Laghari",1,566
"Sardar_Muhammad_Irfan_Dogar",1,566
"Sardar_Muhammad_Jaffar_Khan_Leghari",1,566
"Sardar_Muhammad_Saif-Ul-Din_Khan_Khosa",1,566
"Sardar_Muhammad_Shafqat_Hayat_Khan",1,566
"Sardar_Muhammad_Yaqoob_Khan_Nasir",1,566
"Sardar_Muhammad_Yousaf",1,566
"Sardar_Muhammad_Yousaf_Zaman",1,566
"Sardar_Mumtaz_Khan",1,566
"Sardar_Noor_Ahmed_Khan_Malaizai",1,566
"Sardar_Riaz_Mahmood_Khan_Mazari",1,566
"Sardar_Sanaullah_Zehri",1,566
"Sarzamin_Khan",1,566
"Saud_Majeed",1,566
"Shabbir_Ahmed_Hyderi",1,566
"Shah_Jee_Gul_Afridi",1,566
"Shahab_Ud_Din_Khan",1,566
"Shahibzada_Faiz_Ul_Hassan",1,566
"Shahid_Khaqan_Abbasi",1,566
"Shahid_Khaqan_Abbassi",1,566
"Shahid_Usman",1,566
"Shaikh_Maqsood_Ahmed",1,566
"Shaikh_Rohale_Asghar",1,566
"Shams_Ur_Rehman_Khattak",1,566
"Sharafat_Khan",1,566
"Shazia_Mubashar",1,566
"Shehzad_Asghar_Khan_Rind__Advocate",1,566
"Sheikh_Abdul_Sattar_Mandokhel",1,566
"Sheikh_Aftab_Ahmad",1,566
"Sheikh_Aftab_Ahmed",1,566
"Sheikh_Fayyaz_Ud_Din",1,566
"Sheikh_Muhammad_Akram",1,566
"Sheikh_Muhammad_Tariq_Rasheed",1,566
"Sheikh_Rohale_Asghar",1,566
"Sheikh_Roheel_Asghar",1,566
"Sher_Afghan_Khan",1,566
"Sher_Rehman",1,566
"Shezra_Mansab_Ali_Khan_Kharal",1,566
"Sidra_Tel_Muntaha",1,566
"Sikander_Ali_Mirani",1,566
"Skindar_Hayyat_Khan_Bosan",1,566
"Sobia_Shahid",1,566
"Sohail_Shoukat_Butt",1,566
"Speen_Gul",1,566
"Sumaira_Naz",1,566
"Syed_Ansub_Raza_Fatmi",1,566
"Syed_Attaullah_Shah_Bukhari",1,566
"Syed_Basit_Sultan_Bukhari",1,566
"Syed_Faisal_Abbas",1,566
"Syed_Ghulam_Mustafa_Shah_s_o_Syed_Asadullah_Shah",1,566
"Syed_Hafeezuddin",1,566
"Syed_Iftikhar_Ul_Hassan",1,566
"Syed_Imran_Ahmad_Shah",1,566
"Syed_Imran_Ahmed_Shah",1,566
"Syed_Javed_Hassan",1,566
"Syed_Javed_Hassnain",1,566
"Syed_Javed_Hassnain_Shah",1,566
"Syed_Mobeen_Ahmed",1,566
"Syed_Muhammad_Abdullah_Shah",1,566
"Syed_Muhammad_Ali_Shah_Bacha_Lala",1,566
"Syed_Muhammad_Ashiq_Hussain_Shah",1,566
"Syed_Muhammad_Athar_Hussain_Shah_Gillani",1,566
"Syed_Muhammad_Iqbal_Shah",1,566
"Syed_Muhammad_Nihal_Hashmi",1,566
"Syed_Muhammad_Rafi_Ud_Din_Bukhari",1,566
"Syed_Muhammad_Raza_Bukhari",1,566
"Syed_Muhammad_Saleem_Ashrafi",1,566
"Syed_Muhammad_Salman_Mohsin_Gillani",1,566
"Syed_Muhammad_Saqlain_Bukhari",1,566
"Syed_Raza_Ali_Bukhari",1,566
"Syed_Riaz_Hussain_Shah_Sherazi",1,566
"Syed_Sajid_Mehdi",1,566
"Syed_Zahoor_Shah",1,566
"Syed_Zulfiqar_Ali_Shah",1,566
"Syeda_Nosheen_Iftikhar",1,566
"Syeda_Shehr_Bano_Bukhari",1,566
"Tariq_Fazal_Chaudhry",1,566
"Tehmina_Daultana",1,566
"Toor_Gul_Khan_Jogezai",1,566
"Umer_Sohail_Zia_Butt",1,566
"Usman_Ibrahim",1,566
"Uzair_Tariq",1,566
"Waheed_Alam_Khan",1,566
"Wajid_Ali_Khan",1,566
"Waseem_Akhtar_Shaikh",1,566
"Waseem_Akhtar_Sheikh",1,566
"Wazeer_Ahmed_Afridi",1,566
"Yasir_Khan",1,566
"Zahid_Hamid",1,566
"Zahid_Khan_Afridi",1,566
"Zaib_Jafar",1,566
"Zain-Ul-Abideen_Ansari",1,566
"Zain_Ansari",1,566
"Zain_Ul_Abdin_Ansari",1,566
"Zakir_Hussain_Mari",1,566
"Zameer_Hussain_Leghari",1,566
"Zar_Khan",1,566
"Zobaida_Jalal",1,566
"Zulifqar_Ali_Bhindar",1,566
"Abrar_Hussain",1,212
"Abdul_Rehman_Jameel",1,5
"Ahmad_Deen_Malik",1,5
"Arshad_Ali_Khan",1,5
"Muhammad_Allah_Dad_Cheema",1,5
"Muhammad_Anwar_Ulhaq",1,5
"Aasim_Nisar",1,144
"Abdul_Azeem",1,144
"Abdul_Azeem_Khan",1,144
"Abdul_Aziz_Aziz",1,144
"Abdul_Mateen",1,144
"Abdul_Nisar",1,144
"Abdul_Raheem",1,144
"Abdul_Rahim",1,144
"Abdul_Rehman_Muslim",1,144
"Abdul_Waheed_Abid",1,144
"Abu_Zar",1,144
"Adil_Hussain",1,144
"Ahmad_Bakhsh",1,144
"Ahmad_Sher",1,144
"Aisha",1,144
"Akhtari_Bibi",1,144
"Amir_Zeb",1,144
"Amjad_Islam_Amjad",1,144
"Ansar_Javed_Tarar",1,144
"Arshad_Nawab",1,144
"Asad_Munawar",1,144
"Asmat_Bibi",1,144
"Azmat_Ali_Kiyani",1,144
"Babar_Ijaz_Virk",1,144
"Balquees_Begum",1,144
"Basmeeda",1,144
"Chaudhry_Zulfiqar_Ali_Aulakh",1,144
"Choudhary_Muhammad_Yaqoob_Chahal",1,144
"Danish_Anam",1,144
"Faisal_Ahmad_Cheema",1,144
"Faisal_Nadeem_Shaikh",1,144
"Fazal_Rahim",1,144
"Fiaz_Ahmad",1,144
"Ghulam_Ali_Shakar_Toor",1,144
"Hafeez_Ullah_Rehman",1,144
"Hafiz_Ameer_Hamza",1,144
"Hafiz_Muhammad_Masood",1,144
"Hafiz_Muhammad_Rizwan",1,144
"Hafiz_Safi_Ur_Rehman",1,144
"Hafiz_Talha_Saeed",1,144
"Haq_Nawaz",1,144
"Imran_Liaquat",1,144
"Jahanzaib_Zahid",1,144
"Jamil_Badshah",1,144
"Kashif_Altaf",1,144
"Khalid_Mahmood_Cheema",1,144
"Khalid_Masood_Sandhu",1,144
"Mahar_Muhammad_Mujahid",1,144
"Maqbool_Bibi",1,144
"Mehak_Rafiq",1,144
"Mehdi_Ishaq",1,144
"Mir_Hazoor_Bakhsh",1,144
"Mudassir_Yaqoob",1,144
"Muhamamd_Ehsan",1,144
"Muhamamd_Saif_Ullah_Saif",1,144
"Muhamamd_Shahid_Siddique",1,144
"Muhammad_Abid",1,144
"Muhammad_Ajmal_Khan",1,144
"Muhammad_Akmal_Javed",1,144
"Muhammad_Ameen",1,144
"Muhammad_Arshad_Bhatti",1,144
"Muhammad_Ashfaq",1,144
"Muhammad_Bilal_Haider",1,144
"Muhammad_Ghalib",1,144
"Muhammad_Haroon_Rafiq",1,144
"Muhammad_Hussain_Amir",1,144
"Muhammad_Ijaz_Malik",1,144
"Muhammad_Irfan_Ashraf",1,144
"Muhammad_Mansha",1,144
"Muhammad_Munawar",1,144
"Muhammad_Nadeem_Tabasum",1,144
"Muhammad_Rizwan_Sarwar",1,144
"Muhammad_Sajjad",1,144
"Muhammad_Shafiq_Ur_Rahman",1,144
"Muhammad_Shamshad",1,144
"Muhammad_Shoaib",1,144
"Muhammad_Shoaib_Ahmad",1,144
"Muhammad_Siraj",1,144
"Muhammad_Usaman",1,144
"Muhammad_Zafar_Iqbal",1,144
"Muzamil_Iqbal_Hashmi",1,144
"Nabi_Ahmad_Virk",1,144
"Nighat_Fardoos",1,144
"Noreen_Kamran",1,144
"Qaisar_Haroon_Toor",1,144
"Qaisar_Mustafa_Jajja",1,144
"Qaisar_Sardar",1,144
"Qaiser_Mustafa_Jajja",1,144
"Qasim_Ali_Khan",1,144
"Rahila_Khanum",1,144
"Rana_Abu_Khubaib_Rehman_Khan",1,144
"Rana_Shahid_Iqbal_Chachar",1,144
"Rana_Tariq_Jamal",1,144
"Rashid_Mahmood",1,144
"Raza_Ullah_Khan",1,144
"Ruqia_Bibi",1,144
"s_m_Yousuf_Ali_Bhatti",1,144
"Saeed_Ahmed_Khalid",1,144
"Saeeda_Zafar",1,144
"Sajid_Bashir",1,144
"Sajid_Iqbal",1,144
"Sajjad_Ahmed_Khan",1,144
"Salma_Bibi",1,144
"Sardar_Abdul_Sattar_Khan",1,144
"Shaban_Akhtar",1,144
"Shahbaz",1,144
"Shahbaz_Hussain_Sidhu",1,144
"Shakeela_Yasmeen",1,144
"Sohail_Qaiser",1,144
"Syed_Rabab_Haider",1,144
"Tahir_Javed_Khan",1,144
"Taj_Mehal",1,144
"Taj_Mehmood",1,144
"Tasneem_Gul",1,144
"Waqar_Murtaza",1,144
"Wasim_Shaukat",1,144
"Yasira_Bibi",1,144
"Yawar_Aftab",1,144
"Zain_Ullah",1,144
"Asadullah_Khan",1,9
"Khushal_Khan_Kakar",1,9
"Malik_Zada",1,9
"Mehar_Ullah",1,9
"Muhammad_Essa_Achakzai",1,9
"Muhammad_Mukhtar",1,9
"Nasrullah_Khan_Barech",1,9
"Noor_Gul_Khan",1,9
"Parveen_Usman",1,9
"Aamir_Khan",1,13
"Abdullah_Abbasi",1,13
"Afzal_Hayat",1,13
"Fateh_Ali_Muawiya",1,13
"Fehmeed_Nawaz",1,13
"Hafiz_Allah_Ditta",1,13
"Khurram_Shehzad",1,13
"Luqman_Khan",1,13
"Muhammad_Arsalan_Khalid",1,13
"Muhammad_Aslam_Iqbal",1,13
"Muhammad_Muzammal_Nazir",1,13
"Rustam_Khan",1,13
"Wajid_Kiyani",1,13
"Waqas_Qudoos",1,13
"Aarif_Aziz_Sheikh",1,709
"Abdul_Akbar_Khan",1,709
"Abdul_Aziz_Memon",1,709
"Abdul_Berr",1,709
"Abdul_Ghafoor_Chaudhary",1,709
"Abdul_Habib_Memon",1,709
"Abdul_Qadir_Patel",1,709
"Abdul_Qudoos_Awan",1,709
"Abdul_Rauf_Advocate",1,709
"Abdul_Razzaq_Raja",1,709
"Abdul_Sattar_Bachani",1,709
"Abdul_Wahab_Barakzai",1,709
"Abdul_Waheed",1,709
"Abdullah_Bloch",1,709
"Abid_Hussain_Sathi",1,709
"Abid_Ullah_Yousafzai",1,709
"Abrar_Azam",1,709
"Adeel_Ghulam_Mohy_Ud_Din",1,709
"Aezid_Mahmood_Khan_",1,709
"Aftab_Alam",1,709
"Aftab_Shahban_Mirani",1,709
"Agha_Shafqatullah",1,709
"Ahmad_Hassan",1,709
"Ahmad_Mustafa",1,709
"Ahmad_Shah_Khan",1,709
"Ahmed_Ali_Khosa",1,709
"Ahmed_Jan",1,709
"Aijaz_Ahmed_Halepoto",1,709
"Aijaz_Hussain_Jakhrani",1,709
"Aitzaz_Rasheed",1,709
"Ajmal_Khan",1,709
"Akhtar_Javid_Khan",1,709
"Alam_Zaib_Khan",1,709
"Alamzaib_Umerzai",1,709
"Alhaj_Muhammad_Asad_Bhatti",1,709
"Ali-Uz-Zaman",1,709
"Ali_Ahmed",1,709
"Ali_Gohar_Khan_Mahar",1,709
"Ali_Jan_Mazari",1,709
"Ali_Javed",1,709
"Ali_Muhammad_Khan_Mahar",1,709
"Ali_Muhammad_Sahito",1,709
"Ali_Muhammad_Sehto",1,709
"Ali_Musa_Gilani",1,709
"Allah_Yar",1,709
"Altaf_Hussain_Virk",1,709
"Aman_Ullah_Wald_Gul_Azad",1,709
"Amjad_Ali_Jutt",1,709
"Amjad_Yaqoub",1,709
"Anwar-Ul-Haq_Ramay",1,709
"Anwar_Saifullah_Khan",1,709
"Arbab_Alamgir_Khan",1,709
"Arbab_Wazir_Ahmed_Memon",1,709
"Arif_Aziz_Shaikh",1,709
"Asad_Alam_Niazi",1,709
"Asad_Ullah_Khan",1,709
"Asghar_Ali_Jara",1,709
"Asif_Ali_Zardari",1,709
"Asif_Bashir",1,709
"Asma_Shahnawaz_Cheema",1,709
"Athar_Hassan_Khan_Gorchani",1,709
"Aurangzeb_Shaafi_Burki",1,709
"Aurangzeb_Shafi_Barki",1,709
"Ayatullah_Durrani",1,709
"Ayaz_Imran",1,709
"Ayub_Shah",1,709
"Azeem_Daultana",1,709
"Baber_Sultan_Jadoon",1,709
"Babu_Nafees_Ahmad_Ansari",1,709
"Bari_Khan",1,709
"Barrister_Mian_Amir_Hassan",1,709
"Basharat_Ali_Wald_Faqir_Muhammad",1,709
"Begum_Shahnaz_Javed",1,709
"Bilawal_Bhutto_Zardari",1,709
"Bushra_Aitzaz_Ahsan",1,709
"Capt__Rtd__Rai_Ghulam_Mujtaba_Kharral",1,709
"Captain_Retired_Asad_Gill",1,709
"Ch__Ahmad_Mukhtar",1,709
"Ch__Ahmed_Mukhtar",1,709
"Ch__Hammad_Muhammad_Khan",1,709
"Ch__Iftikhar_Nazir",1,709
"Ch__Manzoor_Ahmad",1,709
"Ch__Muhammad_Abdullah_Virk",1,709
"Ch__Zeshan_Ilyas",1,709
"Ch_Ejaz_Ahmed_Cheema",1,709
"Ch_Iftikhar_Ahmed",1,709
"Ch_Muhammad_Saddique",1,709
"Ch_Muhammad_Saeed_Gujar",1,709
"Ch_mushtaq_Ahmad_",1,709
"Ch_tawakkal-Ullah_Virk",1,709
"Ch_zahid_Iqbal",1,709
"Ch_Zulifqar_Bhindar",1,709
"Chaudhary_Ijaz_Ahmad_Cheema",1,709
"Chaudhary_Shoukat_Ali",1,709
"Chaudhary_Sohail_Zafar",1,709
"Chaudhary_Tasneem_Nasir",1,709
"Chaudhry_Abdul_Ghafoor_Khan",1,709
"Chaudhry_Asad_Parvez",1,709
"Chaudhry_Manzoor_Ahmad",1,709
"Chaudry_Atif_Rafique",1,709
"Chohadry_Manzoor_Ahmad",1,709
"Choudhary_Altaf_Hussain",1,709
"Choudhary_Sharaqat_Rasool_Ghumman",1,709
"Choudhary_Zafar_Iqbal_Warriach",1,709
"Choudhri_Umar_Hayat_Sandhu",1,709
"Col_Rtd_Rao_Abid_Ali_Khan",1,709
"Comrade_Zahoor_Ahmed_Khosa",1,709
"Dewan_Syed_Muhammad_Haider_Abbas_Bukhari",1,709
"Doctor_Mian_Akhtar_Ali_Laleka",1,709
"Doctor_Muhammad_Rashid_Malik",1,709
"Doctor_Sultan_Zeb_Khan",1,709
"Dr__Abdul_Wahid_Soomro",1,709
"Dr__Arbab_Alamgir_Khan",1,709
"Dr__Ayatullah_Durrani",1,709
"Dr__Azra_Fazal_Pecheho",1,709
"Dr__Fardos_Ashiq_Awan_",1,709
"Dr__Mirza_Ikhtiar_Baig",1,709
"Dr__Muhammad_Haider_Baloch",1,709
"Dr__Muhammad_Riaz",1,709
"Dr__Muhammad_Shakir_Alam",1,709
"Dr__Syed_Israr_Hussain",1,709
"Dr__Zafar_Chaudhary",1,709
"Dr_afsar_Ul_Mulk_Khan",1,709
"Dr_Azra_Fazal_Pechuho",1,709
"Dr_fahmida_Mirza",1,709
"Dr_Farooq_Afzal",1,709
"Dr_Fehmida_Mirza",1,709
"Dr_Firdous_Ashiq_Awan",1,709
"Dr_Mazhar_Iqbal_Choudhary",1,709
"Dr_Saeed_Ahmad_Buzdar",1,709
"Dr_zaheer-Ul-Hassan_Rizvi",1,709
"Dr_zulfiqar_Ali_Bhatti",1,709
"Ejaz_Ahmed_Samma",1,709
"Ejaz_Ali_Khan_Shahani",1,709
"Engineer_Hamid_Iqbal_Khan",1,709
"Engineer_Muhammad_Tariq_Khattak",1,709
"Engr_dawar_Khan_Kundi",1,709
"Faisal_Karim_Kundi",1,709
"Faisal_Sakhi_Butt",1,709
"Faizullah_Chaichee",1,709
"Fakhar_Umar_Hayat",1,709
"Faqir_Sher_Muhammad_Bilalani",1,709
"Faraz_Hashmi",1,709
"Farhana",1,709
"Farooq_Akbar_Kahloon",1,709
"Faryal_Talpur",1,709
"Farzana_Sherin",1,709
"Fateh_Ullah_Khan",1,709
"Fazal_e_Rabi",1,709
"Fazal_Rahman",1,709
"Fazal_Wadood",1,709
"Fida_Hussain_Dero",1,709
"Fozia_Behram",1,709
"Ghanva_Bhutto",1,709
"Ghanwa_Bhutto",1,709
"Ghayas-Ud-Din_Khan",1,709
"Ghinva_Bhutto",1,709
"Ghinwa_Bhutto",1,709
"Ghulam_Akbar_Lasi",1,709
"Ghulam_Ali_Nizamani",1,709
"Ghulam_Farid_Kathia",1,709
"Ghulam_Muhammad_Junejo_Alias_Gul_Junejo",1,709
"Ghulam_Murtaza_Satti",1,709
"Ghulam_Rabbani_Khar",1,709
"Ghulam_Sarwar_Khan_Khichi",1,709
"Gulzar_Ahmed_Chaudhary",1,709
"Hafeez-Ullah_Ishaq",1,709
"Hafiz_Hussain_Ahmed_Madni",1,709
"Haider_Ali_Khan_Kharal",1,709
"Hajan_Allah_Rakhi",1,709
"Haji_Misar_Khan",1,709
"Haji_Muhammad_Ishaq",1,709
"Haji_Nafees_Ahmed_Usmani_Advocate",1,709
"Haji_Rasool_Bux_Chandio",1,709
"Hamid_Ali_Bhatti",1,709
"Hamid_Saeed_Kazmi",1,709
"Haris_Meeran",1,709
"Hasnain_Ijaz_Khan_Shahani",1,709
"Hayat_Ullah_Khan_Tareen",1,709
"Hazrat_Wali",1,709
"Hina_Rabbani_Khar",1,709
"Ibne_Saeed_Ch_",1,709
"Iftikhar_Ahmed_Cheema_Advocate",1,709
"Iftikhar_Shahid",1,709
"Ihsan_Ur_Rahman_Mazari",1,709
"Imam_Ali_Samejo",1,709
"Imdad_Ullah_Abbasi",1,709
"Imran",1,709
"Imtiaz_Safdar_Waraich",1,709
"Imtiaz_Safdar_Warraich",1,709
"Iqbal_Ahmad_Khan",1,709
"Irfan_Ali_Leghari",1,709
"Irfan_Qureshi",1,709
"Israr_Ahmed_Khan",1,709
"Jahangir_Badar",1,709
"Jam_Abdul_Karim_Bijar",1,709
"Jamshed_Ahmad_Khan_Dasti",1,709
"Javaid_Saeed_Kazmi",1,709
"Javed_Iqbal_Warraich",1,709
"Javeed_Iqbal_Waraich",1,709
"Jawad_Hussain",1,709
"Jawaid_Sheikh",1,709
"Kakagi_Muhammad_Zahoor",1,709
"Kamal_Khan",1,709
"Kamran_Yousaf_Ghumman",1,709
"Khadeeja_Aamir",1,709
"Khair_Muhammad_Khan_Tareen",1,709
"Khalilu_Rehman",1,709
"Khan_Daraz",1,709
"Khanim_Ullah",1,709
"Khanzada_Khan",1,709
"Khawaja_Atta_Ullah_Khan_Tonsa_Sharif",1,709
"Khawaja_Ghulam_Hussain",1,709
"Khawaja_Kaleem-Ud-Din_Koreja_",1,709
"Khawaja_Kaleem_Ud_Din_Koreja",1,709
"Khawaja_Muhammad_Saleh",1,709
"Khawaja_Sheeraz_Mehmood",1,709
"Khawja_Mudassir_Mehmood",1,709
"Khizarul_Islam",1,709
"Khurram_Pervaiz_Raja",1,709
"Khuwaja_Ghulam_Hussain",1,709
"Khwaja_Ghulam_Rasool_Koreja",1,709
"Kiramatullah_Khan",1,709
"Lal_Muhammad_Khan",1,709
"Liaqat_Ali_Khan",1,709
"Lt_col__r__Sultan_Sikandar_Ghumman_",1,709
"m_Bilal_Khan_Sherpao",1,709
"m_Israr_Tareen",1,709
"Mahar_Khliq_Yar_Khan_Lak",1,709
"Mahesh_Kumar_Malani",1,709
"Mahesh_Kumar_Malhani",1,709
"Mahmood_Akhtar_Ghuman",1,709
"Mahr_Irshad_Ahmed_Siyal",1,709
"Maj_Retd_Liaqat_Ali_Shah_Gailani",1,709
"Makhddom_Syed_Murtaza_Mehmood",1,709
"Makhdoom_Amad-Ud-Din",1,709
"Makhdoom_Jamil_Uz_Zaman",1,709
"Makhdoom_Muhammad_Ameen_Fahim",1,709
"Makhdoom_Shahab-Ud-Din",1,709
"Makhdoom_Shahab_Ud_Din",1,709
"Makhdoom_Syed_Ali_Hassan_Gilani",1,709
"Makhdoom_Syed_Mustafa_Mehmood",1,709
"Makhdoom_Tahir_Rashid",1,709
"Makhdum_Syed_Mustafa_Mahmud",1,709
"Makhdum_Syed_Usman_Mahmud",1,709
"Malak_Azmat_Khan",1,709
"Malak_Syed_Noor_Akbar",1,709
"Malik_Aamer_Fida_Paracha",1,709
"Malik_Amjad_Aziz_Khan",1,709
"Malik_Asad_Sikandar",1,709
"Malik_Asghar_Ali_Qaisar",1,709
"Malik_Irfan_Ahmad_Gheba",1,709
"Malik_Khalid_Awan",1,709
"Malik_Muhammad_Amir_Dogar",1,709
"Malik_Mushtaq_Ahmad",1,709
"Malik_Nawab_Sher_Waseer",1,709
"Malik_Nawab_Sher_Wasseer",1,709
"Malik_Niaz_Ahmad",1,709
"Malik_Raza_Rabbani_Khar",1,709
"Malik_Salah-Ud-Din_Dogar",1,709
"Malik_Sardar_Muhammad_Tralay_Wala",1,709
"Malik_Shah",1,709
"Malik_Shoukat_Hayyat_Awan",1,709
"Malik_Sohail",1,709
"Malik_Sultan_Mehmood_Wadhal_Tiwana",1,709
"Meer_Dost_Muhammad_Mazari",1,709
"Mehar_Abdul_Rashid_",1,709
"Mehboob_Ullah_Jan",1,709
"Mehkumuddin",1,709
"Mehmood_Hayat_Khan_Alias_Tochi_Khan",1,709
"Mehmood_Hayat_Khan_Tochi",1,709
"Mehmood_Hayyat_Khan_Alias_Tauchi_Khan",1,709
"Mehr_Ghulam_Farid_Kathia",1,709
"Mehr_Sultana",1,709
"Mehreen_Anwar_Raja",1,709
"Mian_Abdul_Haq_Alias_Mian_Mitho",1,709
"Mian_Abdul_Sattar",1,709
"Mian_Abdus_Sattar",1,709
"Mian_Aziz_Ur_Rehman_Chann",1,709
"Mian_Humayun_Sarwar_Bodla",1,709
"Mian_Jamshed-Ud-Din",1,709
"Mian_Manzoor_Ahmad_Khan_Wattoo",1,709
"Mian_Muhammad_Aslam_Arain",1,709
"Mian_Muzaffar_Shah",1,709
"Mian_Nasim_Mahmood_Hotiana",1,709
"Mian_Omer_Misbah-Ul-Rehman",1,709
"Mian_Rehman_Aziz_Chan",1,709
"Mian_Shamim_Haider",1,709
"Mian_Tariq_Habib_",1,709
"Mir_Aamir_Ali_Khan_Magsi",1,709
"Mir_Aijaz_Hussain_Jakhrani",1,709
"Mir_Amir_Ali_Khan_Magsi",1,709
"Mir_Changez_Khan_Jamali",1,709
"Mir_Ghulam_Ali_Talpur",1,709
"Mir_Ghulam_Fareed_Raisani",1,709
"Mir_Hazar_Khan_Bijarani_",1,709
"Mir_Imam_Bakhsh_Zahri",1,709
"Mir_Imran_Jattak",1,709
"Mir_Jan_Muhammad_Masuri",1,709
"Mir_Maqbool_Ahmed_Lehri",1,709
"Mir_Munawar_Ali_Talpur",1,709
"Mir_Shabbir_Ali_Bijarani",1,709
"Mirza_Ikhtiar_Baig",1,709
"Mirza_Maqbool_Ahmed",1,709
"Mirza_Muhammad_Nasir_Bage",1,709
"Mirza_Muhammad_Nasir_Baig",1,709
"Misbah-Ud-Din",1,709
"Misbah_Ud_Din",1,709
"Mohammad_Ayaz_Soomro",1,709
"Mohammad_Moazim_Ali_Khan",1,709
"Mohammad_Sagheer",1,709
"Mohammad_Sulleman",1,709
"Mr__Makhdoom_Muhammad_Ameen_Faheem",1,709
"Mr__Peeral_Majeedano",1,709
"Mr__Shahid_Hussain_Bhutto",1,709
"Mr_imran_Zafar_Leghari",1,709
"Mrs_faryal_Talpur",1,709
"Mubeen_Arshad",1,709
"Muhammad_Afaque_Khan_Alias_Shahid",1,709
"Muhammad_Alam_Khan",1,709
"Muhammad_Ali_Laleka",1,709
"Muhammad_Ali_Sanul_Awan",1,709
"Muhammad_Amjid_Abbas",1,709
"Muhammad_Arshad_Abbas_Qureshi",1,709
"Muhammad_Asghar_Lal",1,709
"Muhammad_Ashraf_Bhatti",1,709
"Muhammad_Asif_Khan",1,709
"Muhammad_Azam_Afridi",1,709
"Muhammad_Farooq_Azam_Malik",1,709
"Muhammad_Haider_Shah",1,709
"Muhammad_Hakeem_Khan",1,709
"Muhammad_Hassan_Khan",1,709
"Muhammad_Hyder_Ali_Bukhari",1,709
"Muhammad_Idrees_Khattak",1,709
"Muhammad_Ijaz_Virk_Advocate_",1,709
"Muhammad_Irshad_Khan",1,709
"Muhammad_Jamshed",1,709
"Muhammad_Kashif_Bhabha",1,709
"Muhammad_Khalid_Bashir_Tarnsporter",1,709
"Muhammad_Khan_Nadeem",1,709
"Muhammad_Moazam_Ali_Khan_Jatoi",1,709
"Muhammad_Mohsin_Ali_Qureshi",1,709
"Muhammad_Murad_Baloch",1,709
"Muhammad_Muzamil_Qureshi",1,709
"Muhammad_Naveed_Ch_",1,709
"Muhammad_Nawazish_Ali_Pirzada",1,709
"Muhammad_Nisar_Ahmad_Khan",1,709
"Muhammad_Rashid_Hussain_Rabani",1,709
"Muhammad_Saif_Ullah_Khan_Sadozai_Advocate",1,709
"Muhammad_Sardar_Bahadar_Babar_Khan",1,709
"Muhammad_Shah_Jehan",1,709
"Muhammad_Shahjahan_Khan",1,709
"Muhammad_Shahryar_Khan_Mahar",1,709
"Muhammad_Shakeel_Shah_Gilani",1,709
"Muhammad_Shakeel_Ur_Rehman",1,709
"Muhammad_Shuja_Khan",1,709
"Muhammad_Tariq_Anees",1,709
"Muhammad_Tariq_Khan_Niazi",1,709
"Muhammad_Tariq_Tarar",1,709
"Muhammad_Waqas",1,709
"Muhammad_Yaqoob_Ziaratwal",1,709
"Muhammad_Yasin",1,709
"Muhammad_Yousuf_Ali_Ghallu",1,709
"Muhammad_Zaki_Chaudhary",1,709
"Muhammad_Zaki_Chaudhry",1,709
"Muhammad_Zulfiqar_Ali",1,709
"Muhtarma_Ghanwa_Bhutto",1,709
"Mukhtar_Abbas",1,709
"Mullna_Abdul_Sattar",1,709
"Mumtaz_Ali_Cheema",1,709
"Munawar_Hayat_Abasi",1,709
"Mushtaq_Ahmad_Mohal__Advocate_High_Court_",1,709
"Nadeem_Afzal_Gondal",1,709
"Nadeem_Ahmad_Awan",1,709
"Naeem_Dastgir_Khan",1,709
"Naeem_Mehmood_Rana",1,709
"Nafisa_Shah",1,709
"Najam_Ud_Din_Khan",1,709
"Najam_Uddin_Khan",1,709
"Najmuddin_Khan",1,709
"Naseem_Khan",1,709
"Naseer_Mohammad_Khan",1,709
"Nasira_Arshad",1,709
"Nasira_Meo",1,709
"Nasrullah_Roonjha",1,709
"Natasha_Daultana",1,709
"Nauman_Islam_Shaikh",1,709
"Nauman_Islam_Shaikh_",1,709
"Nawab_Abdul_Ghani_Talpur",1,709
"Nawab_Ali_Wassan",1,709
"Nawab_Din",1,709
"Nawab_Malik_Amir_Muhammad_Khan",1,709
"Nawab_Mohammad_Yousif_Talpur",1,709
"Nawab_Muhammad_Yousaf_Talpur",1,709
"Nawab_Muhammad_Yousif_Talpur",1,709
"Nawabzada_Abdul_Qadir_Khan",1,709
"Nawabzada_Ghazanfar_Ali_Gul",1,709
"Nawabzada_Iftikhar_Ahmad_Khan",1,709
"Nawabzada_Iftikhar_Ahmed_Khan",1,709
"Nawabzada_Mir_Amir_Ali_Khan_Magsi",1,709
"Nawabzada_Mir_Jamal_Khan_Raisani",1,709
"Nazar_Muhammad",1,709
"Nazar_Muhammad_Gondal",1,709
"Nazar_Muhammad_Kakar",1,709
"Nazeer_Ahmad",1,709
"Nazir_Ahmed_Bhugio",1,709
"Nazir_Ahmed_Bughio",1,709
"Neha_Javed",1,709
"Nida_Asim",1,709
"Nisar_Muhammad",1,709
"Noor_Naeem_Khan",1,709
"Noor_Ul_Ain",1,709
"Noor_Ul_Ain_Rai_Saeed",1,709
"Peer_Haider_Zaman_Quraishi",1,709
"Peeral_Majeedano",1,709
"Pir_Aftab_Hussain_Shah_Jilani",1,709
"Pir_Aftab_Hussain_Shah_Jillani",1,709
"Pir_Ameer_Ali_Shah_Jilani",1,709
"Pir_Bux_Jamot",1,709
"Pir_Haider_Zaman_Qureshi",1,709
"Pir_Noor_Muhammad_Shah_Jeelani",1,709
"Pir_Shafqat_Hussain_Shah_Jilani",1,709
"Pir_Syed_Fazal_Ali_Shah_Jeelani",1,709
"Pir_Syed_Fazal_Ali_Shah_Jillani",1,709
"Qadir_Khan_Mando_Khail",1,709
"Qamar_Abbas",1,709
"Qamar_Zaman_Kaira",1,709
"Qazi_Muhammad_Azhar_Advocate",1,709
"Qazi_Muhammad_Bashir",1,709
"Qurban_Ali_Kalwar",1,709
"Quttab_Din",1,709
"Rafiq_Ahmed_Jamali",1,709
"Rafique_Ahmed_Jamali",1,709
"Raheela_Perveen",1,709
"Rai_Ghulam_Mujtaba_Kharal",1,709
"Rai_Ijaz_Ahmad_Khan",1,709
"Rais_Muhammad_Khalid_Chachar",1,709
"Raja_Faiz_Akbar_Janjuha",1,709
"Raja_Israr_Ahmed_Abbasi_Advocate",1,709
"Raja_Masood_Ahmad",1,709
"Raja_Muhammad_Afzal_Khan",1,709
"Raja_Muhammad_Iftikhar_Kayani",1,709
"Raja_Muhammad_Sana_Ul_Haq_Advocate",1,709
"Raja_Parvaiz_Ashraf",1,709
"Raja_Pervaiz_Ashraf",1,709
"Rajib_Ali",1,709
"Rameez_u_Din_Memon",1,709
"Rana_Abdul_Rehman_Khan",1,709
"Rana_Abdul_Shakoor_Khan",1,709
"Rana_Mahmood_Ashraf",1,709
"Rana_Mehmood_Ul_Hasan",1,709
"Rana_Mubashir_Ali_Khan",1,709
"Rana_Muhammad_Azhar_Uttra",1,709
"Rana_Muhammad_Farooq_Saeed_Khan",1,709
"Rana_Muhammad_Qasim_Noon",1,709
"Rao_Abdul_Ghaffar",1,709
"Rao_Muhammad_Jameel_Hashim_Khan",1,709
"Rao_Najeeb_Ur_Rehman",1,709
"Riaz_Hussain_Lund_Balouch",1,709
"Rizwan_Ahmad_Hans",1,709
"Roshan_Din_Junejo",1,709
"Rozi_Khan_Kakar",1,709
"Saathi_Ishaque_Advocate",1,709
"Sabar_Ali_Baloch",1,709
"Sabir_Ali_Baloch",1,709
"Sabir_Hussain",1,709
"Sadiq_Ali_Memon",1,709
"Saeed_Iqbal",1,709
"Saeed_Iqbal_",1,709
"Sajid_Ali_Bambhan",1,709
"Sajid_Ali_Banbhan",1,709
"Sajid_Hussain_Turi",1,709
"Sajjad_Ahmad_Awan_",1,709
"Sajjad_Ul_Hassan",1,709
"Sakhawat_Masih",1,709
"Salahuddin_Junejo",1,709
"Saleem_Mandviwala",1,709
"Saleem_Shah",1,709
"Saleem_Ullah_Khan",1,709
"Samina_Khalid_Ghurki",1,709
"Sardar_Ahmed_Khan_Alias_Fayyaz_Ali_Khan",1,709
"Sardar_Al-Haaj_Muhammad_Umar",1,709
"Sardar_Al_Haaj_Muhammmad_Umer_Gorgaij",1,709
"Sardar_Ali",1,709
"Sardar_Ali_Abbas_Khan_Baloch",1,709
"Sardar_Asif_Ahmad_Ali",1,709
"Sardar_Azhar_Ali_Mekan",1,709
"Sardar_Bahadur_Ahmad_Khan",1,709
"Sardar_Bahadur_Ahmed_Khan",1,709
"Sardar_Dost_Muhammad_Khan_Khosa",1,709
"Sardar_Jahazeb_Khan_Drishak_Almarof_Chand_Khan",1,709
"Sardar_Kamal_Khan_Chang",1,709
"Sardar_Khurram_Latif_Khan_Khosa",1,709
"Sardar_Khyzar_Hayat_Khan_Ladhu_Ka",1,709
"Sardar_Mir_Baz_Muhammad_Kha_Khetran",1,709
"Sardar_Mir_Baz_Muhammad_Khan_Khethran",1,709
"Sardar_Muhammad_Gulzar_Abbasi",1,709
"Sardar_Muhammad_Saif_Ud_Din_Khan_Khosa",1,709
"Sardar_Mushtaq_Ahmed",1,709
"Sardar_Nabil_Ahmed_Gabol",1,709
"Sardar_Saleem_Haider",1,709
"Sardar_Saleem_Haider_Khan",1,709
"Sardar_Sana_Ullah_Zehri",1,709
"Sardar_Shahnawaz_Khan",1,709
"Sardar_Shaukat_Hayat_Khan_Advocate",1,709
"Sardar_Shoaib_Mumtaz_Khan",1,709
"Sardar_Usman_Nawaz",1,709
"Sardar_Wahid_Bux_Bhayo",1,709
"Sardar_Wazir_Ahmed_Jogezai",1,709
"Sardar_Zafar_Ullah_Khan_Laghari",1,709
"Sarfaraz_Rajar",1,709
"Sarshar_Hassan_Cheema",1,709
"Sayed_Akhun_Zada_Chattan",1,709
"Shabbir_Ahmad_Khan_Leghari",1,709
"Shabir_Ahmed",1,709
"Shafeeqa_Baghum_Rao_Sikindar_Iqbal",1,709
"Shah_Fahad_Ansari",1,709
"Shah_Rehman",1,709
"Shahadat_Ali_Khan_Baloch",1,709
"Shaheem_Safdar",1,709
"Shaheen_Zamir",1,709
"Shaheryar_Khan",1,709
"Shahid_Abbas",1,709
"Shahid_Bashir",1,709
"Shahjahan_Ahmad_Bhatti",1,709
"Shahjahan_Baloch",1,709
"Shahrukh_Malik",1,709
"Shahzad_Majeed",1,709
"Shahzada_Ghulam_Muhyuddin",1,709
"Shakeel_Ahmed_",1,709
"Shamas-Un-Nisa",1,709
"Shams_Panhwar",1,709
"Shamshad_Sattar_Bachani",1,709
"Shamusddin_Panhwar",1,709
"Shaukat_Ali_Bajwa",1,709
"Shaukat_Pervez_Khan",1,709
"Shazia_Aurangzeb_Khan",1,709
"Shazia_Mari",1,709
"Shazia_Marri",1,709
"Shazia_Tehmas_Khan",1,709
"Shehryar_Amir_Zeb",1,709
"Sheikh_Kamran_Iqbal",1,709
"Sheikh_Muhammad_Iqbal",1,709
"Sheikh_Muhammad_Maghaz_Feroz",1,709
"Sheikh_Waqar_Ahmed_Advocate",1,709
"Sher_Muhammad_Balcoh",1,709
"Sher_Qanoos_Advocate",1,709
"Shiyam_Sundar_Advocate",1,709
"Shoaib_Alam_Khan",1,709
"Shoukat_Ali_Joya_Laleka",1,709
"Siddique_Akber",1,709
"Sidra_Saeed",1,709
"Sohail_Ansari",1,709
"Sohail_Shahzad",1,709
"Sumaira_Gul",1,709
"Sumaira_Mushtaq_Kharal",1,709
"Syed_Abbas_Raza_Rizvi",1,709
"Syed_Abdul_Qadir_Gillani",1,709
"Syed_Abid_Ali_Shah",1,709
"Syed_Abid_Hussain_Imam",1,709
"Syed_Abrar_Ali_Shah",1,709
"Syed_Ahmad_Ali_Shah",1,709
"Syed_Ahmad_Mujtaba_Gillani",1,709
"Syed_Akhunzada_Chattan",1,709
"Syed_Ali_Musa_Gillani",1,709
"Syed_Ali_Zawar_Naqvi",1,709
"Syed_Allauddin",1,709
"Syed_Ameer_Ali_Shah_Jamot",1,709
"Syed_Amir_Ali_Shah_Jamote",1,709
"Syed_Amir_Hamza_Peerzada",1,709
"Syed_Amjad_Hussain_Zaidi",1,709
"Syed_Anayat_Ali_Shah",1,709
"Syed_Asghar_Hussain",1,709
"Syed_Asif_Hashmi",1,709
"Syed_Ayaz_Ali_Shah_Sherazi",1,709
"Syed_Azmat_Ali_Bukhari_Advocate",1,709
"Syed_Faisal_Raza_Abidi",1,709
"Syed_Faqeer_Hussain_Shah",1,709
"Syed_Gayoor_Abbas_Bukhari_",1,709
"Syed_Ghayoor_Abbas_Bukhari",1,709
"Syed_Ghulam_Mustafa_Shah",1,709
"Syed_Ghulam_Mustafa_Shah_s_o_Syed_Sabbir_Ahmed_Shah",1,709
"Syed_Hamid_Saeed_Kazmi",1,709
"Syed_Hasnat_Ahmed",1,709
"Syed_Hussain_Tariq",1,709
"Syed_Ibne_Ali",1,709
"Syed_Intikhab_Hussain_Shah",1,709
"Syed_Irfan_Gardezi",1,709
"Syed_Ishtiaq_Ul_Hassan_Gilani",1,709
"Syed_Javed_Ali_Shah_Jillani",1,709
"Syed_Khursheed_Ahmed_Shah",1,709
"Syed_Manzoor_Abbas",1,709
"Syed_Mumtaz_Alam_Gillani",1,709
"Syed_Murtza_Mehmud",1,709
"Syed_Nasir_Ali_Shah_Alias_Syed_Abbas",1,709
"Syed_Naveed_Qamar",1,709
"Syed_Nayyer_Hussain_Bukhari",1,709
"Syed_Qutab_Ali_Shah_Alias_Ali_Baba",1,709
"Syed_Rafiullah",1,709
"Syed_Raza_Abbas",1,709
"Syed_Sabtul_Haider_Bukhari",1,709
"Syed_Sohail_Abidi",1,709
"Syed_Sohail_Abrar",1,709
"Syed_Sumsam_Ali_Shah_Bukhari",1,709
"Syed_Sumsan_Ali_Shah_Bukhari",1,709
"Syed_Tariq_Gilani",1,709
"Syed_Tariq_Raza",1,709
"Syed_Waseem_Ul_Hassan_Naqvi",1,709
"Syed_Yousaf_Raza_Gillani",1,709
"Syed_Zaffar_Ali_Shah",1,709
"Syed_Zahid_Bukhari",1,709
"Syeda_Abida_Hussain",1,709
"Syeda_Sughra_Imam",1,709
"Taimoor_Tahir",1,709
"Taj_Muhammad_Jamali",1,709
"Talat_Iqbal_Mahessar",1,709
"Tariq_Ashrif_Kahloon",1,709
"Tariq_Hakam_Ali",1,709
"Tariq_Javed_Manzoor",1,709
"Tariq_Mahmood",1,709
"Tariq_Mahmood_Bajwa",1,709
"Tariq_Mehmood_Bajwa",1,709
"Tariq_Shabbir_Advocate",1,709
"Tariq_Yaqoob_Fateh_Muhammad",1,709
"Tasneem_Ahmad_Qureshi",1,709
"Tasneem_Ahmed_Qureshi",1,709
"Tussadiq_Masood_Khan",1,709
"Umar_Aftab",1,709
"Umar_Farooq_Khan_Shawa",1,709
"Usman_Khan_Tarakai",1,709
"Waqar_Ahmad_Khan",1,709
"Waseef_Ullah_Khan",1,709
"Waseem_Akhtar",1,709
"Waseem_Khan_Rajput",1,709
"Yousaf_Ali",1,709
"Zafar_Ahmed_Siddiqui_Advocate",1,709
"Zafar_Iqbal_Ch_",1,709
"Zafar_Jhandeer",1,709
"Zahid_Pervaiz_Alias_Zahid_Bashir_",1,709
"Zar_Gul_Khan",1,709
"Zubair_Kardar",1,709
"Zulfaqar_Ali_Qaim_Khani",1,709
"Zulfiqar_Ali_Behan",1,709
"Zulfiqar_Ali_Khan",1,709
"Zulfiqar_Bachani",1,709
"Zumarad_Khan",1,709
"Zumurrad_Khan",1,709
"Abdul_Ahad",1,37
"Abdul_Khaliq_s_o_Haji_Fazal_m",1,37
"Abdul_u_Haq_Malik",1,37
"Ali_Nawaz",1,37
"Asgher_Ali",1,37
"Ata_Muhammad",1,37
"Eid_Nazar",1,37
"Ghulam_Shabbir",1,37
"Gul_Faraz",1,37
"Hafiz_Aurangzaib_Farooqui",1,37
"Hamza_Tariq",1,37
"Iftikhar_Ahmed_Farooqi",1,37
"Kamran_Khalid_Butt",1,37
"Khuda_Nazar",1,37
"Muhammad_Abu_Bakar_Saddique",1,37
"Muhammad_Ahmad_Khan",1,37
"Muhammad_Ishaque",1,37
"Muhammad_Ishfaq",1,37
"Muhammad_Safder_Hashmi",1,37
"Muhammad_Sikandar",1,37
"Naimatullah",1,37
"Saeed_Khan",1,37
"Shakil_Ahmed",1,37
"Syed_Abdul_Rafay",1,37
"Syed_Kaleem_Ullah",1,37
"Tariq_Aziz",1,37
"Ubaid_Ullah_Khan",1,37
"Waqas_Ahmed",1,37
"Atif_Atta",1,4
"Aziz_Ul_Islam",1,4
"Javed_Sharif",1,4
"Aamer_Masood_Mughal",1,487
"Abdul_Hakeem_Chandio",1,487
"Abdul_Qayum",1,487
"Abdul_Sattar_Samoon",1,487
"Abdur_Raoof_Dolla",1,487
"Abid_Javed_Virk",1,487
"Abid_Mahmood",1,487
"Abid_Mahmood_Khagga",1,487
"Abrar_Ul_Haq",1,487
"Abu_Bakar_Virk",1,487
"Adil_Khan_Bazai",1,487
"Adv_Shujaat_Ali",1,487
"Advocate_Zahoor_Mehsud",1,487
"Aftab_Ahmad",1,487
"Aftab_Ahmad_Khan_Khichi",1,487
"Aftab_Ahmed_Soomro",1,487
"Aftab_Irshad_Cheema",1,487
"Aftab_Jahangir",1,487
"Afzaal_Azeem_Pahat_Advocate",1,487
"Ahsan_Ulla_Virk",1,487
"Ajab_Gul",1,487
"Akeel_Aslam",1,487
"Akhtar_Iqbal_Dar",1,487
"Akram_Khan",1,487
"Akram_Niazi",1,487
"Aleem_Adil_Sheikh_",1,487
"Ali_Afzal_Sahi",1,487
"Ali_Amin_Gandapur",1,487
"Ali_Asghar_Khan",1,487
"Ali_Ashraf",1,487
"Ali_Asjid_Malhi",1,487
"Ali_Bukhari",1,487
"Ali_Ijaz_Buttar",1,487
"Ali_Khan_Jadoon",1,487
"Ali_Muhammad_Khalul",1,487
"Ali_Muhammad_Khan",1,487
"Aliya_Hamza",1,487
"Amber_Majeed_Niazi",1,487
"Ambreen_Malik",1,487
"Amir_Sharjeel",1,487
"Amirullah",1,487
"Amjad_Ali_Bajwa",1,487
"Amjid_Ali_Khan",1,487
"Aniqa_Mehdi",1,487
"Anwar_Haqdad",1,487
"Anwar_Taj",1,487
"Aqibullah",1,487
"Arbab_Amir_Ayub",1,487
"Arbab_Muhammad_Haleem",1,487
"Arif_Murad",1,487
"Arif_Ur_Rehman_Alvi",1,487
"Arshad_Ali_Mayo",1,487
"Arshad_Mahmood_Chaudhry",1,487
"Arslan_Khalid",1,487
"Asad_Qaiser",1,487
"Asad_Umar",1,487
"Asif_Khan",1,487
"Asiya_Asad",1,487
"Ataullah_Khan",1,487
"Atif_Ali_Khan_Dreshak",1,487
"Atif_Choudhry",1,487
"Aurangzeb_Khichi",1,487
"Awais_Haider_Jakhar",1,487
"Ayaz_Sarfraz_Malik",1,487
"Ayesha_Nazir_Jatt",1,487
"Azizullah_Dero",1,487
"Azra_Masood",1,487
"Babar_Marghazani",1,487
"Bakht_Jamal_Chandio",1,487
"Barrister_Abdullah_Mumtaz_Kahloon",1,487
"Barrister_Hammad_Azhar",1,487
"Barrister_Nabeel_Dhar",1,487
"Barrister_Taimur_Malik",1,487
"Basharat_Ali_Randhawa",1,487
"Basharat_Raja",1,487
"Bilal_Ejaz",1,487
"Brig_Ejaz_Shah",1,487
"Brigadier_Mumtaz_Iqbal_Kahlon",1,487
"Ch__Muhammad_Ilyas",1,487
"Ch_Khalil_Arain",1,487
"Ch_Muhammad_Shahnawaz_Cheema",1,487
"Ch_Usman_Ali_Tariq",1,487
"Changez_Khan_Kakar",1,487
"Chaudhary_Abdul_Ilyas",1,487
"Chaudhary_Javed_Iqbal_Waraich",1,487
"Chaudhry_Muhammad_Ashfaq",1,487
"Choudary_Shokat_Ali_Bhatti",1,487
"Choudhry_Muhammad_Saqlain",1,487
"Choudhry_Naeem_Ul_Din_Waraich",1,487
"Chudhary_Ilyas_Meharban",1,487
"Chudhary_Muhammed_Yaqoob",1,487
"Col_Ajmal_Sabir_Raja",1,487
"Colnel_Ejaz_Hussain_Minhas",1,487
"Dawar_Khan_Kundi",1,487
"Dawood_Shah",1,487
"Dawood_Ullah",1,487
"Doctor_Saeed_Ahmed_Afridi",1,487
"Doctor_Yasmin_Rashid",1,487
"Dr__Amjad",1,487
"Dr__Nisar_Jutt",1,487
"Dr__Riaz_Lang",1,487
"Dr__Tahir_Ali_Javed",1,487
"Dr_Azeem_Zahid_Lakhvi",1,487
"Dr_Muhammad_Azhar_Khan_Jadoon",1,487
"Ejaz_Ahmad_Gaddan",1,487
"Eman_Tahir",1,487
"Engineer_Dawar_Khan_Kundi",1,487
"Faheem_Khan",1,487
"Faisal_Mughal",1,487
"Faiz_Ullah_Kamoka",1,487
"Falak_Niaz",1,487
"Falak_Sheer_Sikandar",1,487
"Farhat_Faheem_Bhatti",1,487
"Farrukh_Habib",1,487
"Fawad_Ahmad_Cheema",1,487
"Fayaz_Ahmed",1,487
"Fazal_Muhammad_Khan",1,487
"Ghulam_Zahid",1,487
"Gohar_Ali_Khoso",1,487
"Gul_Badshah",1,487
"Gul_Dad_Khan",1,487
"Gul_Muhammad_Keerio",1,487
"Gul_Muhammad_Rind",1,487
"Gul_Zafar_Khan",1,487
"Gulzar_Khan",1,487
"Hafeezullah",1,487
"Hafiz_Hamid_Raza",1,487
"Haji_Akhtar_Mohammad_Mandokhel",1,487
"Haji_Imtiaz_Ahmed_Choudhry",1,487
"Haji_Khalid_Mehmood_Chatha",1,487
"Haleem_Adil_Sheikh",1,487
"Hamid_Khan",1,487
"Hamid_Ul_Haq",1,487
"Hamid_Zaman",1,487
"Hamida_Masood_Shah",1,487
"Hamza_Khan",1,487
"Haroon_Ihsaan_Paracha",1,487
"Hassan_Adeel",1,487
"Hassan_Ali_Khan",1,487
"Hina_Manzoor",1,487
"Iffat_Soomro",1,487
"Iftikhar_Ali_Khitran",1,487
"Iftikhar_Soomro",1,487
"Imran_Ahmed_Khan_Niazi",1,487
"Imran_Khattak",1,487
"Imran_Qaisar_Abbbas",1,487
"Iqra_Mubarik",1,487
"Jahanzaib_Imtiaz_Gill",1,487
"Jameel_Ahmed_Lund_Baloch",1,487
"Jamshaid_Dasti",1,487
"Javaid_Safdar_Kahlon",1,487
"Javed_Ali_Bozdar",1,487
"Jehanzeb_Khan_Dhakki",1,487
"Junaid_Akbar",1,487
"Kanwal_Shauzab",1,487
"Karim_Dad",1,487
"Khalid_Abdullah_Ghazi",1,487
"Khalid_Masood_Khan",1,487
"Khalid_Mehmood_Ali",1,487
"Khalid_Nawaz",1,487
"Khan_Shaid_Afridi",1,487
"Khawaja_Mudasar_Mehmood",1,487
"Khawaja_Sharif_Muhammad_Koreja",1,487
"Khawaja_Sheraz_Mehmood",1,487
"Khial_Zaman_Aurak_Zai",1,487
"Khudada_Kalyar_Advocate",1,487
"Khurram_Munawar_Munj",1,487
"Khurram_Shahzad_Virk",1,487
"Khurram_Sher_Zaman",1,487
"Khursheed_Mehmood_Kasuri",1,487
"Kousar_Parveen",1,487
"Lal_Chand_Malhi",1,487
"Lala_Asad_Ullah",1,487
"Latif_Khosa",1,487
"Lt_Col_r_Ajmal_Sabir_Raja",1,487
"Mahar_Sajjad_Hussain_Cheena",1,487
"Maher_Naveed_Ahmad_Kherha",1,487
"Mahmood_Khan",1,487
"Maj_Latasab_Satti",1,487
"Makhdoom_Imad_Ud_Din_Hashmi",1,487
"Makhdoom_Javaid_Hussain_Hashmi",1,487
"Makhdoom_Shah_Mahmood_Hussain_Qureshi",1,487
"Makhdoom_Shah_Mahmood_Qureshi",1,487
"Makhdoom_Shah_Mehmood_Hussain_Qureshi",1,487
"Malik_Ameen_Aslam_Khan",1,487
"Malik_Amir_Dogar",1,487
"Malik_Arif_Awan",1,487
"Malik_Atiq_Ur_Rehman_Orakzai",1,487
"Malik_Ghulam_Murtaza_Metla",1,487
"Malik_Mehboob_Ahmed",1,487
"Malik_Muhammad_Akram_Bhatti",1,487
"Malik_Muhammad_Ali_Khan_Tiwana",1,487
"Malik_Muhammad_Faisal_Dehwar",1,487
"Malik_Muhammad_Muzaffar_Khan",1,487
"Malik_Muhammad_Yar_Dhakoo",1,487
"Malik_Nazir_Ahmed_Sobhi",1,487
"Malik_Touqeer_Abbas_Khokhar",1,487
"Malik_Umar_Farooq",1,487
"Malik_Waheed_Khan",1,487
"Malik_Waqar_Ahmad",1,487
"Malik_Zaheer_Abbas",1,487
"Manochaher",1,487
"Mansoor_Sarwar_Khan",1,487
"Maqsood_Ahmed_Ansari",1,487
"Maqsood_Ali",1,487
"Maryam_Batool",1,487
"Masroor_Ali",1,487
"Matiullah_Khan",1,487
"Mehar_Un_Nisa_Baloch",1,487
"Mehboob_Shah",1,487
"Mehr_Bano_Qureshi",1,487
"Mian_Azhar",1,487
"Mian_Ghous_Muhammad",1,487
"Mian_Moin_Uddin",1,487
"Mian_Muhammad_Afzal_Hayat",1,487
"Mian_Muhammad_Amjad_Joyia",1,487
"Mian_Muhammad_Naeem",1,487
"Mian_Mumtaz_Ahmad_Matyana",1,487
"Mian_Nazir_Rahman",1,487
"Mian_Salman_Ali_Qureshi",1,487
"Mian_Shahid_Mustafa_Qureshi",1,487
"Mir_Ali_Ahmed_Zehri",1,487
"Mir_Mohammad_Azam_Sumalani",1,487
"Mirza_Abdul_Qayyum",1,487
"Mirza_Saeed_Mehmood_Baig",1,487
"Moazam_Jatoi",1,487
"Mohammad_Imran",1,487
"Mohtarma_Zartaj_Gul_Akhwand",1,487
"Mubeen_Arif_Jatt",1,487
"Muhammad_Afzal_Gondal",1,487
"Muhammad_Ahmad_Chattha",1,487
"Muhammad_Ajmal_Cheema",1,487
"Muhammad_Alamgir_Khan",1,487
"Muhammad_Ali_Sarfaraz",1,487
"Muhammad_Ali_Shakoor",1,487
"Muhammad_Ameer_Sultan",1,487
"Muhammad_Arshad_Sahi",1,487
"Muhammad_Ashraf_Jabbar_Qureshi",1,487
"Muhammad_Aslam_Ghumman",1,487
"Muhammad_Atif",1,487
"Muhammad_Aurangzaib_Khan_Khichi",1,487
"Muhammad_Azam_Khan_Swati",1,487
"Muhammad_Bashir_Khan",1,487
"Muhammad_Daood",1,487
"Muhammad_Dawood_Khan",1,487
"Muhammad_Ibraheem_Khan",1,487
"Muhammad_Imran_Shaukat_Khan",1,487
"Muhammad_Ishaq_Khan_Khakwani",1,487
"Muhammad_Jamal_Ahsan_Khan",1,487
"Muhammad_Madni",1,487
"Muhammad_Mansha_Sindhu",1,487
"Muhammad_Miqdad_Ali_Khan",1,487
"Muhammad_Naem",1,487
"Muhammad_Nawaz_Gondal",1,487
"Muhammad_Qasim_Khan_Suri",1,487
"Muhammad_Riaz_Haider",1,487
"Muhammad_Roman_Ahmed",1,487
"Muhammad_Sajid_Naeem_Qureshi",1,487
"Muhammad_Saleem_Akhtar_Durrani",1,487
"Muhammad_Saleem_Imran",1,487
"Muhammad_Sana_Ullah_Khan_Mastikhel",1,487
"Muhammad_Shoaib_Shaheen",1,487
"Muhammad_Tuffail",1,487
"Muhammad_Usman_Dar",1,487
"Muhammad_Waqar_Wasi_Chaudhary",1,487
"Muhammad_Yasir",1,487
"Muhammad_Zeeshan",1,487
"Muhammad_Zubair_Khan",1,487
"Muhram_Khan",1,487
"Mujahid_Ali",1,487
"Mujahid_Khan",1,487
"Mumtaz_Ahmad",1,487
"Mumtaz_Ali_Jakhrani",1,487
"Mumtaz_Ali_Shah",1,487
"Mumtaz_Mustafa_Advocate",1,487
"Murad_Saeed",1,487
"Mustafa_Kundi",1,487
"Mustansir_Billah",1,487
"Nadeem_Abbasi",1,487
"Naiz_Muhammad_Gujjar",1,487
"Naseem_Hashim_Khan",1,487
"Nasim_Ali_Shah",1,487
"Nasir_Khan_Khattak",1,487
"Nasrullah_Mughal",1,487
"Naveed_Hameed",1,487
"Nawab_Aman_Ullah_Khan",1,487
"Nawab_Khan_Dumer",1,487
"Nawab_Muhammad_Ahmad_Khan",1,487
"Nawabzada_Salahuddin_Saeed",1,487
"Nawaz_Mehmood_Khan",1,487
"Naz_Baloch",1,487
"Nazish_Bhatti",1,487
"Nek_Mohammad",1,487
"Niaz_Mohammad_Khan",1,487
"Nisar_Akbar_Khan",1,487
"Nisaraslam_Khan",1,487
"Noor_Muhammad_Ghaffari",1,487
"Peer_Zahoor_Hussain_Quraishi",1,487
"Pervez_Khattak",1,487
"Pir_Bux_Jamood",1,487
"Qaisara_Elahi",1,487
"Qurban_Ali",1,487
"Rab_Nawaz_Kalwar",1,487
"Raees_Nawaz_Ali_Burfat",1,487
"Rafique_Ahmad_Khan_Niazi",1,487
"Rahat_Aman_Ullah_Bhatti",1,487
"Rahat_Amanullah_Bhatti",1,487
"Rai_Haider_Ali_Khan",1,487
"Rai_Hasan_Nawaz_Khan",1,487
"Rai_Hassan_Nawaz_Khan",1,487
"Rai_Muhammad_Akram_Khan_Bhatti",1,487
"Rai_Naeem_Asad_Kharal",1,487
"Raja_Aamer_Zaman",1,487
"Raja_Abdul_Haque",1,487
"Raja_Azhar_Khan",1,487
"Raja_Muhammad_Saleem",1,487
"Raja_Taila_Saeed",1,487
"Raja_Yassir_Humayun_Sarfraz",1,487
"Rana_Aamir_Shahzad_Tahir",1,487
"Rana_Atif",1,487
"Rana_Javed_Umar",1,487
"Rana_Naeem_Ur_Rehman_Khan",1,487
"Rana_Shehzad_Hafeez",1,487
"Rana_Tanveer_Riaz_Khan",1,487
"Rao_Hassan_Skindar",1,487
"Rao_Khalid_Khan",1,487
"Rao_Umer_Hashim_Khan",1,487
"Rashid_Siddiqui",1,487
"Rashida_Tariq",1,487
"Rehana_Imtiaz_Dar",1,487
"Riasat_Ali_Bhatti",1,487
"Riaz_Ahmad_Tarar",1,487
"Riaz_Hyder",1,487
"Riyaz_Fatyana",1,487
"Rozina_Bhutto",1,487
"s_a_Hameed",1,487
"Saadullah_Baloch",1,487
"Saadullah_Mehmood_Urf_Muhammad_Yasir_Baloch",1,487
"Sabeen_Safdar_Bandesha",1,487
"Sadaqat_Ali_Abbasi",1,487
"Saddam_Tareen",1,487
"Saeed_Khursheed_Ahmad",1,487
"Saeed_Mushtaq",1,487
"Sahibzada_Mehboob_Sultan",1,487
"Sajid_Khan",1,487
"Sajid_Khan_Wald_Taj_Gul",1,487
"Sajid_Nawaz",1,487
"Sajid_Nawaz_Khan",1,487
"Sajid_Yousaf",1,487
"Salar_Khan_Kakar",1,487
"Saleem_Mahmood_Kamlana_Sial",1,487
"Saleem_Ur_Rehman",1,487
"Salman_Akram_Raja",1,487
"Salman_Saif_Cheema",1,487
"Sami_Ullah_Chaudhry",1,487
"Sardar_Ahsan_Raza_Advocate",1,487
"Sardar_Muhammad_Ahmed_Dreshak",1,487
"Sardar_Muhammad_Ali_Khan",1,487
"Sardar_Muhammad_Hussain_Dogar",1,487
"Sardar_Rafique_Haider_Khan_Laghari",1,487
"Sardar_Sher_Muhammad_Rind_Baloch",1,487
"Seemabia_Tahir",1,487
"Shabana_Nawab",1,487
"Shabbir_Ali_Quereshi",1,487
"Shafqat_Abbas",1,487
"Shafqat_Ali",1,487
"Shafqat_Mehmood",1,487
"Shahbaz_Ahmad_Khan_Sial",1,487
"Shahid_Ahmad_Khattak",1,487
"Shahid_Amin",1,487
"Shahid_Talib",1,487
"Shahnawaz",1,487
"Shahram_Tarakai",1,487
"Shamraiz_Khan",1,487
"Shandana_Gulzar_Khan",1,487
"Shaukat_Iqbal_Mirza",1,487
"Shehryar_Afridi",1,487
"Shehryar_Riaz",1,487
"Shehzad_Farooq",1,487
"Shehzada_Muhammad_Gushtasap_Khan",1,487
"Sheikh_Waqar_Ahmad_Advocate",1,487
"Sher_Afzal_Marwat",1,487
"Sher_Ali_Arbab",1,487
"Shoaib_Nasir",1,487
"Shoukat_Basra",1,487
"Sibghatullah",1,487
"Sidra_Faisal",1,487
"Siraj_Muhammad_Khan",1,487
"Sohail_Sultan",1,487
"Subhan_Ali",1,487
"Subhan_Ali_Sahil",1,487
"Syed_Ahmed_Rasheed",1,487
"Syed_Akhtar_Hussain_Rizvi",1,487
"Syed_Ali_Haider_Zaidi",1,487
"Syed_Ali_Husnain_Shah",1,487
"Syed_Ali_Hyder_Zaidi",1,487
"Syed_Jameel_Ahmad_Hussain_Bokhari",1,487
"Syed_Jameel_Ahmed_Hussain_Bokhari",1,487
"Syed_Jamil_Ahmed_Shah_Bukhari",1,487
"Syed_Khawar_Ali_Shah",1,487
"Syed_Muhammad_Jawad_Asghar_Shah",1,487
"Syed_Mumtaz_Ali_Shah",1,487
"Syed_Niaz_Hussain_Shah_Jillani",1,487
"Syed_Qaisar_Abbas_Shah",1,487
"Syed_Raza_Ali_Gillani",1,487
"Syed_Shah_Ahad_Ali_Shah",1,487
"Syed_Wajahat_Hasnain_Shah",1,487
"Syed_Zahoor_Agha",1,487
"Tahir_Iqbal_Chuhdary",1,487
"Tahir_Sadiq",1,487
"Talib_Hussain_Sidhu",1,487
"Tariq_Aziz_Bhatti",1,487
"Tasawar_Abbas",1,487
"Umair_Khan_Niazi",1,487
"Umar_Aslam_Khan",1,487
"Usama_Ahmed_Mela",1,487
"Usama_Hamza",1,487
"Usman_Hamza",1,487
"Wajiha_Akram",1,487
"Wali_Muhammad_Mugheri",1,487
"Walid_Iqbal",1,487
"Waqas_Akram",1,487
"Waseem_Abbas",1,487
"Wasim_Qadir",1,487
"Yasmin_Rashid",1,487
"Yousaf_Khan",1,487
"Zafar_Ullah_Tararr",1,487
"Zaffar_Khan",1,487
"Zaheer_Abbas_Naqvi",1,487
"Zahid_Hussain_Hashmi",1,487
"Zahid_Mehmood_Mazari",1,487
"Zain_Qureshi",1,487
"Zain_Ul_Abidin_Khelji",1,487
"Zameer_Jedhu_Advocate",1,487
"Zartaj_Gul_Wazir",1,487
"Zubair_Khan",1,487
"Zulfiqar",1,487
"Zulfiqar_Ali_Mallah",1,487
"Zulqarnain_Als_Sakhi_Bhutto",1,487
"Abdul_Qadir_Khan_Wadan",1,28
"Abdul_Rahim_Mandokhail",1,28
"Abdul_Razzaq_Achakzai",1,28
"Ahmed_Jan_Khan",1,28
"Akhtar_Shah_Kudezai",1,28
"Burhan_Ul_Din",1,28
"Dr__Abdullah_Khan",1,28
"Haji_Muhammad_Barki",1,28
"Ikram_Ul_Haq_Khan",1,28
"Jan_Dad_Khan",1,28
"Khurshid_Ali",1,28
"Main_Asmatullah_Shah",1,28
"Malik_Khaliq_Dad",1,28
"Mohammad_Nawaz_Khan",1,28
"Mohammad_Usman",1,28
"Muhammad_Bakhsh_Mengal",1,28
"Muhammad_Essa_Roshan",1,28
"Muhammad_Mukhtiar",1,28
"Murad_Ali",1,28
"Noor_Ullah_Tareen",1,28
"Rafi_Ullah",1,28
"Raza_Mohammad_Raza",1,28
"Saleem_Khan_Kakar",1,28
"Syed_Muhammad_Yousuf_Agha",1,28
"Zameen_Dad_Shah",1,28
"Zia_Watan_Dost",1,28
"Khuwaja_Tariq_Sarfaraz",1,4
"Riaz_Shahid_Khan_Punian_Advocate",1,4
"Shahid_Naeem_Advocate",1,4
"Syed_Muhammad_Abbas",1,4
"Abdul_Ghaffar_Khan_Mohmand",1,13
"Ahmad_Raza",1,13
"Akbar_Khan",1,13
"Dr_Siraj_Ud_Din",1,13
"Farooq_Ahmad",1,13
"Haji_Muhammad_Umar",1,13
"Irshad_Alam_Khan",1,13
"Khalil_Saeed",1,13
"Masood_Ahmed_Saeed",1,13
"Muhamamd_Ibrar",1,13
"Nasir_Mahmood_Chaudhry",1,13
"Sami_Ullah_Luni",1,13
"Amjad_Ali",1,10
"Bakhtiar_Ali",1,10
"Fida_Mohammad",1,10
"Malik_Haider_Khan",1,10
"Mian_Abdul_Latif",1,10
"Najeebullah_Durrani",1,10
"Sher_Wali",1,10
"Sikandar_Hayat_Khan",1,10
"Faiza_Bibi_Rasheed",1,3
"Naseeb_Zaman",1,3
"Ghulam_Fareed_Koreja",1,2
"Khawja_Ghulam_Fareed_Koreja",1,2
"Muhammad_Wazeer_Khan_Dundam_Advocate",1,2
"Khalil_Ahmed",1,2
"Abul_Salam",1,4
"Eid_Muhammad",1,4
"Zia_Ul_Haq",1,4
"Allah_Rakha_Waseem",1,16
"Basharat_Ali_Khan_Advocate",1,16
"Haji_Rana_Sharafat_Ali_Qadri",1,16
"Hameed_Ghazi_Dogar",1,16
"Malik_Muhammad_Siddique_Khokhar",1,16
"Mofti_Mohammad_Hayat_Qadri",1,16
"Muhammad_Anwar_Ali",1,16
"Muhammad_Haseeb",1,16
"Muhammad_Sarfraz_Akbar",1,16
"Qari_Fateh_Khan",1,16
"Rana_Muhammad_Irfan",1,16
"Saeed_Ahmed_Zafar",1,16
"Sardar_Mulana_Muhammad_Wazeer_Ul_Qadri",1,16
"Tariq_Mehboob",1,16
"Allama_Haider_Alvi",1,10
"Hamid_Idrees",1,10
"Mian_Muhammad_Asif_Raza_",1,10
"Moulana_Nalay_Mitho_Shaikh",1,10
"Muhammad_Javed_Qadri",1,10
"Sikandar_Khan",1,10
"Sohail_Baig_Noori",1,10
"Waleed_Ahmad",1,2
"Zahid_Iqbal",1,2
"Majeeda_Maria",1,3
"Malik_Muhammad_Tufail",1,3
"Syed_Ali_Raza",1,3
"Zawar_Hussain",1,3
"Ali_Afsar_Tanoli",1,6
"Fakhar_e_Alam_Urf_Hazrat",1,6
"Fida_Hussain",1,6
"Major_Rtd_Jameel_Ehsan_Kiyani",1,6
"Mohammad_Ashfaque",1,6
"Sardar_Haider_Zaman",1,6
"Sardar_Muhammad_Iqbal_Khan",1,6
"Abdul_Ali",1,58
"Abdul_Qayyum_Bajwa",1,58
"Adeel_Ahmad",1,58
"Aman_Ullah_Khan",1,58
"Amir_Hamza_Dogar_Advocate",1,58
"Amir_Muhammad",1,58
"Amjid_Pervaiz",1,58
"Aqeel_Shahzad",1,58
"Asif_Iqbal",1,58
"Ch_Tanveer_Ahmad_Kambo",1,58
"Doctor_Abdul_Rashid",1,58
"Doctor_Nasir_Razzaq",1,58
"Dr__Rafique_Ahmed_Ghuncha",1,58
"Ghulam_Abbass",1,58
"Iftikhar_Ali",1,58
"Kamal_Azfar",1,58
"Khizar_Hayat",1,58
"Maki_Muhammad",1,58
"Malik_Gul_Zali_Khan_Zakheli",1,58
"Malik_Nazar_Fareed_Khokhar",1,58
"Malik_Zafar_Iqbal_Rajput_Panwar",1,58
"Mian_Abdul_Waheed",1,58
"Moin_Ud_Din",1,58
"Mr_mumtaz_Ali",1,58
"Muhammad_Abu_Bakar_Watto",1,58
"Muhammad_Ahmad_Chaudhary",1,58
"Muhammad_Arshad_Taqi",1,58
"Muhammad_Irfan_Ud_Din",1,58
"Muhammad_Muzzammil",1,58
"Muhammad_Nawaz_Cheema",1,58
"Muhammad_Rafique_Advocate",1,58
"Muhammad_Sharif",1,58
"Naseer_Ahmed_Chandio",1,58
"Nek_Daraz_Khan",1,58
"Peer_Abdul_Shakoor_Naqsh_Bandi",1,58
"Qazi_Aslam_Khan",1,58
"Rahimullah_Khan",1,58
"Raja_Izat_Ali",1,58
"Rana_Muhammad_Saeed_Khan",1,58
"Rana_Muhammad_Sharif",1,58
"Rao_Muhammad_Akbar_Khan_Mayyo",1,58
"Rao_Wajid_Ali_Khan",1,58
"Saghir_Hussain",1,58
"Sahahbaz_Yasir_Ali",1,58
"Shamim_Khan",1,58
"Waheed_Ahmad_Khan",1,58
"Zaheer_Ahmad_Zia_Warraich",1,58
"Zahid_Sadique_Ansari",1,58
"Zaib_Ali",1,58
"Aftab_Khurram",1,7
"Malik_Abdul_Rasheed",1,7
"Malik_Jahanzaib_Waran",1,7
"Mirza_Asif_Baig",1,7
"Muhammad_Jan_Mohmand",1,7
"Muhammad_Sohail_Akhter",1,7
"Syed_Muhammad_Shakeel_Ali_Shah",1,7
"m_Raza",1,3
"Moulana_Abdul_Quddoos",1,3
"Mukhtar_Ali",1,3
"Nasar_Ullah_Khan",1,3
"Abdul_Rehman_Shar",1,212
"Abrar_Ahmad",1,212
"Aftab_Ahmad_Joiya",1,212
"Alaf_Khan",1,212
"Allah_Bachaya",1,212
"Allah_Bakhsh",1,212
"Allah_Baksh",1,212
"Ameen",1,212
"Amjad_Naeem",1,212
"Anbreen_aka_Hena",1,212
"Asad_Jawad_Khan_Sherwani",1,212
"Ashique_Hussain",1,212
"Asif_Mahmood",1,212
"Asim_Irshad_Khan",1,212
"Atiq_Ur_Rehman",1,212
"Azhar_Hussain",1,212
"Azhar_Mehmood",1,212
"Bilal_Liaqat",1,212
"Chaudhary_Zulfiqar_Ali_Gujjar",1,212
"Chaudhry_Abdul_Kraim",1,212
"Chaudhry_Alhamza_Hussain_Cheema",1,212
"Chuadhary_Muhammad_Riaz",1,212
"Faisal_Bashir",1,212
"Faisal_Hasan_Khan",1,212
"Faqeer_Hussain_Dogar",1,212
"Farzand_Nasim",1,212
"Ghulam_Farid",1,212
"Ghulam_Meeran_Shah_Gilani",1,212
"Ghulam_Mohyu_Din",1,212
"Ghulam_Murtaza",1,212
"Ghulam_Rasool_Kalwar",1,212
"Ghulam_Sarwar_Khatti",1,212
"Ghulam_Yaseen",1,212
"Habib_Ul_Maalik_Khan",1,212
"Hafiz_Abid_Hussain",1,212
"Hafiz_Farrukh_Saleem",1,212
"Hafiz_Imran_Siddiq",1,212
"Hafiz_Khawar_Ikhlas",1,212
"Hafiz_Muhammad_Abubakar",1,212
"Hafiz_Muhammad_Ahmad_Bukhari",1,212
"Hafiz_Muhammad_Hamid",1,212
"Hafiz_Muhammad_Hamid_Mehmood_Kagani",1,212
"Hafiz_Muhammad_Saad_Rizvi",1,212
"Hafiz_Muneeb_Ahmad",1,212
"Hafiz_Sher_Muhammad_Sialvi",1,212
"Hafiz_Shoukat_Ali_Jatoi",1,212
"Haji_Allah_Dad",1,212
"Hamid_Mehmood_Faizi",1,212
"Ikram_Ullah",1,212
"Imran_Haider",1,212
"Imtiaz_Dogar",1,212
"Irfan_Ali_Bhatti",1,212
"Irshad_Ali_Babar",1,212
"Israr_Ahmed",1,212
"Javed_Akhtar_Abbasi",1,212
"Kashif_Ullah",1,212
"m_Habib",1,212
"Majid_Hussain",1,212
"Malik_Azhar_Ahmad_Sandila",1,212
"Malik_Kamran_Rasheed",1,212
"Manzoor_Elahi",1,212
"Matloob_Ahmad",1,212
"Mehtab_Ahmad",1,212
"Mir_Muhammad_Aslam",1,212
"Mohammad_Zaheer_u_Din_Pechuho",1,212
"Mohsin_Raza",1,212
"Mudassar_Ali",1,212
"Muhamamd_Mazhar_Mahmood",1,212
"Muhamamd_Waseem",1,212
"Muhammad_Ahmad_Majeed",1,212
"Muhammad_Ahsan",1,212
"Muhammad_Akbar",1,212
"Muhammad_Akhtar_Abbasi",1,212
"Muhammad_Akram",1,212
"Muhammad_Akram_Tahir",1,212
"Muhammad_Ali",1,212
"Muhammad_Ali_Langrial",1,212
"Muhammad_Amad_Khan_Wajid",1,212
"Muhammad_Amin_Uddin_Sialvi",1,212
"Muhammad_Amjad_Ali",1,212
"Muhammad_Amjad_Jameel",1,212
"Muhammad_Arif",1,212
"Muhammad_Asad_Iqbal",1,212
"Muhammad_Athar_Amin",1,212
"Muhammad_Farooq",1,212
"Muhammad_Farooq_Ul_Hassan",1,212
"Muhammad_Ghulam_Rasool",1,212
"Muhammad_Hussain_Babar",1,212
"Muhammad_Irfan_Qureshi",1,212
"Muhammad_Ismail_Hussaini",1,212
"Muhammad_Ismail_Shah",1,212
"Muhammad_Jahangeer",1,212
"Muhammad_Jawad_Saleem",1,212
"Muhammad_Kamran_Aulakh",1,212
"Muhammad_Khurram_Riaz",1,212
"Muhammad_Luqman",1,212
"Muhammad_Mehmood_Qadri",1,212
"Muhammad_Munir",1,212
"Muhammad_Mushtaq_Rehmani",1,212
"Muhammad_Noman_Khalid",1,212
"Muhammad_Qasim_Jakhro",1,212
"Muhammad_Rashid_Shah",1,212
"Muhammad_Raza_Khan",1,212
"Muhammad_Sajid",1,212
"Muhammad_Saleh",1,212
"Muhammad_Sarfraz",1,212
"Muhammad_Shafi_Khan",1,212
"Muhammad_Shafiq",1,212
"Muhammad_Shafiq_Ul_Hai",1,212
"Muhammad_Shahid_Iqbal",1,212
"Muhammad_Sharjil_Gopalani",1,212
"Muhammad_Sohail_Manzoor",1,212
"Muhammad_Taimoor_Khalid",1,212
"Muhammad_Tayyab",1,212
"Muhammad_Umer_Jan",1,212
"Muhammad_Wakeel",1,212
"Muhammad_Waseem",1,212
"Muhammad_Yaqub",1,212
"Muhammad_Yar_Mehboob_Khar",1,212
"Muhammad_Younis",1,212
"Muhammad_Zaheer_Mughal",1,212
"Munawar_Ali",1,212
"Nadeem_Zafar",1,212
"Najeeb_Ullah_Durrani",1,212
"Naseer_Ahmed",1,212
"Nasir_Ali",1,212
"Niamat_Ullah",1,212
"Pie_Muhammad_Ali_Sarhandi",1,212
"Qari_Ghulam_Akber",1,212
"Qazi_Tahir_Mahmood",1,212
"Raja_Saleem_Abid",1,212
"Raja_Sohail_Akhtar_Satti",1,212
"Rana_Muhammad_Rafique",1,212
"Rao_Atif_Ali_Khan",1,212
"Rao_Dilnawaz",1,212
"Ray_Munsif_Shabbir_Ahmad",1,212
"Rehmat_Ullah",1,212
"Sadam_Hussain",1,212
"Saeed_Ullah",1,212
"Saif_Ur_Rahman",1,212
"Sajjad_Akbar_Abbasi",1,212
"Sajjad_Hussain_Shah",1,212
"Saqib_Hussain",1,212
"Shabana_Kouser",1,212
"Shahbaz_Ahmed",1,212
"Shahid_Ullah",1,212
"Shahzada_Shahbaz",1,212
"Shehzad_Ullah_Chatha",1,212
"Shujaat_Ali",1,212
"Sohail_Anwar",1,212
"Syed_Asif_Ullah_Shah_Bukhari",1,212
"Syed_Atta_Ullah_Shah_Bukhari",1,212
"Syed_Iqbal_Hussain_Shah",1,212
"Syed_Ishrat_Jahania_Bukhari",1,212
"Syed_Jahanzaib_Bukhari",1,212
"Syed_Kashif_Ali_Shah",1,212
"Syed_Muhammad_Ali_Shah",1,212
"Syed_Muhammad_Atta_Ul_Hasnain_Ali",1,212
"Syed_Muhammad_Irfan_Shah",1,212
"Syed_Muhammad_Sarwar_Shah",1,212
"Syed_Munir_Hussain",1,212
"Syed_Shahid_Zahoor_Gillani",1,212
"Syed_Shamin_Raza",1,212
"Syed_Zaheer_Ul_Hassan_Shah",1,212
"Syed_Zaman_Ali_Jafri",1,212
"Tahir_Riaz",1,212
"Tahir_Uddin_Shah",1,212
"Tariq_Maqsood",1,212
"Ubedullah_Jamro",1,212
"Wahid_Bakhsh",1,212
"Waseem_Nisar",1,212
"Waseem_Zafar",1,212
"Wazir_Ahmed_Noorani",1,212
"Zahid_Hameed_Gujjar",1,212
"Zahir_Shah",1,212
"Zameer_Hussain",1,212
"Zamurd_Abbas_Khan",1,212
"Muhammad_Jahangir_Malik",1,2
"Shah_Zia_Udin_Khan",1,2
"Muhammad_Tahir_Khan",0.99725858678162,710
"Taj_Muhammad",0.995901639344262,488
"Fida_Muhammad",0.992970166679087,568
"Sheikh_Rasheed_Ahmed",0.991836734693877,245
"Haji_Muhammad_Gulzar_Awan",0.991596738254397,712
"Qaisar_Jamal",0.987930386878678,490
"Muhammad_Ijaz-Ul-Haq",0.983806205408993,246
"Muhammad_Saddiq",0.982759269715792,231
"Kamal_Shah",0.977934129636988,717
"Muhammad_Hanif",0.97525281368127,718
"Nasir_Mahmood",0.974585759068518,232
"Nasir_Mehmood",0.974036099957117,227
"Muhammad_Latif",0.973802190947721,227
"Syed_Faisal_Imam",0.972629115802279,719
"Aziz_Ullah",0.970149253731343,67
"Aftab_Ahmad_Khan_Sherpao",0.96721374633996,721
"Hameed_Hussain",0.96643522639606,411
"Muhammad_Sher_Khan",0.957998606067275,234
"Abdul_Razzaq",0.953046655560116,499
"Mian_Muhammad_Rasheed",0.946484021505758,582
"Muhammad_Azam",0.944045412418906,416
"Sahibzada_Muhammad_Hamid_Raza",0.93833809889666,503
"Nasir_Abbas",0.938282654669592,503
"Naseer_Ahmed_Kakar",0.938278631505723,252
"Malik_Tariq_Mehmood",0.92254269878973,421
"Muhammad_Tahir_Makhdoom",0.914107365792759,90
"Karim_Ali_Jatoi",0.913107880224238,593
"Syed_Ghous_Ali_Shah",0.913107880224238,593
"Khalil_Ur_Rehman",0.908232118758434,39
"Gul_Asghar_Khan",0.907228473581213,512
"Muhammad_Bilal",0.90360620266859,236
"Amjad_Ali_Khan",0.895873560752342,237
"Saeed_Ur_Rehman",0.885491945825355,755
"Muhammad_Irfan",0.87810881928529,154
"Shah_Nawaz",0.868705488060327,155
"Tahir_Iqbal",0.847218421772717,617
"Atta_Ullah_Khan",0.846726235245745,774
"Naqeeb_Ullah",0.846244131455399,72
"Muhammad_Zaman",0.842593981828791,775
"Saeed_Ahmed",0.840535900880728,232
"Manzoor_Ahmed",0.838819226750261,232
"Hamayun_Akhtar_Khan",0.831798257781723,269
"Muhammad_Imran",0.819418238993711,160
"Muhammad_Hassan",0.818194665253489,630
"Syed_Asghar_Ali_Shah",0.816283098243009,450
"Fanoos_Gujar",0.8,10
"Abdul_Latif",0.798556052326544,550
"Muhammad_Alam",0.798556052326544,550
"Sardar_Ghulam_Mustafa_Khaskheli",0.795583920187793,640
"Syed_Mukhtar_Hussain_Shah",0.795583920187793,640
"Muhammad_Rizwan",0.793165969316597,240
"Abdul_Shakoor",0.790849673202614,18
"Jahangir_Khan_Tareen",0.780938889287836,554
"Muhammad_Ayoub",0.765588682076905,468
"Muhammad_Sadiq",0.763764692907886,467
"Bibi_Yasmeen_Shah",0.760737570298114,284
"Ghous_Bux_Khan_Mahar",0.760737570298114,284
"Pir_Sajjad_Saeed_Jan_Sirhandi",0.760737570298114,284
"Syed_Qurban_Ali_Shah",0.760737570298114,284
"Gul_Hassan",0.758500378526052,247
"Imran_Ali",0.746407438715131,169
"Ghulam_Muhammad",0.744743040554559,573
"Mir_Ali_Nawaz_Talpur",0.734848484848485,33
"Abdul_Malik",0.72444011684518,79
"Pir_Dilawar_Shah",0.717474012901105,855
"Muhammad_Asghar",0.717435139131604,173
"Malik_Matloob_Ali_Awan",0.708020050125313,57
"Sardar_Khan",0.704831195183489,866
"Javed_Iqbal",0.688807727002706,302
"Hamza",0.682234714770546,707
"Sohail_Ahmad",0.682234714770546,707
"Ghulam_Mustafa",0.668735530269445,202
"Abdul_Aziz",0.666643129501483,292
"Muhammad_Jamal_Ud_Din",0.666643129501483,292
"Muhammad_Wali_Shah",0.666643129501483,292
"Abdul_Wahab",0.656953171537826,913
"Khurram_Shahzad",0.656953171537826,913
"Muhammad_Abbas",0.656953171537826,913
"Rashid_Ali",0.656953171537826,913
"Zaka_Ullah",0.656953171537826,913
"Nisar_Ahmad",0.655181299047749,727
"Muhammad_Haris",0.651818172612478,629
"Muhammad_Jameel",0.649665551839465,208
"Maqsood_Ahmed",0.648115942028985,276
"Muhammad_Asif",0.647694513621613,631
"Ghulam_Abbas",0.645668696596327,921
"Aurang_Zeb_Khan",0.64431553714972,634
"Muhammad_Naeem",0.639413405558063,930
"Zulfiqar_Ali_Shah",0.639413405558063,930
"Amanullah_Khan",0.637612758695242,933
"Haider_Ali_Khan",0.637612758695242,933
"Muhammad_Zia_Ul_Haq",0.637612758695242,933
"Noor_Alam_Khan",0.637612758695242,933
"Abdul_Jabbar",0.634385964912281,76
"Waheed_Ahmad",0.627735799895779,304
"Muhammad_Ashraf",0.625,49
"Ghulam_Haider",0.623397903526296,299
"Ehsanullah_Reki",0.621579500802479,951
"Khalid_Ahmed_Khan_Lund",0.621579500802479,951
"Mustafa_Nawaz_Khokhar",0.621579500802479,951
"Khalid_Mehmood",0.620501635768811,525
"Muhammad_Amin",0.619293038316244,545
"Abdullah",0.618630515636985,744
"Muhammad_Khan",0.617647058823529,17
"Zafar_Iqbal",0.614775230862982,547
"Shah_Abdul_Aziz",0.613756286585869,312
"Abdul_Ghafoor",0.612637789163173,114
"Muhammad_Tahir",0.612509968975166,932
"Muhammad_Saeed",0.609993400183092,307
"Imtiaz_Hussain",0.609529780564263,551
"Muhammad_Younas",0.605152648967082,777
"Abdul_Hameed_Khan",0.600929462694169,561
"Muhammad_Javed",0.600929462694169,561
"Nazir_Ahmed",0.600929462694169,561
"Majid_Khan",0.599904351984696,205
"Muhammad_Saleem_Khan",0.599904351984696,205
"Irfan_Ahmed",0.596611175252678,788
"Abdul_Khaliq_Rehmani",0.596418732782369,121
"Imdad_Ali",0.596418732782369,121
"Sardar_Meer_Badshah_Khan_Qaisrani",0.594168614080118,792
"Daniyal_Aziz",0.590172508802899,802
"Ghulam_Bibi_Bharwana",0.590172508802899,802
"Mian_Riaz_Hussain_Pirzada",0.590172508802899,802
"Muhammad_Mehboob_Sultan",0.590172508802899,802
"Naseem_Muhammad_Khan",0.590172508802899,802
"Rao_Muhammad_Ajmal_Khan",0.590172508802899,802
"Sardar_Awais_Ahmad_Khan_Leghari",0.590172508802899,802
"Tahir_Bashir_Cheema",0.590172508802899,802
"Ubaid_Ullah",0.589406367929858,298
"Sajjad_Ahmad",0.588227300022123,796
"Muhammad_Ishaq",0.587044597018618,952
"Haji_Ghulam_Qadir_Noohani",0.583539320699441,331
"Malik_Sikandar_Khan",0.583539320699441,331
"Maulana_Fazal_Ur_Rehman",0.583539320699441,331
"Maulana_Mian_Hussain_Jalali",0.583539320699441,331
"Moulana_Abdullah_Pahore",0.583539320699441,331
"Rahat_Hussain",0.583539320699441,331
"Muhammad_Ismail",0.582221634354963,564
"Ashiq_Ali",0.580453363062059,208
"Abdul_Qadir",0.575633001661157,977
"Muhammad_Ibrahim",0.574822395230215,707
"Saif_Ur_Rehman",0.574822395230215,707
"Saleh_Muhammad",0.574822395230215,707
"Usman_Ali",0.574822395230215,707
"Naveed_Anjum_Khan",0.573120968803475,214
"Nasir_Khan",0.566613778378484,715
"Muhammad_Shahid",0.564747908069225,607
"Muhammad_Yaseen",0.564747908069225,607
"Muhammad_Arshad",0.561149641344741,609
"Dawa_Khan",0.559615762504346,728
"Ghulam_Sarwar_Khan",0.559615762504346,728
"Muhammad_Nawaz_Khan",0.559615762504346,728
"Sardar_Muhammad_Yaqoob",0.559615762504346,728
"Deedar_Ali",0.555677154582763,86
"Jehangir_Khan",0.555677154582763,86
"Muhammad_Shafique",0.550812935501161,580
"Abdul_Sattar",0.546896377528468,617
"Abdul_Mohsin",0.545576407506702,373
"Akhtar_Ali_Khan",0.545576407506702,373
"Akhtar_Muhammad",0.545576407506702,373
"Bilal_Qudrat_Butt",0.545576407506702,373
"Liaqat_Baloch",0.545576407506702,373
"Mahmood_Ul_Hassan",0.545576407506702,373
"Muhammad_Riaz_Farooq_Sahi",0.545576407506702,373
"Muhammad_Yousuf",0.545576407506702,373
"Sahibzada_Tariq_Ullah",0.545576407506702,373
"Shah_Faisal_Afridi",0.545576407506702,373
"Syed_Javed_Hussain_Shah",0.545576407506702,373
"Abdul_Baqi",0.545366909305528,1105
"Muhammad_Ali_Rashid",0.545366909305528,1105
"Muhammad_Malik",0.545366909305528,1105
"Munir_Ahmad",0.545366909305528,1105
"Nabeel_Ahmed_Gabol",0.545366909305528,1105
"Raja_Imran_Ashraf",0.545366909305528,1105
"Riaz_Ahmed",0.545366909305528,1105
"Sohail_Mansoor_Khawaja",0.545366909305528,1105
"Aziz_Ur_Rehman",0.539567653494785,1010
"Sana_Ullah",0.53912050256996,103
"Khalid_Mahmood",0.536865205608578,369
"Muhammad_Nasrullah",0.536865205608578,369
"Abdul_Majeed",0.53375350140056,120
"Ghulam_Nabi",0.5330162518277,598
"Muhammad_Azhar",0.532472613458529,72
"Iftikhar_Ahmed",0.529365970506774,366
"Abdul_Qayyum_Khan_Jatoi",0.529228291719857,1182
"Amanullah",0.529228291719857,1182
"Barrister_Gohar_Ali_Khan",0.529228291719857,1182
"Dost_Muhammad_Khan",0.529228291719857,1182
"Hassan_Sardar",0.529228291719857,1182
"Makhdoom_Shah_Mehmood_Qureshi",0.529228291719857,1182
"Malik_Karamat_Ali_Khokhar",0.529228291719857,1182
"Muhammad_Afzal_Sindhu",0.529228291719857,1182
"Rana_Muhammad_Faraz_Noon",0.529228291719857,1182
"Salim_Rehman",0.529228291719857,1182
"Sardar_Mansoor_Hayat_Tamman",0.529228291719857,1182
"Abdul_Rashid",0.525276595744681,376
"Abdul_Wajid",0.524367407691938,354
"Muhammad_Iqbal",0.524367407691938,354
"Muhammad_Ijaz_Ul_Haq",0.523809523809524,7
"Niaz_Muhammad",0.523486442864782,639
"Ali_Asghar_Rind",0.519076387246576,965
"Mian_Tariq_Mehmood",0.519076387246576,965
"Muhammad_Yaqoob",0.519076387246576,965
"Syed_Sajjad_Hussain_Shah",0.519076387246576,965
"Abdul_Bari",0.518982886440795,850
"Abdul_Razzaque",0.516297786720322,71
"Hizbullah",0.514141596108809,183
"Muhammad_Owais_Siddiqui",0.513352638352638,112
"Habib_Ur_Rehman",0.51264367816092,30
"Irfan_Ullah",0.512048777855717,431
"Muhammad_Ijaz",0.512048777855717,431
"Muhammad_Mushtaq",0.512048777855717,431
"Muhammad_Zubair",0.512048777855717,431
"Abdul_Hakeem_Baloch",0.510945303313919,1269
"Anwar_Ul_Haq_Chaudhary",0.510945303313919,1269
"Asghar_Ali_Shah",0.510945303313919,1269
"Jalal_Khan_Khattak",0.510945303313919,1269
"Sardar_Muhammad_Mushtaq_Khan",0.510945303313919,1269
"Syed_Fakhar_Imam",0.510945303313919,1269
"Muhammad_Iqbal_Khan",0.510025379092219,886
"Muhammad_Nawaz",0.510025379092219,886
"Safdar_Ali",0.510025379092219,886
"Abid_Hussain",0.509652886115445,641
"Usman_Ghani",0.508875378237445,887
"Noor_Muhammad",0.507841969426246,438
"Ahmad_Raza_Maneka",0.505629851559308,1050
"Ayaz_Amir",0.505629851559308,1050
"Malik_Sohail_Khan",0.505629851559308,1050
"Omar_Ayub_Khan",0.505629851559308,1050
"Mian_Muhammad_Asif",0.500080624932813,473
"Babar_Ali",0.5,161
"Naveed_Iqbal",0.495706056058479,455
"Syed_Inayat_Ali_Shah",0.495569773557282,1223
"Abdul_Aleem_Khan",0.493149897403241,673
"Syed_Ali_Hussain",0.490196078431373,51
"Muhammad_Rafique",0.489764991297218,772
"Abdul_Waheed_Khan",0.480768186086457,1244
"Syed_Javed_Ali_Shah",0.479850472513843,1311
"Saif_Ullah",0.465806451612903,775
"Abdul_Jabbar_Khan",0.444336595448265,419
"Liaqat_Ali",0.437199378235459,1258
"Sher_Akbar_Khan",0.426995805941341,1339
"Muhammad_Ramzan",0.424456224708538,1189
"Muhammad_Riaz",0.409917598362659,1024
"Mehmood_Khan_Achakzai",0.408163265306122,49
"Abdul_Khaliq",0.40759632304985,988
"Muhammad_Amjad",0.407189768406498,264
"Saleem_Abbas",0.4,5
"Abdul_Rasheed",0.391169468292331,167
"Ghulam_Rasool",0.381562140574157,1177
"Abdul_Hameed",0.379985185492859,538
"Muhammad_Afzal",0.379134773583891,1189
"Imran_Khan",0.376378253693382,1088
"Aijaz_Ali",0.369299619974665,849
"Sajid_Ali",0.365140337071283,1105
"Muhammad_Anwar",0.35937919023473,806
"Muhammad_Qasim",0.353041114509004,109
"Abdul_Qayyum",0.351785877409336,534
"Abdul_Rehman",0.349661090520552,1341
"Muhammad_Rafiq",0.342817526344981,601
"Muhammad_Yousaf",0.342360248447205,875
"Abdul_Rauf",0.335625846202147,452
"Ghulam_Qadir",0.325334511506636,1604
"Atta_Ur_Rehman",0.304058255932917,632
"Muhammad_Aslam",0.294060347209539,654
"Umar_Farooq",0.292142173052997,669
"Ajab_Khan",0.258461538461538,26
"Mirza_Zulfiqar_Ahmed",0,0
"Ehsaamuddin",0,0
"Syed_Muhammad_Hussain",0,0
"Sadeed_Anver_Malik_Kashir",0,1
"Zain_Ul_Abideen",0,1
"Rana_Muhammad_Ali",0,0
"Mian_Saghir_Ahmed_Malvi",0,0
"Muhammad_Naseem_Sadiq",0,0
"Sheikh_Rashid_Shafiq",0,1
"Shoaib_Amjad_Pervaiz",0,0
"Makhdoom_Muhammad_Ehsan",0,0
"Engineer_Usman_Khan_Tarrakai",0,0
"Bahri_Room",0,1
"Makhdoom_Syed_Sami_Ul_Hassan_Gillani",0,1
"Muhammd_Farooq_Azam_Malik",0,1
"Nadeem_k_Joseph",0,1
"Naila_Joseph_Dayal",0,1
"Bashir_Hussain_Shah",0,0
"Chaudhary_Muhammad_Adnan_Mushtaq_Chanjotra",0,0
"Asad_Javed_Khan",0,0
"Mirza_Hussain",0,1
"Hussain_Baloch",0,0
"Hidayat_Ur_Rehman_Baloch",0,0
"Imtiaz_Alam",0,1
"Muhammad_Muzammil",0,1
"Raja_Zafar_Iqbal",0,0
"Muhammad_Ashraf_Khan_Niazi",0,1
"Rana_Muhammad_Ashraf_Advocate",0,1
"Muhammad_Hanif_Ullah",0,1
"Syed_Manzoor_Gillani",0,1
"Syed_Nadeem_Anjum",0,0
"Mir_Abdul_Majid_Abro",0,1
"Mir_Abdul_Majid_Abroo",0,1
"Majida_Abro",0,1
"Muhammad_Faiq",0,1
"Aizaz_Haider",0,1
"Baqa_Muhammad",0,1
"Ahmed_Noonari",0,1
"Zeeshan",0,1
"Syed_Muhammad_Mafooz_Mushadi",0,0
"Alhaaj_Choudhry_Zulfiqar_Ali",0,1
"Khadam_Hussain",0,1
"Nadeem_Mumtaz_Qureshi",0,1
"Meer_Rab_Nawaz_Khan",0,0
"Major_General_Saad_Khattak",0,1
"Zulfiqar_Ali_Dasti",0,1
"Moulana_Abdul_Hafiz",0,1
"S_m_Farooq",0,1
"Ali_Adrees",0,1
"Syed_Zahid_Abbas_Kazmi",0,1
"Raziq_Dad",0,1
"Imam_Ali_Brohi",0,0
"Ch_muhammad_Ashraf",0,1
"Nawab_Zada_Mansoor_Ahmad_Khan",0,1
"Miss_Mehwish_Chaudhary",0,1
"Mrs_Mehwish_Chaudhry_Advocate",0,1
"Muhammad_Ali_Sheikh",0,0
"Ilhaaj_Muhammad_Hassan_Chaudhry",0,0
"Muhammad_Yousuf_Kureshy",0,0
"Abd-Ul-Qadoos_Awan",0,1
"Syed_Yousaf_Shah",0,1
"Ch_Muhammad_Yaseen_Cheema",0,1
"Ch_Shoukat_Ali_Cabail",0,1
"Arslan_Ul_Mulk_Dhariwal",0,0
"Meharban_Saeen_Rana_Abdul_Ghafoor_Mian",0,0
"Inzar_Gul",0,0
"Safdar_Zaman",0,0
"Mir_Zarak_Khan_Zehri",0,0
"Naveed_Akhtar_Khan",0,0
"Khurram_Muhammad_Qamar",0,0
"Mahmood_Ahmad_Khan_Qalandar_",0,1
"Mehmood_Qalandar",0,1
"Kaleem_Ullah",0,1
"Sardar_Taimoor",0,1
"Khaqan_Waheed_Khuwaja",0,0
"Ahmad_Nawaz_Khan",0,1
"Prof_javeed_Sandhu",0,1
"Muhammad_Syed",0,0
"Chaudhry_Zahid_Iqram",0,0
"Qadeer_Hussain",0,0
"Muzaffar_Ahmed",0,0
"Syed_Faqir_Hussain_Shah_Bukhari",0,0
"Zahid_Parvez",0,0
"Hafiz_Abdul_Rauf",0,0
"Waseem_Ahmad",0,0
"Muhammad_Majeed",0,0
"Abdul_Razaq_Shahid",0,0
"Muhammad_Hanif_Mughal",0,0
"Maazullah_Khan",0,1
"Muhammad_Sherwan_Amirzada",0,1
"Muhammad_Yaqub_Alvi",0,0
"Ibtsaam_Illahi_Zahir",0,1
"Sardar_Rafiq_Ar_Sanjrani",0,1
"Hajiani",0,0
"Ameer_Ali_Pate_Wale",0,1
"Muhammad_Aslam_Khan",0,1
"Ahmad_Kamran_Thaeem_Ansari",0,1
"Allah_Nawaz",0,1
"Muhammad_Sardar_Bahadur_Khan",0,0
"Muhammad_Asim",0,0
"Himmat_Ali",0,1
"Manzoor_Ali_Bhatti",0,0
"Farrukh_Bashir",0,0
