"Candidate_ID","Community"
"Mirza_Zulfiqar_Ahmed",1
"Nawab_Amber_Shahzada",2
"Nawab_Doctor_Amber_Shahzada",2
"Nawab_Dr__Amber_Shehzada",2
"Noor_Hussain",3
"Rashida_Naeem",3
"Waqar_Ahmed",3
"Ehsaamuddin",4
"Arslan_Khan_Manj",5
"Ghulam_Mustafa",5
"Mirza_Tariq_Mehmood",5
"Muhammad_Ali_Khan_Yousafzai",5
"Muhammad_Amin_Watoo",5
"Ghulam_Haider",5
"Waheed_Ahmad",5
"Abdul_Qayyum",5
"Abdul_Rashid",5
"Amir_Shehzad",5
"Muhammad_Saddiq",5
"Muhammad_Zia_Khan",5
"Muhammad_Zahid",5
"Mr_zulfiquar_Ali_Khoso__Retired_",5
"Muhammad_Lateef_Lajpal_Sial",5
"Muhammad_Latif",5
"Munir_Ahmad_Zafar",5
"Abdul_Jabbar_Khan",5
"Abdul_Hameed",5
"Abdul_Nazeer",5
"Aurang_Sher",5
"Bakhtiar_Ahmed_Maitlo",5
"Dr_Babur_Zaheer_Uddin",5
"Muhammad_Farooq_Ali",5
"Muhammad_Sarwar_Bin_Pakistan",5
"Muhammad_Yousuf_Nawaz",5
"Sarfraz_Ahmed_Chandio",5
"Abdul_Akbar_Chitrali",5
"Abdul_Jameel_Khan",5
"Abdul_Majeed_Pathan_Advocate",5
"Abdul_Mateen_Akhondzada",5
"Abdul_Mohsin",5
"Abdul_Mustaan",5
"Akhtar_Ali_Khan",5
"Akhtar_Mohammad",5
"Akhtar_Muhammad",5
"Anwar_Ul_Haq_Butt",5
"Arshad_Mahmood_Baggu",5
"Asadullah_Bhutto",5
"Atta_Muhammad_Jafri",5
"Atta_Ur_Rahman",5
"Bakhtiar_Maani",5
"Basheer_Ahmed_Mandai",5
"Bilal_Qudrat_Butt",5
"Ch__Ansar_Mahmood",5
"Ch_Manzoor_Hussain",5
"Ch_Zahid_Imran_Korotana",5
"Chaudhary_Bashir_Ahmed",5
"Chaudhery_Asghar_Ali_Gujjar",5
"Chaudhry_Ihsan_Ali",5
"Chaudhry_Sajid_Ali_Chadhar",5
"Choudhry_Abdul_Rehman_Ranga",5
"Choudhry_Muhammad_Anwar",5
"Doctor_Muhammad_Anwar_Shah",5
"Dr__Abdul_Rehman_Ranjha",5
"Dr_Mairaj_Ul_Huda_Siddiqui",5
"Dr_Muhammad_Abdullah",5
"Dr_Muhammad_Arshad_Shahid",5
"Dr_muhammad_Ashraf",5
"Dr_Muhammad_Ubaid_Ullah_Gohar",5
"Engineer_Muhammad_Azeem_Randhawa",5
"Farid_Ahmed_Piracha",5
"Farooq_Ahmad_Chatha",5
"Fazale_Subhan",5
"Gul_Nawaz_Khan",5
"Gulab_Baloch",5
"Habib_Ullah_Cheema",5
"Habib_Ur_Rehman_Abbasi",5
"Hafiz_Khalid_Rauf",5
"Hafiz_Muhammad_Tahir_Aslam",5
"Hafiz_Nasrullah",5
"Hafiz_Salman_Butt",5
"Hafiz_Zubair_Ahmad",5
"Haji_Abdul_Aziz",5
"Haji_Muhammad_Irshad_Mund",5
"Haji_Muhammad_Khalid",5
"Haji_Muhammad_Ramzan",5
"Hameed_u_Deen_Awan",5
"Haroon_Ur_Rasheed_Nizami_Advocate",5
"Hikmat_Khan",5
"Hizbullah_Jhakro",5
"Israr_Ahmed_Sheikh",5
"Israr_Ullah",5
"Jaffer_Ali_Nizamani",5
"Khalid_Mahmood_Virk",5
"Khalid_Mehmood_Mirza",5
"Khawaja_Muhammad_Waqar_Khan",5
"Khuda_Dino",5
"Liaqat_Baloch",5
"Maehrullah_Khan",5
"Mahmood_Ul_Hassan",5
"Major_r_Muhammad_Ghulam_Sarwar",5
"Major_Retired_Haq_Daad_Ali_Khan",5
"Maulana_Abdul_Malik",5
"Mehrab_Ali",5
"Mian_Asad_Ullah",5
"Mian_Muhammad_Ibhrahim",5
"Mian_Muhammad_Younis",5
"Mian_Mukhtar_Ahmad",5
"Mian_Saleem_Akbar",5
"Mohammad_Awais_Ghumman",5
"Mohammad_Laeeque_Khan",5
"Mohammad_Tariq_Javed_Dar",5
"Mr_Niamatullah_Khan",5
"Muhammad_Arshad_Khan",5
"Muhammad_Aslam",5
"Muhammad_Farooq_Sheikh",5
"Muhammad_Hanif_Chaudhary",5
"Muhammad_Haq_Nawaz_Khan_Durani",5
"Muhammad_Husain_Mehenti",5
"Muhammad_Ibraheem",5
"Muhammad_Iqbal_Khalil",5
"Muhammad_Irshad_Anwar",5
"Muhammad_Jameel",5
"Muhammad_Mashal_Khan",5
"Muhammad_Rafiq",5
"Muhammad_Rafique_Nizami_Advocate",5
"Muhammad_Rasool",5
"Muhammad_Riaz_Farooq_Sahi",5
"Muhammad_Sadiq_Malik",5
"Muhammad_Saeed_Khan",5
"Muhammad_Tasleem_Iqbal",5
"Muhammad_Younis_Khattak",5
"Muhammad_Yousuf",5
"Mumtaz_Hussain_Sahto",5
"Naseer_Ahmad",5
"Naveed_Zafar_Shah",5
"Professor_Muhammad_Ibrahim_Khan",5
"Qari_Muhammad_Asif_Gujjar",5
"Rai_Muhammad_Akram_Khan",5
"Raj_Muhammad",5
"Raja_Muhammad_Jawwad",5
"Raja_Muhammad_Nawaz_Kayani",5
"Rana_Javed_Iqbal",5
"Rana_Muhammad_Adnan_Khan",5
"Rana_Zahid_Farooq",5
"Rashid_Nasim",5
"Raza_Ahmed_Shah",5
"Riaz_Ahmad_Bhulla_Advocate",5
"Riaz_Ali_Kazmi",5
"Rizwan_Ahmed",5
"Sabir_Hussain_Awan",5
"Sahib_Zada_Haroon_Ur_Raheed",5
"Sahibzada_Tariq_Ullah",5
"Sami_Ullah_Jan",5
"Sardar_Riaz_Ahmad_Khan",5
"Sardar_Zafar_Hussain_Khan",5
"Sarfraz_Ahmad_Khan",5
"Shah_Faisal_Afridi",5
"Shahib_Zada_Muhammad_Yaqub",5
"Sheikh_Muhammad_Mushtaq",5
"Shoukat_Ali_Shaikh",5
"Solat_Majeed_Satti_Advocate",5
"Sultan_Muhammad",5
"Syed_Attaullah_Shah",5
"Syed_Javed_Hussain_Shah",5
"Syed_Mehr_Hassan_Gillani",5
"Syed_Mohammad_Faheem",5
"Syed_Muhammad_Bilal",5
"Tahir_Siraj",5
"Taj_Muhammad_Khan",5
"Tariq_Javeed_Janjua",5
"Tashkeel_Ahmed_Siddiqui",5
"Taufeequddin_Siddiqui",5
"Uzair_Latif",5
"Waheed_Akhtar",5
"Waleed_Nasir_Choudhary",5
"Yahya_Bakhtiar",5
"Zafar_Jamal_Khan_Advocate",5
"Zahid_Mohibullah_Khan_Advocate",5
"Zahid_Saeed",5
"Zahoor_Ahmad_Watto",5
"Zar_Noor_Afridi",5
"Zubair_Ahmad_Gondal",5
"Zubair_Farooq_Khan",5
"Abd_Ur_Rasheed",5
"Abdul_Fatah_Pathan",5
"Abdul_Hameed_Alias_Arfan",5
"Abdul_Jamil_Khan",5
"Abdul_Kabeer",5
"Abdul_Razzaq_Khalil",5
"Abdul_Rehman",5
"Abdul_Waheed_Akhtar",5
"Afifa_Athar",5
"Afrasiab_Khattak",5
"Ahktar_Hussain",5
"Ahmad_Jamil_Rashid",5
"Aijaz_Ali",5
"Akbar_Ali_Khan",5
"Akhtar_Hussain_Qureshi",5
"Altaf_Ahmad_Khan",5
"Ameer_Ul_Azeem",5
"Amir_Mahmood_Cheema",5
"Amir_Siddiqui",5
"Amjad_Ali_Khan",5
"Anam_Hamza",5
"Anwar_Ul_Haq",5
"Asad_Ullah",5
"Asim_Muneer",5
"Aslam_Khan",5
"Atif_Imran",5
"Atta_Ullah_Hameed",5
"Atta_Ur_Rehman",5
"Azhar_Ul_Haq",5
"Babar_Rashid",5
"Bakht_Jehan_Khan",5
"Ch__Abid_Hussain",5
"Chaudhary_Abdul_Sattar",5
"Chaudhary_Asadullah",5
"Chaudhry_Irfan_Aslam",5
"Chaudry_Muhammad_Shoukat",5
"Chaudry_Zulfiqar_Advocate",5
"Dedar_Hussain_Behrani",5
"Dr_Atta_Ur_Rehman",5
"Engr_Muhammad_Sikandar_Asad",5
"Faiz_Miran",5
"Fazal_Ahmed",5
"Fazal_Subhan",5
"Fazal_Ur_Rehman_Niazi",5
"Ghanzanfar_Ali_Bajwa",5
"Ghazan_Iqbal",5
"Hafiz_Aqib_Ismail",5
"Hafiz_Muhammad_Arshad",5
"Hafiz_Nasrullah_Aziz",5
"Haji_Sami_Ullah",5
"Hameed_Ud_Din_Awan",5
"Hammad_Hasan_Lashari",5
"Hashmat_Khan",5
"Hizabullah_Jakhro",5
"Iftikhar_Ahmad_Shaikh",5
"Iftikhar_Ahmed",5
"Iftikhar_Nadeem",5
"Imdad_Khan",5
"Imran_Shafiq_Advocate",5
"Imtiaz_Ahmed",5
"Inayat_Ur_Rehman",5
"Iqbal_Khan",5
"Irfan_Ullah",5
"Jahangir_Ahmad",5
"Jamal_d_Din",5
"Kamran_Aziz_Ghauri",5
"Kamran_Malik",5
"Kashif_Azam",5
"Khalid_Khan_Yousafzai",5
"Khalid_Mahmood_Mirza",5
"Mahmood_Urf_Mahmood_Illahi",5
"Mairaj_Ul_Huda_Siddiqui",5
"Malik_Abdul_Aziz",5
"Malik_Ghulam_Mohiuddin",5
"Malik_Mateeullah",5
"Malik_Muhammad_Naeem_Haider",5
"Mamtaz_Hussain",5
"Manzoor_Hussain",5
"Maulana_Abdul_Akbar_Chitrali",5
"Maulana_Mehboob_Janan",5
"Maulana_Muhammad_Ismail",5
"Mian_Mohammad_Aslam",5
"Mian_Muslim_Pervaiz",5
"Mir_Muhammad_Baldi",5
"Miraj_Ul_Huda_Siddiqui",5
"Mohtarma_Zaiba_Basharat",5
"Mudassar_Ahmad_Shah",5
"Mufti_Muhammad_Imtiaz_Marwat",5
"Muhammad_Ahmad_Raza",5
"Muhammad_Anwar_Khan",5
"Muhammad_Arif_Gujjar",5
"Muhammad_Arslan_Khan_Khakwani",5
"Muhammad_Ashique",5
"Muhammad_Asim_Khan",5
"Muhammad_Azeem_Tahir_Randhawa",5
"Muhammad_Babar_Khan",5
"Muhammad_Bilal",5
"Muhammad_Ejaz_Malik",5
"Muhammad_Faisal_Bin_Zair",5
"Muhammad_Hanif_Khan",5
"Muhammad_Ibrahim_Khan",5
"Muhammad_Ijaz",5
"Muhammad_Irfan_Ullah",5
"Muhammad_Ishaq_Khan",5
"Muhammad_Islam",5
"Muhammad_Jabir",5
"Muhammad_Javed_Kasori",5
"Muhammad_Kashif_Chaudhry",5
"Muhammad_Kashif_Gujjar",5
"Muhammad_Musa",5
"Muhammad_Mushtaq",5
"Muhammad_Nasir_Nadeem_Gujjar",5
"Muhammad_Rehmat_Ullah_Watto",5
"Muhammad_Saeed",5
"Muhammad_Safdar_Iqbal",5
"Muhammad_Sami_Ul_Qazi",5
"Muhammad_Shabir_Khanzada",5
"Muhammad_Shahid_Abbas",5
"Muhammad_Sufyan_Abbasi",5
"Muhammad_Tahir_Malik",5
"Muhammad_Tariq_Javed",5
"Muhammad_Tauseef",5
"Muhammad_Umar_Farooq",5
"Muhammad_Usama_Razi_Khan",5
"Muhammad_Waris",5
"Muhammad_Yousaf_Khan",5
"Muhammad_Zubair",5
"Muhmmad_Mudabbar_Siddique",5
"Mumtaz_Hussain",5
"Munam_Zafar_Khan",5
"Munir_Ahmed_Anjum",5
"Mussawair_Shah",5
"Naeem_Ullah",5
"Naeem_Ur_Rehman_Khan",5
"Nageena",5
"Naheem_Ur_Rehman_Khan",5
"Nasir_Mehmood",5
"Naveed_Ali_Baig",5
"Naveed_Iqbal",5
"Noor_Ali",5
"Qamar_Zaman_Cheema",5
"Qari_Saeed_Ahmad",5
"Qasim_Mehmood",5
"Raja_Sajid_Sharif",5
"Rana_Abdul_Waheed",5
"Rana_Muhammad_Afzal",5
"Rana_Muhammad_Sikandar_Azam_Khan",5
"Rasheed_Ahmad",5
"Rashid_Farooq",5
"Rustam_Ali_Saqi",5
"Safia_Khanum",5
"Sahibzada_Haroon_u_Rasheed",5
"Saif_Ud_Din",5
"Sakeena",5
"Salman_Ahmed",5
"Samina_Saeed",5
"Sardar_Abdul_Razaq",5
"Sardar_Karam_Khan",5
"Shafiq_Ahmad_Rouf",5
"Shakeela",5
"Shamas_Ur_Rehman",5
"Sharaf_Ud_Din",5
"Sheikh_Muhammad_Afzaal_Shaheen",5
"Shiekh_Usman_Farooq",5
"Shiraz_Khan_Jadoon",5
"Shoukat_Ali_Bhatti",5
"Siraj_Ul_Haq",5
"Sufi_Khalique_Ahmad_Butt",5
"Sultan_Ahmed_Lashari",5
"Syed_Abdul_Rasheed",5
"Syed_Ahmad",5
"Syed_Arif_Shirazi",5
"Syed_Ghaffar",5
"Syed_Ihsan_Ullah_Waqas",5
"Syed_Tariq_Hussain_Shah_Sherazi",5
"Syed_Umer_Farooq",5
"Syed_Ziaullah_Shah_Bukhari",5
"Tahir_Majeed",5
"Tahir_Mehmood_Butt",5
"Talib_Jan",5
"Tariq_Mateen",5
"Tasheen",5
"Tasnim_Khurshid",5
"Tofiq_Ul_Din_Siddiqui",5
"Tohfa_Dastgir_Ahmad",5
"Umar_Farooq",5
"Umar_Farooq_Kanju",5
"Umar_Gul",5
"Zabeeh_Ullah_Balgan",5
"Zafar_Ali",5
"Zafar_Hussain_Khan",5
"Zaheer_Babar",5
"Zaheer_Ud_Din_Jatoi",5
"Zubair_Ahmed_Gondal",5
"Zubair_Khadim",5
"Zulifqar_Ali_Ahmad",5
"Abdul_Aziz",5
"Muhammad_Jamal_Ud_Din",5
"Muhammad_Wali_Shah",5
"Abd_Ul_Ghafoor",5
"Abdul_Haleem",5
"Abdul_Majeed_Anwar",5
"Abdul_Majeed_Hazarvi",5
"Abdul_Qayoom",5
"Abdul_Quyyum",5
"Abdul_Salam",5
"Abdul_Samad_Son_of_Muhammad_Yousuf",5
"Abdul_Wajid_Hussain",5
"Abdullah_Ahmed",5
"Abdur_Rahim_Khan",5
"Abu_Bakar_Brohi",5
"Adnan_Bin_Abdul_Aziz",5
"Agha_Syed_Muhammad_Ayyoob",5
"Ahmad_Mujeeb_Aslam",5
"Ahmed_Naseer",5
"Akhunzada_Irfan_Ullah_Shah",5
"Akram_Khan_Durrani",5
"Allama_Abdul_Raoof_Rabbani",5
"Amin_Ullah",5
"Aneela",5
"Arbab_Kamal_Ahmad",5
"Asad_Mahmood",5
"Asad_Mehmood",5
"Asghar_Ali_Nasir",5
"Asjad_Mahmood",5
"Asmat_Ullah",5
"Attaul_Haq",5
"Azam_Khan",5
"Ch_Waseem_Ahmed",5
"Engineer_Tahir_Iqbal_Orakzai",5
"Fakharul_Hassan",5
"Farooq_Hussain_Shah",5
"Fazal_Ali",5
"Fazal_Ur_Rehman",5
"Fazlullah",5
"Ghulam_Mohammad_Sadiq",5
"Gohar_Ali",5
"Gohar_Mohammad_Khan_Bangesh",5
"Gohar_Muhammad_Khan_Bangash",5
"Hafiz_Abdul_Qadeer",5
"Hafiz_Abdul_Razzak",5
"Hafiz_Abdul_Wadood",5
"Hafiz_Hamdullah",5
"Hafiz_Mahmood_Ul_Hassan",5
"Hafiz_Muhammad_Afzaal",5
"Hafiz_Muhammad_Azam",5
"Hafiz_Muhammad_Jameel_Ahmed",5
"Hafiz_Muhammad_Saeed",5
"Hafiz_Muhammad_Zubair",5
"Hafiz_Shahzad_Bashir",5
"Hajan_Khan_Leghari",5
"Haji_Abdul_Rasheed_Khan_Bhatti",5
"Haji_Ghulam_Ali",5
"Haji_Ghulam_Qadir_Noohani",5
"Haji_Mangey_Khan_Rahija",5
"Haji_Manzoor_Ahmed_Mengal",5
"Hakeem_Muhammad_Asaad",5
"Hameed_Ullah_Jan_Afridi",5
"Hidayat_Ur_Rehman",5
"Ihsan_Ul_Haq",5
"Ijaz_Ul_Haq",5
"Ilhaj_Pervaiz_Khan_Khattak",5
"Imdad_Ullah_Yousafzai",5
"Ishfaq_Ullah_Khan",5
"Kaleem_Ullah_Khan",5
"Khalid_Mahmood",5
"Khalid_Mobeen",5
"Khalid_Waleed",5
"Kifayat_Ullah",5
"Liaq_Muhammad_Khan",5
"Makhdoom_Zada_Syed_Muhammad_Zakaria_Shah",5
"Malik_Gulfraz_Ahmad_Faraz",5
"Malik_Naveed_Ahmed_Advocate",5
"Malik_Qadir_Bukhsh",5
"Malik_Sikandar_Khan",5
"Malik_Zafar_Borrana_Sahab",5
"Maulana_Abdul_Ghafar_Tauhadi",5
"Maulana_Abdullah_Ahmad",5
"Maulana_Abdur_Rashid",5
"Maulana_Fazal_Ur_Rehman",5
"Maulana_Fazli_Azeem",5
"Maulana_Haleem_Ur_Rahman",5
"Maulana_Mian_Hussain_Jalali",5
"Maulana_Muhammad_Gohar_Shah",5
"Maulana_Nizam_Ud_Din",5
"Maulana_Shirin_Muhammad",5
"Maulvi_Mohammad_Abdullah_Jatak",5
"Mehboobullah_Jan_Baqi",5
"Mir_Baz_Muhammad_Marri",5
"Mir_Hussain",5
"Misbah_Ud_Din_Wald_e_Ahmad_Din",5
"Misbahul_Alam",5
"Mohammad_Akram_Khan",5
"Mohammad_Ibrahim_Jatol",5
"Molana_Abdul_Ghafoor_Haideri",5
"Molana_Ameer_Zaman",5
"Molana_Fazal_Ur_Rehman",5
"Molana_Muhammad_Gohar_Shah",5
"Molana_Muhammad_Iqbal_Rasheed",5
"Molana_Muhammad_Sabir_Aarfi",5
"Molana_Qamar_Din",5
"Mollana_Ghulam_Qadir_Qasmi",5
"Molvi_Mohammad_Ishaque_Laghari",5
"Molvi_Muhammad_Saleh_Alhadad",5
"Moulana_Abdul_Ghafoor_Haideri",5
"Moulana_Abdul_Malik",5
"Moulana_Abdul_Naeem_Nomani",5
"Moulana_Abdullah_Pahore",5
"Moulana_Hafiz_Sana_Ullah",5
"Moulana_Mohammad_Khan_Sherani",5
"Moulana_Muhammad_Yakoob_Mahar",5
"Moulana_Noor_Ul_Haq",5
"Moulvi_Agha_Muhammad",5
"Mualana_Muhammad_Qasim",5
"Mufti_Abdul_Shakoor",5
"Mufti_Faizul_Haq",5
"Mufti_Kifayat_Ullah",5
"Mufti_Nazir_Ahmed_Umrani",5
"Mufti_Taj_Ud_Din_Rabani",5
"Muhammad_Abdullah",5
"Muhammad_Akbar_Tabani",5
"Muhammad_Arif_Wald_Meer_Azam_Khan",5
"Muhammad_Ayaz_Chaudhary",5
"Muhammad_Ayub",5
"Muhammad_Hafeezur_Rahman",5
"Muhammad_Nabi",5
"Muhammad_Naseef_Awan",5
"Muhammad_Nasrullah",5
"Muhammad_Rafique_Abid_Alwi",5
"Muhammad_Riaz_Shaheen",5
"Muhammad_Saeed_Jan",5
"Muhammad_Safdar",5
"Muhammad_Safi_Ullah",5
"Muhammad_Saleh_Indhar",5
"Muhammad_Sardar",5
"Muhammad_Shah_Zaman",5
"Muhammad_Sharif_Sadwani_Mazari",5
"Muhammad_Sher_Khan",5
"Muhammad_Sufyan_Muavia",5
"Muhammad_Tahir_Siddique",5
"Muhammad_Talha_Mahmood",5
"Muhammad_Usman_Badini",5
"Muhammad_Uzair_Jagirani",5
"Muhammad_Zakriya",5
"Muhammad_Zubair_Abbasi",5
"Mulana_Ain_u_Din_Shaker",5
"Mulana_Muhammad_Abdul_Majeed_Farooqe",5
"Musammir_Shah",5
"Mushtaq_Ahmad",5
"Nasir_Mahmood",5
"Niyaz_Ali",5
"Nizam_Din",5
"Nizam_Ud_Din_Lehri",5
"Nizamuddin",5
"Noor_Muhammad",5
"Noor_Muhammad_Shah",5
"Obaid_Ullah",5
"Obaid_Ur_Rehman",5
"Pir_Muhammad_Aqal_Shah",5
"Pir_Syed_Alamzeb_Shah",5
"Qaiser_Khan",5
"Qari_Abdul_Aziz",5
"Qari_Attique_Ur_Rehman",5
"Qari_Khalil_Ur_Rehman",5
"Qari_Mohammad_Yousif",5
"Qari_Muhammad_Safdar_Javed",5
"Qari_Muhammad_Shair_Ali",5
"Rahat_Hussain",5
"Raheem_Ullah",5
"Rashid_Ahmad_Khan",5
"Rashid_Mahmood_Soomro",5
"Rashid_Mehmood_Soomro",5
"Saad_Sultan",5
"Saeed_Ahmad_Awan",5
"Safeer_Alam",5
"Sahabzada_Hafiz_Aziz_Ur_Rehman_Darkhuwasti",5
"Saida_Jan",5
"Saif_Ullah_Saifi",5
"Saif_Ur_Rehman_Rashidi",5
"Saifullah_Khalid",5
"Salah_Ud_Din",5
"Salahuddin_",5
"Saleem_Ullah",5
"Sardar_Ibrar_Khan",5
"Shafqat_Rehman",5
"Shah_Abdul_Aziz",5
"Shahzane_Khan",5
"Shamsuddin",5
"Shuja_Ul_Mulk",5
"Siraj_Ud_Din",5
"Sultan_Ahmad",5
"Syed_Abdul_Wadood_Azad",5
"Syed_Haroon_Sultan_Bukhari",5
"Syed_Muhammad_Athar",5
"Syed_Qasim_Shah",5
"Syed_Sami_Ullah",5
"Tanveer_Rasool_Qureshi",5
"Tariq_Sultan",5
"Tipu_Sultan",5
"Umer_Ali",5
"Zafarullah_Khan_Gichki",5
"Zahid_Akram_Durrani",5
"Zia_Ur_Rehman_Tamimi",5
"Ahmad_Jaan",5
"Aimal_Nasir_Khan",5
"Mohsin_Javed",5
"Muhammad_Asghar_Khan",5
"Syed_Nadeem_Shah",5
"Ch_Ijaz_Hussain_Gujjar_Advocate",5
"Ch_Muhammad_Majeed_Gill_Advocate",5
"Chudhary_Ghulam_Rasool_Mehr",5
"Malik_Mansaf_Awan_Advocate",5
"Malik_Noor_Muhammad_Sarfraz_Awan_Advocate",5
"Mian_Ghulam_Rasool_Advocate",5
"Muhammad_Arshad_Faqir",5
"Muhammad_Naeem_Kashif_Adv",5
"Muhammad_Shakeel_Tahir",5
"Qari_Nadeem_Ahmad_Owaisi",5
"Rai_Muhammad_Nawaz_Kharal_Advocate",5
"Zafar_Iqbal_Rajput_Khokhar",5
"Azmat_Ali",5
"Syed_Mazhar_Ali",5
"Atif_Atta",5
"Aziz_Ul_Islam",5
"Javed_Sharif",5
"Aftab_Khurram",5
"Malik_Abdul_Rasheed",5
"Malik_Jahanzaib_Waran",5
"Mirza_Asif_Baig",5
"Muhammad_Jan_Mohmand",5
"Muhammad_Sohail_Akhter",5
"Syed_Muhammad_Shakeel_Ali_Shah",5
"Muhammad_Kashif",6
"Sardar_Ghulam_Mustafa_Khaskheli",6
"Syed_Mukhtar_Hussain_Shah",6
"Jawad_Aziz",6
"M_iqbal_Haider",6
"Molvi_Iqbal_Haider_Advocate",6
"Moulvi_Iqbal_Haider",6
"Tahir_Iqbal",6
"Karim_Ali_Jatoi",6
"Syed_Ghous_Ali_Shah",6
"Ghulam_Rasool",6
"Nisar_Ahmad",6
"Abdul_Bari",6
"Irfan_Ahmed",6
"Muhammad_Riaz",6
"Abdul_Khaliq",6
"Muhammad_Hassan",6
"Muhammad_Afzal",6
"Sajjad_Ahmad",6
"Sardar_Meer_Badshah_Khan_Qaisrani",6
"Ali_Asghar_Rind",6
"Mian_Tariq_Mehmood",6
"Muhammad_Yaqoob",6
"Syed_Sajjad_Hussain_Shah",6
"Daniyal_Aziz",6
"Ghulam_Bibi_Bharwana",6
"Mian_Riaz_Hussain_Pirzada",6
"Muhammad_Mehboob_Sultan",6
"Naseem_Muhammad_Khan",6
"Rao_Muhammad_Ajmal_Khan",6
"Sardar_Awais_Ahmad_Khan_Leghari",6
"Tahir_Bashir_Cheema",6
"Syed_Javed_Ali_Shah",6
"Muhammad_Younas",6
"Abbas_Khan_Afridi",6
"Abdul_Ghaffar_Dogar",6
"Abdul_Hakeem_Baloch",6
"Abdul_Hameed_Rajput",6
"Abdul_Hamid_Orakzai",6
"Abdul_Khaliq_Khar",6
"Abdul_Majeed_Khan",6
"Abdul_Qadeer",6
"Abdul_Qadir_Khan",6
"Abdul_Rehman_Khan_Kanju",6
"Abdul_Subhan",6
"Abdulkhaliq",6
"Abdullah",6
"Abdullah_Sheedi",6
"Abid_Ali",6
"Abid_Ali_",6
"Abid_Azeem",6
"Abid_Sheer_Ali",6
"Adrees_Bajwa_",6
"Agha_Muhammad_Munwar",6
"Ahmad_Atteeq_Anwer",6
"Ahmad_Hussain_Dehar",6
"Ahmad_Raza_Maneka",6
"Ahsan_Iqbal",6
"Akhlaq_Younas",6
"Akhtar_Hussain_Jadoon",6
"Akhtiar_Wali",6
"Akhundzada_Badruddin",6
"Alam_Dad_Laleka",6
"Alamzeb_Khan",6
"Alhaj_Muhammad_Farid_Mufakkar",6
"Ali_Gohar_Khan",6
"Ali_Mohammad_Khan_Juna_Advocate",6
"Ali_Raza_Cholyani",6
"Ali_Sher_Khan",6
"Ali_Zahid",6
"Allando_Shah_Alias_Zafar_Ali_Shah",6
"Amir_Muqam",6
"Amir_Talal_Gopang",6
"Ammar_Ahmad_Khan_Leghari",6
"Anjum_Aqeel_Khan",6
"Anwar_Ul_Haq_Chaudhary",6
"Arshad_Manan_Yousaf_Zai",6
"Asghar_Ali_Awan",6
"Asghar_Ali_Shah",6
"Asif_Ali_Malik",6
"Asif_Aqeel",6
"Aslam_Bodla",6
"Atta_Ullah_Tarar",6
"Ayaz_Amir",6
"Azad_Ali_Tabassum",6
"Azhar_Qayyum_Nahra",6
"Azhar_Qayyum_Nehra",6
"Babar_Nawaz_Khan",6
"Bashir_Ahmed",6
"Baz_Gul_Afridi",6
"Begum_Tehmina_Doultana",6
"Bilal_Azhar_Kayani",6
"Bilal_Yaseen",6
"Capt_r_Muhammad_Safdar",6
"Ch__Abid_Raza",6
"Ch__Ashfaq_Ahmed_Mattu",6
"Ch__Mehmood_Bashir_Virk",6
"Ch__Mubashir_Hussain",6
"Ch__Muhammad_Jafar_Iqbal",6
"Ch__Muhammad_Riaz",6
"Ch__Nisar_Ali_Khan",6
"Ch__Safdar-Ur-Rehman",6
"Ch__Saud_Majeed",6
"Ch_Armaghan_Subhani",6
"Ch_Asad_Ur_Rehman",6
"Ch_bilal_Ahmed_Virk",6
"Ch_Jaffar_Iqbal",6
"Ch_muhammad_Ali_Gujar__Advocate",6
"Ch_Muhammad_Ashraf",6
"Ch_muhammad_Munir_Azhar",6
"Ch_Nadeem_Abbas_Rebera",6
"Ch_Nisar_Ali_Khan",6
"Chaudhary_Abid_Raza",6
"Chaudhary_Asad-Ur-Rehman",6
"Chaudhary_Asad_Ur_Rehman",6
"Chaudhary_Farrukh_Altaf",6
"Chaudhary_Iftikhar_Nazir",6
"Chaudhary_Khalid_Javed",6
"Chaudhary_Mahmood_Bashir_Virk",6
"Chaudhary_Muhammad_Ashraf",6
"Chaudhary_Muhammad_Ashraf_Gujjar",6
"Chaudhary_Muhammad_Barjees_Tahir",6
"Chaudhary_Muhammad_Iqbal",6
"Chaudhary_Muhammad_Shahbaz_Babar",6
"Chaudhary_Naseer_Ahmed_Sidhu",6
"Chaudhary_Nazeer_Ahmad",6
"Chaudhary_Nazir_Ahmad",6
"Chaudhary_Nisar_Ali_Khan",6
"Chaudhry_Khadim_Hussain",6
"Chaudhry_Khalid_Javed_Warraich",6
"Chaudhry_Mahmood_Bashir_Virk",6
"Chaudhry_Muhammad_Jamil_Johar_Advocate",6
"Chaudhry_Muhammad_Munir_Azhar",6
"Chaudhry_Naseer_Ahmed_Bhutta",6
"Chaudry_Armaghan_Subhani",6
"Choudhary_Iftikhar_Nazir",6
"Choudhary_Muhammad_Barjees_Tahir",6
"Choudhry_Muhammad_Shahbaz_Babar",6
"Choudhry_Muhammad_Tarique",6
"Chudhary_Bilal_Ahmed_Virk",6
"Chudhary_Hamid_Hameed",6
"Col_r__Mian_Muhammad_Akram_Advocate",6
"Daniyal_Ahmed",6
"Danyal_Choudhary",6
"Dewan_Ashiq_Hussain_Bukhari",6
"Dewan_Syed_Jaffar_Hussain",6
"Dilawar_Khan",6
"Doctor_Hafeez_Ur_Rehman_Khan_Drishak",6
"Doctor_Liaquat_Ali_Khan",6
"Dr__Abu-Ul-Hassan_Ansari",6
"Dr__Azeem-Ud-Din_Zahid_Lakhvi",6
"Dr__Imtiaz_Ahmed",6
"Dr__Mian_Akhtar_Ali_Lalika",6
"Dr__Muhammad_Afzal_Khan_Dhandla",6
"Dr__Syed_Ali_Hyder_Shah",6
"Dr__Tariq_Fazal_Chudhary",6
"Dr__Zulfiqar_Ali_Bhatti",6
"Dr_hafiz_Shabbir_Ahmed",6
"Dr_Rahila_Gul_Magsi",6
"Dr_syed_Khawar_Ali_Shah",6
"Dr_tariq_Fazal_Chaudhry",6
"Ehsan-Ul-Haq_Idrees_Advocate",6
"Ehsan_Ul_Haq_Bajwa",6
"Engineer_Abdul_Munim_Khan",6
"Engineer_Iqbal_Zafar_Jhagra",6
"Engineer_Khuram_Dastgir_Khan",6
"Engr_Khurram_Dastgir_Khan",6
"Faheem_Advocate",6
"Faiz_Muhammad_Khan",6
"Farah_Awan_Advocate",6
"Farah_Khan",6
"Farhat_Ullah_Khan",6
"Farid_Khan_Yousafzai",6
"Farkhanda_Amjad_Waraich",6
"Fida_Muhammad",6
"Furqan_Ali",6
"Ghalib_Khan",6
"Ghani_Ur_Rehman",6
"Ghulam_Hyder_Phulpoto",6
"Ghulam_Muhammad_Lali",6
"Ghulam_Rasool_Sahi",6
"Ghulam_Shoaib",6
"Hafeez_Ur_Rehman_Khan_Drishak",6
"Hafiz_Abdul_Kareem",6
"Hafiz_Abdul_Karim",6
"Hafiz_Masroor_Lateef",6
"Haji_Arz_Muhammad_Barech",6
"Haji_Jamal_Shah_Kakar",6
"Haji_Javed_Iqbal_Jat",6
"Haji_Muhammad_Akram_Ansari",6
"Haji_Muzaffar_Ali_Shajra",6
"Haji_Waris_Khan_Achakzai",6
"Haji_Zar_Khan_Safi",6
"Hameer_Imdad_Unar",6
"Hammad_Nawaz_Khan",6
"Hamza",6
"Hamza_Shahbaz_Sharif",6
"Hizbullah_Gandapur",6
"Humair_Hayat_Khan_Rokhari",6
"Husnain_Rashid",6
"Ibadullah",6
"Iftikhar_Uddin",6
"Ihasn_Kareem_Qureshi",6
"Ijaz_Ahmed_Chaudhary",6
"Illah_Bukhsh_Soomro",6
"Illahi_Bux_Soomro",6
"Imtiaz_Ahmad_Gondal",6
"Inamullah_Khan_Niazi",6
"Iqbal_Zaffar_Jhagra",6
"Irfan_Aziz_Kurd",6
"Ishtiaq_Ahmed_Advocate",6
"Jalal_Khan_Khattak",6
"Jam_Kamal_Khan",6
"Jamil_Ahmad_Khan",6
"Javaid_Ibrahim_Paracha",6
"Javed_Akhter",6
"Jehanzeb_Khan",6
"Justice_r__Iftikhar_Ahmad_Cheema",6
"Justice_r_Iftikhar_Ahmad_Cheema",6
"Kaleem_Akbar_Durrani",6
"Kalim_Akbar",6
"Khalid_Aziz",6
"Khawaja_Ahmad_Hassan",6
"Khawaja_Muhammad_Asif",6
"Khawaja_Muhammad_Asif_",6
"Khawaja_Saad_Rafique",6
"Khudai_Noor",6
"Khurram_Dastagir_Khan",6
"Liaqat_Ahmed_Khan",6
"Liaquat_Ali_Jamali",6
"Lt_Gen_r__Salah-Ud-Din_Trimzi",6
"Lt_gen_r_Abdul_Qadir_Baloch",6
"m_Aslam_Buledi",6
"m_Junaid_Anwar_Chaudhary",6
"Mailk_Sohail_Khan",6
"Major_r_Amir_Aziz_Kurd",6
"Major_Rtd_Tahir_Iqbal",6
"Makdum_Syed_Ahmad_Alam_Anwer",6
"Makhadom_Jamil_Ahmed_Hussain_Bukhari",6
"Makhdoom_Faisal_Saleh_Hayat",6
"Makhdoom_Moeen_Uddin_Ali",6
"Makhdoom_Moin_Ud_Din_Ali_Hashmi",6
"Makhdoom_Muhammad_Javed_Hashmi",6
"Makhdoom_Syed_Ali_Hassan_Gillani",6
"Makhdoom_Syed_Sami_Ul_Hassan_Gilani",6
"Makhdoomzada_s_b_a_Sultan",6
"Malak_Muhammad_Zeb_Khan",6
"Malak_Syed_Ahmad",6
"Malik_Abdul_Ghaffar_Dogar",6
"Malik_Abrar_Ahmad",6
"Malik_Akhtar_Hussain_Awan",6
"Malik_Ghulam_Qasim_Hanjra",6
"Malik_Ibrar_Ahmed",6
"Malik_Ihtebar_Khan",6
"Malik_Iqbal_Mehdi_Khan",6
"Malik_Khalid_Naeem",6
"Malik_Majid_Bucha",6
"Malik_Maula_Dad_Khan_Sherani_",6
"Malik_Muhammad_Afzal_Khokhar",6
"Malik_Muhammad_Asad_Khan",6
"Malik_Muhammad_Basit_Khar",6
"Malik_Muhammad_Iqbal_Chanar",6
"Malik_Saif_Ul_Malook_Khokar",6
"Malik_Shakeel_Ahmed_Awan",6
"Malik_Shakir_Bashir_Awan",6
"Malik_Sohail_Khan",6
"Malik_Sultan_Mehmood",6
"Mansoor_Kamal_Marwat",6
"Maryam_Nawaz_Sharif",6
"Mehar_Ishtiaq_Ahmad",6
"Mian_Abdul_Manan",6
"Mian_Abdul_Mannan_",6
"Mian_Abdul_Rasheed",6
"Mian_Faiz-Ul-Hassan",6
"Mian_Imtiaz_Ahmad",6
"Mian_Imtiaz_Ahmed",6
"Mian_Javed_Latif",6
"Mian_Manzoor_Hussain",6
"Mian_Margoob_Ahmad",6
"Mian_Muhammad_Arshad_Abbas_Qureshi",6
"Mian_Muhammad_Farooq",6
"Mian_Muhammad_Ilyas_Rasheed",6
"Mian_Muhammad_Nawaz_Sharif",6
"Mian_Muhammad_Qasim_Farooq_",6
"Mian_Muhammad_Rasheed",6
"Mian_Muhammad_Shahbaz_Sharif",6
"Mian_Muhammad_Sharif_Zafar_Joia",6
"Mian_Najibuddin_Awaisi",6
"Mian_Riaz_Hussain_Peerzada",6
"Mian_Shahid_Hussain_Khan",6
"Mian_Shahid_Hussain_Khan_Bhatti",6
"Mian_Yawar_Zaman",6
"Mir_Amanullah_Talpur",6
"Mir_Atta_Ullah",6
"Mir_Dosteen_Khan_Domki",6
"Mir_Khan_Muhammad_Jamali",6
"Mir_Mehrullah_Khan_Umrani",6
"Mohammad_Riyaz",6
"Mohmmad-Ul-Mulk__Akhon_Zada_",6
"Mohsin_Shah_Nawaz_Ranjah",6
"Mohsin_Shah_Nawaz_Ranjha",6
"Mohsin_Shahnawaz_Ranjha",6
"Mohtarmatehmina_Doultana",6
"Moin_Khan",6
"Molana_Asif_Muawia",6
"Mr__Makhdoom_Shah_Nawaz_Qureshi",6
"Mr_babu_Sarfraz_Khan_Jatoi",6
"Mr_liaquat_Ali_Jatoi",6
"Mrs_Amjad_Ali_Warraich",6
"Muhabbat_Khan",6
"Muhammad_Abad",6
"Muhammad_Abdul_Ghaffar_Watto",6
"Muhammad_Afzal_Khokhar",6
"Muhammad_Akbar_Khan",6
"Muhammad_Akhtar_Khan_Kanjoo",6
"Muhammad_Akhtar_Khan_Kanju",6
"Muhammad_Akhter_Khadam_Alias_Khadam_Hussain",6
"Muhammad_Akram_Mughal",6
"Muhammad_Amjad_Farooq_Khan_Khosa",6
"Muhammad_Arif_Ch",6
"Muhammad_Arshad_Khan_Laghari",6
"Muhammad_Asad_Ali_Khan_Junejo",6
"Muhammad_Asim_Nazeer",6
"Muhammad_Aslam_Khan_Khattak",6
"Muhammad_Azhar_Khan_Laghari",6
"Muhammad_Baleegh-Ur-Rehman",6
"Muhammad_Baligh_Ur_Rehman",6
"Muhammad_Barjees_Tahir",6
"Muhammad_Faiz_Tamman",6
"Muhammad_Farooq_Baha-Ul-Haq_Shah",6
"Muhammad_Hamid_Hameed",6
"Muhammad_Hamza_Shehbaz_Sharif",6
"Muhammad_Hanif_Abbasi",6
"Muhammad_Humair_Hayat_Khan_Niazi",6
"Muhammad_Israr",6
"Muhammad_Jamil_Malik",6
"Muhammad_Junaid_Anwaar_Chaudhry",6
"Muhammad_Junaid_Anwaar_Chudhary",6
"Muhammad_Khan_Daha",6
"Muhammad_Moeen_Wattoo",6
"Muhammad_Mueen_Watto",6
"Muhammad_Nawaz_Sharif",6
"Muhammad_Nazir_Khan",6
"Muhammad_Nisar_Khan",6
"Muhammad_Numan",6
"Muhammad_Pervaiz_Malik",6
"Muhammad_Qasim_Farooq",6
"Muhammad_Riaz_Malik",6
"Muhammad_Sana_Ullah_Khan_Masti_Khel",6
"Muhammad_Shahbaz_Sharif",6
"Muhammad_Shoaib_Khan",6
"Muhammad_Tahir_Ameer_Ghroi",6
"Muhammad_Talal_Chaudhry_",6
"Muhammad_Tallal_Choudhary",6
"Muhammad_Ullah",6
"Muhammad_Usman_Awaisi",6
"Muhammad_Uzair_Khan",6
"Muhammad_Yaqub_Sheikh",6
"Muhammad_Yar_Khan_Kamoka",6
"Muhammad_Yousaf_Kakar",6
"Mukhdoom_Syed_Asad_Murtaza_Geelani",6
"Mukhtar_Ahmed_Malik",6
"Mumtaz_Ahmad_Tarar",6
"Munawar_Hayat_Abbasi",6
"Murtaza_Javed_Abbasi",6
"Mushahid_Raza",6
"Mushahidullah_Khan",6
"Nadeem_Abbas",6
"Naheed_Parveen",6
"Naik_Amal_Khan",6
"Najeeb_Ullah_Khan_Niazi",6
"Nasar_Iqbal_Bosal",6
"Nasir_Iqbal_Bosal",6
"Nasir_Khan_Mosazai",6
"Nawab_Arshad_Ali_Talpur",6
"Nawab_Salman_Khan_Khilji",6
"Nawab_Sher",6
"Nawab_Zada",6
"Nawabzada_Jangaiz_Khan_Marri",6
"Nawabzada_Khawaja_Muhammad_Khan_Hoti",6
"Nawabzada_Mazher_Ali",6
"Niaz_Muhammad_Khan",6
"Nisar_Ahmed_Cheema",6
"Nisar_Akbar_Khan_",6
"Noor_Ul_Hassan_Tanveer",6
"Obaid_Ullah_Khan_Shadi_Khel",6
"Obaid_Ullah_Shadi_Khel",6
"Omar_Ayub_Khan",6
"Parveen_Bashir",6
"Pir_Muhammad_Amin_Ul_Hasnat_Shah",6
"Pir_Muhammad_Aslam_Bodla",6
"Pirzada_Muhammad_Ashraf_Zia",6
"Professor_Doctor_Noor_Muhammad_Ghafari",6
"Qadir_Bux",6
"Qaiser_Ahmad_Sheikh",6
"Qaiser_Ahmed_Sheikh",6
"Raees_Khan",6
"Rahim_Bux",6
"Rai_Mansab_Ali_Khan",6
"Rai_Muhammad_Saleem_Raza_Kharral_Advocate",6
"Rai_Salah-Ud-Din",6
"Raja_Javed_Ikhlas",6
"Raja_Muhammad_Asad_Khan",6
"Raja_Muhammad_Javed_Ikhlas",6
"Raja_Muhammad_Safdar",6
"Raja_Osama_Sarwar",6
"Raja_Qamar_Ul_Islam",6
"Rajab_Ali_Khan_Baloch",6
"Rana_Abdul_Sattar_Bin_Rana_Shamim_Ahmed_Khan",6
"Rana_Afzaal_Hussain",6
"Rana_Iradat_Sharif_Khan",6
"Rana_Mahmood-Ul-Hassan",6
"Rana_Mehmood_Ul_Hassan",6
"Rana_Mubasshir_Iqbal",6
"Rana_Muhammad_Afzal_Khan",6
"Rana_Muhammad_Hayat_Khan",6
"Rana_Muhammad_Ishaq_Khan",6
"Rana_Nazir_Ahmad_Khan",6
"Rana_Qasim_Noon",6
"Rana_Sana_Ullah_Khan",6
"Rana_Shamim_Ahmed_Khan",6
"Rana_Tanveer_Hussain",6
"Rana_Umer_Nazir_Khan",6
"Rana_Zahid_Hussain_Khan",6
"Rao_Abid_Rizwan_Shoukat",6
"Rao_Mazhar_Hayyat_Khan",6
"Rao_Muhammad_Mohsin_Ali_Khan",6
"Rasheed_Ahmad_Khan",6
"Rasool_Bux_Jakhro",6
"Rehan_Malik_Advocate",6
"Rehan_Qaiser_Sheikh",6
"Rehmat_Salam_Khattak",6
"Riaz_Ahmad_Khan",6
"Riaz_Ul_Haq",6
"Rooh_Ullah_Khan",6
"Rozina",6
"Saad_Ullah_Tareen",6
"Saad_Waseem",6
"Saboohuddin_Malik",6
"Saddique_Khan_Baloch",6
"Sadia_Shabir",6
"Saeed_Ahmed_Khan_Manais",6
"Saeed_Ahmed_Manais",6
"Sahabzada_Syed_Murtaza_Amin",6
"Sahibzada-Faizul-Hassan",6
"Sahibzada_Faiz_Ul_Hassan",6
"Sahibzada_Haji_Muhammad_Fazal-e-Kareem_",6
"Sahibzada_Muhammad_Tahir_Sultan",6
"Sahibzada_Shabbir_Hassan_Ansari",6
"Saima_Akhtar_Bharwana",6
"Saira_Afzal_Tarar",6
"Saira_Tarar",6
"Sajid_Mehdi",6
"Sajjad_Ahmed_Sohal",6
"Sajjad_Ali",6
"Sajjad_Anwar_Khan",6
"Sakina_Anwer",6
"Salar_Khan",6
"Saleem_Zia",6
"Salman_Hanif",6
"Sardar_Adil_Umar",6
"Sardar_Ayaz_Sadiq",6
"Sardar_Fateh_Muhammad_Hasni",6
"Sardar_Ghulam_Abbas",6
"Sardar_m_Yaqoob_Nasir",6
"Sardar_Mansab_Ali_Dogar",6
"Sardar_Mansab_Ali_Doggar",6
"Sardar_Mehtab_Ahmed_Khan",6
"Sardar_Muhammad_Amjad_Farooq_Khan_Khosa",6
"Sardar_Muhammad_Arshad_Khan_Laghari",6
"Sardar_Muhammad_Irfan_Dogar",6
"Sardar_Muhammad_Jaffar_Khan_Leghari",6
"Sardar_Muhammad_Mushtaq_Khan",6
"Sardar_Muhammad_Saif-Ul-Din_Khan_Khosa",6
"Sardar_Muhammad_Shafqat_Hayat_Khan",6
"Sardar_Muhammad_Yaqoob_Khan_Nasir",6
"Sardar_Muhammad_Yousaf",6
"Sardar_Muhammad_Yousaf_Zaman",6
"Sardar_Mumtaz_Khan",6
"Sardar_Noor_Ahmed_Khan_Malaizai",6
"Sardar_Riaz_Mahmood_Khan_Mazari",6
"Sardar_Sanaullah_Zehri",6
"Sarzamin_Khan",6
"Saud_Majeed",6
"Shabbir_Ahmed_Hyderi",6
"Shah_Jee_Gul_Afridi",6
"Shahab_Ud_Din_Khan",6
"Shahibzada_Faiz_Ul_Hassan",6
"Shahid_Khaqan_Abbasi",6
"Shahid_Khaqan_Abbassi",6
"Shahid_Usman",6
"Shaikh_Maqsood_Ahmed",6
"Shaikh_Rohale_Asghar",6
"Shams_Ur_Rehman_Khattak",6
"Sharafat_Khan",6
"Shazia_Mubashar",6
"Shehzad_Asghar_Khan_Rind__Advocate",6
"Sheikh_Abdul_Sattar_Mandokhel",6
"Sheikh_Aftab_Ahmad",6
"Sheikh_Aftab_Ahmed",6
"Sheikh_Fayyaz_Ud_Din",6
"Sheikh_Muhammad_Akram",6
"Sheikh_Muhammad_Tariq_Rasheed",6
"Sheikh_Rohale_Asghar",6
"Sheikh_Roheel_Asghar",6
"Sher_Afghan_Khan",6
"Sher_Rehman",6
"Shezra_Mansab_Ali_Khan_Kharal",6
"Sidra_Tel_Muntaha",6
"Sikander_Ali_Mirani",6
"Skindar_Hayyat_Khan_Bosan",6
"Sobia_Shahid",6
"Sohail_Ahmad",6
"Sohail_Shoukat_Butt",6
"Speen_Gul",6
"Sumaira_Naz",6
"Syed_Ansub_Raza_Fatmi",6
"Syed_Attaullah_Shah_Bukhari",6
"Syed_Basit_Sultan_Bukhari",6
"Syed_Faisal_Abbas",6
"Syed_Fakhar_Imam",6
"Syed_Ghulam_Mustafa_Shah_s_o_Syed_Asadullah_Shah",6
"Syed_Hafeezuddin",6
"Syed_Iftikhar_Ul_Hassan",6
"Syed_Imran_Ahmad_Shah",6
"Syed_Imran_Ahmed_Shah",6
"Syed_Javed_Hassan",6
"Syed_Javed_Hassnain",6
"Syed_Javed_Hassnain_Shah",6
"Syed_Mobeen_Ahmed",6
"Syed_Muhammad_Abdullah_Shah",6
"Syed_Muhammad_Ali_Shah_Bacha_Lala",6
"Syed_Muhammad_Ashiq_Hussain_Shah",6
"Syed_Muhammad_Athar_Hussain_Shah_Gillani",6
"Syed_Muhammad_Iqbal_Shah",6
"Syed_Muhammad_Nihal_Hashmi",6
"Syed_Muhammad_Rafi_Ud_Din_Bukhari",6
"Syed_Muhammad_Raza_Bukhari",6
"Syed_Muhammad_Saleem_Ashrafi",6
"Syed_Muhammad_Salman_Mohsin_Gillani",6
"Syed_Muhammad_Saqlain_Bukhari",6
"Syed_Raza_Ali_Bukhari",6
"Syed_Riaz_Hussain_Shah_Sherazi",6
"Syed_Sajid_Mehdi",6
"Syed_Zahoor_Shah",6
"Syed_Zulfiqar_Ali_Shah",6
"Syeda_Nosheen_Iftikhar",6
"Syeda_Shehr_Bano_Bukhari",6
"Tariq_Fazal_Chaudhry",6
"Tehmina_Daultana",6
"Toor_Gul_Khan_Jogezai",6
"Umer_Sohail_Zia_Butt",6
"Usman_Ibrahim",6
"Uzair_Tariq",6
"Waheed_Alam_Khan",6
"Wajid_Ali_Khan",6
"Waseem_Akhtar_Shaikh",6
"Waseem_Akhtar_Sheikh",6
"Wazeer_Ahmed_Afridi",6
"Yasir_Khan",6
"Zahid_Hamid",6
"Zahid_Khan_Afridi",6
"Zaib_Jafar",6
"Zain-Ul-Abideen_Ansari",6
"Zain_Ansari",6
"Zain_Ul_Abdin_Ansari",6
"Zakir_Hussain_Mari",6
"Zameer_Hussain_Leghari",6
"Zar_Khan",6
"Zobaida_Jalal",6
"Zulifqar_Ali_Bhindar",6
"Khuwaja_Tariq_Sarfaraz",6
"Riaz_Shahid_Khan_Punian_Advocate",6
"Shahid_Naeem_Advocate",6
"Syed_Muhammad_Abbas",6
"Waleed_Ahmad",6
"Zahid_Iqbal",6
"Syed_Muhammad_Hussain",7
"Sadeed_Anver_Malik_Kashir",8
"Zain_Ul_Abideen",8
"Rana_Muhammad_Ali",9
"Abdul_Majeed",10
"Akhtar_Nawaz_Faisal_Daryana",10
"Amoon_Pasha",10
"Arshad_Ali",10
"Asghar_Abbas",10
"Ashar_Jahangir",10
"Babar_Ali",10
"Ch__Muhamamd_Ilyas",10
"Ch_Ghulam_Dastageer",10
"Chaudhary_Tanveer_Ahmed_Advocate",10
"Choudhry_Gulzar_Hussain_Gohar_Advocate",10
"Dilshad_Rind",10
"Farid_Ullah_Bazai",10
"Ghulam_Qadir_Bajwa",10
"Haji_Rashid_Ahmed_Khan_Rana",10
"Iftikhar_Ud_Din",10
"Israr_Ahmad_Chishti_Advocate",10
"Jawaid_Ahmed_Khan",10
"Khalid_Ibrar",10
"Makhdeem_Syed_Zahid_Hussain",10
"Makhodzada_Syed_Hasan_Raza_Gillini",10
"Malik_Azhar_Mehmood",10
"Malik_Fakhar_Iqbal_Wattoo",10
"Malik_Hamid_Mehmood",10
"Malik_Muhammad_Iqbal_Jora",10
"Malik_Muhammad_Siddique_Advocate",10
"Malik_Nisar_Ahmad_Thind",10
"Malik_Shamriz_Awan",10
"Malik_Zia_Ul_Haque_Tiwana",10
"Mashood_Ahsan_Gill",10
"Mian_Nadeem_Ahmed_Saleemi",10
"Mirza_Bilal_Baig",10
"Mohammad_Sharif_Rind",10
"Muhammad_Asim_Ishtiaq",10
"Muhammad_Ghufran_Rajput",10
"Muhammad_Khaliq_Siddique",10
"Muhammad_Naseer",10
"Muhammad_Nisar_Butt",10
"Muhammad_Sharif_Noori",10
"Muhammad_Zeb",10
"Mushtaq_Ahmed_Khan_Mughal",10
"Nadir_Khan",10
"Nasar_Ullah_Khan_Jarral",10
"Paras_Shah",10
"Qaiser_Nawaz_Khan_Babar",10
"Qasim_Ali",10
"Raja_Amir_Rasheed",10
"Rana_Arshad_Saeed_Khan",10
"Riaz_Ahmad",10
"Riaz_Hussain_Sewag",10
"Sahibzada_Ahmed_Raza_Khan_Qasoori",10
"Saira_Goga_Daughter_of_Goga_Pehalwan",10
"Saqlain_Abbas_Bangash",10
"Saradar_Sikandar_Hayat_Khan_Goopang",10
"Sardar_Ghulam_Mustafa",10
"Sarmir_Khan",10
"Shafiur_Rahman",10
"Shaheen_Munawer",10
"Shoaib_Khaskhali",10
"Syed_Adnan_Haider_Jafri",10
"Syed_Ali_Abbas_Kazmi",10
"Syed_Imran_Sultan",10
"Syed_Marghoob_Hussain_Abdi",10
"Syed_Naveed_Ali_Shah",10
"Syed_Sajjad_Hussain_Shah_Kazmi",10
"Syed_Zakir_Shah",10
"Tayyaba_Zameer",10
"Waheed_Depal",10
"Waseem_Akhter_Raja",10
"Yar_Badshah",10
"Abdul_Ghafoor",10
"Agha_Hassan_Baloch_Advocate",10
"Gaman_Khan",10
"Ghulam_Hadiar",10
"Haji_Noor_Muhammad_Shahwani",10
"Haq_Nawaz_Buzdar",10
"Jahanzaib_Baloch",10
"Khuda_Bukhsh",10
"Malik_Naveed_Dehwar",10
"Maqbool_Ahmed_Lehri",10
"Mir_Abdul_Ghafoor_Mengal",10
"Mir_Abdul_Rauf_Mengal",10
"Mohammad_Qasim_Roonjho",10
"Muhamamd_Akhtar_Mengal",10
"Muhammad_Akhtar_Mengal",10
"Muhammad_Akhter_Mengal",10
"Muhammad_Hashim",10
"Naib_Faqeer_Muhammad_Zahri",10
"Nawabzada_Aurangzeb_Jogezai",10
"Sayed_Essa_Nori",10
"Shair_Afgan",10
"Syed_Ahsan_Shah",10
"Wadera_Gulzar_Khan",10
"Zahid_Hussain",10
"Muhammad_Qasim",10
"Bakht_Zar",10
"Muhammad_Asad_Thaniwi_",10
"Muhammad_Tahir_Makhdoom",10
"Rana_Zia_Ahmed_Farooqi_Advocate",10
"Zaheer_Ud_Din_Bader",10
"Abdul_Hai_Sheikh_Qari_Sahab",10
"Abdul_Hakam",10
"Abdul_Hanan",10
"Abdul_Khaliq_Rehmani",10
"Abdul_Rasheed",10
"Amanullah_Usmani",10
"Anus_Bin_Malik",10
"Asghar_Ali_Abbasi",10
"Atta_Ullah",10
"Bashir_Ahmad",10
"Bilal_Ahmed",10
"Chand_Faisal",10
"Faridullah",10
"Fiaz_Ur_Rehman_Siddiqui",10
"Gul_Wazir_Shaheen",10
"Habibullah_Mukhtiar",10
"Hafeezullah_Chandio",10
"Hafiz_Asim_Makdoom",10
"Hafiz_Manzoor_Ahmed_Solangi",10
"Hafiz_Mohammad_Akber",10
"Hafiz_Muhammad_Hanif_Usmani",10
"Hafiz_Muhammad_Safdar_Qasmi",10
"Hafiz_Orangzaib",10
"Hafiz_Qudratullah_Arif_Khan",10
"Hafiz_Rana_Muhammad_Usman_Shakar",10
"Hakeem_Jameel_Asghar_Khizri",10
"Hakeem_Muhammad_Sadique",10
"Imdad_Ali",10
"Ishtiaq_Ahmad",10
"Khalifa_Abdul_Qayyum",10
"Khwaja_Muhammad",10
"Mahar_Ghulam_Shabir",10
"Maulana_Rasheed_Ahmad",10
"Maulana_Umar_Farooq_Saddiqui",10
"Mohammad_Ramzan_Malik_Mdm",10
"Mohammad_Tayyab",10
"Molana_Abdul_Waheed",10
"Molana_Hamid_Ul_Haq_Haqqani",10
"Molana_Hidayat_Ullah_Khan_Chishti",10
"Molana_Iftikhar_Ahmed",10
"Molana_Muhammad_Ahmad_Ludhianvi",10
"Molana_Muhammad_Bilal_Umer",10
"Molana_Taj_Muhammad_Hanfi",10
"Mollana_Abdul_Kabeer_Shahkir",10
"Molvi_Abdul_Hai",10
"Mr_ayoub_Chandio",10
"Muhammad_Arfan_Siddiquei_Advocate",10
"Muhammad_Ashiq_Khan",10
"Muhammad_Aslam_Siddiqui",10
"Muhammad_Basir_Sikhan_Advocate",10
"Muhammad_Hayat_Muhammad_Hassani",10
"Muhammad_Ibrahim_Qasmi",10
"Muhammad_Iqbal_Jutt",10
"Muhammad_Muhsan_Rahmani",10
"Muhammad_Naseem_Khan",10
"Muhammad_Sarwar",10
"Mulana_Muhammad_Asif_Moavia_Sial",10
"Qari_Abdul_Majeed",10
"Qari_Abdul_Majeed_Pitafi",10
"Qari_Asghar_Ali",10
"Qari_Faqir_Mohammad_Hazarvi",10
"Qari_Hussain_Ahmad_Shad",10
"Qazi_Naeem_Akhtar",10
"Qazi_Saif_Ullah_Khan",10
"Qudratullah_Rajput",10
"Raheem_Bukhsh",10
"Rana_Hafiz_Abdul_Jabbar_Muavia",10
"Rao_Habib_Ur_Rehman",10
"Rao_Muhammad_Javaid_Iqbal",10
"Rehan_Mehmood_Zia",10
"Syed_Bahroon_Shah",10
"Syed_Faisal_Hussain_Shah_Gillani",10
"Syed_Muhammad_Subtain_Shah_Naqvi",10
"Tahir_Aqeel",10
"Zaheer_Uddin_Baber",10
"Zar_Wali_Khan",10
"Doctor_Muhammad_Rashid_Qammar",10
"Muhammad_Arshad_Hussain_Chishti",10
"Sardar_Naseer_Ahmed",10
"Sufi_Muhammad_Ali_Naqshbandi",10
"Aamir_Rasheed",10
"Afzal_Ahmad_Gondal",10
"Ali_Akbar_Kalhoro",10
"Ali_Nawaz_Qasmi",10
"Allama_Mujhahid_Abdul_Rasool_Khan",10
"Allama_Shabbir_Ahmed_Chasti_Nazimi_Off_Sakka",10
"Arshad_Mehmood",10
"Awal_Jan_Mazari",10
"Basharat_Ali_Gujjar",10
"Hafiz_Gul_Sher",10
"Hafiz_Malik_Muhammad_Bashir",10
"Hafiz_Raja_Muhammad_Sana_Ul_Haq",10
"Imtiaz",10
"Jahangir_Qadri",10
"Jhangir_Qadri",10
"Mahboob_Ali_Sahto",10
"Malik_Matloob_Ali_Awan",10
"Malik_Muhammad_Iqbal_Khokhar",10
"Matloob_Awan",10
"Mian_Ghulam_Shabir_Qadri",10
"Mohammad_Kashif",10
"Mohammad_Younis_Ansari",10
"Mollana_Mohammad_Illyas_Gabool",10
"Muhammad_Afzal_Qadri",10
"Muhammad_Ajmal_Umar",10
"Muhammad_Arif_Mansoori",10
"Muhammad_Imran_Javaid",10
"Muhammad_Jamal_Barket",10
"Muhammad_Kaleem",10
"Muhammad_Murtaza_Rizvi_Wattoo",10
"Muhammad_Tahir_Qadri",10
"Peer_Sayed_Munir_Hussain_Shah_Noori",10
"Pir_Syed_Mubashar_Hussain_Shah_Shakreelvy",10
"Professor_Farooq_Ahmed_Tajra",10
"Rana_Muhammad_Riaz_Qadri",10
"Raza_e_Mustafa",10
"Rizwan_Ali",10
"Rizwan_Qureshi",10
"Sajid_Mehmood_Qadri",10
"Sajjad_Haider",10
"Shoukat_Ali_Lehri",10
"Syed_Ahmad_Shah",10
"Syed_Tawaqal_Hussain_Shah_Bukhari",10
"Abdul_Rab",10
"Jamal_Khan",10
"Muhammad_Akram_Tareen",10
"Muhammad_Ashraf",10
"Muhammad_Rahim",10
"Nawab_Muhammad_Ayaz_Khan_Jogezai",10
"Palwasha_Ramzan",10
"Riaz_Mahammad_Yousafzai",10
"Abdul_Ahad",10
"Abdul_Khaliq_s_o_Haji_Fazal_m",10
"Abdul_u_Haq_Malik",10
"Ali_Nawaz",10
"Asgher_Ali",10
"Ata_Muhammad",10
"Eid_Nazar",10
"Ghulam_Shabbir",10
"Gul_Faraz",10
"Hafiz_Aurangzaib_Farooqui",10
"Hamza_Tariq",10
"Iftikhar_Ahmed_Farooqi",10
"Kamran_Khalid_Butt",10
"Khuda_Nazar",10
"Muhammad_Abu_Bakar_Saddique",10
"Muhammad_Ahmad_Khan",10
"Muhammad_Ishaque",10
"Muhammad_Ishfaq",10
"Muhammad_Safder_Hashmi",10
"Muhammad_Sikandar",10
"Naimatullah",10
"Saeed_Khan",10
"Shakil_Ahmed",10
"Syed_Abdul_Rafay",10
"Syed_Kaleem_Ullah",10
"Tariq_Aziz",10
"Ubaid_Ullah_Khan",10
"Waqas_Ahmed",10
"Hizbullah",11
"Abdul_Aziz_Baloch",11
"Abdul_Aziz_Khan_Khilji_Advocate",11
"Abdul_Moeen_Qureshi",11
"Abdullah_Shaikh",11
"Allama_Doctor_Muhammad_Anees_Rohani",11
"Anwar_Ul_Habib",11
"Aslam_Katchela",11
"Attaullah_Khoso",11
"Aziz_Ud_Din",11
"Doctor_Muhammad_Khalid_Raza_Pir_Zakori_Sharif",11
"Dr__Abdul_Rehman_Shakir",11
"Dr__Abid_Rauf_Orakzai",11
"Ehsan_Bari_Mian_Doctor_Sahib",11
"Ghulam_Kibriya_Rizwan__G_k__Rizwan_Advocate_",11
"Hafiz_Abdul_Razaq_Parhyar",11
"Hafiz_Muhammad_Ejaz-Ul-Haq_Ch_",11
"Hafiz_Muhammad_Hanif_Zafar__Advocate_",11
"Hafiz_Muhammad_Ibrahim_Soomro",11
"Hafiz_Muhammad_Idrees",11
"Hafiz_Muhammad_Nadeem",11
"Hafiz_Saeed_Ahmad",11
"Hafiz_Sana_Ullah",11
"Haji_Abdul_Jalil_Jan",11
"Haji_Rozuddin",11
"Hidayat-Ur-Rehman",11
"Ibrahim_Rais_Advocate",11
"Iftikhar_Ahmed_Haqani",11
"Iftikhar_Ahmed_Haqqani",11
"Imdad_Hussain_Pitafi",11
"Kari_Abdul_Rasheed_Awan__Retired_",11
"Khawja_Ghulam_Nizam_Ud_Din",11
"Malik_Faiz_Muhammad_Adovocate",11
"Manzoor_Ahmed_Soomro",11
"Maulana_Atta-Ul-Haq",11
"Maulana_Malik_Muhammad_Khan_Sherani",11
"Maulana_Mohammad_Qasim",11
"Maulana_Nisar_Khan",11
"Maulana_Rehmat_Ullah",11
"Maulana_Sadiq_Ahmad",11
"Maulana_Zahoor_Ahmad_Ranjha",11
"Mir_Wali",11
"Mohammad_Hafizur_Rehman",11
"Molana_Abdul_Ghafoor_Hyderi_",11
"Molana_Abdul_Ghafoor_Qasimi",11
"Molana_Abdul_Hai",11
"Molana_Fazal_Azim",11
"Molana_Shujah-Ul-Mulk",11
"Molvi_Agha_Muhammad",11
"Molvi_Attaullah",11
"Molvi_Faizullah",11
"Molvi_Fateh_Mohammad_Maheri",11
"Molvi_Karimdad",11
"Molvi_Muhammad_Idrees_Soomro",11
"Molvi_Muhammad_Jehangir_Khan",11
"Molvi_Qamar-Ud-Din",11
"Moulana_Abdul_Karim_Abid",11
"Moulana_Abdul_Razaque_Abid_Lakho_",11
"Moulana_Abdul_Samad_Shahwani___r_",11
"Moulana_Muhammad_Zahid_Anwar",11
"Moulana_Siddique_Mughari",11
"Moulanataj_Muhammad_Nahiyon",11
"Mr__Mufti_Wali_Muhammad",11
"Mufti_Abdul_Nabi_Langah",11
"Mufti_Ahtisham-Ul-Haq_Asia_Abadi",11
"Mufti_Ajmal_Khan",11
"Mufti_Ali_Hassan_Buriro_",11
"Mufti_Fazal-Ur-Rehman_Nasir_",11
"Mufti_Hafiz_Muhammad_Usman",11
"Mufti_Muhammad_Hanif_Khoso",11
"Mufti_Muhammad_Sajjad",11
"Mufti_Muhammad_Younas",11
"Muhammad_Akram_Abbasi",11
"Muhammad_Faiz-Ur-Rehman",11
"Muhammad_Idrees_Haqani",11
"Muhammad_Ilyas_Siddique_Advocate",11
"Muhammad_Rab_Nawaz",11
"Muhammad_Ramzan_Phulpoto",11
"Muhammad_Riaz_Noori",11
"Muhammad_Siddique_Rathor",11
"Muhammad_Zubair_Kayani",11
"Prof__Abdul_Rehman_Ludhanvi",11
"Professor_Raja_Aurangzeb_Khan",11
"Qari_Muhammad_Usman",11
"Qari_Muhammad_Yousaf",11
"Qari_Muhammad_Zawar_Bahadur",11
"Qari_Muhammad_Zawar_Bahadur__Retired_",11
"Qari_Syed_Abdul_Rahim_Shah",11
"Qazi_Fazal_Ullah",11
"Qazi_Hameed_Ullah_Khan",11
"Raja_Ishtiaq_Ahmed",11
"Rauy_Bashir_Ahmad",11
"Rehmatullah_Tunsuwani",11
"Sahibzada_Abul_Khair_Muhammad_Zubair",11
"Sahibzada_Khalid_Jan",11
"Said_Mukhtar_Ahmed",11
"Saleemullah_Khan_Tarak",11
"Saqib_Rehman_",11
"Shabbir_Abu_Talib",11
"Sibghatullah_Chuadhry",11
"Syed_Abdul_Salam_Hassan_Raza_Naqvi",11
"Syed_Muhammad_Ayoub_",11
"Muhammad_Amjad",12
"Aziz_Ullah",12
"Mirza_Hussain",12
"Aiman_Javed",12
"Bukhtiyar_Ali",12
"Firdous_Ashiq_Awan",12
"Ghulam_Sarwar",12
"Jairam_Das",12
"Jalil_Ahmad_Khan",12
"Mahmood_Baqi_Molvi",12
"Malik_Muhammad_Ahmad_Langrial",12
"Mir_Faiz_Ahmad",12
"Muhammad_Anwar_Azeem_Khan",12
"Muhammad_Aon_Saqlain",12
"Muhammad_Ayaz_Khan_Niazi",12
"Muhammad_Azhar",12
"Muhammad_Hashim_Dogar",12
"Nargis_Jabeen",12
"Noureen_Iqbal",12
"Rana_Nazeer_Ahmad_Khan",12
"Rasheed_Ahmed",12
"Sharjeel_Mir",12
"Syed_Ali_Hussain",12
"Tariq_Mehmood_Qadri",12
"Zunaira_Rehman",12
"Abu_Khair_Muhammad_Zubair",12
"Abul_Khair_Mohammad_Zubair",12
"Akhtar_Hussain_Gil",12
"Allama_Muhammad_Yaqoob",12
"Badshah_Muain",12
"Chaudhary_Tariq_Maqsood_Sahi",12
"Doctor_Muhammad_Aslam_Javaid_Awan",12
"Ghulam_Hussain_Farooqi",12
"Hafiz_Ahmed_Ali_Abbasi",12
"Hafiz_Munawar_Hussain",12
"Hafiz_Saeed_Ahmed",12
"Jan_Muhammad_Jat",12
"Khalid_Mahmood_Akhtar_Jajja",12
"Malik_Bashir_Ahmad_Nizami",12
"Mehmood_Ahmad",12
"Mir_Maqbool_Ahmed_Khosa",12
"Mirza_Mukhtar_Ali_Khan",12
"Mohammad_Jaffar",12
"Molana_Miraj_Ud_Din_Sirkani",12
"Molvi_Muhammad_Qasim",12
"Mufti_Abdul_Shakoor_Rizvi",12
"Muhammad_Awais_Siddiqi",12
"Muhammad_Fayaz",12
"Muhammad_Owais_Siddiqui",12
"Muhammad_Sajjad_Ali_Hamdi",12
"Muhammad_Siddiq_Rathore",12
"Muhammad_Tassaduq_Hussain",12
"Muhammad_Younus",12
"Niaz_Muhammad_Chandio",12
"Pir_Muhammad_Saeed_Ahmad_Nuqshbandi",12
"Pir_Syed",12
"Qari_Hafiz_Muhammad_Zawar_Bahadar",12
"Qazi_Shehzada_Sultan_Ul_Haq",12
"Rajab_Ali",12
"Rao_Azmat_Ullah_Khan",12
"Rashid_Imran_Khan",12
"Seikh_Muhammad_Akram",12
"Shad_Mohammad_Khan",12
"Shah_Muhammad_Owais_Noorani",12
"Tauqeer_Ahmed_Bajwa",12
"Wahid_Ali_Naqshband",12
"Abdul_Malik",12
"Abdul_Nabi",12
"Abdul_Nasir",12
"Abdul_Qadir_Luni",12
"Abdul_Sadiq",12
"Abdul_Wahid",12
"Abul_Khair_Muhammad_Zubair",12
"Ameer_Ullah",12
"Arman_Ahmed",12
"Ashiq_Ali",12
"Azizullah_Satakzai",12
"Faaiz_Mehmood",12
"Faiz_Ul_Hassan",12
"Fazal_Muhammad_Kakar",12
"Ghous_Baksh_Fareed",12
"Gul_Naseeb_Khan",12
"Hafiz_Ahmed_Ali",12
"Hafiz_Muhammad_Muzaffar",12
"Haji_Naseem_Shah",12
"Ishfaq_Ahmad",12
"Islam_Noor",12
"Khalil_Ahmad",12
"m_Ajmal_Qadri",12
"m_Esa",12
"m_Iqbal",12
"Mahmood_Ahmed_Qadri",12
"Malik_Amjad_Kakar",12
"Mher_Ullah",12
"Mohammad_Ismail_Buledi",12
"Moheb_Ullah",12
"Mufti_Syed_Zain_Ul_Abidin",12
"Muhammad_Bashir_Yousaf",12
"Muhammad_Dawood",12
"Muhammad_Ishtiaq_Khan_Jadoon",12
"Muhammad_Jan",12
"Muhammad_Khalid_Shakir",12
"Muhammad_Maroof",12
"Muhammad_Rizwan_Sheikh",12
"Muhammad_Sadiq_Serani",12
"Naqeeb_Ullah",12
"Noor_Ahmad_Sial",12
"Rao_Azmat_Ullah",12
"Sana_Ullah",12
"Shafi_Ud_Din",12
"Shafi_Ullah",12
"Shaheen_Iqbal",12
"Shuja_Al_Malik",12
"Zubair_Ahmad",12
"Abdullah_Mangi",12
"Aijaz_Ahmed_Sanjrani",12
"Allama_Muhammad_Hasnain_Arif",12
"Asghar_Ali_Mubarik",12
"Darban_Ali_Jaffry",12
"Ehsan_Ullah_Khan_Baluch",12
"Ghulam_Hussain",12
"Hakeem_Muhammad_Tufail",12
"Hakeem_Syed_Jaffar_Hussain_Bukhari",12
"Imran_Ali",12
"Khair_Mohammad",12
"Khuwaja_Aftab_Ali_Jaafri",12
"Maqsood_Ali_Domki",12
"Molana_Moula_Bux_Murtazai",12
"Muhammad_Askari_Ul_Hidayat",12
"Muhammad_Hussain_Karimi",12
"Muhammad_Ismail_Jaffery",12
"Muhammad_Sarwer",12
"Mukhtar_Ahmed_Chandio",12
"Rasool_Bux_Shah",12
"Shumaila_Bibi",12
"Syed_Asghar_Abbas_Zaidi",12
"Syed_Basheer_Ahmed_Shah_Naqvi",12
"Syed_Muhammad_Hassan_Zaidi",12
"Zaheer_Abass_Hajano",12
"Alhaaj_Choudhry_Zulfiqar_Ali",12
"Muhammad_Asghar",12
"Shah_Nawaz",12
"Abdul_Khalique",12
"Faiza_Rafique",12
"Ijaz_Hussain",12
"m_Naeem",12
"Mir_Kabeer_Ahmed",12
"Muhammad_Hussain_Wattoo",12
"Phaleen",12
"Sabira_Asad",12
"Yar_Muhammad",12
"Yasar_Altaf_Rana",12
"Yasmeen_Bibi_Lehri",12
"Mehmood_Khan_Achakzai",12
"Aasim_Nisar",12
"Abdul_Azeem",12
"Abdul_Azeem_Khan",12
"Abdul_Aziz_Aziz",12
"Abdul_Mateen",12
"Abdul_Nisar",12
"Abdul_Raheem",12
"Abdul_Rahim",12
"Abdul_Rehman_Muslim",12
"Abdul_Waheed_Abid",12
"Abu_Zar",12
"Adil_Hussain",12
"Ahmad_Bakhsh",12
"Ahmad_Sher",12
"Aisha",12
"Akhtari_Bibi",12
"Amir_Zeb",12
"Amjad_Islam_Amjad",12
"Ansar_Javed_Tarar",12
"Arshad_Nawab",12
"Asad_Munawar",12
"Asmat_Bibi",12
"Azmat_Ali_Kiyani",12
"Babar_Ijaz_Virk",12
"Balquees_Begum",12
"Basmeeda",12
"Chaudhry_Zulfiqar_Ali_Aulakh",12
"Choudhary_Muhammad_Yaqoob_Chahal",12
"Danish_Anam",12
"Faisal_Ahmad_Cheema",12
"Faisal_Nadeem_Shaikh",12
"Fazal_Rahim",12
"Fiaz_Ahmad",12
"Ghulam_Ali_Shakar_Toor",12
"Hafeez_Ullah_Rehman",12
"Hafiz_Ameer_Hamza",12
"Hafiz_Muhammad_Masood",12
"Hafiz_Muhammad_Rizwan",12
"Hafiz_Safi_Ur_Rehman",12
"Hafiz_Talha_Saeed",12
"Haq_Nawaz",12
"Imran_Liaquat",12
"Jahanzaib_Zahid",12
"Jamil_Badshah",12
"Kashif_Altaf",12
"Khalid_Mahmood_Cheema",12
"Khalid_Masood_Sandhu",12
"Mahar_Muhammad_Mujahid",12
"Maqbool_Bibi",12
"Mehak_Rafiq",12
"Mehdi_Ishaq",12
"Mir_Hazoor_Bakhsh",12
"Mudassir_Yaqoob",12
"Muhamamd_Ehsan",12
"Muhamamd_Saif_Ullah_Saif",12
"Muhamamd_Shahid_Siddique",12
"Muhammad_Abid",12
"Muhammad_Ajmal_Khan",12
"Muhammad_Akmal_Javed",12
"Muhammad_Ameen",12
"Muhammad_Arshad_Bhatti",12
"Muhammad_Ashfaq",12
"Muhammad_Bilal_Haider",12
"Muhammad_Ghalib",12
"Muhammad_Haroon_Rafiq",12
"Muhammad_Hussain_Amir",12
"Muhammad_Ijaz_Malik",12
"Muhammad_Imran",12
"Muhammad_Irfan",12
"Muhammad_Irfan_Ashraf",12
"Muhammad_Mansha",12
"Muhammad_Munawar",12
"Muhammad_Nadeem_Tabasum",12
"Muhammad_Rizwan_Sarwar",12
"Muhammad_Sajjad",12
"Muhammad_Shafiq_Ur_Rahman",12
"Muhammad_Shamshad",12
"Muhammad_Shoaib",12
"Muhammad_Shoaib_Ahmad",12
"Muhammad_Siraj",12
"Muhammad_Usaman",12
"Muhammad_Zafar_Iqbal",12
"Muzamil_Iqbal_Hashmi",12
"Nabi_Ahmad_Virk",12
"Nighat_Fardoos",12
"Noreen_Kamran",12
"Qaisar_Haroon_Toor",12
"Qaisar_Mustafa_Jajja",12
"Qaisar_Sardar",12
"Qaiser_Mustafa_Jajja",12
"Qasim_Ali_Khan",12
"Rahila_Khanum",12
"Rana_Abu_Khubaib_Rehman_Khan",12
"Rana_Shahid_Iqbal_Chachar",12
"Rana_Tariq_Jamal",12
"Rashid_Mahmood",12
"Raza_Ullah_Khan",12
"Ruqia_Bibi",12
"s_m_Yousuf_Ali_Bhatti",12
"Saeed_Ahmed_Khalid",12
"Saeeda_Zafar",12
"Sajid_Bashir",12
"Sajid_Iqbal",12
"Sajjad_Ahmed_Khan",12
"Salma_Bibi",12
"Sardar_Abdul_Sattar_Khan",12
"Shaban_Akhtar",12
"Shahbaz",12
"Shahbaz_Hussain_Sidhu",12
"Shakeela_Yasmeen",12
"Sohail_Qaiser",12
"Syed_Rabab_Haider",12
"Tahir_Javed_Khan",12
"Taj_Mehal",12
"Taj_Mehmood",12
"Tasneem_Gul",12
"Waqar_Murtaza",12
"Wasim_Shaukat",12
"Yasira_Bibi",12
"Yawar_Aftab",12
"Zain_Ullah",12
"Asadullah_Khan",12
"Khushal_Khan_Kakar",12
"Malik_Zada",12
"Mehar_Ullah",12
"Muhammad_Essa_Achakzai",12
"Muhammad_Mukhtar",12
"Nasrullah_Khan_Barech",12
"Noor_Gul_Khan",12
"Parveen_Usman",12
"Abdul_Qadir_Khan_Wadan",12
"Abdul_Rahim_Mandokhail",12
"Abdul_Razzaq_Achakzai",12
"Ahmed_Jan_Khan",12
"Akhtar_Shah_Kudezai",12
"Burhan_Ul_Din",12
"Dr__Abdullah_Khan",12
"Haji_Muhammad_Barki",12
"Ikram_Ul_Haq_Khan",12
"Jan_Dad_Khan",12
"Khurshid_Ali",12
"Main_Asmatullah_Shah",12
"Malik_Khaliq_Dad",12
"Mohammad_Nawaz_Khan",12
"Mohammad_Usman",12
"Muhammad_Bakhsh_Mengal",12
"Muhammad_Essa_Roshan",12
"Muhammad_Mukhtiar",12
"Murad_Ali",12
"Noor_Ullah_Tareen",12
"Rafi_Ullah",12
"Raza_Mohammad_Raza",12
"Saleem_Khan_Kakar",12
"Syed_Muhammad_Yousuf_Agha",12
"Zameen_Dad_Shah",12
"Zia_Watan_Dost",12
"Allah_Rakha_Waseem",12
"Basharat_Ali_Khan_Advocate",12
"Haji_Rana_Sharafat_Ali_Qadri",12
"Hameed_Ghazi_Dogar",12
"Malik_Muhammad_Siddique_Khokhar",12
"Mofti_Mohammad_Hayat_Qadri",12
"Muhammad_Anwar_Ali",12
"Muhammad_Haseeb",12
"Muhammad_Sarfraz_Akbar",12
"Qari_Fateh_Khan",12
"Rana_Muhammad_Irfan",12
"Saeed_Ahmed_Zafar",12
"Sardar_Mulana_Muhammad_Wazeer_Ul_Qadri",12
"Tariq_Mehboob",12
"Mian_Saghir_Ahmed_Malvi",13
"Muhammad_Naseem_Sadiq",14
"Sheikh_Rasheed_Ahmed",15
"Sheikh_Rashid_Shafiq",15
"Abdul_Razzaque",15
"Hamayun_Akhtar_Khan",15
"Mian_Muhammad_Asif",15
"Fakhar_Ul_Din",15
"Fathe_Muhammad",15
"Ghazanfar_Aziz",15
"Hussain_Ahmed_Madni",15
"Muhammad_Tasadduq",15
"Naseer_Ahmed_Kakar",15
"Noor_Alam",15
"Saddam_Ul_Haq",15
"Zia_Ur_Rehman_Amazai",15
"Abdul_Rehman_Khan_Jamali",15
"Abdur_Raj_Khan",15
"Adeeba_Gul_Magsi",15
"Alhaaj_Malak_Aurangzeb_Khan",15
"Ali_Asjad_Malhi",15
"Altaf_Hussain_Unar",15
"Amanullah_Khan_Jadoon",15
"Amanullah_Paracha",15
"Ameer_Maqam",15
"Anwar_Ul_Haq_Alias_Anno",15
"Arbab_Zakaullah",15
"Asif_Tauseef_",15
"Aurangzaib_Khan_Khichi",15
"Azeem_u_Deen_Zahid",15
"Begum_Malik_Shoaib_Awan",15
"Bibi_Yasmeen_Shah",15
"Brgd_r__Zulfiqar_Ahmad_Dhillon",15
"Ch__Abdul_Sattar",15
"Ch__Anwar_Ali_Cheema",15
"Ch__Bilal_Ijaz",15
"Ch__Ghais_Ahmed_Mela",15
"Ch__Imran_Ullah",15
"Ch__Muhammad_Ashiq_Dyial",15
"Ch__Nazir_Ahmed_Jatt",15
"Ch__Pervaiz_Ellahi",15
"Ch__Shahid_Akram_Bhinder",15
"Ch__Shamshad_Ahmad_Khan",15
"Ch__Shujaat_Hussain",15
"Ch__Zaffar_Iqbal_Warraich",15
"Ch_amir_Hussain_",15
"Ch_Anwar_Ali_Cheema",15
"Ch_Liaqat_Abbas_Bhatti",15
"Ch_muhammad_Saeed_Virk",15
"Ch_nauraiz_Shakoor_Khan",15
"Ch_Parvez_Elahi",15
"Ch_pervaiz_Elahi",15
"Ch_pervaiz_Ellahi",15
"Ch_Sajid_Hussain_Chatha",15
"Ch_shahbaz_Hussain",15
"Ch_Shoukat_Ali_Bhatti",15
"Ch_shujat_Hussain",15
"Ch_Wajahat_Hussain",15
"Chaudhary_Shahbaz_Hussain",15
"Chaudhary_Wajahat_Hussain",15
"Chaudhry_Muhammad_Anwar_Bhinder",15
"Choudhry_Adil_Saboor",15
"Choudhry_Farrukh_Altaf",15
"Choudhry_Tariq_Bashir_Cheema",15
"Dewan_Syed_Ashiq_Hussain_Bukhari",15
"Doctor_Nisar_Ahmad_Jat_",15
"Dr__Ghulam_Hyder_Samejo",15
"Dr_junaid_Mumtaz_Joya",15
"Dr_sher_Afghan_Khan_Niazi",15
"Engineer_Amir_Muqam",15
"Fahad_Malik",15
"Farhad_Ali_Khan",15
"Farkhanda_Amjad_Warraich",15
"Farooq_Ahmed_Khan_Leghari",15
"Fawad_Ahmad",15
"Fazal_Ahmad_Sheikh",15
"Ghias_Ahmad_Mela",15
"Ghous_Bux_Khan_Mahar",15
"Ghulam_Sarwar_Siyal_Babu",15
"Habibullah_Khan_Kundi",15
"Haji_Bilal_Noor_Ansari_",15
"Haji_Mohammad_Islam_Qureshi",15
"Haleem_Adil_Shaikh",15
"Hamayun_Saifullah_Khan",15
"Hamid_Nasir_Chatha",15
"Hamid_Yar_Hiraj",15
"Haroon_Ehsan_Piracha",15
"Humayun_Akhtar_Khan",15
"Hussaini_Shahabuddin_Shah",15
"Ihsan_Ali_Jatoi",15
"Inam_Khan",15
"Irshad_Alam",15
"Ishaq_Khan_Khakwani",15
"Jaffar_Khan_Mandokhel",15
"Jam_Mir_Muhammad_Yousuf",15
"Javed_Iqbal",15
"Javed_Iqbal_Satti",15
"Kh__Tahir_Zia",15
"Khalid_Ahmad_Gurmani",15
"Khan_Aftab_Ahmad_Khan_Khichi",15
"Khan_Amanullah_Khan",15
"Khan_Muhammad_Dhari",15
"Khawja_Sheeraz_Mehmood",15
"Khurram_Munawar_Manj",15
"Khurram_Munawwar_Munj",15
"Khurshid_Ali_Khan",15
"Liaquat_Ali_Qureshi",15
"Lietutant_Col__r_Ghulam_Rasul_Sahi_",15
"Liquat_Ali_Khan_Jatoi",15
"Maj__r__Habib_Ullah_Warraich",15
"Makhdom_Zada_Syed_Basit_Ahmad_Sultan_Bukhari",15
"Makhdoom_Khusru_Bakhtiar",15
"Makhdoom_Syed_Ahmad_Alam_Anwar",15
"Makhdoom_Syed_Ali_Akbar_Mehmood",15
"Makhdoom_Syed_Faisal_Saleh_Hayat",15
"Malik_Ghulam_Murtaza_Maitla",15
"Malik_Ghulam_Qasim_Hinjra",15
"Malik_Najab_Gul_Khalil_Adv_",15
"Malik_Nauman_Ahmad_Langrial",15
"Malik_Nauman_Ahmed_Langriyal",15
"Malik_Niaz_Ahmad_Jakhar",15
"Mian_Ahmad_Raza_Khan_Maneka",15
"Mian_Khursheed_Mehmood_Kasuri",15
"Mian_Mazhar_Ahmed_Qureshi",15
"Mian_Muhammad_Azhar",15
"Mian_Muhammad_Jehangir",15
"Mian_Muhammad_Kashif_Ashfaq",15
"Mian_Muhammad_Riaz_",15
"Mian_Najeeb_Ud_Din_Awasi",15
"Mian_Rajab_Ali_Khan_Baloch_",15
"Mian_Shamim_Haidar",15
"Mian_Yahya_Shah_Kaka_Khel",15
"Mir_Ahmadan_Khan_Bugti",15
"Mir_Ahmedan_Khan_Bugti",15
"Mir_Asim_Kurd",15
"Mir_Atta-Ur-Rehman_Mengal",15
"Mir_Zeeshan_Ali_Panhwar",15
"Mr__Ghulam_Sarwar_Siyal__Babu_",15
"Muhammad_Afrooq_Anwar_Abbasi",15
"Muhammad_Ajmal_Khan_Kanjoo",15
"Muhammad_Asim_Nazir",15
"Muhammad_Aslam_Khan_Kharral",15
"Muhammad_Ayub_Khan_Khattak",15
"Muhammad_Basharat_Raja",15
"Muhammad_Idrees",15
"Muhammad_Ijaz-Ul-Haq",15
"Muhammad_Intikhab_Khan",15
"Muhammad_Naseer_Khan",15
"Muhammad_Nasir_Raja",15
"Muhammad_Raza_Hayat_Hiraj",15
"Muhammad_Saddique_Khan_Baluch",15
"Muhammad_Safdar_Shakir_",15
"Muhammad_Sarwar_Khan_Kakar",15
"Muhammad_Shah_Khagga",15
"Muhammad_Tahir_Shah",15
"Muhammad_Urs_Khero",15
"Muhtarma_Amna_Zulifqar_Dhillon",15
"Mukhdoom_Syed_Sami-Ul-Hassan_Gilani",15
"Mushtaq_Ali_Cheema_",15
"Nasir_Iqbal_Busal",15
"Nasrullah_Khan_Bijarani",15
"Nawab_Zada_Iftikhar_Ahmad_Khan_Babar",15
"Nawabzada_Sardar_Khan_Chandio",15
"Niloufer_Qasim_Mahdi",15
"Peer_Tariq_Ahmed_Shah",15
"Pir_Aslam_Bodla",15
"Pir_Muhammad_Shah_Khagga",15
"Pir_Sajjad_Saeed_Jan_Sirhandi",15
"Professor_Engineer_Rana_Saeed_Ahmed_Zafar",15
"Qari_Mushtaque_Ahmed_Farooqui",15
"Rai_Mansab_Ali",15
"Rai_Muhammad_Aslam_Kharal",15
"Rais_Munir_Ahmad",15
"Raja_Qasim_Javaid_Ikhlas",15
"Raja_Talia_Saeed_Khan",15
"Rana_Asif_Touseef",15
"Rana_Tariq_Javed",15
"Rana_Zahid_Mahmood_",15
"Rao_Sikandar_Iqbal",15
"Rehman_Naseer",15
"Rehman_Naseer_Ch_",15
"Riaz_Fatiyana",15
"Rifat_Javed_Kahloon",15
"Rizwan_Sadiq_Khan",15
"Ruquiya_Saeed_Hashmi",15
"Sahibzada_Muhammad_Nazir_Sultan",15
"Said_Badshah",15
"Sajad_Hussain",15
"Saranzaib_Khan",15
"Sardar_Aqil_Omer",15
"Sardar_Ashiq_Hussain_Gopan",15
"Sardar_Bahadar_Ahmad_Khan_Seehar",15
"Sardar_Fateh_Muhammad_Muhammad_Hassani",15
"Sardar_Maqsood_Khan_Leghari",15
"Sardar_Masood_Ali_Khan_Luni",15
"Sardar_Muhammad_Asif_Nakai",15
"Sardar_Muhammad_Israr_Tareen",15
"Sardar_Muhammad_Jafar_Khan_Leghari",15
"Sardar_Muhammad_Nawab_Khan",15
"Sardar_Nasrullh_Khan_Dreshak_",15
"Sardar_Shajehan_Yousaf",15
"Sardar_Talib_Hassan_Nakai",15
"Sardar_Tofail_Ahmed_Khan",15
"Sardar_Yar_Muhammad_Rind",15
"Sayed_Murad_Ali_Shah",15
"Sh__Rasheed_Ahmed",15
"Shad_Ali_Khan",15
"Shahid_Manzoor_Gill",15
"Shahid_Manzoor_Gill_",15
"Shahida_Sattar_Laleka",15
"Shahzada_Muhyuddin",15
"Sheikh_Jafar_Khan_Mandokhail",15
"Sheikh_Muhammad_Anwar",15
"Sheikh_Muhammad_Tahir_Rasheed",15
"Sheikh_Waqas_Akram",15
"Shoukat_Ali_Khan",15
"Shujaat_Ali_Khan",15
"Sikandar_Hayat_Khan_Bossan",15
"Suhrab_Ali",15
"Sultan_Shahab_Jahangir",15
"Sumaira_Malik",15
"Syed_Ayaz_Ali_Shah_Sheerazi",15
"Syed_Gulzar_Sabtain_Shah",15
"Syed_Mujahid_Ali_Shah",15
"Syed_Noor-Ul-Hassan_Shah",15
"Syed_Obaidullah",15
"Syed_Qurban_Ali_Shah",15
"Syed_Riaz_Hussain_Shah_Sheerazi",15
"Tahir_Hussain_Shah_",15
"Taj_Mohammad_Shaikh",15
"Tariq_Bashir_Cheema",15
"Umar_Ayub_Khan",15
"Umar_Zeb_Khan",15
"Waseem_Gulzar",15
"Wazir_Mohammad_Safi",15
"Zafarullah_Tarar",15
"Zaheer_Ud_Din",15
"Zahid_Nazir",15
"Zardali_Khan",15
"Zargul_Khan",15
"Ali_Akber_Nizamani",15
"Ali_Asghar_Halepoto",15
"Amjad_Hussain",15
"Chakar_Khan_Shahani",15
"Fakir_Ghulam_Nabi_Mangrio",15
"Ghulam_Dastgir_Rajar",15
"Imamuddin_Shaookeen",15
"Inayatullah",15
"Jam_Mashooque_Ali",15
"Khuda_Bux_Dars",15
"Main_Sajjad_Ahmad_Sajid",15
"Maj___Rtd__Syed_Tanveer_Hussain_Satara_Juraat",15
"Makhdoom_Syed_Ahmad_Mahmood",15
"Makhdum_Syed_Ahmad_Mahmud",15
"Malik_Ghulam_Mustafa_Khar",15
"Mehtab_Akbar_Rashidi",15
"Mian_Abdul_Malik",15
"Mir_Hassan_Khoso",15
"Mir_Naseer_Khan_Khoso_",15
"Muhammad_Jadam_Mangrio",15
"Musharraf_Ali_Khan_Khoso",15
"Nadeem_Qadir_Bhutto",15
"Pir_Bux_Junejo",15
"Pir_Noor_Mohammad_Shah_Jeelani",15
"Pir_Sadruddin_Shah",15
"Pir_Syed_Saddaruddin_Shah_Rashdi",15
"Sardar_Mir_Hakim_Ali_Khan_Sundrani",15
"Sarfaraz_Ali_Bughio",15
"Shabir_Ahmed_Qaim_Khani",15
"Shehzad_Mughal",15
"Syed_Ghulam_Abbas",15
"Syed_Kazim_Ali_Shah_Lakyari",15
"Syed_Mehr_Mohi_Ud_Din_Hashmi",15
"Syed_Qazim_Ali_Shah",15
"Syed_Safdar_Ali_Shah",15
"Syed_Zahid_Hussain_Shah",15
"Mian_Abu_Bakar_Hamza",15
"Muhammad_Ijaz_Ul_Haq",15
"Abdul_Rehman_Jameel",15
"Ahmad_Deen_Malik",15
"Arshad_Ali_Khan",15
"Muhammad_Allah_Dad_Cheema",15
"Muhammad_Anwar_Ulhaq",15
"Abdul_Matin_Khan",16
"Abdul_Rasheed_Nasir",16
"Abdul_Rauf",16
"Abdul_Rehman_Khan_Yousufzai",16
"Abdur_Rauf",16
"Ahmad_Ali",16
"Ahmad_Khan",16
"Ahmadullah",16
"Ahmed_Zaman",16
"Aimal_Wali_Khan",16
"Alhaj_Ghulam_Ahmad_Bilour",16
"Aman_Masood",16
"Ameer_Haider_Azam_Khan",16
"Amir_Haider_Khan",16
"Amir_Nawab",16
"Anwar_Zaib",16
"Arbab_Inam_Ullah_Khan",16
"Arbab_Mohammad_Ayub_Jan",16
"Arbab_Muhammad_Zahir_Khan",16
"Arbab_Najeeb_Ullah_Khan",16
"Arbab_Najeeb_Ullah_Khan_Khalil",16
"Arshad_Mansoor_Shah",16
"Arshad_Sohail",16
"Asfandiyar_Wali_Khan",16
"Asfandyar_Wali_Khan",16
"Asghar_Khan",16
"Ashraf_Ullah",16
"Asif_Ali",16
"Bahadar_Khan",16
"Bashir_Khan_Umerzai",16
"Bismillah_Jan",16
"Bismillah_Jan_Luni",16
"Ch__Ghulam_Mustafa",16
"Dost_Muhammad",16
"Doulat_Ali",16
"Dr_Sherbaz_Khan",16
"Engineer_Noor_Ahmed_Khan",16
"Faisal_Imran_Khan_Niazi",16
"Farid_Ullah_Dumar",16
"Gul_Afzal",16
"Habib_Ullah_Khan",16
"Hafiz_Zardullah_Khan_Hassan_Zai_",16
"Haji_Ghulam_Ahmad_Bilour",16
"Haji_Naseem-Ur-Rehman",16
"Haji_Nizamuddin_Kakar",16
"Haji_Rehmanullah",16
"Hameed_Ullah",16
"Hamid_Khan_Toofan",16
"Hamidullah_Khan",16
"Inayat_Khan",16
"Iqbal_Zaib_Khan",16
"Irfan_Ali",16
"Irshad_Khan",16
"Jumma_Khan_Babar",16
"Kabir_Ahmed_Sher",16
"Khadija_Bibi",16
"Khan_Parvez",16
"Khan_Zeb",16
"Khudai_Dad",16
"Khursheed_Begum_Saeed",16
"Khurshid",16
"m_Shafi",16
"Maj_r__Mahr_Muhammad_Ramzan",16
"Majid_Khan",16
"Malik_Dad_Muhammad_Tareen",16
"Malik_Darya_Khan",16
"Malik_Muhammad_Usman_Achakzai_",16
"Mamoon_Khan_Kakar",16
"Masood_Abbas",16
"Masood_Abbas_Khattak",16
"Mian_Babar_Shah_Kaka_Khel",16
"Mohammad_Ayub_Khan_Advocate",16
"Mohammad_Farooq_Khan",16
"Muhammad_Ayaz_Khan",16
"Muhammad_Ayub_Khan",16
"Muhammad_Azam_Khan",16
"Muhammad_Daud_Khan_Khattak",16
"Muhammad_Farooq_Bangsh",16
"Muhammad_Farooq_Khan",16
"Muhammad_Fayaz_Khan",16
"Muhammad_Hashim_Babar",16
"Muhammad_Kamal",16
"Muhammad_Khan_Afridi",16
"Muhammad_Riaz_Khan",16
"Muhammad_Sajid_Taheem_Advocate",16
"Muhammad_Saleem_Khan",16
"Muhammad_Sharif_Khattak",16
"Muhammad_Taimoor_Khan",16
"Muhammad_Younus_Khan",16
"Muhammad_Zahid_Khan",16
"Muhibullah_Kakar",16
"Munir_Shah",16
"Muzafer_Ul_Mulk",16
"Muzaffar-Ul-Mulk",16
"Naik_Muhammad_Kakar",16
"Naimat_Khalil",16
"Naveed_Anjum_Khan",16
"Nawabzada_Khawaja_Muhammad_Khan_Hoti_Alias_Toti_Khan",16
"Nawabzada_Mohamamd_Amin_Khan_Jogezai",16
"Nawaz_Ali_Burfat",16
"Nisar_Ahmed",16
"Noor_Ahmed",16
"Noor_Aslam",16
"Owais_Khan",16
"Perviz_Khan_Advocate",16
"Qalandar_Bux",16
"Rahmat_Shah_Sael",16
"Rana_Mushtaq_Ahmad",16
"Sadeed_Ur_Rehman",16
"Sadid_Ur_Rahman",16
"Sajid_Mahmood",16
"Saqib_Ullah_Khan",16
"Sarfaraz_Khan_Jadoon",16
"Shah_Hussain",16
"Shah_Mohammad",16
"Shahi_Khan",16
"Shahi_Khan_Sherani",16
"Shahnawaz_Khanzada",16
"Shahzia_Batul",16
"Shazia_Bibi",16
"Sheheryar_Khan",16
"Sher_Nawaz_Khattak",16
"Sherullah_Khan",16
"Sultan_Khan_Mandokhail",16
"Sultan_Khan_Mandokhel",16
"Syed_Abdul_Qayyum",16
"Syed_Basharat_Hussain",16
"Syed_Haider_Ali_Shah",16
"Syed_Haroon_Shah",16
"Syed_Karam_Darwesh",16
"Syed_Masood_Shah",16
"Syed_Muhammad_Afzal",16
"Syed_Muhammad_Hanif",16
"Syed_Muzafar_Ali_Shah_Jan",16
"Tariq_Hameed_Khattak",16
"Umar_Hayat",16
"Umar_Khan",16
"Waris_Khan",16
"Zain_Umar_Arbab",16
"Zarbali_Syed",16
"Abdul_Jabbar",16
"Abdul_Rauf_Rind",16
"Ghulam_Farooq",16
"Gulam_Farooq",16
"Habib_Ur_Rehman",16
"Haji_Muhamad_Azeem",16
"Mir_Ali_Akbar",16
"Mir_Muhammad_Khan_Chandio",16
"Mir_Muhammad_Shoaib_Baloch",16
"Mir_Mujeeb_Rahman_Shahwani",16
"Muhammad_Arif_Badini",16
"Muhammad_Hanif_Baloch",16
"Muhammad_Qayyum_Baluch",16
"Noor_Ahmed_Adil",16
"Noor_Ahmed_Umrani",16
"Sayed_Akber_Shah",16
"Yaqoob_Bizenjo_",16
"Arbab_Ghulam_Rahim",16
"Aurangzaib_Khan",16
"Deedar_Ali",16
"Dilawar_Gulzar",16
"Ghullam_Murtaza_Khan_Jatoi",16
"Kausar_Fatima_Zaidi",16
"Liaquat_Ali_Jatoi",16
"m_Khan_Junejo",16
"Mir_Ali_Nawaz_Talpur",16
"Mir_Hussain_Bakhash_Talpur",16
"Muhammad_Faisal",16
"Muhammad_Hassam_Mirza",16
"Muhammad_Mushtaq_Ahmed",16
"Pir_Sadar_Uddin_Shah",16
"Rahila_Magsi",16
"Safdar_Ali_Abbasi",16
"Saira_Bano",16
"Shaheen_Khan",16
"Shaheena",16
"Shaista_Ameer",16
"Shumaila",16
"Syed_Munir_Hyder_Shah",16
"Syed_Mushtaq_Hussain",16
"Syed_Zainulabdin",16
"Umair_Naeem",16
"Abdul_Mujeeb_Pirzada",16
"Ghulam_Murtaza_Khan_Jatoi",16
"Ghulam_Rasool_Khan_Jatoi",16
"Muhammad_Ibrahim_Jatoi",16
"Rais_Ghulam_Murtaza_Jatoi",16
"Jehangir_Khan",16
"Abdul_Ali",16
"Abdul_Qayyum_Bajwa",16
"Adeel_Ahmad",16
"Aman_Ullah_Khan",16
"Amir_Hamza_Dogar_Advocate",16
"Amir_Muhammad",16
"Amjid_Pervaiz",16
"Aqeel_Shahzad",16
"Asif_Iqbal",16
"Ch_Tanveer_Ahmad_Kambo",16
"Doctor_Abdul_Rashid",16
"Doctor_Nasir_Razzaq",16
"Dr__Rafique_Ahmed_Ghuncha",16
"Ghulam_Abbass",16
"Iftikhar_Ali",16
"Kamal_Azfar",16
"Khizar_Hayat",16
"Maki_Muhammad",16
"Malik_Gul_Zali_Khan_Zakheli",16
"Malik_Nazar_Fareed_Khokhar",16
"Malik_Zafar_Iqbal_Rajput_Panwar",16
"Mian_Abdul_Waheed",16
"Moin_Ud_Din",16
"Mr_mumtaz_Ali",16
"Muhammad_Abu_Bakar_Watto",16
"Muhammad_Ahmad_Chaudhary",16
"Muhammad_Arshad_Taqi",16
"Muhammad_Irfan_Ud_Din",16
"Muhammad_Muzzammil",16
"Muhammad_Nawaz_Cheema",16
"Muhammad_Rafique_Advocate",16
"Muhammad_Sharif",16
"Naseer_Ahmed_Chandio",16
"Nek_Daraz_Khan",16
"Peer_Abdul_Shakoor_Naqsh_Bandi",16
"Qazi_Aslam_Khan",16
"Rahimullah_Khan",16
"Raja_Izat_Ali",16
"Rana_Muhammad_Saeed_Khan",16
"Rana_Muhammad_Sharif",16
"Rao_Muhammad_Akbar_Khan_Mayyo",16
"Rao_Wajid_Ali_Khan",16
"Saghir_Hussain",16
"Sahahbaz_Yasir_Ali",16
"Shamim_Khan",16
"Waheed_Ahmad_Khan",16
"Zaheer_Ahmad_Zia_Warraich",16
"Zahid_Sadique_Ansari",16
"Zaib_Ali",16
"Aurang_Zeb_Khan",17
"Saif_Ullah",17
"Bahri_Room",17
"Usman_Ghani",17
"Sajid_Ali",17
"Gul_Asghar_Khan",17
"Jahangir_Khan_Tareen",17
"Muhammad_Ibrahim",17
"Muhammad_Rafique",17
"Saif_Ur_Rehman",17
"Saleh_Muhammad",17
"Usman_Ali",17
"Abdul_Latif",17
"Muhammad_Alam",17
"Ghulam_Qadir",17
"Nasir_Khan",17
"Imran_Khan",17
"Muhammad_Iqbal_Khan",17
"Muhammad_Nawaz",17
"Safdar_Ali",17
"Ghulam_Muhammad",17
"Nasir_Abbas",17
"Dawa_Khan",17
"Ghulam_Sarwar_Khan",17
"Muhammad_Nawaz_Khan",17
"Sardar_Muhammad_Yaqoob",17
"Abdul_Razzaq",17
"Muhammad_Asif",17
"Muhammad_Haris",17
"Aamer_Masood_Mughal",17
"Abdul_Hakeem_Chandio",17
"Abdul_Qayum",17
"Abdul_Sattar_Samoon",17
"Abdur_Raoof_Dolla",17
"Abid_Javed_Virk",17
"Abid_Mahmood",17
"Abid_Mahmood_Khagga",17
"Abrar_Ul_Haq",17
"Abu_Bakar_Virk",17
"Adil_Khan_Bazai",17
"Adv_Shujaat_Ali",17
"Advocate_Zahoor_Mehsud",17
"Aftab_Ahmad",17
"Aftab_Ahmad_Khan_Khichi",17
"Aftab_Ahmed_Soomro",17
"Aftab_Irshad_Cheema",17
"Aftab_Jahangir",17
"Afzaal_Azeem_Pahat_Advocate",17
"Ahsan_Ulla_Virk",17
"Ajab_Gul",17
"Akeel_Aslam",17
"Akhtar_Iqbal_Dar",17
"Akram_Khan",17
"Akram_Niazi",17
"Aleem_Adil_Sheikh_",17
"Ali_Afzal_Sahi",17
"Ali_Amin_Gandapur",17
"Ali_Asghar_Khan",17
"Ali_Ashraf",17
"Ali_Asjid_Malhi",17
"Ali_Bukhari",17
"Ali_Ijaz_Buttar",17
"Ali_Khan_Jadoon",17
"Ali_Muhammad_Khalul",17
"Ali_Muhammad_Khan",17
"Aliya_Hamza",17
"Amber_Majeed_Niazi",17
"Ambreen_Malik",17
"Amir_Sharjeel",17
"Amirullah",17
"Amjad_Ali_Bajwa",17
"Amjid_Ali_Khan",17
"Aniqa_Mehdi",17
"Anwar_Haqdad",17
"Anwar_Taj",17
"Aqibullah",17
"Arbab_Amir_Ayub",17
"Arbab_Muhammad_Haleem",17
"Arif_Murad",17
"Arif_Ur_Rehman_Alvi",17
"Arshad_Ali_Mayo",17
"Arshad_Mahmood_Chaudhry",17
"Arslan_Khalid",17
"Asad_Qaiser",17
"Asad_Umar",17
"Asif_Khan",17
"Asiya_Asad",17
"Ataullah_Khan",17
"Atif_Ali_Khan_Dreshak",17
"Atif_Choudhry",17
"Aurangzeb_Khichi",17
"Awais_Haider_Jakhar",17
"Ayaz_Sarfraz_Malik",17
"Ayesha_Nazir_Jatt",17
"Azizullah_Dero",17
"Azra_Masood",17
"Babar_Marghazani",17
"Bakht_Jamal_Chandio",17
"Barrister_Abdullah_Mumtaz_Kahloon",17
"Barrister_Hammad_Azhar",17
"Barrister_Nabeel_Dhar",17
"Barrister_Taimur_Malik",17
"Basharat_Ali_Randhawa",17
"Basharat_Raja",17
"Bilal_Ejaz",17
"Brig_Ejaz_Shah",17
"Brigadier_Mumtaz_Iqbal_Kahlon",17
"Ch__Muhammad_Ilyas",17
"Ch_Khalil_Arain",17
"Ch_Muhammad_Shahnawaz_Cheema",17
"Ch_Usman_Ali_Tariq",17
"Changez_Khan_Kakar",17
"Chaudhary_Abdul_Ilyas",17
"Chaudhary_Javed_Iqbal_Waraich",17
"Chaudhry_Muhammad_Ashfaq",17
"Choudary_Shokat_Ali_Bhatti",17
"Choudhry_Muhammad_Saqlain",17
"Choudhry_Naeem_Ul_Din_Waraich",17
"Chudhary_Ilyas_Meharban",17
"Chudhary_Muhammed_Yaqoob",17
"Col_Ajmal_Sabir_Raja",17
"Colnel_Ejaz_Hussain_Minhas",17
"Dawar_Khan_Kundi",17
"Dawood_Shah",17
"Dawood_Ullah",17
"Doctor_Saeed_Ahmed_Afridi",17
"Doctor_Yasmin_Rashid",17
"Dr__Amjad",17
"Dr__Nisar_Jutt",17
"Dr__Riaz_Lang",17
"Dr__Tahir_Ali_Javed",17
"Dr_Azeem_Zahid_Lakhvi",17
"Dr_Muhammad_Azhar_Khan_Jadoon",17
"Ejaz_Ahmad_Gaddan",17
"Eman_Tahir",17
"Engineer_Dawar_Khan_Kundi",17
"Faheem_Khan",17
"Faisal_Mughal",17
"Faiz_Ullah_Kamoka",17
"Falak_Niaz",17
"Falak_Sheer_Sikandar",17
"Farhat_Faheem_Bhatti",17
"Farrukh_Habib",17
"Fawad_Ahmad_Cheema",17
"Fayaz_Ahmed",17
"Fazal_Muhammad_Khan",17
"Ghulam_Zahid",17
"Gohar_Ali_Khoso",17
"Gul_Badshah",17
"Gul_Dad_Khan",17
"Gul_Muhammad_Keerio",17
"Gul_Muhammad_Rind",17
"Gul_Zafar_Khan",17
"Gulzar_Khan",17
"Hafeezullah",17
"Hafiz_Hamid_Raza",17
"Haji_Akhtar_Mohammad_Mandokhel",17
"Haji_Imtiaz_Ahmed_Choudhry",17
"Haji_Khalid_Mehmood_Chatha",17
"Haleem_Adil_Sheikh",17
"Hamid_Khan",17
"Hamid_Ul_Haq",17
"Hamid_Zaman",17
"Hamida_Masood_Shah",17
"Hamza_Khan",17
"Haroon_Ihsaan_Paracha",17
"Hassan_Adeel",17
"Hassan_Ali_Khan",17
"Hina_Manzoor",17
"Iffat_Soomro",17
"Iftikhar_Ali_Khitran",17
"Iftikhar_Soomro",17
"Imran_Ahmed_Khan_Niazi",17
"Imran_Khattak",17
"Imran_Qaisar_Abbbas",17
"Iqra_Mubarik",17
"Jahanzaib_Imtiaz_Gill",17
"Jameel_Ahmed_Lund_Baloch",17
"Jamshaid_Dasti",17
"Javaid_Safdar_Kahlon",17
"Javed_Ali_Bozdar",17
"Jehanzeb_Khan_Dhakki",17
"Junaid_Akbar",17
"Kanwal_Shauzab",17
"Karim_Dad",17
"Khalid_Abdullah_Ghazi",17
"Khalid_Masood_Khan",17
"Khalid_Mehmood_Ali",17
"Khalid_Nawaz",17
"Khan_Shaid_Afridi",17
"Khawaja_Mudasar_Mehmood",17
"Khawaja_Sharif_Muhammad_Koreja",17
"Khawaja_Sheraz_Mehmood",17
"Khial_Zaman_Aurak_Zai",17
"Khudada_Kalyar_Advocate",17
"Khurram_Munawar_Munj",17
"Khurram_Shahzad_Virk",17
"Khurram_Sher_Zaman",17
"Khursheed_Mehmood_Kasuri",17
"Kousar_Parveen",17
"Lal_Chand_Malhi",17
"Lala_Asad_Ullah",17
"Latif_Khosa",17
"Lt_Col_r_Ajmal_Sabir_Raja",17
"Mahar_Sajjad_Hussain_Cheena",17
"Maher_Naveed_Ahmad_Kherha",17
"Mahmood_Khan",17
"Maj_Latasab_Satti",17
"Makhdoom_Imad_Ud_Din_Hashmi",17
"Makhdoom_Javaid_Hussain_Hashmi",17
"Makhdoom_Shah_Mahmood_Hussain_Qureshi",17
"Makhdoom_Shah_Mahmood_Qureshi",17
"Makhdoom_Shah_Mehmood_Hussain_Qureshi",17
"Malik_Ameen_Aslam_Khan",17
"Malik_Amir_Dogar",17
"Malik_Arif_Awan",17
"Malik_Atiq_Ur_Rehman_Orakzai",17
"Malik_Ghulam_Murtaza_Metla",17
"Malik_Mehboob_Ahmed",17
"Malik_Muhammad_Akram_Bhatti",17
"Malik_Muhammad_Ali_Khan_Tiwana",17
"Malik_Muhammad_Faisal_Dehwar",17
"Malik_Muhammad_Muzaffar_Khan",17
"Malik_Muhammad_Yar_Dhakoo",17
"Malik_Nazir_Ahmed_Sobhi",17
"Malik_Touqeer_Abbas_Khokhar",17
"Malik_Umar_Farooq",17
"Malik_Waheed_Khan",17
"Malik_Waqar_Ahmad",17
"Malik_Zaheer_Abbas",17
"Manochaher",17
"Mansoor_Sarwar_Khan",17
"Maqsood_Ahmed_Ansari",17
"Maqsood_Ali",17
"Maryam_Batool",17
"Masroor_Ali",17
"Matiullah_Khan",17
"Mehar_Un_Nisa_Baloch",17
"Mehboob_Shah",17
"Mehr_Bano_Qureshi",17
"Mian_Azhar",17
"Mian_Ghous_Muhammad",17
"Mian_Moin_Uddin",17
"Mian_Muhammad_Afzal_Hayat",17
"Mian_Muhammad_Amjad_Joyia",17
"Mian_Muhammad_Naeem",17
"Mian_Mumtaz_Ahmad_Matyana",17
"Mian_Nazir_Rahman",17
"Mian_Salman_Ali_Qureshi",17
"Mian_Shahid_Mustafa_Qureshi",17
"Mir_Ali_Ahmed_Zehri",17
"Mir_Mohammad_Azam_Sumalani",17
"Mirza_Abdul_Qayyum",17
"Mirza_Saeed_Mehmood_Baig",17
"Moazam_Jatoi",17
"Mohammad_Imran",17
"Mohtarma_Zartaj_Gul_Akhwand",17
"Mubeen_Arif_Jatt",17
"Muhammad_Afzal_Gondal",17
"Muhammad_Ahmad_Chattha",17
"Muhammad_Ajmal_Cheema",17
"Muhammad_Alamgir_Khan",17
"Muhammad_Ali_Sarfaraz",17
"Muhammad_Ali_Shakoor",17
"Muhammad_Ameer_Sultan",17
"Muhammad_Arshad_Sahi",17
"Muhammad_Ashraf_Jabbar_Qureshi",17
"Muhammad_Aslam_Ghumman",17
"Muhammad_Atif",17
"Muhammad_Aurangzaib_Khan_Khichi",17
"Muhammad_Azam_Khan_Swati",17
"Muhammad_Bashir_Khan",17
"Muhammad_Daood",17
"Muhammad_Dawood_Khan",17
"Muhammad_Ibraheem_Khan",17
"Muhammad_Imran_Shaukat_Khan",17
"Muhammad_Ishaq_Khan_Khakwani",17
"Muhammad_Jamal_Ahsan_Khan",17
"Muhammad_Madni",17
"Muhammad_Mansha_Sindhu",17
"Muhammad_Miqdad_Ali_Khan",17
"Muhammad_Naem",17
"Muhammad_Nawaz_Gondal",17
"Muhammad_Qasim_Khan_Suri",17
"Muhammad_Riaz_Haider",17
"Muhammad_Roman_Ahmed",17
"Muhammad_Sajid_Naeem_Qureshi",17
"Muhammad_Saleem_Akhtar_Durrani",17
"Muhammad_Saleem_Imran",17
"Muhammad_Sana_Ullah_Khan_Mastikhel",17
"Muhammad_Shoaib_Shaheen",17
"Muhammad_Tuffail",17
"Muhammad_Usman_Dar",17
"Muhammad_Waqar_Wasi_Chaudhary",17
"Muhammad_Yasir",17
"Muhammad_Zeeshan",17
"Muhammad_Zubair_Khan",17
"Muhram_Khan",17
"Mujahid_Ali",17
"Mujahid_Khan",17
"Mumtaz_Ahmad",17
"Mumtaz_Ali_Jakhrani",17
"Mumtaz_Ali_Shah",17
"Mumtaz_Mustafa_Advocate",17
"Murad_Saeed",17
"Mustafa_Kundi",17
"Mustansir_Billah",17
"Nadeem_Abbasi",17
"Naiz_Muhammad_Gujjar",17
"Naseem_Hashim_Khan",17
"Nasim_Ali_Shah",17
"Nasir_Khan_Khattak",17
"Nasrullah_Mughal",17
"Naveed_Hameed",17
"Nawab_Aman_Ullah_Khan",17
"Nawab_Khan_Dumer",17
"Nawab_Muhammad_Ahmad_Khan",17
"Nawabzada_Salahuddin_Saeed",17
"Nawaz_Mehmood_Khan",17
"Naz_Baloch",17
"Nazish_Bhatti",17
"Nek_Mohammad",17
"Niaz_Mohammad_Khan",17
"Nisar_Akbar_Khan",17
"Nisaraslam_Khan",17
"Noor_Muhammad_Ghaffari",17
"Peer_Zahoor_Hussain_Quraishi",17
"Pervez_Khattak",17
"Pir_Bux_Jamood",17
"Qaisar_Jamal",17
"Qaisara_Elahi",17
"Qurban_Ali",17
"Rab_Nawaz_Kalwar",17
"Raees_Nawaz_Ali_Burfat",17
"Rafique_Ahmad_Khan_Niazi",17
"Rahat_Aman_Ullah_Bhatti",17
"Rahat_Amanullah_Bhatti",17
"Rai_Haider_Ali_Khan",17
"Rai_Hasan_Nawaz_Khan",17
"Rai_Hassan_Nawaz_Khan",17
"Rai_Muhammad_Akram_Khan_Bhatti",17
"Rai_Naeem_Asad_Kharal",17
"Raja_Aamer_Zaman",17
"Raja_Abdul_Haque",17
"Raja_Azhar_Khan",17
"Raja_Muhammad_Saleem",17
"Raja_Taila_Saeed",17
"Raja_Yassir_Humayun_Sarfraz",17
"Rana_Aamir_Shahzad_Tahir",17
"Rana_Atif",17
"Rana_Javed_Umar",17
"Rana_Naeem_Ur_Rehman_Khan",17
"Rana_Shehzad_Hafeez",17
"Rana_Tanveer_Riaz_Khan",17
"Rao_Hassan_Skindar",17
"Rao_Khalid_Khan",17
"Rao_Umer_Hashim_Khan",17
"Rashid_Siddiqui",17
"Rashida_Tariq",17
"Rehana_Imtiaz_Dar",17
"Riasat_Ali_Bhatti",17
"Riaz_Ahmad_Tarar",17
"Riaz_Hyder",17
"Riyaz_Fatyana",17
"Rozina_Bhutto",17
"s_a_Hameed",17
"Saadullah_Baloch",17
"Saadullah_Mehmood_Urf_Muhammad_Yasir_Baloch",17
"Sabeen_Safdar_Bandesha",17
"Sadaqat_Ali_Abbasi",17
"Saddam_Tareen",17
"Saeed_Khursheed_Ahmad",17
"Saeed_Mushtaq",17
"Sahibzada_Mehboob_Sultan",17
"Sahibzada_Muhammad_Hamid_Raza",17
"Sajid_Khan",17
"Sajid_Khan_Wald_Taj_Gul",17
"Sajid_Nawaz",17
"Sajid_Nawaz_Khan",17
"Sajid_Yousaf",17
"Salar_Khan_Kakar",17
"Saleem_Mahmood_Kamlana_Sial",17
"Saleem_Ur_Rehman",17
"Salman_Akram_Raja",17
"Salman_Saif_Cheema",17
"Sami_Ullah_Chaudhry",17
"Sardar_Ahsan_Raza_Advocate",17
"Sardar_Muhammad_Ahmed_Dreshak",17
"Sardar_Muhammad_Ali_Khan",17
"Sardar_Muhammad_Hussain_Dogar",17
"Sardar_Rafique_Haider_Khan_Laghari",17
"Sardar_Sher_Muhammad_Rind_Baloch",17
"Seemabia_Tahir",17
"Shabana_Nawab",17
"Shabbir_Ali_Quereshi",17
"Shafqat_Abbas",17
"Shafqat_Ali",17
"Shafqat_Mehmood",17
"Shahbaz_Ahmad_Khan_Sial",17
"Shahid_Ahmad_Khattak",17
"Shahid_Amin",17
"Shahid_Talib",17
"Shahnawaz",17
"Shahram_Tarakai",17
"Shamraiz_Khan",17
"Shandana_Gulzar_Khan",17
"Shaukat_Iqbal_Mirza",17
"Shehryar_Afridi",17
"Shehryar_Riaz",17
"Shehzad_Farooq",17
"Shehzada_Muhammad_Gushtasap_Khan",17
"Sheikh_Waqar_Ahmad_Advocate",17
"Sher_Afzal_Marwat",17
"Sher_Ali_Arbab",17
"Shoaib_Nasir",17
"Shoukat_Basra",17
"Sibghatullah",17
"Sidra_Faisal",17
"Siraj_Muhammad_Khan",17
"Sohail_Sultan",17
"Subhan_Ali",17
"Subhan_Ali_Sahil",17
"Syed_Ahmed_Rasheed",17
"Syed_Akhtar_Hussain_Rizvi",17
"Syed_Ali_Haider_Zaidi",17
"Syed_Ali_Husnain_Shah",17
"Syed_Ali_Hyder_Zaidi",17
"Syed_Jameel_Ahmad_Hussain_Bokhari",17
"Syed_Jameel_Ahmed_Hussain_Bokhari",17
"Syed_Jamil_Ahmed_Shah_Bukhari",17
"Syed_Khawar_Ali_Shah",17
"Syed_Muhammad_Jawad_Asghar_Shah",17
"Syed_Mumtaz_Ali_Shah",17
"Syed_Niaz_Hussain_Shah_Jillani",17
"Syed_Qaisar_Abbas_Shah",17
"Syed_Raza_Ali_Gillani",17
"Syed_Shah_Ahad_Ali_Shah",17
"Syed_Wajahat_Hasnain_Shah",17
"Syed_Zahoor_Agha",17
"Tahir_Iqbal_Chuhdary",17
"Tahir_Sadiq",17
"Taj_Muhammad",17
"Talib_Hussain_Sidhu",17
"Tariq_Aziz_Bhatti",17
"Tasawar_Abbas",17
"Umair_Khan_Niazi",17
"Umar_Aslam_Khan",17
"Usama_Ahmed_Mela",17
"Usama_Hamza",17
"Usman_Hamza",17
"Wajiha_Akram",17
"Wali_Muhammad_Mugheri",17
"Walid_Iqbal",17
"Waqas_Akram",17
"Waseem_Abbas",17
"Wasim_Qadir",17
"Yasmin_Rashid",17
"Yousaf_Khan",17
"Zafar_Ullah_Tararr",17
"Zaffar_Khan",17
"Zaheer_Abbas_Naqvi",17
"Zahid_Hussain_Hashmi",17
"Zahid_Mehmood_Mazari",17
"Zain_Qureshi",17
"Zain_Ul_Abidin_Khelji",17
"Zameer_Jedhu_Advocate",17
"Zartaj_Gul_Wazir",17
"Zubair_Khan",17
"Zulfiqar",17
"Zulfiqar_Ali_Mallah",17
"Zulqarnain_Als_Sakhi_Bhutto",17
"Faiza_Bibi_Rasheed",17
"Naseeb_Zaman",17
"Himmat_Ali",17
"Muhammad_Jahangir_Malik",17
"Shah_Zia_Udin_Khan",17
"Aziz_Ur_Rehman",18
"Muhammad_Ishaq",18
"Pir_Dilawar_Shah",18
"Abdul_Qadir",18
"Ghulam_Abbas",18
"Kamal_Shah",18
"Muhammad_Ramzan",18
"Syed_Faisal_Imam",18
"Saeed_Ur_Rehman",18
"Liaqat_Ali",18
"Muhammad_Tahir",18
"Sardar_Khan",18
"Sher_Akbar_Khan",18
"Muhammad_Naeem",18
"Zulfiqar_Ali_Shah",18
"Abdul_Waheed_Khan",18
"Atta_Ullah_Khan",18
"Amanullah_Khan",18
"Haider_Ali_Khan",18
"Muhammad_Zia_Ul_Haq",18
"Noor_Alam_Khan",18
"Muhammad_Tahir_Khan",18
"Abdul_Baqi",18
"Muhammad_Ali_Rashid",18
"Muhammad_Malik",18
"Munir_Ahmad",18
"Nabeel_Ahmed_Gabol",18
"Raja_Imran_Ashraf",18
"Riaz_Ahmed",18
"Sohail_Mansoor_Khawaja",18
"Asia_Chudhary",18
"Haji_Muhammad_Gulzar_Awan",18
"Mirza_Zaheer_Ahmed_Babar",18
"Raja_Muhammad_Aftab_Satti",18
"Ehsanullah_Reki",18
"Khalid_Ahmed_Khan_Lund",18
"Mustafa_Nawaz_Khokhar",18
"Syed_Inayat_Ali_Shah",18
"Aarif_Aziz_Sheikh",18
"Abdul_Akbar_Khan",18
"Abdul_Aziz_Memon",18
"Abdul_Berr",18
"Abdul_Ghafoor_Chaudhary",18
"Abdul_Habib_Memon",18
"Abdul_Qadir_Patel",18
"Abdul_Qayyum_Khan_Jatoi",18
"Abdul_Qudoos_Awan",18
"Abdul_Rauf_Advocate",18
"Abdul_Razzaq_Raja",18
"Abdul_Sattar_Bachani",18
"Abdul_Wahab",18
"Abdul_Wahab_Barakzai",18
"Abdul_Waheed",18
"Abdullah_Bloch",18
"Abid_Hussain_Sathi",18
"Abid_Ullah_Yousafzai",18
"Abrar_Azam",18
"Adeel_Ghulam_Mohy_Ud_Din",18
"Aezid_Mahmood_Khan_",18
"Aftab_Ahmad_Khan_Sherpao",18
"Aftab_Alam",18
"Aftab_Shahban_Mirani",18
"Agha_Shafqatullah",18
"Ahmad_Hassan",18
"Ahmad_Mustafa",18
"Ahmad_Shah_Khan",18
"Ahmed_Ali_Khosa",18
"Ahmed_Jan",18
"Aijaz_Ahmed_Halepoto",18
"Aijaz_Hussain_Jakhrani",18
"Aitzaz_Rasheed",18
"Ajmal_Khan",18
"Akhtar_Javid_Khan",18
"Alam_Zaib_Khan",18
"Alamzaib_Umerzai",18
"Alhaj_Muhammad_Asad_Bhatti",18
"Ali-Uz-Zaman",18
"Ali_Ahmed",18
"Ali_Gohar_Khan_Mahar",18
"Ali_Jan_Mazari",18
"Ali_Javed",18
"Ali_Muhammad_Khan_Mahar",18
"Ali_Muhammad_Sahito",18
"Ali_Muhammad_Sehto",18
"Ali_Musa_Gilani",18
"Allah_Yar",18
"Altaf_Hussain_Virk",18
"Aman_Ullah_Wald_Gul_Azad",18
"Amanullah",18
"Amjad_Ali_Jutt",18
"Amjad_Yaqoub",18
"Anwar-Ul-Haq_Ramay",18
"Anwar_Saifullah_Khan",18
"Arbab_Alamgir_Khan",18
"Arbab_Wazir_Ahmed_Memon",18
"Arif_Aziz_Shaikh",18
"Asad_Alam_Niazi",18
"Asad_Ullah_Khan",18
"Asghar_Ali_Jara",18
"Asif_Ali_Zardari",18
"Asif_Bashir",18
"Asma_Shahnawaz_Cheema",18
"Athar_Hassan_Khan_Gorchani",18
"Aurangzeb_Shaafi_Burki",18
"Aurangzeb_Shafi_Barki",18
"Ayatullah_Durrani",18
"Ayaz_Imran",18
"Ayub_Shah",18
"Azeem_Daultana",18
"Baber_Sultan_Jadoon",18
"Babu_Nafees_Ahmad_Ansari",18
"Bari_Khan",18
"Barrister_Gohar_Ali_Khan",18
"Barrister_Mian_Amir_Hassan",18
"Basharat_Ali_Wald_Faqir_Muhammad",18
"Begum_Shahnaz_Javed",18
"Bilawal_Bhutto_Zardari",18
"Bushra_Aitzaz_Ahsan",18
"Capt__Rtd__Rai_Ghulam_Mujtaba_Kharral",18
"Captain_Retired_Asad_Gill",18
"Ch__Ahmad_Mukhtar",18
"Ch__Ahmed_Mukhtar",18
"Ch__Hammad_Muhammad_Khan",18
"Ch__Iftikhar_Nazir",18
"Ch__Manzoor_Ahmad",18
"Ch__Muhammad_Abdullah_Virk",18
"Ch__Zeshan_Ilyas",18
"Ch_Ejaz_Ahmed_Cheema",18
"Ch_Iftikhar_Ahmed",18
"Ch_Muhammad_Saddique",18
"Ch_Muhammad_Saeed_Gujar",18
"Ch_mushtaq_Ahmad_",18
"Ch_tawakkal-Ullah_Virk",18
"Ch_zahid_Iqbal",18
"Ch_Zulifqar_Bhindar",18
"Chaudhary_Ijaz_Ahmad_Cheema",18
"Chaudhary_Shoukat_Ali",18
"Chaudhary_Sohail_Zafar",18
"Chaudhary_Tasneem_Nasir",18
"Chaudhry_Abdul_Ghafoor_Khan",18
"Chaudhry_Asad_Parvez",18
"Chaudhry_Manzoor_Ahmad",18
"Chaudry_Atif_Rafique",18
"Chohadry_Manzoor_Ahmad",18
"Choudhary_Altaf_Hussain",18
"Choudhary_Sharaqat_Rasool_Ghumman",18
"Choudhary_Zafar_Iqbal_Warriach",18
"Choudhri_Umar_Hayat_Sandhu",18
"Col_Rtd_Rao_Abid_Ali_Khan",18
"Comrade_Zahoor_Ahmed_Khosa",18
"Dewan_Syed_Muhammad_Haider_Abbas_Bukhari",18
"Doctor_Mian_Akhtar_Ali_Laleka",18
"Doctor_Muhammad_Rashid_Malik",18
"Doctor_Sultan_Zeb_Khan",18
"Dost_Muhammad_Khan",18
"Dr__Abdul_Wahid_Soomro",18
"Dr__Arbab_Alamgir_Khan",18
"Dr__Ayatullah_Durrani",18
"Dr__Azra_Fazal_Pecheho",18
"Dr__Fardos_Ashiq_Awan_",18
"Dr__Mirza_Ikhtiar_Baig",18
"Dr__Muhammad_Haider_Baloch",18
"Dr__Muhammad_Riaz",18
"Dr__Muhammad_Shakir_Alam",18
"Dr__Syed_Israr_Hussain",18
"Dr__Zafar_Chaudhary",18
"Dr_afsar_Ul_Mulk_Khan",18
"Dr_Azra_Fazal_Pechuho",18
"Dr_fahmida_Mirza",18
"Dr_Farooq_Afzal",18
"Dr_Fehmida_Mirza",18
"Dr_Firdous_Ashiq_Awan",18
"Dr_Mazhar_Iqbal_Choudhary",18
"Dr_Saeed_Ahmad_Buzdar",18
"Dr_zaheer-Ul-Hassan_Rizvi",18
"Dr_zulfiqar_Ali_Bhatti",18
"Ejaz_Ahmed_Samma",18
"Ejaz_Ali_Khan_Shahani",18
"Engineer_Hamid_Iqbal_Khan",18
"Engineer_Muhammad_Tariq_Khattak",18
"Engr_dawar_Khan_Kundi",18
"Faisal_Karim_Kundi",18
"Faisal_Sakhi_Butt",18
"Faizullah_Chaichee",18
"Fakhar_Umar_Hayat",18
"Faqir_Sher_Muhammad_Bilalani",18
"Faraz_Hashmi",18
"Farhana",18
"Farooq_Akbar_Kahloon",18
"Faryal_Talpur",18
"Farzana_Sherin",18
"Fateh_Ullah_Khan",18
"Fazal_e_Rabi",18
"Fazal_Rahman",18
"Fazal_Wadood",18
"Fida_Hussain_Dero",18
"Fozia_Behram",18
"Ghanva_Bhutto",18
"Ghanwa_Bhutto",18
"Ghayas-Ud-Din_Khan",18
"Ghinva_Bhutto",18
"Ghinwa_Bhutto",18
"Ghulam_Akbar_Lasi",18
"Ghulam_Ali_Nizamani",18
"Ghulam_Farid_Kathia",18
"Ghulam_Muhammad_Junejo_Alias_Gul_Junejo",18
"Ghulam_Murtaza_Satti",18
"Ghulam_Rabbani_Khar",18
"Ghulam_Sarwar_Khan_Khichi",18
"Gulzar_Ahmed_Chaudhary",18
"Hafeez-Ullah_Ishaq",18
"Hafiz_Hussain_Ahmed_Madni",18
"Haider_Ali_Khan_Kharal",18
"Hajan_Allah_Rakhi",18
"Haji_Misar_Khan",18
"Haji_Muhammad_Ishaq",18
"Haji_Nafees_Ahmed_Usmani_Advocate",18
"Haji_Rasool_Bux_Chandio",18
"Hamid_Ali_Bhatti",18
"Hamid_Saeed_Kazmi",18
"Haris_Meeran",18
"Hasnain_Ijaz_Khan_Shahani",18
"Hassan_Sardar",18
"Hayat_Ullah_Khan_Tareen",18
"Hazrat_Wali",18
"Hina_Rabbani_Khar",18
"Ibne_Saeed_Ch_",18
"Iftikhar_Ahmed_Cheema_Advocate",18
"Iftikhar_Shahid",18
"Ihsan_Ur_Rahman_Mazari",18
"Imam_Ali_Samejo",18
"Imdad_Ullah_Abbasi",18
"Imran",18
"Imtiaz_Safdar_Waraich",18
"Imtiaz_Safdar_Warraich",18
"Iqbal_Ahmad_Khan",18
"Irfan_Ali_Leghari",18
"Irfan_Qureshi",18
"Israr_Ahmed_Khan",18
"Jahangir_Badar",18
"Jam_Abdul_Karim_Bijar",18
"Jamshed_Ahmad_Khan_Dasti",18
"Javaid_Saeed_Kazmi",18
"Javed_Iqbal_Warraich",18
"Javeed_Iqbal_Waraich",18
"Jawad_Hussain",18
"Jawaid_Sheikh",18
"Kakagi_Muhammad_Zahoor",18
"Kamal_Khan",18
"Kamran_Yousaf_Ghumman",18
"Khadeeja_Aamir",18
"Khair_Muhammad_Khan_Tareen",18
"Khalilu_Rehman",18
"Khan_Daraz",18
"Khanim_Ullah",18
"Khanzada_Khan",18
"Khawaja_Atta_Ullah_Khan_Tonsa_Sharif",18
"Khawaja_Ghulam_Hussain",18
"Khawaja_Kaleem-Ud-Din_Koreja_",18
"Khawaja_Kaleem_Ud_Din_Koreja",18
"Khawaja_Muhammad_Saleh",18
"Khawaja_Sheeraz_Mehmood",18
"Khawja_Mudassir_Mehmood",18
"Khizarul_Islam",18
"Khurram_Pervaiz_Raja",18
"Khurram_Shahzad",18
"Khuwaja_Ghulam_Hussain",18
"Khwaja_Ghulam_Rasool_Koreja",18
"Kiramatullah_Khan",18
"Lal_Muhammad_Khan",18
"Liaqat_Ali_Khan",18
"Lt_col__r__Sultan_Sikandar_Ghumman_",18
"m_Bilal_Khan_Sherpao",18
"m_Israr_Tareen",18
"Mahar_Khliq_Yar_Khan_Lak",18
"Mahesh_Kumar_Malani",18
"Mahesh_Kumar_Malhani",18
"Mahmood_Akhtar_Ghuman",18
"Mahr_Irshad_Ahmed_Siyal",18
"Maj_Retd_Liaqat_Ali_Shah_Gailani",18
"Makhddom_Syed_Murtaza_Mehmood",18
"Makhdoom_Amad-Ud-Din",18
"Makhdoom_Jamil_Uz_Zaman",18
"Makhdoom_Muhammad_Ameen_Fahim",18
"Makhdoom_Shah_Mehmood_Qureshi",18
"Makhdoom_Shahab-Ud-Din",18
"Makhdoom_Shahab_Ud_Din",18
"Makhdoom_Syed_Ali_Hassan_Gilani",18
"Makhdoom_Syed_Mustafa_Mehmood",18
"Makhdoom_Tahir_Rashid",18
"Makhdum_Syed_Mustafa_Mahmud",18
"Makhdum_Syed_Usman_Mahmud",18
"Malak_Azmat_Khan",18
"Malak_Syed_Noor_Akbar",18
"Malik_Aamer_Fida_Paracha",18
"Malik_Amjad_Aziz_Khan",18
"Malik_Asad_Sikandar",18
"Malik_Asghar_Ali_Qaisar",18
"Malik_Irfan_Ahmad_Gheba",18
"Malik_Karamat_Ali_Khokhar",18
"Malik_Khalid_Awan",18
"Malik_Muhammad_Amir_Dogar",18
"Malik_Mushtaq_Ahmad",18
"Malik_Nawab_Sher_Waseer",18
"Malik_Nawab_Sher_Wasseer",18
"Malik_Niaz_Ahmad",18
"Malik_Raza_Rabbani_Khar",18
"Malik_Salah-Ud-Din_Dogar",18
"Malik_Sardar_Muhammad_Tralay_Wala",18
"Malik_Shah",18
"Malik_Shoukat_Hayyat_Awan",18
"Malik_Sohail",18
"Malik_Sultan_Mehmood_Wadhal_Tiwana",18
"Meer_Dost_Muhammad_Mazari",18
"Mehar_Abdul_Rashid_",18
"Mehboob_Ullah_Jan",18
"Mehkumuddin",18
"Mehmood_Hayat_Khan_Alias_Tochi_Khan",18
"Mehmood_Hayat_Khan_Tochi",18
"Mehmood_Hayyat_Khan_Alias_Tauchi_Khan",18
"Mehr_Ghulam_Farid_Kathia",18
"Mehr_Sultana",18
"Mehreen_Anwar_Raja",18
"Mian_Abdul_Haq_Alias_Mian_Mitho",18
"Mian_Abdul_Sattar",18
"Mian_Abdus_Sattar",18
"Mian_Aziz_Ur_Rehman_Chann",18
"Mian_Humayun_Sarwar_Bodla",18
"Mian_Jamshed-Ud-Din",18
"Mian_Manzoor_Ahmad_Khan_Wattoo",18
"Mian_Muhammad_Aslam_Arain",18
"Mian_Muzaffar_Shah",18
"Mian_Nasim_Mahmood_Hotiana",18
"Mian_Omer_Misbah-Ul-Rehman",18
"Mian_Rehman_Aziz_Chan",18
"Mian_Shamim_Haider",18
"Mian_Tariq_Habib_",18
"Mir_Aamir_Ali_Khan_Magsi",18
"Mir_Aijaz_Hussain_Jakhrani",18
"Mir_Amir_Ali_Khan_Magsi",18
"Mir_Changez_Khan_Jamali",18
"Mir_Ghulam_Ali_Talpur",18
"Mir_Ghulam_Fareed_Raisani",18
"Mir_Hazar_Khan_Bijarani_",18
"Mir_Imam_Bakhsh_Zahri",18
"Mir_Imran_Jattak",18
"Mir_Jan_Muhammad_Masuri",18
"Mir_Maqbool_Ahmed_Lehri",18
"Mir_Munawar_Ali_Talpur",18
"Mir_Shabbir_Ali_Bijarani",18
"Mirza_Ikhtiar_Baig",18
"Mirza_Maqbool_Ahmed",18
"Mirza_Muhammad_Nasir_Bage",18
"Mirza_Muhammad_Nasir_Baig",18
"Misbah-Ud-Din",18
"Misbah_Ud_Din",18
"Mohammad_Ayaz_Soomro",18
"Mohammad_Moazim_Ali_Khan",18
"Mohammad_Sagheer",18
"Mohammad_Sulleman",18
"Mr__Makhdoom_Muhammad_Ameen_Faheem",18
"Mr__Peeral_Majeedano",18
"Mr__Shahid_Hussain_Bhutto",18
"Mr_imran_Zafar_Leghari",18
"Mrs_faryal_Talpur",18
"Mubeen_Arshad",18
"Muhammad_Abbas",18
"Muhammad_Afaque_Khan_Alias_Shahid",18
"Muhammad_Afzal_Sindhu",18
"Muhammad_Alam_Khan",18
"Muhammad_Ali_Laleka",18
"Muhammad_Ali_Sanul_Awan",18
"Muhammad_Amjid_Abbas",18
"Muhammad_Arshad_Abbas_Qureshi",18
"Muhammad_Asghar_Lal",18
"Muhammad_Ashraf_Bhatti",18
"Muhammad_Asif_Khan",18
"Muhammad_Azam_Afridi",18
"Muhammad_Farooq_Azam_Malik",18
"Muhammad_Haider_Shah",18
"Muhammad_Hakeem_Khan",18
"Muhammad_Hanif",18
"Muhammad_Hassan_Khan",18
"Muhammad_Hyder_Ali_Bukhari",18
"Muhammad_Idrees_Khattak",18
"Muhammad_Ijaz_Virk_Advocate_",18
"Muhammad_Irshad_Khan",18
"Muhammad_Jamshed",18
"Muhammad_Kashif_Bhabha",18
"Muhammad_Khalid_Bashir_Tarnsporter",18
"Muhammad_Khan_Nadeem",18
"Muhammad_Moazam_Ali_Khan_Jatoi",18
"Muhammad_Mohsin_Ali_Qureshi",18
"Muhammad_Murad_Baloch",18
"Muhammad_Muzamil_Qureshi",18
"Muhammad_Naveed_Ch_",18
"Muhammad_Nawazish_Ali_Pirzada",18
"Muhammad_Nisar_Ahmad_Khan",18
"Muhammad_Rashid_Hussain_Rabani",18
"Muhammad_Saif_Ullah_Khan_Sadozai_Advocate",18
"Muhammad_Sardar_Bahadar_Babar_Khan",18
"Muhammad_Shah_Jehan",18
"Muhammad_Shahjahan_Khan",18
"Muhammad_Shahryar_Khan_Mahar",18
"Muhammad_Shakeel_Shah_Gilani",18
"Muhammad_Shakeel_Ur_Rehman",18
"Muhammad_Shuja_Khan",18
"Muhammad_Tariq_Anees",18
"Muhammad_Tariq_Khan_Niazi",18
"Muhammad_Tariq_Tarar",18
"Muhammad_Waqas",18
"Muhammad_Yaqoob_Ziaratwal",18
"Muhammad_Yasin",18
"Muhammad_Yousuf_Ali_Ghallu",18
"Muhammad_Zaki_Chaudhary",18
"Muhammad_Zaki_Chaudhry",18
"Muhammad_Zaman",18
"Muhammad_Zulfiqar_Ali",18
"Muhtarma_Ghanwa_Bhutto",18
"Mukhtar_Abbas",18
"Mullna_Abdul_Sattar",18
"Mumtaz_Ali_Cheema",18
"Munawar_Hayat_Abasi",18
"Mushtaq_Ahmad_Mohal__Advocate_High_Court_",18
"Nadeem_Afzal_Gondal",18
"Nadeem_Ahmad_Awan",18
"Naeem_Dastgir_Khan",18
"Naeem_Mehmood_Rana",18
"Nafisa_Shah",18
"Najam_Ud_Din_Khan",18
"Najam_Uddin_Khan",18
"Najmuddin_Khan",18
"Naseem_Khan",18
"Naseer_Mohammad_Khan",18
"Nasira_Arshad",18
"Nasira_Meo",18
"Nasrullah_Roonjha",18
"Natasha_Daultana",18
"Nauman_Islam_Shaikh",18
"Nauman_Islam_Shaikh_",18
"Nawab_Abdul_Ghani_Talpur",18
"Nawab_Ali_Wassan",18
"Nawab_Din",18
"Nawab_Malik_Amir_Muhammad_Khan",18
"Nawab_Mohammad_Yousif_Talpur",18
"Nawab_Muhammad_Yousaf_Talpur",18
"Nawab_Muhammad_Yousif_Talpur",18
"Nawabzada_Abdul_Qadir_Khan",18
"Nawabzada_Ghazanfar_Ali_Gul",18
"Nawabzada_Iftikhar_Ahmad_Khan",18
"Nawabzada_Iftikhar_Ahmed_Khan",18
"Nawabzada_Mir_Amir_Ali_Khan_Magsi",18
"Nawabzada_Mir_Jamal_Khan_Raisani",18
"Nazar_Muhammad",18
"Nazar_Muhammad_Gondal",18
"Nazar_Muhammad_Kakar",18
"Nazeer_Ahmad",18
"Nazir_Ahmed_Bhugio",18
"Nazir_Ahmed_Bughio",18
"Neha_Javed",18
"Nida_Asim",18
"Nisar_Muhammad",18
"Noor_Naeem_Khan",18
"Noor_Ul_Ain",18
"Noor_Ul_Ain_Rai_Saeed",18
"Peer_Haider_Zaman_Quraishi",18
"Peeral_Majeedano",18
"Pir_Aftab_Hussain_Shah_Jilani",18
"Pir_Aftab_Hussain_Shah_Jillani",18
"Pir_Ameer_Ali_Shah_Jilani",18
"Pir_Bux_Jamot",18
"Pir_Haider_Zaman_Qureshi",18
"Pir_Noor_Muhammad_Shah_Jeelani",18
"Pir_Shafqat_Hussain_Shah_Jilani",18
"Pir_Syed_Fazal_Ali_Shah_Jeelani",18
"Pir_Syed_Fazal_Ali_Shah_Jillani",18
"Qadir_Khan_Mando_Khail",18
"Qamar_Abbas",18
"Qamar_Zaman_Kaira",18
"Qazi_Muhammad_Azhar_Advocate",18
"Qazi_Muhammad_Bashir",18
"Qurban_Ali_Kalwar",18
"Quttab_Din",18
"Rafiq_Ahmed_Jamali",18
"Rafique_Ahmed_Jamali",18
"Raheela_Perveen",18
"Rai_Ghulam_Mujtaba_Kharal",18
"Rai_Ijaz_Ahmad_Khan",18
"Rais_Muhammad_Khalid_Chachar",18
"Raja_Faiz_Akbar_Janjuha",18
"Raja_Israr_Ahmed_Abbasi_Advocate",18
"Raja_Masood_Ahmad",18
"Raja_Muhammad_Afzal_Khan",18
"Raja_Muhammad_Iftikhar_Kayani",18
"Raja_Muhammad_Sana_Ul_Haq_Advocate",18
"Raja_Parvaiz_Ashraf",18
"Raja_Pervaiz_Ashraf",18
"Rajib_Ali",18
"Rameez_u_Din_Memon",18
"Rana_Abdul_Rehman_Khan",18
"Rana_Abdul_Shakoor_Khan",18
"Rana_Mahmood_Ashraf",18
"Rana_Mehmood_Ul_Hasan",18
"Rana_Mubashir_Ali_Khan",18
"Rana_Muhammad_Azhar_Uttra",18
"Rana_Muhammad_Faraz_Noon",18
"Rana_Muhammad_Farooq_Saeed_Khan",18
"Rana_Muhammad_Qasim_Noon",18
"Rao_Abdul_Ghaffar",18
"Rao_Muhammad_Jameel_Hashim_Khan",18
"Rao_Najeeb_Ur_Rehman",18
"Rashid_Ali",18
"Riaz_Hussain_Lund_Balouch",18
"Rizwan_Ahmad_Hans",18
"Roshan_Din_Junejo",18
"Rozi_Khan_Kakar",18
"Saathi_Ishaque_Advocate",18
"Sabar_Ali_Baloch",18
"Sabir_Ali_Baloch",18
"Sabir_Hussain",18
"Sadiq_Ali_Memon",18
"Saeed_Iqbal",18
"Saeed_Iqbal_",18
"Sajid_Ali_Bambhan",18
"Sajid_Ali_Banbhan",18
"Sajid_Hussain_Turi",18
"Sajjad_Ahmad_Awan_",18
"Sajjad_Ul_Hassan",18
"Sakhawat_Masih",18
"Salahuddin_Junejo",18
"Saleem_Mandviwala",18
"Saleem_Shah",18
"Saleem_Ullah_Khan",18
"Salim_Rehman",18
"Samina_Khalid_Ghurki",18
"Sardar_Ahmed_Khan_Alias_Fayyaz_Ali_Khan",18
"Sardar_Al-Haaj_Muhammad_Umar",18
"Sardar_Al_Haaj_Muhammmad_Umer_Gorgaij",18
"Sardar_Ali",18
"Sardar_Ali_Abbas_Khan_Baloch",18
"Sardar_Asif_Ahmad_Ali",18
"Sardar_Azhar_Ali_Mekan",18
"Sardar_Bahadur_Ahmad_Khan",18
"Sardar_Bahadur_Ahmed_Khan",18
"Sardar_Dost_Muhammad_Khan_Khosa",18
"Sardar_Jahazeb_Khan_Drishak_Almarof_Chand_Khan",18
"Sardar_Kamal_Khan_Chang",18
"Sardar_Khurram_Latif_Khan_Khosa",18
"Sardar_Khyzar_Hayat_Khan_Ladhu_Ka",18
"Sardar_Mansoor_Hayat_Tamman",18
"Sardar_Mir_Baz_Muhammad_Kha_Khetran",18
"Sardar_Mir_Baz_Muhammad_Khan_Khethran",18
"Sardar_Muhammad_Gulzar_Abbasi",18
"Sardar_Muhammad_Saif_Ud_Din_Khan_Khosa",18
"Sardar_Mushtaq_Ahmed",18
"Sardar_Nabil_Ahmed_Gabol",18
"Sardar_Saleem_Haider",18
"Sardar_Saleem_Haider_Khan",18
"Sardar_Sana_Ullah_Zehri",18
"Sardar_Shahnawaz_Khan",18
"Sardar_Shaukat_Hayat_Khan_Advocate",18
"Sardar_Shoaib_Mumtaz_Khan",18
"Sardar_Usman_Nawaz",18
"Sardar_Wahid_Bux_Bhayo",18
"Sardar_Wazir_Ahmed_Jogezai",18
"Sardar_Zafar_Ullah_Khan_Laghari",18
"Sarfaraz_Rajar",18
"Sarshar_Hassan_Cheema",18
"Sayed_Akhun_Zada_Chattan",18
"Shabbir_Ahmad_Khan_Leghari",18
"Shabir_Ahmed",18
"Shafeeqa_Baghum_Rao_Sikindar_Iqbal",18
"Shah_Fahad_Ansari",18
"Shah_Rehman",18
"Shahadat_Ali_Khan_Baloch",18
"Shaheem_Safdar",18
"Shaheen_Zamir",18
"Shaheryar_Khan",18
"Shahid_Abbas",18
"Shahid_Bashir",18
"Shahjahan_Ahmad_Bhatti",18
"Shahjahan_Baloch",18
"Shahrukh_Malik",18
"Shahzad_Majeed",18
"Shahzada_Ghulam_Muhyuddin",18
"Shakeel_Ahmed_",18
"Shamas-Un-Nisa",18
"Shams_Panhwar",18
"Shamshad_Sattar_Bachani",18
"Shamusddin_Panhwar",18
"Shaukat_Ali_Bajwa",18
"Shaukat_Pervez_Khan",18
"Shazia_Aurangzeb_Khan",18
"Shazia_Mari",18
"Shazia_Marri",18
"Shazia_Tehmas_Khan",18
"Shehryar_Amir_Zeb",18
"Sheikh_Kamran_Iqbal",18
"Sheikh_Muhammad_Iqbal",18
"Sheikh_Muhammad_Maghaz_Feroz",18
"Sheikh_Waqar_Ahmed_Advocate",18
"Sher_Muhammad_Balcoh",18
"Sher_Qanoos_Advocate",18
"Shiyam_Sundar_Advocate",18
"Shoaib_Alam_Khan",18
"Shoukat_Ali_Joya_Laleka",18
"Siddique_Akber",18
"Sidra_Saeed",18
"Sohail_Ansari",18
"Sohail_Shahzad",18
"Sumaira_Gul",18
"Sumaira_Mushtaq_Kharal",18
"Syed_Abbas_Raza_Rizvi",18
"Syed_Abdul_Qadir_Gillani",18
"Syed_Abid_Ali_Shah",18
"Syed_Abid_Hussain_Imam",18
"Syed_Abrar_Ali_Shah",18
"Syed_Ahmad_Ali_Shah",18
"Syed_Ahmad_Mujtaba_Gillani",18
"Syed_Akhunzada_Chattan",18
"Syed_Ali_Musa_Gillani",18
"Syed_Ali_Zawar_Naqvi",18
"Syed_Allauddin",18
"Syed_Ameer_Ali_Shah_Jamot",18
"Syed_Amir_Ali_Shah_Jamote",18
"Syed_Amir_Hamza_Peerzada",18
"Syed_Amjad_Hussain_Zaidi",18
"Syed_Anayat_Ali_Shah",18
"Syed_Asghar_Hussain",18
"Syed_Asif_Hashmi",18
"Syed_Ayaz_Ali_Shah_Sherazi",18
"Syed_Azmat_Ali_Bukhari_Advocate",18
"Syed_Faisal_Raza_Abidi",18
"Syed_Faqeer_Hussain_Shah",18
"Syed_Gayoor_Abbas_Bukhari_",18
"Syed_Ghayoor_Abbas_Bukhari",18
"Syed_Ghulam_Mustafa_Shah",18
"Syed_Ghulam_Mustafa_Shah_s_o_Syed_Sabbir_Ahmed_Shah",18
"Syed_Hamid_Saeed_Kazmi",18
"Syed_Hasnat_Ahmed",18
"Syed_Hussain_Tariq",18
"Syed_Ibne_Ali",18
"Syed_Intikhab_Hussain_Shah",18
"Syed_Irfan_Gardezi",18
"Syed_Ishtiaq_Ul_Hassan_Gilani",18
"Syed_Javed_Ali_Shah_Jillani",18
"Syed_Khursheed_Ahmed_Shah",18
"Syed_Manzoor_Abbas",18
"Syed_Mumtaz_Alam_Gillani",18
"Syed_Murtza_Mehmud",18
"Syed_Nasir_Ali_Shah_Alias_Syed_Abbas",18
"Syed_Naveed_Qamar",18
"Syed_Nayyer_Hussain_Bukhari",18
"Syed_Qutab_Ali_Shah_Alias_Ali_Baba",18
"Syed_Rafiullah",18
"Syed_Raza_Abbas",18
"Syed_Sabtul_Haider_Bukhari",18
"Syed_Sohail_Abidi",18
"Syed_Sohail_Abrar",18
"Syed_Sumsam_Ali_Shah_Bukhari",18
"Syed_Sumsan_Ali_Shah_Bukhari",18
"Syed_Tariq_Gilani",18
"Syed_Tariq_Raza",18
"Syed_Waseem_Ul_Hassan_Naqvi",18
"Syed_Yousaf_Raza_Gillani",18
"Syed_Zaffar_Ali_Shah",18
"Syed_Zahid_Bukhari",18
"Syeda_Abida_Hussain",18
"Syeda_Sughra_Imam",18
"Taimoor_Tahir",18
"Taj_Muhammad_Jamali",18
"Talat_Iqbal_Mahessar",18
"Tariq_Ashrif_Kahloon",18
"Tariq_Hakam_Ali",18
"Tariq_Javed_Manzoor",18
"Tariq_Mahmood",18
"Tariq_Mahmood_Bajwa",18
"Tariq_Mehmood_Bajwa",18
"Tariq_Shabbir_Advocate",18
"Tariq_Yaqoob_Fateh_Muhammad",18
"Tasneem_Ahmad_Qureshi",18
"Tasneem_Ahmed_Qureshi",18
"Tussadiq_Masood_Khan",18
"Umar_Aftab",18
"Umar_Farooq_Khan_Shawa",18
"Usman_Khan_Tarakai",18
"Waqar_Ahmad_Khan",18
"Waseef_Ullah_Khan",18
"Waseem_Akhtar",18
"Waseem_Khan_Rajput",18
"Yousaf_Ali",18
"Zafar_Ahmed_Siddiqui_Advocate",18
"Zafar_Iqbal_Ch_",18
"Zafar_Jhandeer",18
"Zahid_Pervaiz_Alias_Zahid_Bashir_",18
"Zaka_Ullah",18
"Zar_Gul_Khan",18
"Zubair_Kardar",18
"Zulfaqar_Ali_Qaim_Khani",18
"Zulfiqar_Ali_Behan",18
"Zulfiqar_Ali_Khan",18
"Zulfiqar_Bachani",18
"Zumarad_Khan",18
"Zumurrad_Khan",18
"Allama_Haider_Alvi",18
"Hamid_Idrees",18
"Mian_Muhammad_Asif_Raza_",18
"Moulana_Nalay_Mitho_Shaikh",18
"Muhammad_Javed_Qadri",18
"Sikandar_Khan",18
"Sohail_Baig_Noori",18
"Imtiaz_Hussain",19
"Muhammad_Ismail",19
"Malik_Tariq_Mehmood",19
"Abdul_Aleem_Khan",19
"Syed_Asghar_Ali_Shah",19
"Abdul_Hameed_Khan",19
"Ghulam_Nabi",19
"Muhammad_Javed",19
"Nazir_Ahmed",19
"Niaz_Muhammad",19
"Khalid_Mehmood",19
"Muhammad_Anwar",19
"Muhammad_Ayoub",19
"Muhammad_Yousaf",19
"Muhammad_Arshad",19
"Muhammad_Sadiq",19
"Aasia_Ishaq",19
"Abdul_Jalil_Bazai",19
"Abdul_Kareem",19
"Abdul_Khalid",19
"Abdul_Majeed_Chohan",19
"Abdul_Qadeer_Khan",19
"Abdul_Qadir_Solangi",19
"Abdul_Rasheed_Godil",19
"Abdul_Salam_Ansari",19
"Abdul_Sattar",19
"Abdul_Sattar_Chaudhary",19
"Abdul_Sattar_Jatoi",19
"Abdul_Waseem",19
"Abdul_Waseem_Khan_Ghouri",19
"Abid_Hussain",19
"Adbul_Rashid_Godil",19
"Advocate_Sikandar_Ali_Keerio",19
"Advocate_Zulfiqar_Ali_Qazi",19
"Afaq_Shafqat",19
"Aftab_Ahmed_Rajput",19
"Aftikhar_Akbar_Randhawa",19
"Agha_Muhammad_Ali_Khan",19
"Agha_Muhammad_Naved",19
"Ahmed_Ali_Buriro",19
"Ahmed_Gabol",19
"Ahmed_Saleem_Siddiqui",19
"Alam_Dar_Hussain_Shah",19
"Alama_Syed_Farman_Raza_Abidi",19
"Alambardar_Hussain_Rizvi",19
"Ali_Muhammad_Memon",19
"Amin",19
"Aminul_Haque",19
"Anwar_Ali_Khan",19
"Anwer_Sial_Bhai_",19
"Arbab_Abdul_Ghani_Kasi",19
"Arif_Jamal",19
"Arshad_Abdullah_Vohra",19
"Arshad_Iqbal",19
"Arshad_Mahmood_Rabbani",19
"Asad_Ullah_Shah",19
"Asghar_Ali_Parhiar",19
"Asghar_Ali_Parhiar_Advocate",19
"Ashfaq",19
"Atta_Shaikh_Advocate",19
"Aziz_Ullah_Marwat",19
"Babar_Siraj_Mirza",19
"Basir_Ahmad",19
"Begum_Tahira_Asif",19
"Bilal_Hussain",19
"Bisma_Asif",19
"Ch__Hamid_Ali_Wahla",19
"Ch__Muahmmad_Shabbir_Kamboh",19
"Ch__Muhammad_Safdar_Jamna",19
"Ch__Muhammad_Suleman_Gujar",19
"Ch__Zafar_Iqbal",19
"Ch_Abdul_Qayyum_Bajwa_Advocate",19
"Ch_Khalid_Hussain_Bhatti_Advocate",19
"Chaudhry_Iftikhar_Ahmed_Siddhu_Advocate",19
"Chaudhry_Javed_Sarwar",19
"Chaudhry_Munawar_Hafeez",19
"Choudhary_Anwar_Ali_Gill_Advocate",19
"Choudhary_Muhammad_Ilyas",19
"Dev_Das",19
"Dildar_Ahmed_Khaskheli",19
"Doctor_Asif_Rafique",19
"Doctor_Hafiz_Mohammad_Sarwar_Joyia",19
"Dr__Abdul_Qadir_Khanzada",19
"Dr__Ejaz_Hussain",19
"Dr__Farooq_Sattar",19
"Dr__K_s__Mujahid_Khan_Baloch",19
"Dr__Khalid_Maqbool_Siddiqui",19
"Dr__Lala_Rukh_Mustafa",19
"Dr__Muhammad_Ayoub_Shaikh",19
"Dr__Muhammad_Farooq_Sattar",19
"Dr__Mumtaz_Ali_Chandio",19
"Dr__Taj_Hussain_Fani",19
"Dr_Abdul_Razaque_Lashari",19
"Dr_imam_Bux_Khilji",19
"Dr_Muhammad_Musa_Advocate",19
"Dr_nadeem_Ehsan",19
"Dr_Zaib_Un_Nisa",19
"Engineer_Afridi",19
"Engineer_Muhammad_Zakir",19
"Fahmida_Shah_Bukhari",19
"Faiz_Muhammad",19
"Farhan_Chishti",19
"Farhat_Muhammad_Khan",19
"Farkhanda_Khalid",19
"Farrukh_Hussain",19
"Fayyaz_Ali",19
"Fazal_Ul_Rehman",19
"Feroz_Khan",19
"Fouzia_Hameed",19
"Ghaman",19
"Ghazanfar_Anjum_Yousafzai_Advocate",19
"Ghazi_Salahuddin",19
"Ghulam_Akber_Mallah",19
"Ghulam_Asghar_Rind",19
"Ghulam_Farooq_Shahwani",19
"Ghulam_Muhammad_Rajoka",19
"Ghulam_Murtza_Solangi",19
"Ghulam_Mustafa_Sumsam_Qureshi",19
"Ghulam_Yasin",19
"Gulzar_Ali_Mugheri",19
"Habibullah_Khan",19
"Hafeezuddin",19
"Hafiz_Muhammad_Hanif",19
"Haji_Muhammad_Saeed_Arian",19
"Hameed_Hussain",19
"Hamid_Mehmood",19
"Hassan_Sabir",19
"Heer_Soho",19
"Hubdar_Ali",19
"Humayu_Usman",19
"Hussain_Bakhsh_Panhwar",19
"Iftikhar_Mughal",19
"Imran_Khan_Rajput",19
"Imtiaz_Ali",19
"Imtiaz_Ali_Lakho",19
"Inayat_Ali_Rind",19
"Inayat_Ul_Haq",19
"Iqbal_Muhammad_Ali_Khan",19
"Irfan_Ali_Bikak",19
"Irfan_Siddique",19
"Irshad_Bano",19
"Izhar_Ul_Haq_Qureshi_Siddiqui",19
"Junaid_Ahmed_Samejo",19
"Junaid_Tariq_Qureshi_Advocate",19
"Kaleem_Khan",19
"Karim_Khan",19
"Kashif_Ali_Khan",19
"Khair_Bux_Khosa",19
"Khalid_Maqbool_Siddiqui",19
"Khawaja_Awais_Mushtaq",19
"Khawaja_Izhar_Ul_Hassan",19
"Khawaja_Sohail_Mansoor",19
"Khursheed_Abbas",19
"Khursheed_Ali",19
"Khushbakht_Shujat",19
"Kiran_Muhammad_Ali",19
"Kokab_Bukhari",19
"m_Ameen_Watoo",19
"Mahrukh_Mirza",19
"Major_r__Habib_Ur_Rehman_Khan_Myo_Advocate",19
"Makhdoom_Syyed_Zawar_Hussain",19
"Malik_Abdul_Hameed_Awan",19
"Malik_Abdul_Rehman_Dehwar",19
"Malik_Ameer_Abdullah_Awan",19
"Malik_Amjid_Hussain_Uttera",19
"Malik_Aurang_Zaib_Awan",19
"Malik_Ejaz_Ahmad_Channar",19
"Malik_Javed_Khan",19
"Malik_Mazhar_Hussain",19
"Malik_Muhammad_Asif_Awan",19
"Malik_Muhammad_Asim",19
"Malik_Subhoh_Saddiq",19
"Malik_Tanveer_Hussain",19
"Malik_Zafar_Iqbal_Boorh",19
"Mangharam",19
"Manzoor_Joori",19
"Maqsood_Ahmed_Awan",19
"Maryam_Bibi",19
"Maulana_Noor_Ul_Haq",19
"Mazhar_Ali_Alvi",19
"Mazhar_Hussain",19
"Mehar_Tajamal_Hussain_Luck",19
"Mehboob_Alam",19
"Mehmood_Qadir_Khanzada",19
"Mehr_Tariq_Maqsood_Advocate",19
"Mian_Aftab_Ahmad_Qureshi",19
"Mian_Muhammad_Ateeq_Sheikh",19
"Mian_Nadeem_Anwar",19
"Mian_Sarfraz_Watto",19
"Mian_Tariq_Ali_Bodla",19
"Mihtab_Hayat_Khan",19
"Mir_Sanaullah_Khan_Murghazani",19
"Mirza_Muhammad_Jameel_Raza",19
"Mohammad_Salman_Khan_Baloch",19
"Mohammad_Umer_Agha_Awaan",19
"Mohammad_Zubair_Anjum",19
"Mohsin_Badshah_Advocate",19
"Mr__Ghulam_Mohiuddin_Durrani__Advocate_",19
"Mr__Rana_Fateh_Muhammad_Rajput",19
"Mr_ferozuddin_Narejo",19
"Mrs__Khush_Bakhat_Shujaat",19
"Mudassar_Ejaz",19
"Muhamamd_Moin_Aamer_Pirzada",19
"Muhammad_Abdul_Rauf_Siddiqui",19
"Muhammad_Adrees",19
"Muhammad_Akhtar",19
"Muhammad_Akram_Arain_Advocate",19
"Muhammad_Aleem",19
"Muhammad_Ali_Jawad",19
"Muhammad_Ali_Rodeni",19
"Muhammad_Amin",19
"Muhammad_Amin_Wattoo_",19
"Muhammad_Anwar_Khantareen",19
"Muhammad_Arif_Brohi",19
"Muhammad_Asif_Jah",19
"Muhammad_Aslam__Retired_",19
"Muhammad_Azam",19
"Muhammad_Hafeez_Tabassum",19
"Muhammad_Hanif_Ansari",19
"Muhammad_Hussain_Awan",19
"Muhammad_Ilyas",19
"Muhammad_Imran_Gill",19
"Muhammad_Imran_Ijaz_Butt",19
"Muhammad_Jan_Rind",19
"Muhammad_Jawed_Hanif_Khan",19
"Muhammad_Jumma_Changazi",19
"Muhammad_Junaid_Niaz_Siddiqui",19
"Muhammad_Meraj_Ahmed",19
"Muhammad_Mureed_Brohi",19
"Muhammad_Muzammil_Qureshi",19
"Muhammad_Pervaiz",19
"Muhammad_Ramzan_Lashari",19
"Muhammad_Rashid_Saleem_Khanzada",19
"Muhammad_Rehan_Hashmi",19
"Muhammad_Roshan_Khan",19
"Muhammad_Saeed_Anwar",19
"Muhammad_Saleem",19
"Muhammad_Saleem_Langah",19
"Muhammad_Sarwar_Alvi",19
"Muhammad_Shafique",19
"Muhammad_Shafique_Bhatti",19
"Muhammad_Shahid",19
"Muhammad_Talib_Bhatti",19
"Muhammad_Tariq_Pachar",19
"Muhammad_Tufail_Thakar_Advocate",19
"Muhammad_Yaseen",19
"Muhammad_Zakir_Shaikh",19
"Muhammad_Zunbair_Anjum",19
"Mujahid_Abbas_Khan",19
"Mulana_Abdul_Baqi_Torkhel",19
"Mumtaz_Bhai",19
"Munawar_Ali_Chohan",19
"Munawar_Ali_Choohan_",19
"Munir_Ahmed_Pathan",19
"Munzleen",19
"Mushtaq_Ali",19
"Mustafa_Kamal",19
"Muzammil_Hussain_Joyia",19
"Nadeem_Brohi_Bhai",19
"Naeem_Ajmal_Khan_Lashari_Bedar",19
"Najma",19
"Naseem_Akhtar",19
"Naseer_Ahmed_Farooqi",19
"Nasir_Ayyub_Awan_Advocate",19
"Naveed_Akhter_Khan",19
"Naveed_Hasan",19
"Nawab_Ali",19
"Nazir_Ahmed_Abbasi",19
"Nazir_Hussain",19
"Nazli_Ifat_Tabasum",19
"Nisar_Ahmed_Shar",19
"Nisar_Ahmed_Sultan_Tanoli",19
"Noor_Ahmad",19
"Noor_Mohammad_Sahito",19
"Paras",19
"Peer_Nasir_Saqlalin_Muhammadi",19
"Pir_Bux_Solangi",19
"Pir_Syed_Farzand_Ali_Shah",19
"Pir_Zaman_Shah",19
"Poonjo_Bheel_Advocate",19
"Prem_Chand",19
"Prof__Mushtaq_Hussain_Mughal",19
"Prof_muhammad_Sagheer_Choudhary_",19
"Professor_Khursheed_Ahmed_Siddiqui",19
"Qalib_Abbas_Malik",19
"Qayum_Khan",19
"Rai_Muhammad_Younas",19
"Raja_Ajaz_Hussain",19
"Rana_Abdul_Rehman_Sultani",19
"Rana_Farhat_Ali_Advocate",19
"Rana_Muhamamd_Ashraf",19
"Rana_Muhammad_Abu_Bakar",19
"Rana_Muhammad_Arif_Raza",19
"Rana_Muhammad_Arshad_Khan",19
"Rana_Nisar_Ahmed",19
"Rana_Sajid_Mehmood_Advocate",19
"Rana_Zafar_Ali_Khan",19
"Rana_Zahoor_Ul_Haq_Advocate",19
"Rana_Zulqarnain_Khan",19
"Rao_Abdul_Qayoum_Khan_Advocate",19
"Rao_Abdul_Qayyum_Khan_Advocate",19
"Rao_Muhammad_Farman_Uarf_Chotu_Chacha",19
"Razia_Iqbal",19
"Razziq_Mehmood_Bhatti",19
"Riaz_Shar",19
"Rizwan_Zafar",19
"S_a_iqbal_Qadri",19
"Saba_Anwar",19
"Sadiq_Iftikhar",19
"Saifullah_Khan",19
"Sajid_Ahmed",19
"Sajid_Wahab_Khanzada",19
"Sajjad_Ahmad_Naseem",19
"Sakhi_Dad_Mari",19
"Salahuddin",19
"Samia_Naz",19
"Sardar_Afzaal_Ahmed_Madahar_Advocate",19
"Sardar_Ameer_Qalam_Awan",19
"Sardar_Ghulam_Mujtaba_Khan",19
"Sardar_Nabeel_Ahmed_Gabol",19
"Sarfaraz_Khan",19
"Sarwar_Khan_Lashri_Advocate_High_Court_",19
"Shabbir_Ahmed_Qaimkhani",19
"Shah_Nawaz_Mahar",19
"Shahid_Akram",19
"Shahid_Khan_Advocate",19
"Shahid_Parvaiz_Dogar_Advocate",19
"Shahid_Sultan",19
"Shahinshah_Khuddar",19
"Shaikh_Salahuddin",19
"Shakeel_Ahmed",19
"Shaukatullah_Farooqui",19
"Shehbaz_Khan_Umrani",19
"Shehzad_Asif_Javed",19
"Sheikh_Qaisar_Javed",19
"Sheikh_Salahuddin",19
"Sher_Muhammad_Nohri",19
"Siraj-Ud-Din",19
"Sohail_Ahmed_Abbasi",19
"Sufyan_Yousuf",19
"Suhail_Ahmed_Abbasi_Advocate_",19
"Suheno",19
"Syed_Akhter_Ul_Iqbal_Qadri",19
"Syed_Ali_Abbas_Shah",19
"Syed_Ali_Raza_Abidi",19
"Syed_Ashraf_Hussain_Shah",19
"Syed_Asif_Hasnain",19
"Syed_Baqar_Ahsan",19
"Syed_Farzand_Ali_Shah",19
"Syed_Ghulam_Shabbir_Shah",19
"Syed_Haider_Abbas_Rizvi",19
"Syed_Imran_Abdullah_so_Syed_Muhammd_Abdullah_Shah",19
"Syed_Imran_Hyder_Shah",19
"Syed_Iqbal_Hussain",19
"Syed_Jamil_Ur_Rab",19
"Syed_Jehan_Shah__Retd_",19
"Syed_Munir_Ul_Haq_Advocate_Attock",19
"Syed_Murtaza_Hussain_Shah",19
"Syed_Nadeem_Hyder_Shah_Advocate",19
"Syed_Nadeem_Mansoor",19
"Syed_Naveed_Anjum_Bukhari",19
"Syed_Rafi_Uddin",19
"Syed_Riffat_Hussain_Shah",19
"Syed_Tayyab_Hussain",19
"Syed_Waseem_Hussain",19
"Syed_Zafar_Iqbal_Bukhari",19
"Syed_Zahid_Ali_Shah",19
"Ubedullah",19
"Waheed_Ahmed_Mughal",19
"Waheed_Ud_Din",19
"Walidad",19
"Waseem_Ahmed",19
"Waseem_Akhter",19
"Wasiullah_Lakhoo",19
"Wing_Commander_r__Muhammad_Nawaz_Asim",19
"Zafar_Iqbal",19
"Zaheer_Ahmed",19
"Zahid_Ali_Ujjan",19
"Zahid_Mehmood_Kiani",19
"Zair_Ullah_Khan",19
"Zameer_Ahmed",19
"Zeeshan_Hasan_Sidhu_Advocate",19
"Zulfiqar_Ali",19
"Arbab_Liaquat_Ali",19
"Jaffar_Ali",19
"Mohsin_Sajjad_Utraa",19
"Muntazir_Mehdi",19
"Ruqia_Sultana",19
"Syed_Arif_Raza_Zaidi",19
"Syeda_Zainab_Kazmi",19
"Abdul_Kareem_Khetran",19
"Abdul_Khaliq_Baloch",19
"Dr_Abdul_Hayee_Baloch",19
"Haji_Musa_Jan_Khilji",19
"Mir_Muhammad_Ayoub_Jattak",19
"Mmad_Yasin_Baloch",19
"Sardar_Kamal_Khan_Bangulzai",19
"Sardar_Sanaullah_Zehri_",19
"Yar_Muhammad_Bangulzai",19
"Faqir_Jamshid_Ahmad",19
"Farah_Noreen",19
"Rasheed_Ahmad_Khan_Langha",19
"Saleem_Abbas",19
"Khalil_Ahmed",19
"Shoaib_Amjad_Pervaiz",20
"Makhdoom_Muhammad_Ehsan",21
"Bashir_Khan",22
"Malik_Annayat_Ullah_Khokhar",22
"Rajkumar",22
"Engineer_Usman_Khan_Tarrakai",23
"Mahr_Ghulam_Mustafa_Mangan_Advocate",24
"Mohtarma_Nazish_Aslam_Advocate",24
"Muhammad_Zafar_Iqbal_Gujjar",24
"Mushtaq_Ahmad_Bhatti",24
"Qari_Nasir_Mahmood_Mughal",24
"Rana_Akbar_Abbas",24
"Rana_Basharat_Ali",24
"Sayyeda_Nighat_Ishfaq",24
"Abdul_Khaliq_Shamas",25
"Abdul_Razaque",25
"Begum_Shahmeem_Arshad_Minhas",25
"Ch_Dilbar_Hussain_Ghaffari",25
"Chaudhary_Muhammad_Iqbal_Gujjar",25
"Gulana_Bibi",25
"Kanwar_Aamir_Sami",25
"Mahboob_Aftab_Khan",25
"Muhammad_Nasrullah_Arain",25
"Muhammad_Rashid",25
"Muhammad_Usama_Nawaz",25
"Nawab_Imran_Khan_Khilji",25
"Sheikh_Rashid_Ahmed",25
"Syed_Mustafsir_Hussain_Bukhari",25
"Syed_Rehan_Ali",25
"Zafar_Ahmed_Ghori",25
"Commander__r__Ayoub_Malik",26
"Fanoos_Gujar",26
"Ghulam_Qadir_Alias_Papu",26
"Khan_Zada",26
"Mian_Abdul_Qayum",26
"Mian_Ashiq_Hussain_Kamyana_Advocate",26
"Muhammad_Aslam_Miraj",26
"Muhammad_Athar_Khan_Advocate",26
"Raziq_Dad",26
"Gul_Muhammad_Bhatti",27
"Gull_Muhammad_Bhatti__Retired_",27
"Sardar_Sher_Zaman_Khan_Qaisrani",27
"Makhdoom_Syed_Sami_Ul_Hassan_Gillani",28
"Muhammd_Farooq_Azam_Malik",28
"Bahi_Khan",29
"Jasim",29
"Khalid_Hussain_Magsi",29
"Manzoor_Ahmed",29
"Mir_Shah_Jahan_Khan_Khetran",29
"Prince_Ahmed_Omar_Ahmedzai",29
"Qadha_Babar",29
"Rubina_Irfan",29
"Syed_Abdul_Karim",29
"Saeed_Ahmed",29
"Muhammad_Rizwan",29
"Maqsood_Ahmed",29
"Khalil_Ur_Rehman",29
"Ali_Muhammad",29
"Masood_Ahmed",29
"Zaeem_Ud_Din_Abid",29
"Ubaid_Ullah",29
"Ahmad_Ikhwan",29
"Ali_Hassan",29
"Aman_Ullah",29
"Amjad_Arbab_Abbasi",29
"Asjad_Hussain",29
"Fayyaz_Ahmed_Tabassum",29
"Gul_Hassan",29
"Haji_Fateh_Din",29
"Latif_Ahmed_Hussain",29
"Mian_Muhammad_Raza",29
"Mian_Noor_Ahmad",29
"Mubashir_Hussain",29
"Mudassar_Hussain_Shah",29
"Muhammad_Amir_Awan",29
"Muhammad_Anwar_Abbasi",29
"Muhammad_Asif_Sulehria",29
"Muhammad_Ayoub_Butt",29
"Muhammad_Aziz",29
"Muhammad_Ijaz_Arshad",29
"Muhammad_Khalil",29
"Muhammad_Nadeem",29
"Muhammad_Naveed_Akhtar",29
"Muhammad_Rafi",29
"Muhammad_Shahzad",29
"Muhammad_Usman",29
"Mujahid_Mahmood",29
"Naseer_Khan",29
"Naveed_Akram",29
"Pervaiz_Iqbal_Virk",29
"Salwat_Shahzad_Khan",29
"Sardar_Muhammad_Mansoor_Khan",29
"Shafique_Ahmad",29
"Sohail_Babar",29
"Abrar_Hussain",29
"Abdul_Wajid",29
"Muhammad_Iqbal",29
"Abdul_Rehman_Shar",29
"Abrar_Ahmad",29
"Aftab_Ahmad_Joiya",29
"Alaf_Khan",29
"Allah_Bachaya",29
"Allah_Bakhsh",29
"Allah_Baksh",29
"Ameen",29
"Amjad_Naeem",29
"Anbreen_aka_Hena",29
"Asad_Jawad_Khan_Sherwani",29
"Ashique_Hussain",29
"Asif_Mahmood",29
"Asim_Irshad_Khan",29
"Atiq_Ur_Rehman",29
"Azhar_Hussain",29
"Azhar_Mehmood",29
"Bilal_Liaqat",29
"Chaudhary_Zulfiqar_Ali_Gujjar",29
"Chaudhry_Abdul_Kraim",29
"Chaudhry_Alhamza_Hussain_Cheema",29
"Chuadhary_Muhammad_Riaz",29
"Faisal_Bashir",29
"Faisal_Hasan_Khan",29
"Faqeer_Hussain_Dogar",29
"Farzand_Nasim",29
"Ghulam_Farid",29
"Ghulam_Meeran_Shah_Gilani",29
"Ghulam_Mohyu_Din",29
"Ghulam_Murtaza",29
"Ghulam_Rasool_Kalwar",29
"Ghulam_Sarwar_Khatti",29
"Ghulam_Yaseen",29
"Habib_Ul_Maalik_Khan",29
"Hafiz_Abid_Hussain",29
"Hafiz_Farrukh_Saleem",29
"Hafiz_Imran_Siddiq",29
"Hafiz_Khawar_Ikhlas",29
"Hafiz_Muhammad_Abubakar",29
"Hafiz_Muhammad_Ahmad_Bukhari",29
"Hafiz_Muhammad_Hamid",29
"Hafiz_Muhammad_Hamid_Mehmood_Kagani",29
"Hafiz_Muhammad_Saad_Rizvi",29
"Hafiz_Muneeb_Ahmad",29
"Hafiz_Sher_Muhammad_Sialvi",29
"Hafiz_Shoukat_Ali_Jatoi",29
"Haji_Allah_Dad",29
"Hamid_Mehmood_Faizi",29
"Ikram_Ullah",29
"Imran_Haider",29
"Imtiaz_Dogar",29
"Irfan_Ali_Bhatti",29
"Irshad_Ali_Babar",29
"Israr_Ahmed",29
"Javed_Akhtar_Abbasi",29
"Kashif_Ullah",29
"m_Habib",29
"Majid_Hussain",29
"Malik_Azhar_Ahmad_Sandila",29
"Malik_Kamran_Rasheed",29
"Manzoor_Elahi",29
"Matloob_Ahmad",29
"Mehtab_Ahmad",29
"Mir_Muhammad_Aslam",29
"Mohammad_Zaheer_u_Din_Pechuho",29
"Mohsin_Raza",29
"Mudassar_Ali",29
"Muhamamd_Mazhar_Mahmood",29
"Muhamamd_Waseem",29
"Muhammad_Ahmad_Majeed",29
"Muhammad_Ahsan",29
"Muhammad_Akbar",29
"Muhammad_Akhtar_Abbasi",29
"Muhammad_Akram",29
"Muhammad_Akram_Tahir",29
"Muhammad_Ali",29
"Muhammad_Ali_Langrial",29
"Muhammad_Amad_Khan_Wajid",29
"Muhammad_Amin_Uddin_Sialvi",29
"Muhammad_Amjad_Ali",29
"Muhammad_Amjad_Jameel",29
"Muhammad_Arif",29
"Muhammad_Asad_Iqbal",29
"Muhammad_Athar_Amin",29
"Muhammad_Farooq",29
"Muhammad_Farooq_Ul_Hassan",29
"Muhammad_Ghulam_Rasool",29
"Muhammad_Hussain_Babar",29
"Muhammad_Irfan_Qureshi",29
"Muhammad_Ismail_Hussaini",29
"Muhammad_Ismail_Shah",29
"Muhammad_Jahangeer",29
"Muhammad_Jawad_Saleem",29
"Muhammad_Kamran_Aulakh",29
"Muhammad_Khurram_Riaz",29
"Muhammad_Luqman",29
"Muhammad_Mehmood_Qadri",29
"Muhammad_Munir",29
"Muhammad_Mushtaq_Rehmani",29
"Muhammad_Noman_Khalid",29
"Muhammad_Qasim_Jakhro",29
"Muhammad_Rashid_Shah",29
"Muhammad_Raza_Khan",29
"Muhammad_Sajid",29
"Muhammad_Saleh",29
"Muhammad_Sarfraz",29
"Muhammad_Shafi_Khan",29
"Muhammad_Shafiq",29
"Muhammad_Shafiq_Ul_Hai",29
"Muhammad_Shahid_Iqbal",29
"Muhammad_Sharjil_Gopalani",29
"Muhammad_Sohail_Manzoor",29
"Muhammad_Taimoor_Khalid",29
"Muhammad_Tayyab",29
"Muhammad_Umer_Jan",29
"Muhammad_Wakeel",29
"Muhammad_Waseem",29
"Muhammad_Yaqub",29
"Muhammad_Yar_Mehboob_Khar",29
"Muhammad_Younis",29
"Muhammad_Zaheer_Mughal",29
"Munawar_Ali",29
"Nadeem_Zafar",29
"Najeeb_Ullah_Durrani",29
"Naseer_Ahmed",29
"Nasir_Ali",29
"Niamat_Ullah",29
"Pie_Muhammad_Ali_Sarhandi",29
"Qari_Ghulam_Akber",29
"Qazi_Tahir_Mahmood",29
"Raja_Saleem_Abid",29
"Raja_Sohail_Akhtar_Satti",29
"Rana_Muhammad_Rafique",29
"Rao_Atif_Ali_Khan",29
"Rao_Dilnawaz",29
"Ray_Munsif_Shabbir_Ahmad",29
"Rehmat_Ullah",29
"Sadam_Hussain",29
"Saeed_Ullah",29
"Saif_Ur_Rahman",29
"Sajjad_Akbar_Abbasi",29
"Sajjad_Hussain_Shah",29
"Saqib_Hussain",29
"Shabana_Kouser",29
"Shahbaz_Ahmed",29
"Shahid_Ullah",29
"Shahzada_Shahbaz",29
"Shehzad_Ullah_Chatha",29
"Shujaat_Ali",29
"Sohail_Anwar",29
"Syed_Asif_Ullah_Shah_Bukhari",29
"Syed_Atta_Ullah_Shah_Bukhari",29
"Syed_Iqbal_Hussain_Shah",29
"Syed_Ishrat_Jahania_Bukhari",29
"Syed_Jahanzaib_Bukhari",29
"Syed_Kashif_Ali_Shah",29
"Syed_Muhammad_Ali_Shah",29
"Syed_Muhammad_Atta_Ul_Hasnain_Ali",29
"Syed_Muhammad_Irfan_Shah",29
"Syed_Muhammad_Sarwar_Shah",29
"Syed_Munir_Hussain",29
"Syed_Shahid_Zahoor_Gillani",29
"Syed_Shamin_Raza",29
"Syed_Zaheer_Ul_Hassan_Shah",29
"Syed_Zaman_Ali_Jafri",29
"Tahir_Riaz",29
"Tahir_Uddin_Shah",29
"Tariq_Maqsood",29
"Ubedullah_Jamro",29
"Wahid_Bakhsh",29
"Waseem_Nisar",29
"Waseem_Zafar",29
"Wazir_Ahmed_Noorani",29
"Zahid_Hameed_Gujjar",29
"Zahir_Shah",29
"Zameer_Hussain",29
"Zamurd_Abbas_Khan",29
"Abid_Wazir",30
"Mohsin_Khan",30
"Muhammad_Ajmal_Siddique",30
"Muhammad_Fahad",30
"Muhammad_Mazhar_Jaffar",30
"Nisar_Ahmad_Khattak",30
"Syed_Anis_Raza_Naqvi",30
"Waqas_Ahmad",30
"Nadeem_k_Joseph",31
"Naila_Joseph_Dayal",31
"Bashir_Hussain_Shah",32
"Chaudhary_Muhammad_Adnan_Mushtaq_Chanjotra",33
"Asad_Javed_Khan",34
"Abdul_Khaliq_Hazara",35
"Barkat_Ali_Thamki",35
"Muhammad_Raza",35
"Hussain_Baloch",36
"Hidayat_Ur_Rehman_Baloch",37
"Imtiaz_Alam",38
"Muhammad_Muzammil",38
"Agha_Syed_Sibtian_Haider_Sabzwari",39
"Ali_Gohar_Shah__Retired_",39
"Kazim_Ali_Shah",39
"Manzoor_Ali",39
"Rana_Intizar_Hussain",39
"Riaz_Hussain_Al_Hussaini__Retired_",39
"Syed_Azizullah_Shah",39
"Syed_Gazanfar_Abbas",39
"Syed_Mujahid_Abbas_Shah",39
"Raja_Zafar_Iqbal",40
"Muhammad_Ashraf_Khan_Niazi",41
"Rana_Muhammad_Ashraf_Advocate",41
"Muhammad_Hanif_Ullah",42
"Syed_Manzoor_Gillani",42
"Hafiz_Hasham_Elahi_Zaheer",43
"Ibtesam_Elahi_Zaheer",43
"Ibtisam_Elahi_Zaheer",43
"Mutasim_Elahi_Zaheer",43
"Gul_Muhammad",44
"Muhammad_Farooq_Rajput",44
"Nawabzada_Shazain_Bugti",44
"Nawabzada_Talal_Akbar_Bughti",44
"Nawabzada_Talal_Akbar_Bugti",44
"Rana_Umar_Nazir_Ahmad_Khan",44
"Sardar_Zia_Ul_Haq",44
"Shah_Wali",44
"Talal_Akbar_Bugti",44
"Dad_Muhammad",45
"Ghulam_Hyder_Jakhro",45
"Hafiz_Fazal_Muhammad_Barech",45
"Haji_Molvi_Muhammad_Hanif",45
"Malik_Abdul_Qayum_Kakar",45
"Mohammad_Nawaz_Katoher",45
"Molana_Abdul_Qadir_Luni",45
"Mollana_Mehmood_Ul_Hassan_Qasmi",45
"Moulana_Asmatullah",45
"Muhammad_Nazeer",45
"Qari_Nazir_Ahmed",45
"Sardarzada_Mir_Saeed_Ahmed_Langove",45
"Ubaid_Ur_Rehman",45
"Syed_Nadeem_Anjum",46
"Mir_Abdul_Majid_Abro",47
"Mir_Abdul_Majid_Abroo",47
"Majida_Abro",48
"Muhammad_Faiq",48
"Abdul_Basit",49
"Hazoor_Baksh",49
"Ijaz_Ahmad",49
"Ikhtiar_Ahmed",49
"Mir_Muhammad_Ali_Reki_Baloch",49
"Muhammad_Jawad",49
"Nawab_Zada_Shahzain",49
"Aizaz_Haider",50
"Baqa_Muhammad",50
"Ahmed_Noonari",51
"Zeeshan",51
"Dr_Sarfraz_Ahmad_Cheema",52
"Syed_Ghulam_Abul_Hassan_Shah",52
"Wajid_Hussain_Mughal",52
"Syed_Muhammad_Mafooz_Mushadi",53
"Ajab_Khan",54
"Essa_Khan",54
"Gul_Meer_Khan",54
"Gulab_Khan",54
"Gull_Meer_Khan",54
"Hakeem_Khan",54
"Badshah_Rawan",54
"Mohsin_Faraz",54
"Muhammad_Ebrahim_Ali",54
"Sohail_Wahab",54
"Abdul_Ghaffar_Khan_Mohmand",54
"Ahmad_Raza",54
"Akbar_Khan",54
"Dr_Siraj_Ud_Din",54
"Farooq_Ahmad",54
"Haji_Muhammad_Umar",54
"Irshad_Alam_Khan",54
"Khalil_Saeed",54
"Masood_Ahmed_Saeed",54
"Muhamamd_Ibrar",54
"Muhammad_Khan",54
"Nasir_Mahmood_Chaudhry",54
"Sami_Ullah_Luni",54
"Amjad_Ali",54
"Bakhtiar_Ali",54
"Fida_Mohammad",54
"Malik_Haider_Khan",54
"Mian_Abdul_Latif",54
"Najeebullah_Durrani",54
"Sher_Wali",54
"Sikandar_Hayat_Khan",54
"Abul_Salam",54
"Eid_Muhammad",54
"Zia_Ul_Haq",54
"Khadam_Hussain",55
"Nadeem_Mumtaz_Qureshi",55
"Meer_Rab_Nawaz_Khan",56
"Habib_Noor",57
"Malik_Habib_Malak_Orakzai",57
"Noor_Jamal_Shah",57
"Major_General_Saad_Khattak",58
"Zulfiqar_Ali_Dasti",58
"Saira_Khatoon",59
"Sayyed_Khalid_Mehmood_Shah",59
"Shahid_Ahmad",59
"Moulana_Abdul_Hafiz",60
"S_m_Farooq",60
"Ali_Adrees",61
"Syed_Zahid_Abbas_Kazmi",61
"Abdul_Aziz_Khan",62
"Ghulam_Habib_Marwat",62
"Makhdoom_Nasir_Farid_Chishti",62
"Rubina_Shaheen_Wattoo",62
"Imam_Ali_Brohi",63
"Danish_Channa",64
"Muhammad_Jaffar_Jatoi",64
"Raheeman",64
"Ch_muhammad_Ashraf",65
"Nawab_Zada_Mansoor_Ahmad_Khan",65
"Abdul_Shakoor",66
"Admiral_r_Javaid_Iqbal",66
"Admiral_r_Javed_Iqbal",66
"Ameer_Ahmad_Awan",66
"Asghar_Ali_Javed",66
"Choudhary_Muhammad_Rafi",66
"Hafiz_Muhammad_Abid_Khan_Saeedi",66
"Khalid_Jamal_Siddiqui",66
"Muhammad_Salman_Ansari",66
"Nasir_Raheem",66
"Nazar_Ali_Mazari",66
"Rahmaan_Alli",66
"Syed_Ahmed_Ali",66
"Syed_Iqbal_Shah",66
"Syed_Rashid_Ali_Gerdazi",66
"Tariq_Yaseen",66
"Muhammad_Mumtaz",66
"Zaffar_Iqbal_Gurmani",66
"Miss_Mehwish_Chaudhary",67
"Mrs_Mehwish_Chaudhry_Advocate",67
"Muhammad_Ali_Sheikh",68
"Ilhaaj_Muhammad_Hassan_Chaudhry",69
"Muhammad_Yousuf_Kureshy",70
"Abdul_Ghafoor_Kolachi",71
"Malik_Zulfiqar_Hussain",71
"Muhammad_Amir_Wattoo",71
"Syed_Muhammad_Asad_Shah_Athar",71
"Tariq_Iqbal",71
"Abd-Ul-Qadoos_Awan",72
"Syed_Yousaf_Shah",72
"Ch_Muhammad_Yaseen_Cheema",73
"Ch_Shoukat_Ali_Cabail",73
"Arslan_Ul_Mulk_Dhariwal",74
"Meharban_Saeen_Rana_Abdul_Ghafoor_Mian",75
"Inzar_Gul",76
"Adil_Farooq_Khan",77
"Asif_Mamon",77
"Chaudhary_Muhammad_Younas_Hanjra",77
"Choudhary_Amjad_Mehmood",77
"Fozia_Ashraf",77
"Ijaz_Ahmed_Cheena",77
"Imran_Ahmad_Khan",77
"Mozaffer_Ali",77
"Muhammad_Ahmad_Chatha",77
"Muhammad_Fiaz_Qadri",77
"Muhammad_Mutahar_Ramzan",77
"Syed_Ghulam_Abbas_Shah",77
"Syed_Safdar_Ali",77
"Safdar_Zaman",78
"Akbar_Dars",79
"Mohammad_Hussain",79
"Muhammad_Asghar_Dars",79
"Mir_Zarak_Khan_Zehri",80
"Naveed_Akhtar_Khan",81
"Gohar_Ali_Khan",82
"Meher_Muhammad_Jhangir_Advocate",82
"Tauseef_Ur_Rehman_Bhatti_Advocate",82
"Khurram_Muhammad_Qamar",83
"Mahmood_Ahmad_Khan_Qalandar_",84
"Mehmood_Qalandar",84
"Alamgir_Khan",85
"Ihsan_Ullah_Khan_Mahsood",85
"Muhammad_Sultan",85
"Raja_Muhammad_Ashraf",85
"Kaleem_Ullah",86
"Sardar_Taimoor",86
"Khaqan_Waheed_Khuwaja",87
"Ahmad_Nawaz_Khan",88
"Prof_javeed_Sandhu",88
"Daud_Ahmed_Fakhri",89
"Farzana_Parveen",89
"Jahangir_Hussain_Jafari",89
"Muhammad_Bilal_Hussain",89
"Muhammad_Zahid_Bashir",89
"Rizwan_Ahmed_Khan",89
"Sumbul_Akhtar",89
"Syed_Muhammad_Ishrat_Ghazali",89
"Imtiaz_Khan",90
"Mubeen_Malik",90
"Shabbir_Ahmed_Anjum",90
"Shafaqaat_Ahmad",90
"Taimoor_Ahmad_Yar_Khan",90
"Tayyaba_Mubarak",90
"Muhammad_Syed",91
"Anwar_Hussain",92
"Shahid_Iqbal",92
"Syed_Rashid_Hussain_Shah",92
"Chaudhry_Zahid_Iqram",93
"Aijaz_Ali_Khokhar",94
"Rahim_Bakhsh",94
"Shahid_Anjum",94
"Qadeer_Hussain",95
"Abdul_Samad_Khan",96
"Hazrat_Umar",96
"Irfan_Karim",96
"Muhammad_Arif_Khan",96
"Muhammad_Jibran",96
"Sara_Ashfaq",96
"Shahbaz_Ali",96
"Yasir_Ali",96
"Aneela_Iftikhar",97
"Arshad_Ahmad_Qamar",97
"Chaudhry_Salik_Hussain",97
"Chaudhry_Tariq_Bashir_Cheema",97
"Hussain_Ellahi",97
"Muhammad_Jameel_Ahmed_Khan",97
"Muhammad_Tariq_Hassan",97
"Musa_Elahi",97
"Riaz_Ahmed_Jan",97
"Shakeel_Ahmed_Roshan",97
"Syed_Faizan_Anis",97
"Muzaffar_Ahmed",98
"Syed_Faqir_Hussain_Shah_Bukhari",99
"Zahid_Parvez",100
"Hafiz_Abdul_Rauf",101
"Aamir_Khan",102
"Abdullah_Abbasi",102
"Afzal_Hayat",102
"Fateh_Ali_Muawiya",102
"Fehmeed_Nawaz",102
"Hafiz_Allah_Ditta",102
"Khurram_Shehzad",102
"Luqman_Khan",102
"Muhammad_Arsalan_Khalid",102
"Muhammad_Aslam_Iqbal",102
"Muhammad_Muzammal_Nazir",102
"Rustam_Khan",102
"Wajid_Kiyani",102
"Waqas_Qudoos",102
"Waseem_Ahmad",103
"Muhammad_Majeed",104
"Abdul_Razaq_Shahid",105
"Muhammad_Hanif_Mughal",106
"Maazullah_Khan",107
"Muhammad_Sherwan_Amirzada",107
"Muhammad_Yaqub_Alvi",108
"Ibtsaam_Illahi_Zahir",109
"Sardar_Rafiq_Ar_Sanjrani",109
"Hajiani",110
"Ameer_Ali_Pate_Wale",111
"Muhammad_Aslam_Khan",111
"Ghulam_Fareed_Koreja",112
"Khawja_Ghulam_Fareed_Koreja",112
"Muhammad_Wazeer_Khan_Dundam_Advocate",112
"Ahmad_Kamran_Thaeem_Ansari",113
"Allah_Nawaz",113
"Muhammad_Sardar_Bahadur_Khan",114
"Muhammad_Asim",115
"Majeeda_Maria",116
"Malik_Muhammad_Tufail",116
"Syed_Ali_Raza",116
"Zawar_Hussain",116
"Ali_Afsar_Tanoli",117
"Fakhar_e_Alam_Urf_Hazrat",117
"Fida_Hussain",117
"Major_Rtd_Jameel_Ehsan_Kiyani",117
"Mohammad_Ashfaque",117
"Sardar_Haider_Zaman",117
"Sardar_Muhammad_Iqbal_Khan",117
"Manzoor_Ali_Bhatti",118
"m_Raza",119
"Moulana_Abdul_Quddoos",119
"Mukhtar_Ali",119
"Nasar_Ullah_Khan",119
"Farrukh_Bashir",120
