"Candidate_ID","Betweenness"
"Abdul_Rehman",388137.826829336
"Ghulam_Qadir",230579.962943765
"Muhammad_Ramzan",214496.501573923
"Muhammad_Ishaq",187827.185846083
"Atta_Ur_Rehman",174783.46141589
"Muhammad_Riaz",171921.11924875
"Abdul_Aleem_Khan",171847.933917758
"Muhammad_Yousaf",159768.041263785
"Ghulam_Rasool",158895.454144319
"Muhammad_Afzal",156523.245690549
"Sajid_Ali",145017.707098432
"Syed_Javed_Ali_Shah",138436.985000962
"Abdul_Khaliq",132682.043126662
"Sher_Akbar_Khan",130808.476907651
"Abdul_Qadir",122026.621422246
"Muhammad_Tahir",115102.716558598
"Saif_Ullah",113207.533304804
"Muhammad_Aslam",110629.263620105
"Aijaz_Ali",110228.331318101
"Mian_Muhammad_Asif",103189.29084557
"Muhammad_Ismail",101558.678615075
"Aziz_Ur_Rehman",96949.2162564384
"Nisar_Ahmad",96258.6471815763
"Umar_Farooq",92947.5105929876
"Imran_Khan",92305.6071027364
"Imran_Ali",87576.7450607334
"Muhammad_Asghar",86310.1815171272
"Niaz_Muhammad",84564.9951514351
"Syed_Inayat_Ali_Shah",83106.4116154461
"Ehsanullah_Reki",81161.690638992
"Khalid_Ahmed_Khan_Lund",81161.690638992
"Mustafa_Nawaz_Khokhar",81161.690638992
"Ahmad_Raza_Maneka",78751.8178312118
"Ayaz_Amir",78751.8178312118
"Malik_Sohail_Khan",78751.8178312118
"Omar_Ayub_Khan",78751.8178312118
"Liaqat_Ali",77668.6338242342
"Abdul_Qayyum",77392.0894385582
"Nasir_Abbas",77382
"Nasir_Khan",77345.5995980622
"Abdullah",76559.9951571944
"Abdul_Bari",76469.8946981504
"Abdul_Hameed",72203.4575907667
"Muhammad_Younas",71876.7960835878
"Abdul_Hakeem_Baloch",70849.6127114458
"Anwar_Ul_Haq_Chaudhary",70849.6127114458
"Asghar_Ali_Shah",70849.6127114458
"Jalal_Khan_Khattak",70849.6127114458
"Sardar_Muhammad_Mushtaq_Khan",70849.6127114458
"Syed_Fakhar_Imam",70849.6127114458
"Sajjad_Ahmad",70829.1641739175
"Muhammad_Zaman",70620.5703085451
"Muhammad_Rafiq",69800.9214752088
"Abdul_Rauf",69376.7348199731
"Muhammad_Anwar",69213.6650207711
"Ghulam_Muhammad",66954.3185939844
"Muhammad_Amjad",66532.3157998991
"Sardar_Ghulam_Mustafa_Khaskheli",66352.1684983573
"Syed_Mukhtar_Hussain_Shah",66352.1684983573
"Saeed_Ur_Rehman",63129.5833452316
"Abdul_Waheed_Khan",59924.1174299959
"Tahir_Iqbal",59643.2226879284
"Muhammad_Shafique",57688.893177969
"Muhammad_Rafique",56507.3137589998
"Amjad_Ali_Khan",55999.868554592
"Pir_Dilawar_Shah",55354.8604621584
"Sardar_Meer_Badshah_Khan_Qaisrani",53577.1641739176
"Irfan_Ahmed",53430.8712137572
"Aurang_Zeb_Khan",52988.5571773152
"Ali_Asghar_Rind",52574.2237203292
"Mian_Tariq_Mehmood",52574.2237203292
"Muhammad_Yaqoob",52574.2237203292
"Syed_Sajjad_Hussain_Shah",52574.2237203292
"Khalid_Mehmood",52209.0900564031
"Ghulam_Haider",51725.9206761813
"Manzoor_Ahmed",50351.5186515804
"Jahangir_Khan_Tareen",48588.2771497462
"Ghulam_Abbas",47707.0959455509
"Waheed_Ahmad",46994.1309481871
"Muhammad_Naeem",46905.6888702073
"Zulfiqar_Ali_Shah",46905.6888702073
"Mehmood_Khan_Achakzai",46581.9268513334
"Haji_Ghulam_Qadir_Noohani",45925.9591583036
"Malik_Sikandar_Khan",45925.9591583036
"Maulana_Fazal_Ur_Rehman",45925.9591583036
"Maulana_Mian_Hussain_Jalali",45925.9591583036
"Moulana_Abdullah_Pahore",45925.9591583036
"Rahat_Hussain",45925.9591583036
"Imtiaz_Hussain",45606.6786150758
"Abdul_Jabbar_Khan",45398.909727913
"Amanullah_Khan",44790.6545163877
"Haider_Ali_Khan",44790.6545163877
"Muhammad_Zia_Ul_Haq",44790.6545163877
"Noor_Alam_Khan",44790.6545163877
"Muhammad_Sadiq",44786.2056325817
"Muhammad_Asif",43809.2710469649
"Zafar_Iqbal",43791.3340886885
"Usman_Ghani",43624.0472085604
"Ghulam_Nabi",43560.4494503484
"Abid_Hussain",42690.9203170521
"Dawa_Khan",41868.7902708036
"Ghulam_Sarwar_Khan",41868.7902708036
"Muhammad_Nawaz_Khan",41868.7902708036
"Sardar_Muhammad_Yaqoob",41868.7902708036
"Naveed_Iqbal",40594.6915474681
"Muhammad_Rizwan",40132.7229757331
"Muhammad_Iqbal_Khan",39308.0472085603
"Muhammad_Nawaz",39308.0472085603
"Safdar_Ali",39308.0472085603
"Abdul_Rashid",38484.0851703099
"Syed_Asghar_Ali_Shah",38043.7583963878
"Javed_Iqbal",37974.0874674556
"Hamza",37505.8405358817
"Sohail_Ahmad",37505.8405358817
"Abdul_Baqi",37039.4104259713
"Muhammad_Ali_Rashid",37039.4104259713
"Muhammad_Malik",37039.4104259713
"Munir_Ahmad",37039.4104259713
"Nabeel_Ahmed_Gabol",37039.4104259713
"Raja_Imran_Ashraf",37039.4104259713
"Riaz_Ahmed",37039.4104259713
"Sohail_Mansoor_Khawaja",37039.4104259713
"Karim_Ali_Jatoi",35482.9308066202
"Syed_Ghous_Ali_Shah",35482.9308066202
"Muhammad_Haris",35179.2710469649
"Naseer_Ahmed_Kakar",34472
"Ubaid_Ullah",34143.8524408704
"Muhammad_Ibrahim",33048.691051928
"Saif_Ur_Rehman",33048.691051928
"Saleh_Muhammad",33048.691051928
"Usman_Ali",33048.691051928
"Jehangir_Khan",32093.3820733415
"Abdul_Razzaq",30238.3368883826
"Muhammad_Ijaz-Ul-Haq",30170
"Hameed_Hussain",30170
"Ghulam_Mustafa",29733.4273293888
"Abdul_Qayyum_Khan_Jatoi",28755.3272941489
"Amanullah",28755.3272941489
"Barrister_Gohar_Ali_Khan",28755.3272941489
"Dost_Muhammad_Khan",28755.3272941489
"Hassan_Sardar",28755.3272941489
"Makhdoom_Shah_Mehmood_Qureshi",28755.3272941489
"Malik_Karamat_Ali_Khokhar",28755.3272941489
"Muhammad_Afzal_Sindhu",28755.3272941489
"Rana_Muhammad_Faraz_Noon",28755.3272941489
"Salim_Rehman",28755.3272941489
"Sardar_Mansoor_Hayat_Tamman",28755.3272941489
"Sardar_Khan",26035.670537688
"Abdul_Sattar",25895.4660854264
"Daniyal_Aziz",25248.0984078244
"Ghulam_Bibi_Bharwana",25248.0984078244
"Mian_Riaz_Hussain_Pirzada",25248.0984078244
"Muhammad_Mehboob_Sultan",25248.0984078244
"Naseem_Muhammad_Khan",25248.0984078244
"Rao_Muhammad_Ajmal_Khan",25248.0984078244
"Sardar_Awais_Ahmad_Khan_Leghari",25248.0984078244
"Tahir_Bashir_Cheema",25248.0984078244
"Saeed_Ahmed",24821.3674529328
"Sahibzada_Muhammad_Hamid_Raza",24750.3943881212
"Abdul_Ghafoor",24532.8271086808
"Abdul_Wahab",24097.8735206369
"Khurram_Shahzad",24097.8735206369
"Muhammad_Abbas",24097.8735206369
"Rashid_Ali",24097.8735206369
"Zaka_Ullah",24097.8735206369
"Muhammad_Azam",23597.7836540238
"Aftab_Ahmad_Khan_Sherpao",23502.0108333736
"Mian_Muhammad_Rasheed",22310.8933760058
"Muhammad_Amin",22231.3340886885
"Noor_Muhammad",22206.4495253508
"Gul_Asghar_Khan",21985.7718369238
"Mir_Ali_Nawaz_Talpur",21560
"Muhammad_Sher_Khan",21560
"Muhammad_Ijaz_Ul_Haq",21560
"Atta_Ullah_Khan",20907.9514090669
"Malik_Tariq_Mehmood",20612.1335545623
"Babar_Ali",18693.6797622919
"Muhammad_Qasim",18672.735941157
"Muhammad_Hassan",17886.6959742818
"Iftikhar_Ahmed",17829.9266385296
"Abdul_Rasheed",17612.5061351515
"Abdul_Wajid",17371.2546165338
"Muhammad_Iqbal",17371.2546165338
"Muhammad_Tahir_Makhdoom",17252
"Syed_Ali_Hussain",16406.683075977
"Naveed_Anjum_Khan",15679.413640312
"Ajab_Khan",15548.1495971091
"Abdul_Hameed_Khan",15161.9449614125
"Muhammad_Javed",15161.9449614125
"Nazir_Ahmed",15161.9449614125
"Kamal_Shah",15153.7775750869
"Muhammad_Jameel",14978.3849062901
"Hizbullah",14575.039679462
"Khalid_Mahmood",14392.9035702335
"Muhammad_Nasrullah",14392.9035702335
"Syed_Faisal_Imam",14327.1699219604
"Muhammad_Saeed",14205.7651229831
"Muhammad_Arshad",14041.8867308181
"Shah_Abdul_Aziz",14038.6740944877
"Muhammad_Imran",13773.3131360278
"Irfan_Ullah",13677.0626279324
"Muhammad_Ijaz",13677.0626279324
"Muhammad_Mushtaq",13677.0626279324
"Muhammad_Zubair",13677.0626279324
"Hamayun_Akhtar_Khan",13571.9268458596
"Majid_Khan",13532.1510977851
"Muhammad_Saleem_Khan",13532.1510977851
"Deedar_Ali",13514.9196423897
"Muhammad_Shahid",12992.8602299928
"Muhammad_Yaseen",12992.8602299928
"Saleem_Abbas",12942
"Haji_Muhammad_Gulzar_Awan",12942
"Muhammad_Latif",12942
"Gul_Hassan",11777.7118006124
"Muhammad_Owais_Siddiqui",11350.2168495511
"Muhammad_Bilal",11267.7665735842
"Abdul_Latif",10778.3100495334
"Muhammad_Alam",10778.3100495334
"Muhammad_Hanif",10285.4545388397
"Abdul_Majeed",9912.40362901741
"Muhammad_Azhar",9277.38567883021
"Muhammad_Saddiq",8630.00000000001
"Abdul_Shakoor",8630.00000000001
"Fida_Muhammad",8629.99999999999
"Muhammad_Ayoub",8442.62834664653
"Abdul_Razzaque",7507.06864068175
"Abdul_Aziz",7136.78364501612
"Muhammad_Jamal_Ud_Din",7136.78364501612
"Muhammad_Wali_Shah",7136.78364501612
"Abdul_Mohsin",7010.6693484555
"Akhtar_Ali_Khan",7010.6693484555
"Akhtar_Muhammad",7010.6693484555
"Bilal_Qudrat_Butt",7010.6693484555
"Liaqat_Baloch",7010.6693484555
"Mahmood_Ul_Hassan",7010.6693484555
"Muhammad_Riaz_Farooq_Sahi",7010.6693484555
"Muhammad_Yousuf",7010.6693484555
"Sahibzada_Tariq_Ullah",7010.6693484555
"Shah_Faisal_Afridi",7010.6693484555
"Syed_Javed_Hussain_Shah",7010.6693484555
"Abdul_Malik",6263.65493458938
"Maqsood_Ahmed",6037.48467128882
"Muhammad_Irfan",5813.08121067733
"Abdul_Khaliq_Rehmani",5737.19066561437
"Imdad_Ali",5737.19066561437
"Muhammad_Ashraf",5694.78133314695
"Shah_Nawaz",5344.62859784835
"Sana_Ullah",5159.34096727468
"Naqeeb_Ullah",5139.65761954138
"Ashiq_Ali",5038.9110465814
"Abdul_Jabbar",4994.20880203134
"Nasir_Mahmood",4475.33260028602
"Sheikh_Rasheed_Ahmed",4316.00000000001
"Taj_Muhammad",4316
"Fanoos_Gujar",4316
"Aziz_Ullah",4316
"Nasir_Mehmood",4225.94911905768
"Bibi_Yasmeen_Shah",4207.45236687235
"Ghous_Bux_Khan_Mahar",4207.45236687235
"Pir_Sajjad_Saeed_Jan_Sirhandi",4207.45236687235
"Syed_Qurban_Ali_Shah",4207.45236687235
"Qaisar_Jamal",3615.69399243873
"Malik_Matloob_Ali_Awan",1703.65510946015
"Muhammad_Khan",1299.03633390547
"Habib_Ur_Rehman",799.290718970535
"Muhammad_Tahir_Khan",461.055918268554
"Khalil_Ur_Rehman",335.603911858412
"Mirza_Zulfiqar_Ahmed",0
"Nawab_Amber_Shahzada",0
"Nawab_Doctor_Amber_Shahzada",0
"Nawab_Dr__Amber_Shehzada",0
"Noor_Hussain",0
"Rashida_Naeem",0
"Waqar_Ahmed",0
"Ehsaamuddin",0
"Arslan_Khan_Manj",0
"Mirza_Tariq_Mehmood",0
"Muhammad_Ali_Khan_Yousafzai",0
"Muhammad_Amin_Watoo",0
"Muhammad_Kashif",0
"Syed_Muhammad_Hussain",0
"Sadeed_Anver_Malik_Kashir",0
"Zain_Ul_Abideen",0
"Rana_Muhammad_Ali",0
"Akhtar_Nawaz_Faisal_Daryana",0
"Amoon_Pasha",0
"Arshad_Ali",0
"Asghar_Abbas",0
"Ashar_Jahangir",0
"Ch__Muhamamd_Ilyas",0
"Ch_Ghulam_Dastageer",0
"Chaudhary_Tanveer_Ahmed_Advocate",0
"Choudhry_Gulzar_Hussain_Gohar_Advocate",0
"Dilshad_Rind",0
"Farid_Ullah_Bazai",0
"Ghulam_Qadir_Bajwa",0
"Haji_Rashid_Ahmed_Khan_Rana",0
"Iftikhar_Ud_Din",0
"Israr_Ahmad_Chishti_Advocate",0
"Jawaid_Ahmed_Khan",0
"Khalid_Ibrar",0
"Makhdeem_Syed_Zahid_Hussain",0
"Makhodzada_Syed_Hasan_Raza_Gillini",0
"Malik_Azhar_Mehmood",0
"Malik_Fakhar_Iqbal_Wattoo",0
"Malik_Hamid_Mehmood",0
"Malik_Muhammad_Iqbal_Jora",0
"Malik_Muhammad_Siddique_Advocate",0
"Malik_Nisar_Ahmad_Thind",0
"Malik_Shamriz_Awan",0
"Malik_Zia_Ul_Haque_Tiwana",0
"Mashood_Ahsan_Gill",0
"Mian_Nadeem_Ahmed_Saleemi",0
"Mirza_Bilal_Baig",0
"Mohammad_Sharif_Rind",0
"Muhammad_Asim_Ishtiaq",0
"Muhammad_Ghufran_Rajput",0
"Muhammad_Khaliq_Siddique",0
"Muhammad_Naseer",0
"Muhammad_Nisar_Butt",0
"Muhammad_Sharif_Noori",0
"Muhammad_Zeb",0
"Mushtaq_Ahmed_Khan_Mughal",0
"Nadir_Khan",0
"Nasar_Ullah_Khan_Jarral",0
"Paras_Shah",0
"Qaiser_Nawaz_Khan_Babar",0
"Qasim_Ali",0
"Raja_Amir_Rasheed",0
"Rana_Arshad_Saeed_Khan",0
"Riaz_Ahmad",0
"Riaz_Hussain_Sewag",0
"Sahibzada_Ahmed_Raza_Khan_Qasoori",0
"Saira_Goga_Daughter_of_Goga_Pehalwan",0
"Saqlain_Abbas_Bangash",0
"Saradar_Sikandar_Hayat_Khan_Goopang",0
"Sardar_Ghulam_Mustafa",0
"Sarmir_Khan",0
"Shafiur_Rahman",0
"Shaheen_Munawer",0
"Shoaib_Khaskhali",0
"Syed_Adnan_Haider_Jafri",0
"Syed_Ali_Abbas_Kazmi",0
"Syed_Imran_Sultan",0
"Syed_Marghoob_Hussain_Abdi",0
"Syed_Naveed_Ali_Shah",0
"Syed_Sajjad_Hussain_Shah_Kazmi",0
"Syed_Zakir_Shah",0
"Tayyaba_Zameer",0
"Waheed_Depal",0
"Waseem_Akhter_Raja",0
"Yar_Badshah",0
"Mian_Saghir_Ahmed_Malvi",0
"Muhammad_Naseem_Sadiq",0
"Sheikh_Rashid_Shafiq",0
"Abdul_Matin_Khan",0
"Abdul_Rasheed_Nasir",0
"Abdul_Rehman_Khan_Yousufzai",0
"Abdur_Rauf",0
"Ahmad_Ali",0
"Ahmad_Khan",0
"Ahmadullah",0
"Ahmed_Zaman",0
"Aimal_Wali_Khan",0
"Alhaj_Ghulam_Ahmad_Bilour",0
"Aman_Masood",0
"Ameer_Haider_Azam_Khan",0
"Amir_Haider_Khan",0
"Amir_Nawab",0
"Anwar_Zaib",0
"Arbab_Inam_Ullah_Khan",0
"Arbab_Mohammad_Ayub_Jan",0
"Arbab_Muhammad_Zahir_Khan",0
"Arbab_Najeeb_Ullah_Khan",0
"Arbab_Najeeb_Ullah_Khan_Khalil",0
"Arshad_Mansoor_Shah",0
"Arshad_Sohail",0
"Asfandiyar_Wali_Khan",0
"Asfandyar_Wali_Khan",0
"Asghar_Khan",0
"Ashraf_Ullah",0
"Asif_Ali",0
"Bahadar_Khan",0
"Bashir_Khan_Umerzai",0
"Bismillah_Jan",0
"Bismillah_Jan_Luni",0
"Ch__Ghulam_Mustafa",0
"Dost_Muhammad",0
"Doulat_Ali",0
"Dr_Sherbaz_Khan",0
"Engineer_Noor_Ahmed_Khan",0
"Faisal_Imran_Khan_Niazi",0
"Farid_Ullah_Dumar",0
"Gul_Afzal",0
"Habib_Ullah_Khan",0
"Hafiz_Zardullah_Khan_Hassan_Zai_",0
"Haji_Ghulam_Ahmad_Bilour",0
"Haji_Naseem-Ur-Rehman",0
"Haji_Nizamuddin_Kakar",0
"Haji_Rehmanullah",0
"Hameed_Ullah",0
"Hamid_Khan_Toofan",0
"Hamidullah_Khan",0
"Inayat_Khan",0
"Iqbal_Zaib_Khan",0
"Irfan_Ali",0
"Irshad_Khan",0
"Jumma_Khan_Babar",0
"Kabir_Ahmed_Sher",0
"Khadija_Bibi",0
"Khan_Parvez",0
"Khan_Zeb",0
"Khudai_Dad",0
"Khursheed_Begum_Saeed",0
"Khurshid",0
"m_Shafi",0
"Maj_r__Mahr_Muhammad_Ramzan",0
"Malik_Dad_Muhammad_Tareen",0
"Malik_Darya_Khan",0
"Malik_Muhammad_Usman_Achakzai_",0
"Mamoon_Khan_Kakar",0
"Masood_Abbas",0
"Masood_Abbas_Khattak",0
"Mian_Babar_Shah_Kaka_Khel",0
"Mohammad_Ayub_Khan_Advocate",0
"Mohammad_Farooq_Khan",0
"Muhammad_Ayaz_Khan",0
"Muhammad_Ayub_Khan",0
"Muhammad_Azam_Khan",0
"Muhammad_Daud_Khan_Khattak",0
"Muhammad_Farooq_Bangsh",0
"Muhammad_Farooq_Khan",0
"Muhammad_Fayaz_Khan",0
"Muhammad_Hashim_Babar",0
"Muhammad_Kamal",0
"Muhammad_Khan_Afridi",0
"Muhammad_Riaz_Khan",0
"Muhammad_Sajid_Taheem_Advocate",0
"Muhammad_Sharif_Khattak",0
"Muhammad_Taimoor_Khan",0
"Muhammad_Younus_Khan",0
"Muhammad_Zahid_Khan",0
"Muhibullah_Kakar",0
"Munir_Shah",0
"Muzafer_Ul_Mulk",0
"Muzaffar-Ul-Mulk",0
"Naik_Muhammad_Kakar",0
"Naimat_Khalil",0
"Nawabzada_Khawaja_Muhammad_Khan_Hoti_Alias_Toti_Khan",0
"Nawabzada_Mohamamd_Amin_Khan_Jogezai",0
"Nawaz_Ali_Burfat",0
"Nisar_Ahmed",0
"Noor_Ahmed",0
"Noor_Aslam",0
"Owais_Khan",0
"Perviz_Khan_Advocate",0
"Qalandar_Bux",0
"Rahmat_Shah_Sael",0
"Rana_Mushtaq_Ahmad",0
"Sadeed_Ur_Rehman",0
"Sadid_Ur_Rahman",0
"Sajid_Mahmood",0
"Saqib_Ullah_Khan",0
"Sarfaraz_Khan_Jadoon",0
"Shah_Hussain",0
"Shah_Mohammad",0
"Shahi_Khan",0
"Shahi_Khan_Sherani",0
"Shahnawaz_Khanzada",0
"Shahzia_Batul",0
"Shazia_Bibi",0
"Sheheryar_Khan",0
"Sher_Nawaz_Khattak",0
"Sherullah_Khan",0
"Sultan_Khan_Mandokhail",0
"Sultan_Khan_Mandokhel",0
"Syed_Abdul_Qayyum",0
"Syed_Basharat_Hussain",0
"Syed_Haider_Ali_Shah",0
"Syed_Haroon_Shah",0
"Syed_Karam_Darwesh",0
"Syed_Masood_Shah",0
"Syed_Muhammad_Afzal",0
"Syed_Muhammad_Hanif",0
"Syed_Muzafar_Ali_Shah_Jan",0
"Tariq_Hameed_Khattak",0
"Umar_Hayat",0
"Umar_Khan",0
"Waris_Khan",0
"Zain_Umar_Arbab",0
"Zarbali_Syed",0
"Shoaib_Amjad_Pervaiz",0
"Makhdoom_Muhammad_Ehsan",0
"Bashir_Khan",0
"Malik_Annayat_Ullah_Khokhar",0
"Rajkumar",0
"Jawad_Aziz",0
"M_iqbal_Haider",0
"Molvi_Iqbal_Haider_Advocate",0
"Moulvi_Iqbal_Haider",0
"Engineer_Usman_Khan_Tarrakai",0
"Mahr_Ghulam_Mustafa_Mangan_Advocate",0
"Mohtarma_Nazish_Aslam_Advocate",0
"Muhammad_Zafar_Iqbal_Gujjar",0
"Mushtaq_Ahmad_Bhatti",0
"Qari_Nasir_Mahmood_Mughal",0
"Rana_Akbar_Abbas",0
"Rana_Basharat_Ali",0
"Sayyeda_Nighat_Ishfaq",0
"Abdul_Khaliq_Shamas",0
"Abdul_Razaque",0
"Begum_Shahmeem_Arshad_Minhas",0
"Ch_Dilbar_Hussain_Ghaffari",0
"Chaudhary_Muhammad_Iqbal_Gujjar",0
"Gulana_Bibi",0
"Kanwar_Aamir_Sami",0
"Mahboob_Aftab_Khan",0
"Muhammad_Nasrullah_Arain",0
"Muhammad_Rashid",0
"Muhammad_Usama_Nawaz",0
"Nawab_Imran_Khan_Khilji",0
"Sheikh_Rashid_Ahmed",0
"Syed_Mustafsir_Hussain_Bukhari",0
"Syed_Rehan_Ali",0
"Zafar_Ahmed_Ghori",0
"Commander__r__Ayoub_Malik",0
"Ghulam_Qadir_Alias_Papu",0
"Khan_Zada",0
"Mian_Abdul_Qayum",0
"Mian_Ashiq_Hussain_Kamyana_Advocate",0
"Muhammad_Aslam_Miraj",0
"Muhammad_Athar_Khan_Advocate",0
"Bahri_Room",0
"Gul_Muhammad_Bhatti",0
"Gull_Muhammad_Bhatti__Retired_",0
"Sardar_Sher_Zaman_Khan_Qaisrani",0
"Makhdoom_Syed_Sami_Ul_Hassan_Gillani",0
"Muhammd_Farooq_Azam_Malik",0
"Bahi_Khan",0
"Jasim",0
"Khalid_Hussain_Magsi",0
"Mir_Shah_Jahan_Khan_Khetran",0
"Prince_Ahmed_Omar_Ahmedzai",0
"Qadha_Babar",0
"Rubina_Irfan",0
"Syed_Abdul_Karim",0
"Agha_Hassan_Baloch_Advocate",0
"Gaman_Khan",0
"Ghulam_Hadiar",0
"Haji_Noor_Muhammad_Shahwani",0
"Haq_Nawaz_Buzdar",0
"Jahanzaib_Baloch",0
"Khuda_Bukhsh",0
"Malik_Naveed_Dehwar",0
"Maqbool_Ahmed_Lehri",0
"Mir_Abdul_Ghafoor_Mengal",0
"Mir_Abdul_Rauf_Mengal",0
"Mohammad_Qasim_Roonjho",0
"Muhamamd_Akhtar_Mengal",0
"Muhammad_Akhtar_Mengal",0
"Muhammad_Akhter_Mengal",0
"Muhammad_Hashim",0
"Naib_Faqeer_Muhammad_Zahri",0
"Nawabzada_Aurangzeb_Jogezai",0
"Sayed_Essa_Nori",0
"Shair_Afgan",0
"Syed_Ahsan_Shah",0
"Wadera_Gulzar_Khan",0
"Zahid_Hussain",0
"Abdul_Rauf_Rind",0
"Ghulam_Farooq",0
"Gulam_Farooq",0
"Haji_Muhamad_Azeem",0
"Mir_Ali_Akbar",0
"Mir_Muhammad_Khan_Chandio",0
"Mir_Muhammad_Shoaib_Baloch",0
"Mir_Mujeeb_Rahman_Shahwani",0
"Muhammad_Arif_Badini",0
"Muhammad_Hanif_Baloch",0
"Muhammad_Qayyum_Baluch",0
"Noor_Ahmed_Adil",0
"Noor_Ahmed_Umrani",0
"Sayed_Akber_Shah",0
"Yaqoob_Bizenjo_",0
"Abid_Wazir",0
"Mohsin_Khan",0
"Muhammad_Ajmal_Siddique",0
"Muhammad_Fahad",0
"Muhammad_Mazhar_Jaffar",0
"Nisar_Ahmad_Khattak",0
"Syed_Anis_Raza_Naqvi",0
"Waqas_Ahmad",0
"Nadeem_k_Joseph",0
"Naila_Joseph_Dayal",0
"Bashir_Hussain_Shah",0
"Chaudhary_Muhammad_Adnan_Mushtaq_Chanjotra",0
"Arbab_Ghulam_Rahim",0
"Aurangzaib_Khan",0
"Dilawar_Gulzar",0
"Ghullam_Murtaza_Khan_Jatoi",0
"Kausar_Fatima_Zaidi",0
"Liaquat_Ali_Jatoi",0
"m_Khan_Junejo",0
"Mir_Hussain_Bakhash_Talpur",0
"Muhammad_Faisal",0
"Muhammad_Hassam_Mirza",0
"Muhammad_Mushtaq_Ahmed",0
"Pir_Sadar_Uddin_Shah",0
"Rahila_Magsi",0
"Safdar_Ali_Abbasi",0
"Saira_Bano",0
"Shaheen_Khan",0
"Shaheena",0
"Shaista_Ameer",0
"Shumaila",0
"Syed_Munir_Hyder_Shah",0
"Syed_Mushtaq_Hussain",0
"Syed_Zainulabdin",0
"Umair_Naeem",0
"Asad_Javed_Khan",0
"Abdul_Khaliq_Hazara",0
"Barkat_Ali_Thamki",0
"Muhammad_Raza",0
"Mirza_Hussain",0
"Hussain_Baloch",0
"Hidayat_Ur_Rehman_Baloch",0
"Imtiaz_Alam",0
"Muhammad_Muzammil",0
"Amir_Shehzad",0
"Muhammad_Zia_Khan",0
"Muhammad_Zahid",0
"Aiman_Javed",0
"Bukhtiyar_Ali",0
"Firdous_Ashiq_Awan",0
"Ghulam_Sarwar",0
"Jairam_Das",0
"Jalil_Ahmad_Khan",0
"Mahmood_Baqi_Molvi",0
"Malik_Muhammad_Ahmad_Langrial",0
"Mir_Faiz_Ahmad",0
"Muhammad_Anwar_Azeem_Khan",0
"Muhammad_Aon_Saqlain",0
"Muhammad_Ayaz_Khan_Niazi",0
"Muhammad_Hashim_Dogar",0
"Nargis_Jabeen",0
"Noureen_Iqbal",0
"Rana_Nazeer_Ahmad_Khan",0
"Rasheed_Ahmed",0
"Sharjeel_Mir",0
"Tariq_Mehmood_Qadri",0
"Zunaira_Rehman",0
"Mr_zulfiquar_Ali_Khoso__Retired_",0
"Muhammad_Lateef_Lajpal_Sial",0
"Munir_Ahmad_Zafar",0
"Agha_Syed_Sibtian_Haider_Sabzwari",0
"Ali_Gohar_Shah__Retired_",0
"Kazim_Ali_Shah",0
"Manzoor_Ali",0
"Rana_Intizar_Hussain",0
"Riaz_Hussain_Al_Hussaini__Retired_",0
"Syed_Azizullah_Shah",0
"Syed_Gazanfar_Abbas",0
"Syed_Mujahid_Abbas_Shah",0
"Raja_Zafar_Iqbal",0
"Muhammad_Ashraf_Khan_Niazi",0
"Rana_Muhammad_Ashraf_Advocate",0
"Muhammad_Hanif_Ullah",0
"Syed_Manzoor_Gillani",0
"Hafiz_Hasham_Elahi_Zaheer",0
"Ibtesam_Elahi_Zaheer",0
"Ibtisam_Elahi_Zaheer",0
"Mutasim_Elahi_Zaheer",0
"Gul_Muhammad",0
"Muhammad_Farooq_Rajput",0
"Nawabzada_Shazain_Bugti",0
"Nawabzada_Talal_Akbar_Bughti",0
"Nawabzada_Talal_Akbar_Bugti",0
"Rana_Umar_Nazir_Ahmad_Khan",0
"Sardar_Zia_Ul_Haq",0
"Shah_Wali",0
"Talal_Akbar_Bugti",0
"Bakht_Zar",0
"Muhammad_Asad_Thaniwi_",0
"Rana_Zia_Ahmed_Farooqi_Advocate",0
"Zaheer_Ud_Din_Bader",0
"Dad_Muhammad",0
"Ghulam_Hyder_Jakhro",0
"Hafiz_Fazal_Muhammad_Barech",0
"Haji_Molvi_Muhammad_Hanif",0
"Malik_Abdul_Qayum_Kakar",0
"Mohammad_Nawaz_Katoher",0
"Molana_Abdul_Qadir_Luni",0
"Mollana_Mehmood_Ul_Hassan_Qasmi",0
"Moulana_Asmatullah",0
"Muhammad_Nazeer",0
"Qari_Nazir_Ahmed",0
"Sardarzada_Mir_Saeed_Ahmed_Langove",0
"Ubaid_Ur_Rehman",0
"Syed_Nadeem_Anjum",0
"Abu_Khair_Muhammad_Zubair",0
"Abul_Khair_Mohammad_Zubair",0
"Akhtar_Hussain_Gil",0
"Allama_Muhammad_Yaqoob",0
"Badshah_Muain",0
"Chaudhary_Tariq_Maqsood_Sahi",0
"Doctor_Muhammad_Aslam_Javaid_Awan",0
"Ghulam_Hussain_Farooqi",0
"Hafiz_Ahmed_Ali_Abbasi",0
"Hafiz_Munawar_Hussain",0
"Hafiz_Saeed_Ahmed",0
"Jan_Muhammad_Jat",0
"Khalid_Mahmood_Akhtar_Jajja",0
"Malik_Bashir_Ahmad_Nizami",0
"Mehmood_Ahmad",0
"Mir_Maqbool_Ahmed_Khosa",0
"Mirza_Mukhtar_Ali_Khan",0
"Mohammad_Jaffar",0
"Molana_Miraj_Ud_Din_Sirkani",0
"Molvi_Muhammad_Qasim",0
"Mufti_Abdul_Shakoor_Rizvi",0
"Muhammad_Awais_Siddiqi",0
"Muhammad_Fayaz",0
"Muhammad_Sajjad_Ali_Hamdi",0
"Muhammad_Siddiq_Rathore",0
"Muhammad_Tassaduq_Hussain",0
"Muhammad_Younus",0
"Niaz_Muhammad_Chandio",0
"Pir_Muhammad_Saeed_Ahmad_Nuqshbandi",0
"Pir_Syed",0
"Qari_Hafiz_Muhammad_Zawar_Bahadar",0
"Qazi_Shehzada_Sultan_Ul_Haq",0
"Rajab_Ali",0
"Rao_Azmat_Ullah_Khan",0
"Rashid_Imran_Khan",0
"Seikh_Muhammad_Akram",0
"Shad_Mohammad_Khan",0
"Shah_Muhammad_Owais_Noorani",0
"Tauqeer_Ahmed_Bajwa",0
"Wahid_Ali_Naqshband",0
"Mir_Abdul_Majid_Abro",0
"Mir_Abdul_Majid_Abroo",0
"Abdul_Nazeer",0
"Aurang_Sher",0
"Bakhtiar_Ahmed_Maitlo",0
"Dr_Babur_Zaheer_Uddin",0
"Muhammad_Farooq_Ali",0
"Muhammad_Sarwar_Bin_Pakistan",0
"Muhammad_Yousuf_Nawaz",0
"Sarfraz_Ahmed_Chandio",0
"Abdul_Akbar_Chitrali",0
"Abdul_Jameel_Khan",0
"Abdul_Majeed_Pathan_Advocate",0
"Abdul_Mateen_Akhondzada",0
"Abdul_Mustaan",0
"Akhtar_Mohammad",0
"Anwar_Ul_Haq_Butt",0
"Arshad_Mahmood_Baggu",0
"Asadullah_Bhutto",0
"Atta_Muhammad_Jafri",0
"Atta_Ur_Rahman",0
"Bakhtiar_Maani",0
"Basheer_Ahmed_Mandai",0
"Ch__Ansar_Mahmood",0
"Ch_Manzoor_Hussain",0
"Ch_Zahid_Imran_Korotana",0
"Chaudhary_Bashir_Ahmed",0
"Chaudhery_Asghar_Ali_Gujjar",0
"Chaudhry_Ihsan_Ali",0
"Chaudhry_Sajid_Ali_Chadhar",0
"Choudhry_Abdul_Rehman_Ranga",0
"Choudhry_Muhammad_Anwar",0
"Doctor_Muhammad_Anwar_Shah",0
"Dr__Abdul_Rehman_Ranjha",0
"Dr_Mairaj_Ul_Huda_Siddiqui",0
"Dr_Muhammad_Abdullah",0
"Dr_Muhammad_Arshad_Shahid",0
"Dr_muhammad_Ashraf",0
"Dr_Muhammad_Ubaid_Ullah_Gohar",0
"Engineer_Muhammad_Azeem_Randhawa",0
"Farid_Ahmed_Piracha",0
"Farooq_Ahmad_Chatha",0
"Fazale_Subhan",0
"Gul_Nawaz_Khan",0
"Gulab_Baloch",0
"Habib_Ullah_Cheema",0
"Habib_Ur_Rehman_Abbasi",0
"Hafiz_Khalid_Rauf",0
"Hafiz_Muhammad_Tahir_Aslam",0
"Hafiz_Nasrullah",0
"Hafiz_Salman_Butt",0
"Hafiz_Zubair_Ahmad",0
"Haji_Abdul_Aziz",0
"Haji_Muhammad_Irshad_Mund",0
"Haji_Muhammad_Khalid",0
"Haji_Muhammad_Ramzan",0
"Hameed_u_Deen_Awan",0
"Haroon_Ur_Rasheed_Nizami_Advocate",0
"Hikmat_Khan",0
"Hizbullah_Jhakro",0
"Israr_Ahmed_Sheikh",0
"Israr_Ullah",0
"Jaffer_Ali_Nizamani",0
"Khalid_Mahmood_Virk",0
"Khalid_Mehmood_Mirza",0
"Khawaja_Muhammad_Waqar_Khan",0
"Khuda_Dino",0
"Maehrullah_Khan",0
"Major_r_Muhammad_Ghulam_Sarwar",0
"Major_Retired_Haq_Daad_Ali_Khan",0
"Maulana_Abdul_Malik",0
"Mehrab_Ali",0
"Mian_Asad_Ullah",0
"Mian_Muhammad_Ibhrahim",0
"Mian_Muhammad_Younis",0
"Mian_Mukhtar_Ahmad",0
"Mian_Saleem_Akbar",0
"Mohammad_Awais_Ghumman",0
"Mohammad_Laeeque_Khan",0
"Mohammad_Tariq_Javed_Dar",0
"Mr_Niamatullah_Khan",0
"Muhammad_Arshad_Khan",0
"Muhammad_Farooq_Sheikh",0
"Muhammad_Hanif_Chaudhary",0
"Muhammad_Haq_Nawaz_Khan_Durani",0
"Muhammad_Husain_Mehenti",0
"Muhammad_Ibraheem",0
"Muhammad_Iqbal_Khalil",0
"Muhammad_Irshad_Anwar",0
"Muhammad_Mashal_Khan",0
"Muhammad_Rafique_Nizami_Advocate",0
"Muhammad_Rasool",0
"Muhammad_Sadiq_Malik",0
"Muhammad_Saeed_Khan",0
"Muhammad_Tasleem_Iqbal",0
"Muhammad_Younis_Khattak",0
"Mumtaz_Hussain_Sahto",0
"Naseer_Ahmad",0
"Naveed_Zafar_Shah",0
"Professor_Muhammad_Ibrahim_Khan",0
"Qari_Muhammad_Asif_Gujjar",0
"Rai_Muhammad_Akram_Khan",0
"Raj_Muhammad",0
"Raja_Muhammad_Jawwad",0
"Raja_Muhammad_Nawaz_Kayani",0
"Rana_Javed_Iqbal",0
"Rana_Muhammad_Adnan_Khan",0
"Rana_Zahid_Farooq",0
"Rashid_Nasim",0
"Raza_Ahmed_Shah",0
"Riaz_Ahmad_Bhulla_Advocate",0
"Riaz_Ali_Kazmi",0
"Rizwan_Ahmed",0
"Sabir_Hussain_Awan",0
"Sahib_Zada_Haroon_Ur_Raheed",0
"Sami_Ullah_Jan",0
"Sardar_Riaz_Ahmad_Khan",0
"Sardar_Zafar_Hussain_Khan",0
"Sarfraz_Ahmad_Khan",0
"Shahib_Zada_Muhammad_Yaqub",0
"Sheikh_Muhammad_Mushtaq",0
"Shoukat_Ali_Shaikh",0
"Solat_Majeed_Satti_Advocate",0
"Sultan_Muhammad",0
"Syed_Attaullah_Shah",0
"Syed_Mehr_Hassan_Gillani",0
"Syed_Mohammad_Faheem",0
"Syed_Muhammad_Bilal",0
"Tahir_Siraj",0
"Taj_Muhammad_Khan",0
"Tariq_Javeed_Janjua",0
"Tashkeel_Ahmed_Siddiqui",0
"Taufeequddin_Siddiqui",0
"Uzair_Latif",0
"Waheed_Akhtar",0
"Waleed_Nasir_Choudhary",0
"Yahya_Bakhtiar",0
"Zafar_Jamal_Khan_Advocate",0
"Zahid_Mohibullah_Khan_Advocate",0
"Zahid_Saeed",0
"Zahoor_Ahmad_Watto",0
"Zar_Noor_Afridi",0
"Zubair_Ahmad_Gondal",0
"Zubair_Farooq_Khan",0
"Abd_Ur_Rasheed",0
"Abdul_Fatah_Pathan",0
"Abdul_Hameed_Alias_Arfan",0
"Abdul_Jamil_Khan",0
"Abdul_Kabeer",0
"Abdul_Razzaq_Khalil",0
"Abdul_Waheed_Akhtar",0
"Afifa_Athar",0
"Afrasiab_Khattak",0
"Ahktar_Hussain",0
"Ahmad_Jamil_Rashid",0
"Akbar_Ali_Khan",0
"Akhtar_Hussain_Qureshi",0
"Altaf_Ahmad_Khan",0
"Ameer_Ul_Azeem",0
"Amir_Mahmood_Cheema",0
"Amir_Siddiqui",0
"Anam_Hamza",0
"Anwar_Ul_Haq",0
"Asad_Ullah",0
"Asim_Muneer",0
"Aslam_Khan",0
"Atif_Imran",0
"Atta_Ullah_Hameed",0
"Azhar_Ul_Haq",0
"Babar_Rashid",0
"Bakht_Jehan_Khan",0
"Ch__Abid_Hussain",0
"Chaudhary_Abdul_Sattar",0
"Chaudhary_Asadullah",0
"Chaudhry_Irfan_Aslam",0
"Chaudry_Muhammad_Shoukat",0
"Chaudry_Zulfiqar_Advocate",0
"Dedar_Hussain_Behrani",0
"Dr_Atta_Ur_Rehman",0
"Engr_Muhammad_Sikandar_Asad",0
"Faiz_Miran",0
"Fazal_Ahmed",0
"Fazal_Subhan",0
"Fazal_Ur_Rehman_Niazi",0
"Ghanzanfar_Ali_Bajwa",0
"Ghazan_Iqbal",0
"Hafiz_Aqib_Ismail",0
"Hafiz_Muhammad_Arshad",0
"Hafiz_Nasrullah_Aziz",0
"Haji_Sami_Ullah",0
"Hameed_Ud_Din_Awan",0
"Hammad_Hasan_Lashari",0
"Hashmat_Khan",0
"Hizabullah_Jakhro",0
"Iftikhar_Ahmad_Shaikh",0
"Iftikhar_Nadeem",0
"Imdad_Khan",0
"Imran_Shafiq_Advocate",0
"Imtiaz_Ahmed",0
"Inayat_Ur_Rehman",0
"Iqbal_Khan",0
"Jahangir_Ahmad",0
"Jamal_d_Din",0
"Kamran_Aziz_Ghauri",0
"Kamran_Malik",0
"Kashif_Azam",0
"Khalid_Khan_Yousafzai",0
"Khalid_Mahmood_Mirza",0
"Mahmood_Urf_Mahmood_Illahi",0
"Mairaj_Ul_Huda_Siddiqui",0
"Malik_Abdul_Aziz",0
"Malik_Ghulam_Mohiuddin",0
"Malik_Mateeullah",0
"Malik_Muhammad_Naeem_Haider",0
"Mamtaz_Hussain",0
"Manzoor_Hussain",0
"Maulana_Abdul_Akbar_Chitrali",0
"Maulana_Mehboob_Janan",0
"Maulana_Muhammad_Ismail",0
"Mian_Mohammad_Aslam",0
"Mian_Muslim_Pervaiz",0
"Mir_Muhammad_Baldi",0
"Miraj_Ul_Huda_Siddiqui",0
"Mohtarma_Zaiba_Basharat",0
"Mudassar_Ahmad_Shah",0
"Mufti_Muhammad_Imtiaz_Marwat",0
"Muhammad_Ahmad_Raza",0
"Muhammad_Anwar_Khan",0
"Muhammad_Arif_Gujjar",0
"Muhammad_Arslan_Khan_Khakwani",0
"Muhammad_Ashique",0
"Muhammad_Asim_Khan",0
"Muhammad_Azeem_Tahir_Randhawa",0
"Muhammad_Babar_Khan",0
"Muhammad_Ejaz_Malik",0
"Muhammad_Faisal_Bin_Zair",0
"Muhammad_Hanif_Khan",0
"Muhammad_Ibrahim_Khan",0
"Muhammad_Irfan_Ullah",0
"Muhammad_Ishaq_Khan",0
"Muhammad_Islam",0
"Muhammad_Jabir",0
"Muhammad_Javed_Kasori",0
"Muhammad_Kashif_Chaudhry",0
"Muhammad_Kashif_Gujjar",0
"Muhammad_Musa",0
"Muhammad_Nasir_Nadeem_Gujjar",0
"Muhammad_Rehmat_Ullah_Watto",0
"Muhammad_Safdar_Iqbal",0
"Muhammad_Sami_Ul_Qazi",0
"Muhammad_Shabir_Khanzada",0
"Muhammad_Shahid_Abbas",0
"Muhammad_Sufyan_Abbasi",0
"Muhammad_Tahir_Malik",0
"Muhammad_Tariq_Javed",0
"Muhammad_Tauseef",0
"Muhammad_Umar_Farooq",0
"Muhammad_Usama_Razi_Khan",0
"Muhammad_Waris",0
"Muhammad_Yousaf_Khan",0
"Muhmmad_Mudabbar_Siddique",0
"Mumtaz_Hussain",0
"Munam_Zafar_Khan",0
"Munir_Ahmed_Anjum",0
"Mussawair_Shah",0
"Naeem_Ullah",0
"Naeem_Ur_Rehman_Khan",0
"Nageena",0
"Naheem_Ur_Rehman_Khan",0
"Naveed_Ali_Baig",0
"Noor_Ali",0
"Qamar_Zaman_Cheema",0
"Qari_Saeed_Ahmad",0
"Qasim_Mehmood",0
"Raja_Sajid_Sharif",0
"Rana_Abdul_Waheed",0
"Rana_Muhammad_Afzal",0
"Rana_Muhammad_Sikandar_Azam_Khan",0
"Rasheed_Ahmad",0
"Rashid_Farooq",0
"Rustam_Ali_Saqi",0
"Safia_Khanum",0
"Sahibzada_Haroon_u_Rasheed",0
"Saif_Ud_Din",0
"Sakeena",0
"Salman_Ahmed",0
"Samina_Saeed",0
"Sardar_Abdul_Razaq",0
"Sardar_Karam_Khan",0
"Shafiq_Ahmad_Rouf",0
"Shakeela",0
"Shamas_Ur_Rehman",0
"Sharaf_Ud_Din",0
"Sheikh_Muhammad_Afzaal_Shaheen",0
"Shiekh_Usman_Farooq",0
"Shiraz_Khan_Jadoon",0
"Shoukat_Ali_Bhatti",0
"Siraj_Ul_Haq",0
"Sufi_Khalique_Ahmad_Butt",0
"Sultan_Ahmed_Lashari",0
"Syed_Abdul_Rasheed",0
"Syed_Ahmad",0
"Syed_Arif_Shirazi",0
"Syed_Ghaffar",0
"Syed_Ihsan_Ullah_Waqas",0
"Syed_Tariq_Hussain_Shah_Sherazi",0
"Syed_Umer_Farooq",0
"Syed_Ziaullah_Shah_Bukhari",0
"Tahir_Majeed",0
"Tahir_Mehmood_Butt",0
"Talib_Jan",0
"Tariq_Mateen",0
"Tasheen",0
"Tasnim_Khurshid",0
"Tofiq_Ul_Din_Siddiqui",0
"Tohfa_Dastgir_Ahmad",0
"Umar_Farooq_Kanju",0
"Umar_Gul",0
"Zabeeh_Ullah_Balgan",0
"Zafar_Ali",0
"Zafar_Hussain_Khan",0
"Zaheer_Babar",0
"Zaheer_Ud_Din_Jatoi",0
"Zubair_Ahmed_Gondal",0
"Zubair_Khadim",0
"Zulifqar_Ali_Ahmad",0
"Majida_Abro",0
"Muhammad_Faiq",0
"Abdul_Nabi",0
"Abdul_Nasir",0
"Abdul_Qadir_Luni",0
"Abdul_Sadiq",0
"Abdul_Wahid",0
"Abul_Khair_Muhammad_Zubair",0
"Ameer_Ullah",0
"Arman_Ahmed",0
"Azizullah_Satakzai",0
"Faaiz_Mehmood",0
"Faiz_Ul_Hassan",0
"Fazal_Muhammad_Kakar",0
"Ghous_Baksh_Fareed",0
"Gul_Naseeb_Khan",0
"Hafiz_Ahmed_Ali",0
"Hafiz_Muhammad_Muzaffar",0
"Haji_Naseem_Shah",0
"Ishfaq_Ahmad",0
"Islam_Noor",0
"Khalil_Ahmad",0
"m_Ajmal_Qadri",0
"m_Esa",0
"m_Iqbal",0
"Mahmood_Ahmed_Qadri",0
"Malik_Amjad_Kakar",0
"Mher_Ullah",0
"Mohammad_Ismail_Buledi",0
"Moheb_Ullah",0
"Mufti_Syed_Zain_Ul_Abidin",0
"Muhammad_Bashir_Yousaf",0
"Muhammad_Dawood",0
"Muhammad_Ishtiaq_Khan_Jadoon",0
"Muhammad_Jan",0
"Muhammad_Khalid_Shakir",0
"Muhammad_Maroof",0
"Muhammad_Rizwan_Sheikh",0
"Muhammad_Sadiq_Serani",0
"Noor_Ahmad_Sial",0
"Rao_Azmat_Ullah",0
"Shafi_Ud_Din",0
"Shafi_Ullah",0
"Shaheen_Iqbal",0
"Shuja_Al_Malik",0
"Zubair_Ahmad",0
"Abd_Ul_Ghafoor",0
"Abdul_Haleem",0
"Abdul_Majeed_Anwar",0
"Abdul_Majeed_Hazarvi",0
"Abdul_Qayoom",0
"Abdul_Quyyum",0
"Abdul_Salam",0
"Abdul_Samad_Son_of_Muhammad_Yousuf",0
"Abdul_Wajid_Hussain",0
"Abdullah_Ahmed",0
"Abdur_Rahim_Khan",0
"Abu_Bakar_Brohi",0
"Adnan_Bin_Abdul_Aziz",0
"Agha_Syed_Muhammad_Ayyoob",0
"Ahmad_Mujeeb_Aslam",0
"Ahmed_Naseer",0
"Akhunzada_Irfan_Ullah_Shah",0
"Akram_Khan_Durrani",0
"Allama_Abdul_Raoof_Rabbani",0
"Amin_Ullah",0
"Aneela",0
"Arbab_Kamal_Ahmad",0
"Asad_Mahmood",0
"Asad_Mehmood",0
"Asghar_Ali_Nasir",0
"Asjad_Mahmood",0
"Asmat_Ullah",0
"Attaul_Haq",0
"Azam_Khan",0
"Ch_Waseem_Ahmed",0
"Engineer_Tahir_Iqbal_Orakzai",0
"Fakharul_Hassan",0
"Farooq_Hussain_Shah",0
"Fazal_Ali",0
"Fazal_Ur_Rehman",0
"Fazlullah",0
"Ghulam_Mohammad_Sadiq",0
"Gohar_Ali",0
"Gohar_Mohammad_Khan_Bangesh",0
"Gohar_Muhammad_Khan_Bangash",0
"Hafiz_Abdul_Qadeer",0
"Hafiz_Abdul_Razzak",0
"Hafiz_Abdul_Wadood",0
"Hafiz_Hamdullah",0
"Hafiz_Mahmood_Ul_Hassan",0
"Hafiz_Muhammad_Afzaal",0
"Hafiz_Muhammad_Azam",0
"Hafiz_Muhammad_Jameel_Ahmed",0
"Hafiz_Muhammad_Saeed",0
"Hafiz_Muhammad_Zubair",0
"Hafiz_Shahzad_Bashir",0
"Hajan_Khan_Leghari",0
"Haji_Abdul_Rasheed_Khan_Bhatti",0
"Haji_Ghulam_Ali",0
"Haji_Mangey_Khan_Rahija",0
"Haji_Manzoor_Ahmed_Mengal",0
"Hakeem_Muhammad_Asaad",0
"Hameed_Ullah_Jan_Afridi",0
"Hidayat_Ur_Rehman",0
"Ihsan_Ul_Haq",0
"Ijaz_Ul_Haq",0
"Ilhaj_Pervaiz_Khan_Khattak",0
"Imdad_Ullah_Yousafzai",0
"Ishfaq_Ullah_Khan",0
"Kaleem_Ullah_Khan",0
"Khalid_Mobeen",0
"Khalid_Waleed",0
"Kifayat_Ullah",0
"Liaq_Muhammad_Khan",0
"Makhdoom_Zada_Syed_Muhammad_Zakaria_Shah",0
"Malik_Gulfraz_Ahmad_Faraz",0
"Malik_Naveed_Ahmed_Advocate",0
"Malik_Qadir_Bukhsh",0
"Malik_Zafar_Borrana_Sahab",0
"Maulana_Abdul_Ghafar_Tauhadi",0
"Maulana_Abdullah_Ahmad",0
"Maulana_Abdur_Rashid",0
"Maulana_Fazli_Azeem",0
"Maulana_Haleem_Ur_Rahman",0
"Maulana_Muhammad_Gohar_Shah",0
"Maulana_Nizam_Ud_Din",0
"Maulana_Shirin_Muhammad",0
"Maulvi_Mohammad_Abdullah_Jatak",0
"Mehboobullah_Jan_Baqi",0
"Mir_Baz_Muhammad_Marri",0
"Mir_Hussain",0
"Misbah_Ud_Din_Wald_e_Ahmad_Din",0
"Misbahul_Alam",0
"Mohammad_Akram_Khan",0
"Mohammad_Ibrahim_Jatol",0
"Molana_Abdul_Ghafoor_Haideri",0
"Molana_Ameer_Zaman",0
"Molana_Fazal_Ur_Rehman",0
"Molana_Muhammad_Gohar_Shah",0
"Molana_Muhammad_Iqbal_Rasheed",0
"Molana_Muhammad_Sabir_Aarfi",0
"Molana_Qamar_Din",0
"Mollana_Ghulam_Qadir_Qasmi",0
"Molvi_Mohammad_Ishaque_Laghari",0
"Molvi_Muhammad_Saleh_Alhadad",0
"Moulana_Abdul_Ghafoor_Haideri",0
"Moulana_Abdul_Malik",0
"Moulana_Abdul_Naeem_Nomani",0
"Moulana_Hafiz_Sana_Ullah",0
"Moulana_Mohammad_Khan_Sherani",0
"Moulana_Muhammad_Yakoob_Mahar",0
"Moulana_Noor_Ul_Haq",0
"Moulvi_Agha_Muhammad",0
"Mualana_Muhammad_Qasim",0
"Mufti_Abdul_Shakoor",0
"Mufti_Faizul_Haq",0
"Mufti_Kifayat_Ullah",0
"Mufti_Nazir_Ahmed_Umrani",0
"Mufti_Taj_Ud_Din_Rabani",0
"Muhammad_Abdullah",0
"Muhammad_Akbar_Tabani",0
"Muhammad_Arif_Wald_Meer_Azam_Khan",0
"Muhammad_Ayaz_Chaudhary",0
"Muhammad_Ayub",0
"Muhammad_Hafeezur_Rahman",0
"Muhammad_Nabi",0
"Muhammad_Naseef_Awan",0
"Muhammad_Rafique_Abid_Alwi",0
"Muhammad_Riaz_Shaheen",0
"Muhammad_Saeed_Jan",0
"Muhammad_Safdar",0
"Muhammad_Safi_Ullah",0
"Muhammad_Saleh_Indhar",0
"Muhammad_Sardar",0
"Muhammad_Shah_Zaman",0
"Muhammad_Sharif_Sadwani_Mazari",0
"Muhammad_Sufyan_Muavia",0
"Muhammad_Tahir_Siddique",0
"Muhammad_Talha_Mahmood",0
"Muhammad_Usman_Badini",0
"Muhammad_Uzair_Jagirani",0
"Muhammad_Zakriya",0
"Muhammad_Zubair_Abbasi",0
"Mulana_Ain_u_Din_Shaker",0
"Mulana_Muhammad_Abdul_Majeed_Farooqe",0
"Musammir_Shah",0
"Mushtaq_Ahmad",0
"Niyaz_Ali",0
"Nizam_Din",0
"Nizam_Ud_Din_Lehri",0
"Nizamuddin",0
"Noor_Muhammad_Shah",0
"Obaid_Ullah",0
"Obaid_Ur_Rehman",0
"Pir_Muhammad_Aqal_Shah",0
"Pir_Syed_Alamzeb_Shah",0
"Qaiser_Khan",0
"Qari_Abdul_Aziz",0
"Qari_Attique_Ur_Rehman",0
"Qari_Khalil_Ur_Rehman",0
"Qari_Mohammad_Yousif",0
"Qari_Muhammad_Safdar_Javed",0
"Qari_Muhammad_Shair_Ali",0
"Raheem_Ullah",0
"Rashid_Ahmad_Khan",0
"Rashid_Mahmood_Soomro",0
"Rashid_Mehmood_Soomro",0
"Saad_Sultan",0
"Saeed_Ahmad_Awan",0
"Safeer_Alam",0
"Sahabzada_Hafiz_Aziz_Ur_Rehman_Darkhuwasti",0
"Saida_Jan",0
"Saif_Ullah_Saifi",0
"Saif_Ur_Rehman_Rashidi",0
"Saifullah_Khalid",0
"Salah_Ud_Din",0
"Salahuddin_",0
"Saleem_Ullah",0
"Sardar_Ibrar_Khan",0
"Shafqat_Rehman",0
"Shahzane_Khan",0
"Shamsuddin",0
"Shuja_Ul_Mulk",0
"Siraj_Ud_Din",0
"Sultan_Ahmad",0
"Syed_Abdul_Wadood_Azad",0
"Syed_Haroon_Sultan_Bukhari",0
"Syed_Muhammad_Athar",0
"Syed_Qasim_Shah",0
"Syed_Sami_Ullah",0
"Tanveer_Rasool_Qureshi",0
"Tariq_Sultan",0
"Tipu_Sultan",0
"Umer_Ali",0
"Zafarullah_Khan_Gichki",0
"Zahid_Akram_Durrani",0
"Zia_Ur_Rehman_Tamimi",0
"Fakhar_Ul_Din",0
"Fathe_Muhammad",0
"Ghazanfar_Aziz",0
"Hussain_Ahmed_Madni",0
"Muhammad_Tasadduq",0
"Noor_Alam",0
"Saddam_Ul_Haq",0
"Zia_Ur_Rehman_Amazai",0
"Abdul_Basit",0
"Hazoor_Baksh",0
"Ijaz_Ahmad",0
"Ikhtiar_Ahmed",0
"Mir_Muhammad_Ali_Reki_Baloch",0
"Muhammad_Jawad",0
"Nawab_Zada_Shahzain",0
"Aizaz_Haider",0
"Baqa_Muhammad",0
"Ahmed_Noonari",0
"Zeeshan",0
"Abdullah_Mangi",0
"Aijaz_Ahmed_Sanjrani",0
"Allama_Muhammad_Hasnain_Arif",0
"Asghar_Ali_Mubarik",0
"Darban_Ali_Jaffry",0
"Ehsan_Ullah_Khan_Baluch",0
"Ghulam_Hussain",0
"Hakeem_Muhammad_Tufail",0
"Hakeem_Syed_Jaffar_Hussain_Bukhari",0
"Khair_Mohammad",0
"Khuwaja_Aftab_Ali_Jaafri",0
"Maqsood_Ali_Domki",0
"Molana_Moula_Bux_Murtazai",0
"Muhammad_Askari_Ul_Hidayat",0
"Muhammad_Hussain_Karimi",0
"Muhammad_Ismail_Jaffery",0
"Muhammad_Sarwer",0
"Mukhtar_Ahmed_Chandio",0
"Rasool_Bux_Shah",0
"Shumaila_Bibi",0
"Syed_Asghar_Abbas_Zaidi",0
"Syed_Basheer_Ahmed_Shah_Naqvi",0
"Syed_Muhammad_Hassan_Zaidi",0
"Zaheer_Abass_Hajano",0
"Dr_Sarfraz_Ahmad_Cheema",0
"Syed_Ghulam_Abul_Hassan_Shah",0
"Wajid_Hussain_Mughal",0
"Syed_Muhammad_Mafooz_Mushadi",0
"Ali_Muhammad",0
"Masood_Ahmed",0
"Zaeem_Ud_Din_Abid",0
"Essa_Khan",0
"Gul_Meer_Khan",0
"Gulab_Khan",0
"Gull_Meer_Khan",0
"Hakeem_Khan",0
"Alhaaj_Choudhry_Zulfiqar_Ali",0
"Badshah_Rawan",0
"Mohsin_Faraz",0
"Muhammad_Ebrahim_Ali",0
"Sohail_Wahab",0
"Aasia_Ishaq",0
"Abdul_Jalil_Bazai",0
"Abdul_Kareem",0
"Abdul_Khalid",0
"Abdul_Majeed_Chohan",0
"Abdul_Qadeer_Khan",0
"Abdul_Qadir_Solangi",0
"Abdul_Rasheed_Godil",0
"Abdul_Salam_Ansari",0
"Abdul_Sattar_Chaudhary",0
"Abdul_Sattar_Jatoi",0
"Abdul_Waseem",0
"Abdul_Waseem_Khan_Ghouri",0
"Adbul_Rashid_Godil",0
"Advocate_Sikandar_Ali_Keerio",0
"Advocate_Zulfiqar_Ali_Qazi",0
"Afaq_Shafqat",0
"Aftab_Ahmed_Rajput",0
"Aftikhar_Akbar_Randhawa",0
"Agha_Muhammad_Ali_Khan",0
"Agha_Muhammad_Naved",0
"Ahmed_Ali_Buriro",0
"Ahmed_Gabol",0
"Ahmed_Saleem_Siddiqui",0
"Alam_Dar_Hussain_Shah",0
"Alama_Syed_Farman_Raza_Abidi",0
"Alambardar_Hussain_Rizvi",0
"Ali_Muhammad_Memon",0
"Amin",0
"Aminul_Haque",0
"Anwar_Ali_Khan",0
"Anwer_Sial_Bhai_",0
"Arbab_Abdul_Ghani_Kasi",0
"Arif_Jamal",0
"Arshad_Abdullah_Vohra",0
"Arshad_Iqbal",0
"Arshad_Mahmood_Rabbani",0
"Asad_Ullah_Shah",0
"Asghar_Ali_Parhiar",0
"Asghar_Ali_Parhiar_Advocate",0
"Ashfaq",0
"Atta_Shaikh_Advocate",0
"Aziz_Ullah_Marwat",0
"Babar_Siraj_Mirza",0
"Basir_Ahmad",0
"Begum_Tahira_Asif",0
"Bilal_Hussain",0
"Bisma_Asif",0
"Ch__Hamid_Ali_Wahla",0
"Ch__Muahmmad_Shabbir_Kamboh",0
"Ch__Muhammad_Safdar_Jamna",0
"Ch__Muhammad_Suleman_Gujar",0
"Ch__Zafar_Iqbal",0
"Ch_Abdul_Qayyum_Bajwa_Advocate",0
"Ch_Khalid_Hussain_Bhatti_Advocate",0
"Chaudhry_Iftikhar_Ahmed_Siddhu_Advocate",0
"Chaudhry_Javed_Sarwar",0
"Chaudhry_Munawar_Hafeez",0
"Choudhary_Anwar_Ali_Gill_Advocate",0
"Choudhary_Muhammad_Ilyas",0
"Dev_Das",0
"Dildar_Ahmed_Khaskheli",0
"Doctor_Asif_Rafique",0
"Doctor_Hafiz_Mohammad_Sarwar_Joyia",0
"Dr__Abdul_Qadir_Khanzada",0
"Dr__Ejaz_Hussain",0
"Dr__Farooq_Sattar",0
"Dr__K_s__Mujahid_Khan_Baloch",0
"Dr__Khalid_Maqbool_Siddiqui",0
"Dr__Lala_Rukh_Mustafa",0
"Dr__Muhammad_Ayoub_Shaikh",0
"Dr__Muhammad_Farooq_Sattar",0
"Dr__Mumtaz_Ali_Chandio",0
"Dr__Taj_Hussain_Fani",0
"Dr_Abdul_Razaque_Lashari",0
"Dr_imam_Bux_Khilji",0
"Dr_Muhammad_Musa_Advocate",0
"Dr_nadeem_Ehsan",0
"Dr_Zaib_Un_Nisa",0
"Engineer_Afridi",0
"Engineer_Muhammad_Zakir",0
"Fahmida_Shah_Bukhari",0
"Faiz_Muhammad",0
"Farhan_Chishti",0
"Farhat_Muhammad_Khan",0
"Farkhanda_Khalid",0
"Farrukh_Hussain",0
"Fayyaz_Ali",0
"Fazal_Ul_Rehman",0
"Feroz_Khan",0
"Fouzia_Hameed",0
"Ghaman",0
"Ghazanfar_Anjum_Yousafzai_Advocate",0
"Ghazi_Salahuddin",0
"Ghulam_Akber_Mallah",0
"Ghulam_Asghar_Rind",0
"Ghulam_Farooq_Shahwani",0
"Ghulam_Muhammad_Rajoka",0
"Ghulam_Murtza_Solangi",0
"Ghulam_Mustafa_Sumsam_Qureshi",0
"Ghulam_Yasin",0
"Gulzar_Ali_Mugheri",0
"Habibullah_Khan",0
"Hafeezuddin",0
"Hafiz_Muhammad_Hanif",0
"Haji_Muhammad_Saeed_Arian",0
"Hamid_Mehmood",0
"Hassan_Sabir",0
"Heer_Soho",0
"Hubdar_Ali",0
"Humayu_Usman",0
"Hussain_Bakhsh_Panhwar",0
"Iftikhar_Mughal",0
"Imran_Khan_Rajput",0
"Imtiaz_Ali",0
"Imtiaz_Ali_Lakho",0
"Inayat_Ali_Rind",0
"Inayat_Ul_Haq",0
"Iqbal_Muhammad_Ali_Khan",0
"Irfan_Ali_Bikak",0
"Irfan_Siddique",0
"Irshad_Bano",0
"Izhar_Ul_Haq_Qureshi_Siddiqui",0
"Junaid_Ahmed_Samejo",0
"Junaid_Tariq_Qureshi_Advocate",0
"Kaleem_Khan",0
"Karim_Khan",0
"Kashif_Ali_Khan",0
"Khair_Bux_Khosa",0
"Khalid_Maqbool_Siddiqui",0
"Khawaja_Awais_Mushtaq",0
"Khawaja_Izhar_Ul_Hassan",0
"Khawaja_Sohail_Mansoor",0
"Khursheed_Abbas",0
"Khursheed_Ali",0
"Khushbakht_Shujat",0
"Kiran_Muhammad_Ali",0
"Kokab_Bukhari",0
"m_Ameen_Watoo",0
"Mahrukh_Mirza",0
"Major_r__Habib_Ur_Rehman_Khan_Myo_Advocate",0
"Makhdoom_Syyed_Zawar_Hussain",0
"Malik_Abdul_Hameed_Awan",0
"Malik_Abdul_Rehman_Dehwar",0
"Malik_Ameer_Abdullah_Awan",0
"Malik_Amjid_Hussain_Uttera",0
"Malik_Aurang_Zaib_Awan",0
"Malik_Ejaz_Ahmad_Channar",0
"Malik_Javed_Khan",0
"Malik_Mazhar_Hussain",0
"Malik_Muhammad_Asif_Awan",0
"Malik_Muhammad_Asim",0
"Malik_Subhoh_Saddiq",0
"Malik_Tanveer_Hussain",0
"Malik_Zafar_Iqbal_Boorh",0
"Mangharam",0
"Manzoor_Joori",0
"Maqsood_Ahmed_Awan",0
"Maryam_Bibi",0
"Maulana_Noor_Ul_Haq",0
"Mazhar_Ali_Alvi",0
"Mazhar_Hussain",0
"Mehar_Tajamal_Hussain_Luck",0
"Mehboob_Alam",0
"Mehmood_Qadir_Khanzada",0
"Mehr_Tariq_Maqsood_Advocate",0
"Mian_Aftab_Ahmad_Qureshi",0
"Mian_Muhammad_Ateeq_Sheikh",0
"Mian_Nadeem_Anwar",0
"Mian_Sarfraz_Watto",0
"Mian_Tariq_Ali_Bodla",0
"Mihtab_Hayat_Khan",0
"Mir_Sanaullah_Khan_Murghazani",0
"Mirza_Muhammad_Jameel_Raza",0
"Mohammad_Salman_Khan_Baloch",0
"Mohammad_Umer_Agha_Awaan",0
"Mohammad_Zubair_Anjum",0
"Mohsin_Badshah_Advocate",0
"Mr__Ghulam_Mohiuddin_Durrani__Advocate_",0
"Mr__Rana_Fateh_Muhammad_Rajput",0
"Mr_ferozuddin_Narejo",0
"Mrs__Khush_Bakhat_Shujaat",0
"Mudassar_Ejaz",0
"Muhamamd_Moin_Aamer_Pirzada",0
"Muhammad_Abdul_Rauf_Siddiqui",0
"Muhammad_Adrees",0
"Muhammad_Akhtar",0
"Muhammad_Akram_Arain_Advocate",0
"Muhammad_Aleem",0
"Muhammad_Ali_Jawad",0
"Muhammad_Ali_Rodeni",0
"Muhammad_Amin_Wattoo_",0
"Muhammad_Anwar_Khantareen",0
"Muhammad_Arif_Brohi",0
"Muhammad_Asif_Jah",0
"Muhammad_Aslam__Retired_",0
"Muhammad_Hafeez_Tabassum",0
"Muhammad_Hanif_Ansari",0
"Muhammad_Hussain_Awan",0
"Muhammad_Ilyas",0
"Muhammad_Imran_Gill",0
"Muhammad_Imran_Ijaz_Butt",0
"Muhammad_Jan_Rind",0
"Muhammad_Jawed_Hanif_Khan",0
"Muhammad_Jumma_Changazi",0
"Muhammad_Junaid_Niaz_Siddiqui",0
"Muhammad_Meraj_Ahmed",0
"Muhammad_Mureed_Brohi",0
"Muhammad_Muzammil_Qureshi",0
"Muhammad_Pervaiz",0
"Muhammad_Ramzan_Lashari",0
"Muhammad_Rashid_Saleem_Khanzada",0
"Muhammad_Rehan_Hashmi",0
"Muhammad_Roshan_Khan",0
"Muhammad_Saeed_Anwar",0
"Muhammad_Saleem",0
"Muhammad_Saleem_Langah",0
"Muhammad_Sarwar_Alvi",0
"Muhammad_Shafique_Bhatti",0
"Muhammad_Talib_Bhatti",0
"Muhammad_Tariq_Pachar",0
"Muhammad_Tufail_Thakar_Advocate",0
"Muhammad_Zakir_Shaikh",0
"Muhammad_Zunbair_Anjum",0
"Mujahid_Abbas_Khan",0
"Mulana_Abdul_Baqi_Torkhel",0
"Mumtaz_Bhai",0
"Munawar_Ali_Chohan",0
"Munawar_Ali_Choohan_",0
"Munir_Ahmed_Pathan",0
"Munzleen",0
"Mushtaq_Ali",0
"Mustafa_Kamal",0
"Muzammil_Hussain_Joyia",0
"Nadeem_Brohi_Bhai",0
"Naeem_Ajmal_Khan_Lashari_Bedar",0
"Najma",0
"Naseem_Akhtar",0
"Naseer_Ahmed_Farooqi",0
"Nasir_Ayyub_Awan_Advocate",0
"Naveed_Akhter_Khan",0
"Naveed_Hasan",0
"Nawab_Ali",0
"Nazir_Ahmed_Abbasi",0
"Nazir_Hussain",0
"Nazli_Ifat_Tabasum",0
"Nisar_Ahmed_Shar",0
"Nisar_Ahmed_Sultan_Tanoli",0
"Noor_Ahmad",0
"Noor_Mohammad_Sahito",0
"Paras",0
"Peer_Nasir_Saqlalin_Muhammadi",0
"Pir_Bux_Solangi",0
"Pir_Syed_Farzand_Ali_Shah",0
"Pir_Zaman_Shah",0
"Poonjo_Bheel_Advocate",0
"Prem_Chand",0
"Prof__Mushtaq_Hussain_Mughal",0
"Prof_muhammad_Sagheer_Choudhary_",0
"Professor_Khursheed_Ahmed_Siddiqui",0
"Qalib_Abbas_Malik",0
"Qayum_Khan",0
"Rai_Muhammad_Younas",0
"Raja_Ajaz_Hussain",0
"Rana_Abdul_Rehman_Sultani",0
"Rana_Farhat_Ali_Advocate",0
"Rana_Muhamamd_Ashraf",0
"Rana_Muhammad_Abu_Bakar",0
"Rana_Muhammad_Arif_Raza",0
"Rana_Muhammad_Arshad_Khan",0
"Rana_Nisar_Ahmed",0
"Rana_Sajid_Mehmood_Advocate",0
"Rana_Zafar_Ali_Khan",0
"Rana_Zahoor_Ul_Haq_Advocate",0
"Rana_Zulqarnain_Khan",0
"Rao_Abdul_Qayoum_Khan_Advocate",0
"Rao_Abdul_Qayyum_Khan_Advocate",0
"Rao_Muhammad_Farman_Uarf_Chotu_Chacha",0
"Razia_Iqbal",0
"Razziq_Mehmood_Bhatti",0
"Riaz_Shar",0
"Rizwan_Zafar",0
"S_a_iqbal_Qadri",0
"Saba_Anwar",0
"Sadiq_Iftikhar",0
"Saifullah_Khan",0
"Sajid_Ahmed",0
"Sajid_Wahab_Khanzada",0
"Sajjad_Ahmad_Naseem",0
"Sakhi_Dad_Mari",0
"Salahuddin",0
"Samia_Naz",0
"Sardar_Afzaal_Ahmed_Madahar_Advocate",0
"Sardar_Ameer_Qalam_Awan",0
"Sardar_Ghulam_Mujtaba_Khan",0
"Sardar_Nabeel_Ahmed_Gabol",0
"Sarfaraz_Khan",0
"Sarwar_Khan_Lashri_Advocate_High_Court_",0
"Shabbir_Ahmed_Qaimkhani",0
"Shah_Nawaz_Mahar",0
"Shahid_Akram",0
"Shahid_Khan_Advocate",0
"Shahid_Parvaiz_Dogar_Advocate",0
"Shahid_Sultan",0
"Shahinshah_Khuddar",0
"Shaikh_Salahuddin",0
"Shakeel_Ahmed",0
"Shaukatullah_Farooqui",0
"Shehbaz_Khan_Umrani",0
"Shehzad_Asif_Javed",0
"Sheikh_Qaisar_Javed",0
"Sheikh_Salahuddin",0
"Sher_Muhammad_Nohri",0
"Siraj-Ud-Din",0
"Sohail_Ahmed_Abbasi",0
"Sufyan_Yousuf",0
"Suhail_Ahmed_Abbasi_Advocate_",0
"Suheno",0
"Syed_Akhter_Ul_Iqbal_Qadri",0
"Syed_Ali_Abbas_Shah",0
"Syed_Ali_Raza_Abidi",0
"Syed_Ashraf_Hussain_Shah",0
"Syed_Asif_Hasnain",0
"Syed_Baqar_Ahsan",0
"Syed_Farzand_Ali_Shah",0
"Syed_Ghulam_Shabbir_Shah",0
"Syed_Haider_Abbas_Rizvi",0
"Syed_Imran_Abdullah_so_Syed_Muhammd_Abdullah_Shah",0
"Syed_Imran_Hyder_Shah",0
"Syed_Iqbal_Hussain",0
"Syed_Jamil_Ur_Rab",0
"Syed_Jehan_Shah__Retd_",0
"Syed_Munir_Ul_Haq_Advocate_Attock",0
"Syed_Murtaza_Hussain_Shah",0
"Syed_Nadeem_Hyder_Shah_Advocate",0
"Syed_Nadeem_Mansoor",0
"Syed_Naveed_Anjum_Bukhari",0
"Syed_Rafi_Uddin",0
"Syed_Riffat_Hussain_Shah",0
"Syed_Tayyab_Hussain",0
"Syed_Waseem_Hussain",0
"Syed_Zafar_Iqbal_Bukhari",0
"Syed_Zahid_Ali_Shah",0
"Ubedullah",0
"Waheed_Ahmed_Mughal",0
"Waheed_Ud_Din",0
"Walidad",0
"Waseem_Ahmed",0
"Waseem_Akhter",0
"Wasiullah_Lakhoo",0
"Wing_Commander_r__Muhammad_Nawaz_Asim",0
"Zaheer_Ahmed",0
"Zahid_Ali_Ujjan",0
"Zahid_Mehmood_Kiani",0
"Zair_Ullah_Khan",0
"Zameer_Ahmed",0
"Zeeshan_Hasan_Sidhu_Advocate",0
"Zulfiqar_Ali",0
"Khadam_Hussain",0
"Nadeem_Mumtaz_Qureshi",0
"Meer_Rab_Nawaz_Khan",0
"Abdul_Hai_Sheikh_Qari_Sahab",0
"Abdul_Hakam",0
"Abdul_Hanan",0
"Amanullah_Usmani",0
"Anus_Bin_Malik",0
"Asghar_Ali_Abbasi",0
"Atta_Ullah",0
"Bashir_Ahmad",0
"Bilal_Ahmed",0
"Chand_Faisal",0
"Faridullah",0
"Fiaz_Ur_Rehman_Siddiqui",0
"Gul_Wazir_Shaheen",0
"Habibullah_Mukhtiar",0
"Hafeezullah_Chandio",0
"Hafiz_Asim_Makdoom",0
"Hafiz_Manzoor_Ahmed_Solangi",0
"Hafiz_Mohammad_Akber",0
"Hafiz_Muhammad_Hanif_Usmani",0
"Hafiz_Muhammad_Safdar_Qasmi",0
"Hafiz_Orangzaib",0
"Hafiz_Qudratullah_Arif_Khan",0
"Hafiz_Rana_Muhammad_Usman_Shakar",0
"Hakeem_Jameel_Asghar_Khizri",0
"Hakeem_Muhammad_Sadique",0
"Ishtiaq_Ahmad",0
"Khalifa_Abdul_Qayyum",0
"Khwaja_Muhammad",0
"Mahar_Ghulam_Shabir",0
"Maulana_Rasheed_Ahmad",0
"Maulana_Umar_Farooq_Saddiqui",0
"Mohammad_Ramzan_Malik_Mdm",0
"Mohammad_Tayyab",0
"Molana_Abdul_Waheed",0
"Molana_Hamid_Ul_Haq_Haqqani",0
"Molana_Hidayat_Ullah_Khan_Chishti",0
"Molana_Iftikhar_Ahmed",0
"Molana_Muhammad_Ahmad_Ludhianvi",0
"Molana_Muhammad_Bilal_Umer",0
"Molana_Taj_Muhammad_Hanfi",0
"Mollana_Abdul_Kabeer_Shahkir",0
"Molvi_Abdul_Hai",0
"Mr_ayoub_Chandio",0
"Muhammad_Arfan_Siddiquei_Advocate",0
"Muhammad_Ashiq_Khan",0
"Muhammad_Aslam_Siddiqui",0
"Muhammad_Basir_Sikhan_Advocate",0
"Muhammad_Hayat_Muhammad_Hassani",0
"Muhammad_Ibrahim_Qasmi",0
"Muhammad_Iqbal_Jutt",0
"Muhammad_Muhsan_Rahmani",0
"Muhammad_Naseem_Khan",0
"Muhammad_Sarwar",0
"Mulana_Muhammad_Asif_Moavia_Sial",0
"Qari_Abdul_Majeed",0
"Qari_Abdul_Majeed_Pitafi",0
"Qari_Asghar_Ali",0
"Qari_Faqir_Mohammad_Hazarvi",0
"Qari_Hussain_Ahmad_Shad",0
"Qazi_Naeem_Akhtar",0
"Qazi_Saif_Ullah_Khan",0
"Qudratullah_Rajput",0
"Raheem_Bukhsh",0
"Rana_Hafiz_Abdul_Jabbar_Muavia",0
"Rao_Habib_Ur_Rehman",0
"Rao_Muhammad_Javaid_Iqbal",0
"Rehan_Mehmood_Zia",0
"Syed_Bahroon_Shah",0
"Syed_Faisal_Hussain_Shah_Gillani",0
"Syed_Muhammad_Subtain_Shah_Naqvi",0
"Tahir_Aqeel",0
"Zaheer_Uddin_Baber",0
"Zar_Wali_Khan",0
"Habib_Noor",0
"Malik_Habib_Malak_Orakzai",0
"Noor_Jamal_Shah",0
"Abdul_Aziz_Baloch",0
"Abdul_Aziz_Khan_Khilji_Advocate",0
"Abdul_Moeen_Qureshi",0
"Abdullah_Shaikh",0
"Allama_Doctor_Muhammad_Anees_Rohani",0
"Anwar_Ul_Habib",0
"Aslam_Katchela",0
"Attaullah_Khoso",0
"Aziz_Ud_Din",0
"Doctor_Muhammad_Khalid_Raza_Pir_Zakori_Sharif",0
"Dr__Abdul_Rehman_Shakir",0
"Dr__Abid_Rauf_Orakzai",0
"Ehsan_Bari_Mian_Doctor_Sahib",0
"Ghulam_Kibriya_Rizwan__G_k__Rizwan_Advocate_",0
"Hafiz_Abdul_Razaq_Parhyar",0
"Hafiz_Muhammad_Ejaz-Ul-Haq_Ch_",0
"Hafiz_Muhammad_Hanif_Zafar__Advocate_",0
"Hafiz_Muhammad_Ibrahim_Soomro",0
"Hafiz_Muhammad_Idrees",0
"Hafiz_Muhammad_Nadeem",0
"Hafiz_Saeed_Ahmad",0
"Hafiz_Sana_Ullah",0
"Haji_Abdul_Jalil_Jan",0
"Haji_Rozuddin",0
"Hidayat-Ur-Rehman",0
"Ibrahim_Rais_Advocate",0
"Iftikhar_Ahmed_Haqani",0
"Iftikhar_Ahmed_Haqqani",0
"Imdad_Hussain_Pitafi",0
"Kari_Abdul_Rasheed_Awan__Retired_",0
"Khawja_Ghulam_Nizam_Ud_Din",0
"Malik_Faiz_Muhammad_Adovocate",0
"Manzoor_Ahmed_Soomro",0
"Maulana_Atta-Ul-Haq",0
"Maulana_Malik_Muhammad_Khan_Sherani",0
"Maulana_Mohammad_Qasim",0
"Maulana_Nisar_Khan",0
"Maulana_Rehmat_Ullah",0
"Maulana_Sadiq_Ahmad",0
"Maulana_Zahoor_Ahmad_Ranjha",0
"Mir_Wali",0
"Mohammad_Hafizur_Rehman",0
"Molana_Abdul_Ghafoor_Hyderi_",0
"Molana_Abdul_Ghafoor_Qasimi",0
"Molana_Abdul_Hai",0
"Molana_Fazal_Azim",0
"Molana_Shujah-Ul-Mulk",0
"Molvi_Agha_Muhammad",0
"Molvi_Attaullah",0
"Molvi_Faizullah",0
"Molvi_Fateh_Mohammad_Maheri",0
"Molvi_Karimdad",0
"Molvi_Muhammad_Idrees_Soomro",0
"Molvi_Muhammad_Jehangir_Khan",0
"Molvi_Qamar-Ud-Din",0
"Moulana_Abdul_Karim_Abid",0
"Moulana_Abdul_Razaque_Abid_Lakho_",0
"Moulana_Abdul_Samad_Shahwani___r_",0
"Moulana_Muhammad_Zahid_Anwar",0
"Moulana_Siddique_Mughari",0
"Moulanataj_Muhammad_Nahiyon",0
"Mr__Mufti_Wali_Muhammad",0
"Mufti_Abdul_Nabi_Langah",0
"Mufti_Ahtisham-Ul-Haq_Asia_Abadi",0
"Mufti_Ajmal_Khan",0
"Mufti_Ali_Hassan_Buriro_",0
"Mufti_Fazal-Ur-Rehman_Nasir_",0
"Mufti_Hafiz_Muhammad_Usman",0
"Mufti_Muhammad_Hanif_Khoso",0
"Mufti_Muhammad_Sajjad",0
"Mufti_Muhammad_Younas",0
"Muhammad_Akram_Abbasi",0
"Muhammad_Faiz-Ur-Rehman",0
"Muhammad_Idrees_Haqani",0
"Muhammad_Ilyas_Siddique_Advocate",0
"Muhammad_Rab_Nawaz",0
"Muhammad_Ramzan_Phulpoto",0
"Muhammad_Riaz_Noori",0
"Muhammad_Siddique_Rathor",0
"Muhammad_Zubair_Kayani",0
"Prof__Abdul_Rehman_Ludhanvi",0
"Professor_Raja_Aurangzeb_Khan",0
"Qari_Muhammad_Usman",0
"Qari_Muhammad_Yousaf",0
"Qari_Muhammad_Zawar_Bahadur",0
"Qari_Muhammad_Zawar_Bahadur__Retired_",0
"Qari_Syed_Abdul_Rahim_Shah",0
"Qazi_Fazal_Ullah",0
"Qazi_Hameed_Ullah_Khan",0
"Raja_Ishtiaq_Ahmed",0
"Rauy_Bashir_Ahmad",0
"Rehmatullah_Tunsuwani",0
"Sahibzada_Abul_Khair_Muhammad_Zubair",0
"Sahibzada_Khalid_Jan",0
"Said_Mukhtar_Ahmed",0
"Saleemullah_Khan_Tarak",0
"Saqib_Rehman_",0
"Shabbir_Abu_Talib",0
"Sibghatullah_Chuadhry",0
"Syed_Abdul_Salam_Hassan_Raza_Naqvi",0
"Syed_Muhammad_Ayoub_",0
"Arbab_Liaquat_Ali",0
"Jaffar_Ali",0
"Mohsin_Sajjad_Utraa",0
"Muntazir_Mehdi",0
"Ruqia_Sultana",0
"Syed_Arif_Raza_Zaidi",0
"Syeda_Zainab_Kazmi",0
"Abdul_Kareem_Khetran",0
"Abdul_Khaliq_Baloch",0
"Dr_Abdul_Hayee_Baloch",0
"Haji_Musa_Jan_Khilji",0
"Mir_Muhammad_Ayoub_Jattak",0
"Mmad_Yasin_Baloch",0
"Sardar_Kamal_Khan_Bangulzai",0
"Sardar_Sanaullah_Zehri_",0
"Yar_Muhammad_Bangulzai",0
"Abdul_Mujeeb_Pirzada",0
"Ghulam_Murtaza_Khan_Jatoi",0
"Ghulam_Rasool_Khan_Jatoi",0
"Muhammad_Ibrahim_Jatoi",0
"Rais_Ghulam_Murtaza_Jatoi",0
"Ahmad_Jaan",0
"Aimal_Nasir_Khan",0
"Mohsin_Javed",0
"Muhammad_Asghar_Khan",0
"Syed_Nadeem_Shah",0
"Abdul_Khalique",0
"Faiza_Rafique",0
"Ijaz_Hussain",0
"m_Naeem",0
"Mir_Kabeer_Ahmed",0
"Muhammad_Hussain_Wattoo",0
"Phaleen",0
"Sabira_Asad",0
"Yar_Muhammad",0
"Yasar_Altaf_Rana",0
"Yasmeen_Bibi_Lehri",0
"Major_General_Saad_Khattak",0
"Zulfiqar_Ali_Dasti",0
"Saira_Khatoon",0
"Sayyed_Khalid_Mehmood_Shah",0
"Shahid_Ahmad",0
"Moulana_Abdul_Hafiz",0
"S_m_Farooq",0
"Ali_Adrees",0
"Syed_Zahid_Abbas_Kazmi",0
"Asia_Chudhary",0
"Mirza_Zaheer_Ahmed_Babar",0
"Raja_Muhammad_Aftab_Satti",0
"Raziq_Dad",0
"Abdul_Aziz_Khan",0
"Ghulam_Habib_Marwat",0
"Makhdoom_Nasir_Farid_Chishti",0
"Rubina_Shaheen_Wattoo",0
"Imam_Ali_Brohi",0
"Danish_Channa",0
"Muhammad_Jaffar_Jatoi",0
"Raheeman",0
"Ch_muhammad_Ashraf",0
"Nawab_Zada_Mansoor_Ahmad_Khan",0
"Admiral_r_Javaid_Iqbal",0
"Admiral_r_Javed_Iqbal",0
"Ameer_Ahmad_Awan",0
"Asghar_Ali_Javed",0
"Choudhary_Muhammad_Rafi",0
"Hafiz_Muhammad_Abid_Khan_Saeedi",0
"Khalid_Jamal_Siddiqui",0
"Muhammad_Salman_Ansari",0
"Nasir_Raheem",0
"Nazar_Ali_Mazari",0
"Rahmaan_Alli",0
"Syed_Ahmed_Ali",0
"Syed_Iqbal_Shah",0
"Syed_Rashid_Ali_Gerdazi",0
"Tariq_Yaseen",0
"Doctor_Muhammad_Rashid_Qammar",0
"Muhammad_Arshad_Hussain_Chishti",0
"Sardar_Naseer_Ahmed",0
"Sufi_Muhammad_Ali_Naqshbandi",0
"Miss_Mehwish_Chaudhary",0
"Mrs_Mehwish_Chaudhry_Advocate",0
"Muhammad_Ali_Sheikh",0
"Ilhaaj_Muhammad_Hassan_Chaudhry",0
"Muhammad_Yousuf_Kureshy",0
"Ch_Ijaz_Hussain_Gujjar_Advocate",0
"Ch_Muhammad_Majeed_Gill_Advocate",0
"Chudhary_Ghulam_Rasool_Mehr",0
"Malik_Mansaf_Awan_Advocate",0
"Malik_Noor_Muhammad_Sarfraz_Awan_Advocate",0
"Mian_Ghulam_Rasool_Advocate",0
"Muhammad_Arshad_Faqir",0
"Muhammad_Naeem_Kashif_Adv",0
"Muhammad_Shakeel_Tahir",0
"Qari_Nadeem_Ahmad_Owaisi",0
"Rai_Muhammad_Nawaz_Kharal_Advocate",0
"Zafar_Iqbal_Rajput_Khokhar",0
"Abdul_Ghafoor_Kolachi",0
"Malik_Zulfiqar_Hussain",0
"Muhammad_Amir_Wattoo",0
"Syed_Muhammad_Asad_Shah_Athar",0
"Tariq_Iqbal",0
"Abd-Ul-Qadoos_Awan",0
"Syed_Yousaf_Shah",0
"Ch_Muhammad_Yaseen_Cheema",0
"Ch_Shoukat_Ali_Cabail",0
"Arslan_Ul_Mulk_Dhariwal",0
"Meharban_Saeen_Rana_Abdul_Ghafoor_Mian",0
"Abdul_Rehman_Khan_Jamali",0
"Abdur_Raj_Khan",0
"Adeeba_Gul_Magsi",0
"Alhaaj_Malak_Aurangzeb_Khan",0
"Ali_Asjad_Malhi",0
"Altaf_Hussain_Unar",0
"Amanullah_Khan_Jadoon",0
"Amanullah_Paracha",0
"Ameer_Maqam",0
"Anwar_Ul_Haq_Alias_Anno",0
"Arbab_Zakaullah",0
"Asif_Tauseef_",0
"Aurangzaib_Khan_Khichi",0
"Azeem_u_Deen_Zahid",0
"Begum_Malik_Shoaib_Awan",0
"Brgd_r__Zulfiqar_Ahmad_Dhillon",0
"Ch__Abdul_Sattar",0
"Ch__Anwar_Ali_Cheema",0
"Ch__Bilal_Ijaz",0
"Ch__Ghais_Ahmed_Mela",0
"Ch__Imran_Ullah",0
"Ch__Muhammad_Ashiq_Dyial",0
"Ch__Nazir_Ahmed_Jatt",0
"Ch__Pervaiz_Ellahi",0
"Ch__Shahid_Akram_Bhinder",0
"Ch__Shamshad_Ahmad_Khan",0
"Ch__Shujaat_Hussain",0
"Ch__Zaffar_Iqbal_Warraich",0
"Ch_amir_Hussain_",0
"Ch_Anwar_Ali_Cheema",0
"Ch_Liaqat_Abbas_Bhatti",0
"Ch_muhammad_Saeed_Virk",0
"Ch_nauraiz_Shakoor_Khan",0
"Ch_Parvez_Elahi",0
"Ch_pervaiz_Elahi",0
"Ch_pervaiz_Ellahi",0
"Ch_Sajid_Hussain_Chatha",0
"Ch_shahbaz_Hussain",0
"Ch_Shoukat_Ali_Bhatti",0
"Ch_shujat_Hussain",0
"Ch_Wajahat_Hussain",0
"Chaudhary_Shahbaz_Hussain",0
"Chaudhary_Wajahat_Hussain",0
"Chaudhry_Muhammad_Anwar_Bhinder",0
"Choudhry_Adil_Saboor",0
"Choudhry_Farrukh_Altaf",0
"Choudhry_Tariq_Bashir_Cheema",0
"Dewan_Syed_Ashiq_Hussain_Bukhari",0
"Doctor_Nisar_Ahmad_Jat_",0
"Dr__Ghulam_Hyder_Samejo",0
"Dr_junaid_Mumtaz_Joya",0
"Dr_sher_Afghan_Khan_Niazi",0
"Engineer_Amir_Muqam",0
"Fahad_Malik",0
"Farhad_Ali_Khan",0
"Farkhanda_Amjad_Warraich",0
"Farooq_Ahmed_Khan_Leghari",0
"Fawad_Ahmad",0
"Fazal_Ahmad_Sheikh",0
"Ghias_Ahmad_Mela",0
"Ghulam_Sarwar_Siyal_Babu",0
"Habibullah_Khan_Kundi",0
"Haji_Bilal_Noor_Ansari_",0
"Haji_Mohammad_Islam_Qureshi",0
"Haleem_Adil_Shaikh",0
"Hamayun_Saifullah_Khan",0
"Hamid_Nasir_Chatha",0
"Hamid_Yar_Hiraj",0
"Haroon_Ehsan_Piracha",0
"Humayun_Akhtar_Khan",0
"Hussaini_Shahabuddin_Shah",0
"Ihsan_Ali_Jatoi",0
"Inam_Khan",0
"Irshad_Alam",0
"Ishaq_Khan_Khakwani",0
"Jaffar_Khan_Mandokhel",0
"Jam_Mir_Muhammad_Yousuf",0
"Javed_Iqbal_Satti",0
"Kh__Tahir_Zia",0
"Khalid_Ahmad_Gurmani",0
"Khan_Aftab_Ahmad_Khan_Khichi",0
"Khan_Amanullah_Khan",0
"Khan_Muhammad_Dhari",0
"Khawja_Sheeraz_Mehmood",0
"Khurram_Munawar_Manj",0
"Khurram_Munawwar_Munj",0
"Khurshid_Ali_Khan",0
"Liaquat_Ali_Qureshi",0
"Lietutant_Col__r_Ghulam_Rasul_Sahi_",0
"Liquat_Ali_Khan_Jatoi",0
"Maj__r__Habib_Ullah_Warraich",0
"Makhdom_Zada_Syed_Basit_Ahmad_Sultan_Bukhari",0
"Makhdoom_Khusru_Bakhtiar",0
"Makhdoom_Syed_Ahmad_Alam_Anwar",0
"Makhdoom_Syed_Ali_Akbar_Mehmood",0
"Makhdoom_Syed_Faisal_Saleh_Hayat",0
"Malik_Ghulam_Murtaza_Maitla",0
"Malik_Ghulam_Qasim_Hinjra",0
"Malik_Najab_Gul_Khalil_Adv_",0
"Malik_Nauman_Ahmad_Langrial",0
"Malik_Nauman_Ahmed_Langriyal",0
"Malik_Niaz_Ahmad_Jakhar",0
"Mian_Ahmad_Raza_Khan_Maneka",0
"Mian_Khursheed_Mehmood_Kasuri",0
"Mian_Mazhar_Ahmed_Qureshi",0
"Mian_Muhammad_Azhar",0
"Mian_Muhammad_Jehangir",0
"Mian_Muhammad_Kashif_Ashfaq",0
"Mian_Muhammad_Riaz_",0
"Mian_Najeeb_Ud_Din_Awasi",0
"Mian_Rajab_Ali_Khan_Baloch_",0
"Mian_Shamim_Haidar",0
"Mian_Yahya_Shah_Kaka_Khel",0
"Mir_Ahmadan_Khan_Bugti",0
"Mir_Ahmedan_Khan_Bugti",0
"Mir_Asim_Kurd",0
"Mir_Atta-Ur-Rehman_Mengal",0
"Mir_Zeeshan_Ali_Panhwar",0
"Mr__Ghulam_Sarwar_Siyal__Babu_",0
"Muhammad_Afrooq_Anwar_Abbasi",0
"Muhammad_Ajmal_Khan_Kanjoo",0
"Muhammad_Asim_Nazir",0
"Muhammad_Aslam_Khan_Kharral",0
"Muhammad_Ayub_Khan_Khattak",0
"Muhammad_Basharat_Raja",0
"Muhammad_Idrees",0
"Muhammad_Intikhab_Khan",0
"Muhammad_Naseer_Khan",0
"Muhammad_Nasir_Raja",0
"Muhammad_Raza_Hayat_Hiraj",0
"Muhammad_Saddique_Khan_Baluch",0
"Muhammad_Safdar_Shakir_",0
"Muhammad_Sarwar_Khan_Kakar",0
"Muhammad_Shah_Khagga",0
"Muhammad_Tahir_Shah",0
"Muhammad_Urs_Khero",0
"Muhtarma_Amna_Zulifqar_Dhillon",0
"Mukhdoom_Syed_Sami-Ul-Hassan_Gilani",0
"Mushtaq_Ali_Cheema_",0
"Nasir_Iqbal_Busal",0
"Nasrullah_Khan_Bijarani",0
"Nawab_Zada_Iftikhar_Ahmad_Khan_Babar",0
"Nawabzada_Sardar_Khan_Chandio",0
"Niloufer_Qasim_Mahdi",0
"Peer_Tariq_Ahmed_Shah",0
"Pir_Aslam_Bodla",0
"Pir_Muhammad_Shah_Khagga",0
"Professor_Engineer_Rana_Saeed_Ahmed_Zafar",0
"Qari_Mushtaque_Ahmed_Farooqui",0
"Rai_Mansab_Ali",0
"Rai_Muhammad_Aslam_Kharal",0
"Rais_Munir_Ahmad",0
"Raja_Qasim_Javaid_Ikhlas",0
"Raja_Talia_Saeed_Khan",0
"Rana_Asif_Touseef",0
"Rana_Tariq_Javed",0
"Rana_Zahid_Mahmood_",0
"Rao_Sikandar_Iqbal",0
"Rehman_Naseer",0
"Rehman_Naseer_Ch_",0
"Riaz_Fatiyana",0
"Rifat_Javed_Kahloon",0
"Rizwan_Sadiq_Khan",0
"Ruquiya_Saeed_Hashmi",0
"Sahibzada_Muhammad_Nazir_Sultan",0
"Said_Badshah",0
"Sajad_Hussain",0
"Saranzaib_Khan",0
"Sardar_Aqil_Omer",0
"Sardar_Ashiq_Hussain_Gopan",0
"Sardar_Bahadar_Ahmad_Khan_Seehar",0
"Sardar_Fateh_Muhammad_Muhammad_Hassani",0
"Sardar_Maqsood_Khan_Leghari",0
"Sardar_Masood_Ali_Khan_Luni",0
"Sardar_Muhammad_Asif_Nakai",0
"Sardar_Muhammad_Israr_Tareen",0
"Sardar_Muhammad_Jafar_Khan_Leghari",0
"Sardar_Muhammad_Nawab_Khan",0
"Sardar_Nasrullh_Khan_Dreshak_",0
"Sardar_Shajehan_Yousaf",0
"Sardar_Talib_Hassan_Nakai",0
"Sardar_Tofail_Ahmed_Khan",0
"Sardar_Yar_Muhammad_Rind",0
"Sayed_Murad_Ali_Shah",0
"Sh__Rasheed_Ahmed",0
"Shad_Ali_Khan",0
"Shahid_Manzoor_Gill",0
"Shahid_Manzoor_Gill_",0
"Shahida_Sattar_Laleka",0
"Shahzada_Muhyuddin",0
"Sheikh_Jafar_Khan_Mandokhail",0
"Sheikh_Muhammad_Anwar",0
"Sheikh_Muhammad_Tahir_Rasheed",0
"Sheikh_Waqas_Akram",0
"Shoukat_Ali_Khan",0
"Shujaat_Ali_Khan",0
"Sikandar_Hayat_Khan_Bossan",0
"Suhrab_Ali",0
"Sultan_Shahab_Jahangir",0
"Sumaira_Malik",0
"Syed_Ayaz_Ali_Shah_Sheerazi",0
"Syed_Gulzar_Sabtain_Shah",0
"Syed_Mujahid_Ali_Shah",0
"Syed_Noor-Ul-Hassan_Shah",0
"Syed_Obaidullah",0
"Syed_Riaz_Hussain_Shah_Sheerazi",0
"Tahir_Hussain_Shah_",0
"Taj_Mohammad_Shaikh",0
"Tariq_Bashir_Cheema",0
"Umar_Ayub_Khan",0
"Umar_Zeb_Khan",0
"Waseem_Gulzar",0
"Wazir_Mohammad_Safi",0
"Zafarullah_Tarar",0
"Zaheer_Ud_Din",0
"Zahid_Nazir",0
"Zardali_Khan",0
"Zargul_Khan",0
"Inzar_Gul",0
"Ali_Akber_Nizamani",0
"Ali_Asghar_Halepoto",0
"Amjad_Hussain",0
"Chakar_Khan_Shahani",0
"Fakir_Ghulam_Nabi_Mangrio",0
"Ghulam_Dastgir_Rajar",0
"Imamuddin_Shaookeen",0
"Inayatullah",0
"Jam_Mashooque_Ali",0
"Khuda_Bux_Dars",0
"Main_Sajjad_Ahmad_Sajid",0
"Maj___Rtd__Syed_Tanveer_Hussain_Satara_Juraat",0
"Makhdoom_Syed_Ahmad_Mahmood",0
"Makhdum_Syed_Ahmad_Mahmud",0
"Malik_Ghulam_Mustafa_Khar",0
"Mehtab_Akbar_Rashidi",0
"Mian_Abdul_Malik",0
"Mir_Hassan_Khoso",0
"Mir_Naseer_Khan_Khoso_",0
"Muhammad_Jadam_Mangrio",0
"Musharraf_Ali_Khan_Khoso",0
"Nadeem_Qadir_Bhutto",0
"Pir_Bux_Junejo",0
"Pir_Noor_Mohammad_Shah_Jeelani",0
"Pir_Sadruddin_Shah",0
"Pir_Syed_Saddaruddin_Shah_Rashdi",0
"Sardar_Mir_Hakim_Ali_Khan_Sundrani",0
"Sarfaraz_Ali_Bughio",0
"Shabir_Ahmed_Qaim_Khani",0
"Shehzad_Mughal",0
"Syed_Ghulam_Abbas",0
"Syed_Kazim_Ali_Shah_Lakyari",0
"Syed_Mehr_Mohi_Ud_Din_Hashmi",0
"Syed_Qazim_Ali_Shah",0
"Syed_Safdar_Ali_Shah",0
"Syed_Zahid_Hussain_Shah",0
"Adil_Farooq_Khan",0
"Asif_Mamon",0
"Chaudhary_Muhammad_Younas_Hanjra",0
"Choudhary_Amjad_Mehmood",0
"Fozia_Ashraf",0
"Ijaz_Ahmed_Cheena",0
"Imran_Ahmad_Khan",0
"Mozaffer_Ali",0
"Muhammad_Ahmad_Chatha",0
"Muhammad_Fiaz_Qadri",0
"Muhammad_Mutahar_Ramzan",0
"Syed_Ghulam_Abbas_Shah",0
"Syed_Safdar_Ali",0
"Safdar_Zaman",0
"Akbar_Dars",0
"Mohammad_Hussain",0
"Muhammad_Asghar_Dars",0
"Mir_Zarak_Khan_Zehri",0
"Naveed_Akhtar_Khan",0
"Gohar_Ali_Khan",0
"Meher_Muhammad_Jhangir_Advocate",0
"Tauseef_Ur_Rehman_Bhatti_Advocate",0
"Mian_Abu_Bakar_Hamza",0
"Khurram_Muhammad_Qamar",0
"Mahmood_Ahmad_Khan_Qalandar_",0
"Mehmood_Qalandar",0
"Faqir_Jamshid_Ahmad",0
"Farah_Noreen",0
"Rasheed_Ahmad_Khan_Langha",0
"Aamir_Rasheed",0
"Afzal_Ahmad_Gondal",0
"Ali_Akbar_Kalhoro",0
"Ali_Nawaz_Qasmi",0
"Allama_Mujhahid_Abdul_Rasool_Khan",0
"Allama_Shabbir_Ahmed_Chasti_Nazimi_Off_Sakka",0
"Arshad_Mehmood",0
"Awal_Jan_Mazari",0
"Basharat_Ali_Gujjar",0
"Hafiz_Gul_Sher",0
"Hafiz_Malik_Muhammad_Bashir",0
"Hafiz_Raja_Muhammad_Sana_Ul_Haq",0
"Imtiaz",0
"Jahangir_Qadri",0
"Jhangir_Qadri",0
"Mahboob_Ali_Sahto",0
"Malik_Muhammad_Iqbal_Khokhar",0
"Matloob_Awan",0
"Mian_Ghulam_Shabir_Qadri",0
"Mohammad_Kashif",0
"Mohammad_Younis_Ansari",0
"Mollana_Mohammad_Illyas_Gabool",0
"Muhammad_Afzal_Qadri",0
"Muhammad_Ajmal_Umar",0
"Muhammad_Arif_Mansoori",0
"Muhammad_Imran_Javaid",0
"Muhammad_Jamal_Barket",0
"Muhammad_Kaleem",0
"Muhammad_Murtaza_Rizvi_Wattoo",0
"Muhammad_Tahir_Qadri",0
"Peer_Sayed_Munir_Hussain_Shah_Noori",0
"Pir_Syed_Mubashar_Hussain_Shah_Shakreelvy",0
"Professor_Farooq_Ahmed_Tajra",0
"Rana_Muhammad_Riaz_Qadri",0
"Raza_e_Mustafa",0
"Rizwan_Ali",0
"Rizwan_Qureshi",0
"Sajid_Mehmood_Qadri",0
"Sajjad_Haider",0
"Shoukat_Ali_Lehri",0
"Syed_Ahmad_Shah",0
"Syed_Tawaqal_Hussain_Shah_Bukhari",0
"Alamgir_Khan",0
"Ihsan_Ullah_Khan_Mahsood",0
"Muhammad_Sultan",0
"Raja_Muhammad_Ashraf",0
"Azmat_Ali",0
"Syed_Mazhar_Ali",0
"Kaleem_Ullah",0
"Sardar_Taimoor",0
"Khaqan_Waheed_Khuwaja",0
"Ahmad_Nawaz_Khan",0
"Prof_javeed_Sandhu",0
"Ahmad_Ikhwan",0
"Ali_Hassan",0
"Aman_Ullah",0
"Amjad_Arbab_Abbasi",0
"Asjad_Hussain",0
"Fayyaz_Ahmed_Tabassum",0
"Haji_Fateh_Din",0
"Latif_Ahmed_Hussain",0
"Mian_Muhammad_Raza",0
"Mian_Noor_Ahmad",0
"Mubashir_Hussain",0
"Mudassar_Hussain_Shah",0
"Muhammad_Amir_Awan",0
"Muhammad_Anwar_Abbasi",0
"Muhammad_Asif_Sulehria",0
"Muhammad_Ayoub_Butt",0
"Muhammad_Aziz",0
"Muhammad_Ijaz_Arshad",0
"Muhammad_Khalil",0
"Muhammad_Nadeem",0
"Muhammad_Naveed_Akhtar",0
"Muhammad_Rafi",0
"Muhammad_Shahzad",0
"Muhammad_Usman",0
"Mujahid_Mahmood",0
"Naseer_Khan",0
"Naveed_Akram",0
"Pervaiz_Iqbal_Virk",0
"Salwat_Shahzad_Khan",0
"Sardar_Muhammad_Mansoor_Khan",0
"Shafique_Ahmad",0
"Sohail_Babar",0
"Daud_Ahmed_Fakhri",0
"Farzana_Parveen",0
"Jahangir_Hussain_Jafari",0
"Muhammad_Bilal_Hussain",0
"Muhammad_Zahid_Bashir",0
"Rizwan_Ahmed_Khan",0
"Sumbul_Akhtar",0
"Syed_Muhammad_Ishrat_Ghazali",0
"Imtiaz_Khan",0
"Mubeen_Malik",0
"Shabbir_Ahmed_Anjum",0
"Shafaqaat_Ahmad",0
"Taimoor_Ahmad_Yar_Khan",0
"Tayyaba_Mubarak",0
"Muhammad_Syed",0
"Anwar_Hussain",0
"Shahid_Iqbal",0
"Syed_Rashid_Hussain_Shah",0
"Chaudhry_Zahid_Iqram",0
"Muhammad_Mumtaz",0
"Zaffar_Iqbal_Gurmani",0
"Aijaz_Ali_Khokhar",0
"Rahim_Bakhsh",0
"Shahid_Anjum",0
"Abdul_Rab",0
"Jamal_Khan",0
"Muhammad_Akram_Tareen",0
"Muhammad_Rahim",0
"Nawab_Muhammad_Ayaz_Khan_Jogezai",0
"Palwasha_Ramzan",0
"Riaz_Mahammad_Yousafzai",0
"Qadeer_Hussain",0
"Abdul_Samad_Khan",0
"Hazrat_Umar",0
"Irfan_Karim",0
"Muhammad_Arif_Khan",0
"Muhammad_Jibran",0
"Sara_Ashfaq",0
"Shahbaz_Ali",0
"Yasir_Ali",0
"Aneela_Iftikhar",0
"Arshad_Ahmad_Qamar",0
"Chaudhry_Salik_Hussain",0
"Chaudhry_Tariq_Bashir_Cheema",0
"Hussain_Ellahi",0
"Muhammad_Jameel_Ahmed_Khan",0
"Muhammad_Tariq_Hassan",0
"Musa_Elahi",0
"Riaz_Ahmed_Jan",0
"Shakeel_Ahmed_Roshan",0
"Syed_Faizan_Anis",0
"Muzaffar_Ahmed",0
"Abbas_Khan_Afridi",0
"Abdul_Ghaffar_Dogar",0
"Abdul_Hameed_Rajput",0
"Abdul_Hamid_Orakzai",0
"Abdul_Khaliq_Khar",0
"Abdul_Majeed_Khan",0
"Abdul_Qadeer",0
"Abdul_Qadir_Khan",0
"Abdul_Rehman_Khan_Kanju",0
"Abdul_Subhan",0
"Abdulkhaliq",0
"Abdullah_Sheedi",0
"Abid_Ali",0
"Abid_Ali_",0
"Abid_Azeem",0
"Abid_Sheer_Ali",0
"Adrees_Bajwa_",0
"Agha_Muhammad_Munwar",0
"Ahmad_Atteeq_Anwer",0
"Ahmad_Hussain_Dehar",0
"Ahsan_Iqbal",0
"Akhlaq_Younas",0
"Akhtar_Hussain_Jadoon",0
"Akhtiar_Wali",0
"Akhundzada_Badruddin",0
"Alam_Dad_Laleka",0
"Alamzeb_Khan",0
"Alhaj_Muhammad_Farid_Mufakkar",0
"Ali_Gohar_Khan",0
"Ali_Mohammad_Khan_Juna_Advocate",0
"Ali_Raza_Cholyani",0
"Ali_Sher_Khan",0
"Ali_Zahid",0
"Allando_Shah_Alias_Zafar_Ali_Shah",0
"Amir_Muqam",0
"Amir_Talal_Gopang",0
"Ammar_Ahmad_Khan_Leghari",0
"Anjum_Aqeel_Khan",0
"Arshad_Manan_Yousaf_Zai",0
"Asghar_Ali_Awan",0
"Asif_Ali_Malik",0
"Asif_Aqeel",0
"Aslam_Bodla",0
"Atta_Ullah_Tarar",0
"Azad_Ali_Tabassum",0
"Azhar_Qayyum_Nahra",0
"Azhar_Qayyum_Nehra",0
"Babar_Nawaz_Khan",0
"Bashir_Ahmed",0
"Baz_Gul_Afridi",0
"Begum_Tehmina_Doultana",0
"Bilal_Azhar_Kayani",0
"Bilal_Yaseen",0
"Capt_r_Muhammad_Safdar",0
"Ch__Abid_Raza",0
"Ch__Ashfaq_Ahmed_Mattu",0
"Ch__Mehmood_Bashir_Virk",0
"Ch__Mubashir_Hussain",0
"Ch__Muhammad_Jafar_Iqbal",0
"Ch__Muhammad_Riaz",0
"Ch__Nisar_Ali_Khan",0
"Ch__Safdar-Ur-Rehman",0
"Ch__Saud_Majeed",0
"Ch_Armaghan_Subhani",0
"Ch_Asad_Ur_Rehman",0
"Ch_bilal_Ahmed_Virk",0
"Ch_Jaffar_Iqbal",0
"Ch_muhammad_Ali_Gujar__Advocate",0
"Ch_Muhammad_Ashraf",0
"Ch_muhammad_Munir_Azhar",0
"Ch_Nadeem_Abbas_Rebera",0
"Ch_Nisar_Ali_Khan",0
"Chaudhary_Abid_Raza",0
"Chaudhary_Asad-Ur-Rehman",0
"Chaudhary_Asad_Ur_Rehman",0
"Chaudhary_Farrukh_Altaf",0
"Chaudhary_Iftikhar_Nazir",0
"Chaudhary_Khalid_Javed",0
"Chaudhary_Mahmood_Bashir_Virk",0
"Chaudhary_Muhammad_Ashraf",0
"Chaudhary_Muhammad_Ashraf_Gujjar",0
"Chaudhary_Muhammad_Barjees_Tahir",0
"Chaudhary_Muhammad_Iqbal",0
"Chaudhary_Muhammad_Shahbaz_Babar",0
"Chaudhary_Naseer_Ahmed_Sidhu",0
"Chaudhary_Nazeer_Ahmad",0
"Chaudhary_Nazir_Ahmad",0
"Chaudhary_Nisar_Ali_Khan",0
"Chaudhry_Khadim_Hussain",0
"Chaudhry_Khalid_Javed_Warraich",0
"Chaudhry_Mahmood_Bashir_Virk",0
"Chaudhry_Muhammad_Jamil_Johar_Advocate",0
"Chaudhry_Muhammad_Munir_Azhar",0
"Chaudhry_Naseer_Ahmed_Bhutta",0
"Chaudry_Armaghan_Subhani",0
"Choudhary_Iftikhar_Nazir",0
"Choudhary_Muhammad_Barjees_Tahir",0
"Choudhry_Muhammad_Shahbaz_Babar",0
"Choudhry_Muhammad_Tarique",0
"Chudhary_Bilal_Ahmed_Virk",0
"Chudhary_Hamid_Hameed",0
"Col_r__Mian_Muhammad_Akram_Advocate",0
"Daniyal_Ahmed",0
"Danyal_Choudhary",0
"Dewan_Ashiq_Hussain_Bukhari",0
"Dewan_Syed_Jaffar_Hussain",0
"Dilawar_Khan",0
"Doctor_Hafeez_Ur_Rehman_Khan_Drishak",0
"Doctor_Liaquat_Ali_Khan",0
"Dr__Abu-Ul-Hassan_Ansari",0
"Dr__Azeem-Ud-Din_Zahid_Lakhvi",0
"Dr__Imtiaz_Ahmed",0
"Dr__Mian_Akhtar_Ali_Lalika",0
"Dr__Muhammad_Afzal_Khan_Dhandla",0
"Dr__Syed_Ali_Hyder_Shah",0
"Dr__Tariq_Fazal_Chudhary",0
"Dr__Zulfiqar_Ali_Bhatti",0
"Dr_hafiz_Shabbir_Ahmed",0
"Dr_Rahila_Gul_Magsi",0
"Dr_syed_Khawar_Ali_Shah",0
"Dr_tariq_Fazal_Chaudhry",0
"Ehsan-Ul-Haq_Idrees_Advocate",0
"Ehsan_Ul_Haq_Bajwa",0
"Engineer_Abdul_Munim_Khan",0
"Engineer_Iqbal_Zafar_Jhagra",0
"Engineer_Khuram_Dastgir_Khan",0
"Engr_Khurram_Dastgir_Khan",0
"Faheem_Advocate",0
"Faiz_Muhammad_Khan",0
"Farah_Awan_Advocate",0
"Farah_Khan",0
"Farhat_Ullah_Khan",0
"Farid_Khan_Yousafzai",0
"Farkhanda_Amjad_Waraich",0
"Furqan_Ali",0
"Ghalib_Khan",0
"Ghani_Ur_Rehman",0
"Ghulam_Hyder_Phulpoto",0
"Ghulam_Muhammad_Lali",0
"Ghulam_Rasool_Sahi",0
"Ghulam_Shoaib",0
"Hafeez_Ur_Rehman_Khan_Drishak",0
"Hafiz_Abdul_Kareem",0
"Hafiz_Abdul_Karim",0
"Hafiz_Masroor_Lateef",0
"Haji_Arz_Muhammad_Barech",0
"Haji_Jamal_Shah_Kakar",0
"Haji_Javed_Iqbal_Jat",0
"Haji_Muhammad_Akram_Ansari",0
"Haji_Muzaffar_Ali_Shajra",0
"Haji_Waris_Khan_Achakzai",0
"Haji_Zar_Khan_Safi",0
"Hameer_Imdad_Unar",0
"Hammad_Nawaz_Khan",0
"Hamza_Shahbaz_Sharif",0
"Hizbullah_Gandapur",0
"Humair_Hayat_Khan_Rokhari",0
"Husnain_Rashid",0
"Ibadullah",0
"Iftikhar_Uddin",0
"Ihasn_Kareem_Qureshi",0
"Ijaz_Ahmed_Chaudhary",0
"Illah_Bukhsh_Soomro",0
"Illahi_Bux_Soomro",0
"Imtiaz_Ahmad_Gondal",0
"Inamullah_Khan_Niazi",0
"Iqbal_Zaffar_Jhagra",0
"Irfan_Aziz_Kurd",0
"Ishtiaq_Ahmed_Advocate",0
"Jam_Kamal_Khan",0
"Jamil_Ahmad_Khan",0
"Javaid_Ibrahim_Paracha",0
"Javed_Akhter",0
"Jehanzeb_Khan",0
"Justice_r__Iftikhar_Ahmad_Cheema",0
"Justice_r_Iftikhar_Ahmad_Cheema",0
"Kaleem_Akbar_Durrani",0
"Kalim_Akbar",0
"Khalid_Aziz",0
"Khawaja_Ahmad_Hassan",0
"Khawaja_Muhammad_Asif",0
"Khawaja_Muhammad_Asif_",0
"Khawaja_Saad_Rafique",0
"Khudai_Noor",0
"Khurram_Dastagir_Khan",0
"Liaqat_Ahmed_Khan",0
"Liaquat_Ali_Jamali",0
"Lt_Gen_r__Salah-Ud-Din_Trimzi",0
"Lt_gen_r_Abdul_Qadir_Baloch",0
"m_Aslam_Buledi",0
"m_Junaid_Anwar_Chaudhary",0
"Mailk_Sohail_Khan",0
"Major_r_Amir_Aziz_Kurd",0
"Major_Rtd_Tahir_Iqbal",0
"Makdum_Syed_Ahmad_Alam_Anwer",0
"Makhadom_Jamil_Ahmed_Hussain_Bukhari",0
"Makhdoom_Faisal_Saleh_Hayat",0
"Makhdoom_Moeen_Uddin_Ali",0
"Makhdoom_Moin_Ud_Din_Ali_Hashmi",0
"Makhdoom_Muhammad_Javed_Hashmi",0
"Makhdoom_Syed_Ali_Hassan_Gillani",0
"Makhdoom_Syed_Sami_Ul_Hassan_Gilani",0
"Makhdoomzada_s_b_a_Sultan",0
"Malak_Muhammad_Zeb_Khan",0
"Malak_Syed_Ahmad",0
"Malik_Abdul_Ghaffar_Dogar",0
"Malik_Abrar_Ahmad",0
"Malik_Akhtar_Hussain_Awan",0
"Malik_Ghulam_Qasim_Hanjra",0
"Malik_Ibrar_Ahmed",0
"Malik_Ihtebar_Khan",0
"Malik_Iqbal_Mehdi_Khan",0
"Malik_Khalid_Naeem",0
"Malik_Majid_Bucha",0
"Malik_Maula_Dad_Khan_Sherani_",0
"Malik_Muhammad_Afzal_Khokhar",0
"Malik_Muhammad_Asad_Khan",0
"Malik_Muhammad_Basit_Khar",0
"Malik_Muhammad_Iqbal_Chanar",0
"Malik_Saif_Ul_Malook_Khokar",0
"Malik_Shakeel_Ahmed_Awan",0
"Malik_Shakir_Bashir_Awan",0
"Malik_Sultan_Mehmood",0
"Mansoor_Kamal_Marwat",0
"Maryam_Nawaz_Sharif",0
"Mehar_Ishtiaq_Ahmad",0
"Mian_Abdul_Manan",0
"Mian_Abdul_Mannan_",0
"Mian_Abdul_Rasheed",0
"Mian_Faiz-Ul-Hassan",0
"Mian_Imtiaz_Ahmad",0
"Mian_Imtiaz_Ahmed",0
"Mian_Javed_Latif",0
"Mian_Manzoor_Hussain",0
"Mian_Margoob_Ahmad",0
"Mian_Muhammad_Arshad_Abbas_Qureshi",0
"Mian_Muhammad_Farooq",0
"Mian_Muhammad_Ilyas_Rasheed",0
"Mian_Muhammad_Nawaz_Sharif",0
"Mian_Muhammad_Qasim_Farooq_",0
"Mian_Muhammad_Shahbaz_Sharif",0
"Mian_Muhammad_Sharif_Zafar_Joia",0
"Mian_Najibuddin_Awaisi",0
"Mian_Riaz_Hussain_Peerzada",0
"Mian_Shahid_Hussain_Khan",0
"Mian_Shahid_Hussain_Khan_Bhatti",0
"Mian_Yawar_Zaman",0
"Mir_Amanullah_Talpur",0
"Mir_Atta_Ullah",0
"Mir_Dosteen_Khan_Domki",0
"Mir_Khan_Muhammad_Jamali",0
"Mir_Mehrullah_Khan_Umrani",0
"Mohammad_Riyaz",0
"Mohmmad-Ul-Mulk__Akhon_Zada_",0
"Mohsin_Shah_Nawaz_Ranjah",0
"Mohsin_Shah_Nawaz_Ranjha",0
"Mohsin_Shahnawaz_Ranjha",0
"Mohtarmatehmina_Doultana",0
"Moin_Khan",0
"Molana_Asif_Muawia",0
"Mr__Makhdoom_Shah_Nawaz_Qureshi",0
"Mr_babu_Sarfraz_Khan_Jatoi",0
"Mr_liaquat_Ali_Jatoi",0
"Mrs_Amjad_Ali_Warraich",0
"Muhabbat_Khan",0
"Muhammad_Abad",0
"Muhammad_Abdul_Ghaffar_Watto",0
"Muhammad_Afzal_Khokhar",0
"Muhammad_Akbar_Khan",0
"Muhammad_Akhtar_Khan_Kanjoo",0
"Muhammad_Akhtar_Khan_Kanju",0
"Muhammad_Akhter_Khadam_Alias_Khadam_Hussain",0
"Muhammad_Akram_Mughal",0
"Muhammad_Amjad_Farooq_Khan_Khosa",0
"Muhammad_Arif_Ch",0
"Muhammad_Arshad_Khan_Laghari",0
"Muhammad_Asad_Ali_Khan_Junejo",0
"Muhammad_Asim_Nazeer",0
"Muhammad_Aslam_Khan_Khattak",0
"Muhammad_Azhar_Khan_Laghari",0
"Muhammad_Baleegh-Ur-Rehman",0
"Muhammad_Baligh_Ur_Rehman",0
"Muhammad_Barjees_Tahir",0
"Muhammad_Faiz_Tamman",0
"Muhammad_Farooq_Baha-Ul-Haq_Shah",0
"Muhammad_Hamid_Hameed",0
"Muhammad_Hamza_Shehbaz_Sharif",0
"Muhammad_Hanif_Abbasi",0
"Muhammad_Humair_Hayat_Khan_Niazi",0
"Muhammad_Israr",0
"Muhammad_Jamil_Malik",0
"Muhammad_Junaid_Anwaar_Chaudhry",0
"Muhammad_Junaid_Anwaar_Chudhary",0
"Muhammad_Khan_Daha",0
"Muhammad_Moeen_Wattoo",0
"Muhammad_Mueen_Watto",0
"Muhammad_Nawaz_Sharif",0
"Muhammad_Nazir_Khan",0
"Muhammad_Nisar_Khan",0
"Muhammad_Numan",0
"Muhammad_Pervaiz_Malik",0
"Muhammad_Qasim_Farooq",0
"Muhammad_Riaz_Malik",0
"Muhammad_Sana_Ullah_Khan_Masti_Khel",0
"Muhammad_Shahbaz_Sharif",0
"Muhammad_Shoaib_Khan",0
"Muhammad_Tahir_Ameer_Ghroi",0
"Muhammad_Talal_Chaudhry_",0
"Muhammad_Tallal_Choudhary",0
"Muhammad_Ullah",0
"Muhammad_Usman_Awaisi",0
"Muhammad_Uzair_Khan",0
"Muhammad_Yaqub_Sheikh",0
"Muhammad_Yar_Khan_Kamoka",0
"Muhammad_Yousaf_Kakar",0
"Mukhdoom_Syed_Asad_Murtaza_Geelani",0
"Mukhtar_Ahmed_Malik",0
"Mumtaz_Ahmad_Tarar",0
"Munawar_Hayat_Abbasi",0
"Murtaza_Javed_Abbasi",0
"Mushahid_Raza",0
"Mushahidullah_Khan",0
"Nadeem_Abbas",0
"Naheed_Parveen",0
"Naik_Amal_Khan",0
"Najeeb_Ullah_Khan_Niazi",0
"Nasar_Iqbal_Bosal",0
"Nasir_Iqbal_Bosal",0
"Nasir_Khan_Mosazai",0
"Nawab_Arshad_Ali_Talpur",0
"Nawab_Salman_Khan_Khilji",0
"Nawab_Sher",0
"Nawab_Zada",0
"Nawabzada_Jangaiz_Khan_Marri",0
"Nawabzada_Khawaja_Muhammad_Khan_Hoti",0
"Nawabzada_Mazher_Ali",0
"Niaz_Muhammad_Khan",0
"Nisar_Ahmed_Cheema",0
"Nisar_Akbar_Khan_",0
"Noor_Ul_Hassan_Tanveer",0
"Obaid_Ullah_Khan_Shadi_Khel",0
"Obaid_Ullah_Shadi_Khel",0
"Parveen_Bashir",0
"Pir_Muhammad_Amin_Ul_Hasnat_Shah",0
"Pir_Muhammad_Aslam_Bodla",0
"Pirzada_Muhammad_Ashraf_Zia",0
"Professor_Doctor_Noor_Muhammad_Ghafari",0
"Qadir_Bux",0
"Qaiser_Ahmad_Sheikh",0
"Qaiser_Ahmed_Sheikh",0
"Raees_Khan",0
"Rahim_Bux",0
"Rai_Mansab_Ali_Khan",0
"Rai_Muhammad_Saleem_Raza_Kharral_Advocate",0
"Rai_Salah-Ud-Din",0
"Raja_Javed_Ikhlas",0
"Raja_Muhammad_Asad_Khan",0
"Raja_Muhammad_Javed_Ikhlas",0
"Raja_Muhammad_Safdar",0
"Raja_Osama_Sarwar",0
"Raja_Qamar_Ul_Islam",0
"Rajab_Ali_Khan_Baloch",0
"Rana_Abdul_Sattar_Bin_Rana_Shamim_Ahmed_Khan",0
"Rana_Afzaal_Hussain",0
"Rana_Iradat_Sharif_Khan",0
"Rana_Mahmood-Ul-Hassan",0
"Rana_Mehmood_Ul_Hassan",0
"Rana_Mubasshir_Iqbal",0
"Rana_Muhammad_Afzal_Khan",0
"Rana_Muhammad_Hayat_Khan",0
"Rana_Muhammad_Ishaq_Khan",0
"Rana_Nazir_Ahmad_Khan",0
"Rana_Qasim_Noon",0
"Rana_Sana_Ullah_Khan",0
"Rana_Shamim_Ahmed_Khan",0
"Rana_Tanveer_Hussain",0
"Rana_Umer_Nazir_Khan",0
"Rana_Zahid_Hussain_Khan",0
"Rao_Abid_Rizwan_Shoukat",0
"Rao_Mazhar_Hayyat_Khan",0
"Rao_Muhammad_Mohsin_Ali_Khan",0
"Rasheed_Ahmad_Khan",0
"Rasool_Bux_Jakhro",0
"Rehan_Malik_Advocate",0
"Rehan_Qaiser_Sheikh",0
"Rehmat_Salam_Khattak",0
"Riaz_Ahmad_Khan",0
"Riaz_Ul_Haq",0
"Rooh_Ullah_Khan",0
"Rozina",0
"Saad_Ullah_Tareen",0
"Saad_Waseem",0
"Saboohuddin_Malik",0
"Saddique_Khan_Baloch",0
"Sadia_Shabir",0
"Saeed_Ahmed_Khan_Manais",0
"Saeed_Ahmed_Manais",0
"Sahabzada_Syed_Murtaza_Amin",0
"Sahibzada-Faizul-Hassan",0
"Sahibzada_Faiz_Ul_Hassan",0
"Sahibzada_Haji_Muhammad_Fazal-e-Kareem_",0
"Sahibzada_Muhammad_Tahir_Sultan",0
"Sahibzada_Shabbir_Hassan_Ansari",0
"Saima_Akhtar_Bharwana",0
"Saira_Afzal_Tarar",0
"Saira_Tarar",0
"Sajid_Mehdi",0
"Sajjad_Ahmed_Sohal",0
"Sajjad_Ali",0
"Sajjad_Anwar_Khan",0
"Sakina_Anwer",0
"Salar_Khan",0
"Saleem_Zia",0
"Salman_Hanif",0
"Sardar_Adil_Umar",0
"Sardar_Ayaz_Sadiq",0
"Sardar_Fateh_Muhammad_Hasni",0
"Sardar_Ghulam_Abbas",0
"Sardar_m_Yaqoob_Nasir",0
"Sardar_Mansab_Ali_Dogar",0
"Sardar_Mansab_Ali_Doggar",0
"Sardar_Mehtab_Ahmed_Khan",0
"Sardar_Muhammad_Amjad_Farooq_Khan_Khosa",0
"Sardar_Muhammad_Arshad_Khan_Laghari",0
"Sardar_Muhammad_Irfan_Dogar",0
"Sardar_Muhammad_Jaffar_Khan_Leghari",0
"Sardar_Muhammad_Saif-Ul-Din_Khan_Khosa",0
"Sardar_Muhammad_Shafqat_Hayat_Khan",0
"Sardar_Muhammad_Yaqoob_Khan_Nasir",0
"Sardar_Muhammad_Yousaf",0
"Sardar_Muhammad_Yousaf_Zaman",0
"Sardar_Mumtaz_Khan",0
"Sardar_Noor_Ahmed_Khan_Malaizai",0
"Sardar_Riaz_Mahmood_Khan_Mazari",0
"Sardar_Sanaullah_Zehri",0
"Sarzamin_Khan",0
"Saud_Majeed",0
"Shabbir_Ahmed_Hyderi",0
"Shah_Jee_Gul_Afridi",0
"Shahab_Ud_Din_Khan",0
"Shahibzada_Faiz_Ul_Hassan",0
"Shahid_Khaqan_Abbasi",0
"Shahid_Khaqan_Abbassi",0
"Shahid_Usman",0
"Shaikh_Maqsood_Ahmed",0
"Shaikh_Rohale_Asghar",0
"Shams_Ur_Rehman_Khattak",0
"Sharafat_Khan",0
"Shazia_Mubashar",0
"Shehzad_Asghar_Khan_Rind__Advocate",0
"Sheikh_Abdul_Sattar_Mandokhel",0
"Sheikh_Aftab_Ahmad",0
"Sheikh_Aftab_Ahmed",0
"Sheikh_Fayyaz_Ud_Din",0
"Sheikh_Muhammad_Akram",0
"Sheikh_Muhammad_Tariq_Rasheed",0
"Sheikh_Rohale_Asghar",0
"Sheikh_Roheel_Asghar",0
"Sher_Afghan_Khan",0
"Sher_Rehman",0
"Shezra_Mansab_Ali_Khan_Kharal",0
"Sidra_Tel_Muntaha",0
"Sikander_Ali_Mirani",0
"Skindar_Hayyat_Khan_Bosan",0
"Sobia_Shahid",0
"Sohail_Shoukat_Butt",0
"Speen_Gul",0
"Sumaira_Naz",0
"Syed_Ansub_Raza_Fatmi",0
"Syed_Attaullah_Shah_Bukhari",0
"Syed_Basit_Sultan_Bukhari",0
"Syed_Faisal_Abbas",0
"Syed_Ghulam_Mustafa_Shah_s_o_Syed_Asadullah_Shah",0
"Syed_Hafeezuddin",0
"Syed_Iftikhar_Ul_Hassan",0
"Syed_Imran_Ahmad_Shah",0
"Syed_Imran_Ahmed_Shah",0
"Syed_Javed_Hassan",0
"Syed_Javed_Hassnain",0
"Syed_Javed_Hassnain_Shah",0
"Syed_Mobeen_Ahmed",0
"Syed_Muhammad_Abdullah_Shah",0
"Syed_Muhammad_Ali_Shah_Bacha_Lala",0
"Syed_Muhammad_Ashiq_Hussain_Shah",0
"Syed_Muhammad_Athar_Hussain_Shah_Gillani",0
"Syed_Muhammad_Iqbal_Shah",0
"Syed_Muhammad_Nihal_Hashmi",0
"Syed_Muhammad_Rafi_Ud_Din_Bukhari",0
"Syed_Muhammad_Raza_Bukhari",0
"Syed_Muhammad_Saleem_Ashrafi",0
"Syed_Muhammad_Salman_Mohsin_Gillani",0
"Syed_Muhammad_Saqlain_Bukhari",0
"Syed_Raza_Ali_Bukhari",0
"Syed_Riaz_Hussain_Shah_Sherazi",0
"Syed_Sajid_Mehdi",0
"Syed_Zahoor_Shah",0
"Syed_Zulfiqar_Ali_Shah",0
"Syeda_Nosheen_Iftikhar",0
"Syeda_Shehr_Bano_Bukhari",0
"Tariq_Fazal_Chaudhry",0
"Tehmina_Daultana",0
"Toor_Gul_Khan_Jogezai",0
"Umer_Sohail_Zia_Butt",0
"Usman_Ibrahim",0
"Uzair_Tariq",0
"Waheed_Alam_Khan",0
"Wajid_Ali_Khan",0
"Waseem_Akhtar_Shaikh",0
"Waseem_Akhtar_Sheikh",0
"Wazeer_Ahmed_Afridi",0
"Yasir_Khan",0
"Zahid_Hamid",0
"Zahid_Khan_Afridi",0
"Zaib_Jafar",0
"Zain-Ul-Abideen_Ansari",0
"Zain_Ansari",0
"Zain_Ul_Abdin_Ansari",0
"Zakir_Hussain_Mari",0
"Zameer_Hussain_Leghari",0
"Zar_Khan",0
"Zobaida_Jalal",0
"Zulifqar_Ali_Bhindar",0
"Syed_Faqir_Hussain_Shah_Bukhari",0
"Zahid_Parvez",0
"Abrar_Hussain",0
"Abdul_Rehman_Jameel",0
"Ahmad_Deen_Malik",0
"Arshad_Ali_Khan",0
"Muhammad_Allah_Dad_Cheema",0
"Muhammad_Anwar_Ulhaq",0
"Aasim_Nisar",0
"Abdul_Azeem",0
"Abdul_Azeem_Khan",0
"Abdul_Aziz_Aziz",0
"Abdul_Mateen",0
"Abdul_Nisar",0
"Abdul_Raheem",0
"Abdul_Rahim",0
"Abdul_Rehman_Muslim",0
"Abdul_Waheed_Abid",0
"Abu_Zar",0
"Adil_Hussain",0
"Ahmad_Bakhsh",0
"Ahmad_Sher",0
"Aisha",0
"Akhtari_Bibi",0
"Amir_Zeb",0
"Amjad_Islam_Amjad",0
"Ansar_Javed_Tarar",0
"Arshad_Nawab",0
"Asad_Munawar",0
"Asmat_Bibi",0
"Azmat_Ali_Kiyani",0
"Babar_Ijaz_Virk",0
"Balquees_Begum",0
"Basmeeda",0
"Chaudhry_Zulfiqar_Ali_Aulakh",0
"Choudhary_Muhammad_Yaqoob_Chahal",0
"Danish_Anam",0
"Faisal_Ahmad_Cheema",0
"Faisal_Nadeem_Shaikh",0
"Fazal_Rahim",0
"Fiaz_Ahmad",0
"Ghulam_Ali_Shakar_Toor",0
"Hafeez_Ullah_Rehman",0
"Hafiz_Ameer_Hamza",0
"Hafiz_Muhammad_Masood",0
"Hafiz_Muhammad_Rizwan",0
"Hafiz_Safi_Ur_Rehman",0
"Hafiz_Talha_Saeed",0
"Haq_Nawaz",0
"Imran_Liaquat",0
"Jahanzaib_Zahid",0
"Jamil_Badshah",0
"Kashif_Altaf",0
"Khalid_Mahmood_Cheema",0
"Khalid_Masood_Sandhu",0
"Mahar_Muhammad_Mujahid",0
"Maqbool_Bibi",0
"Mehak_Rafiq",0
"Mehdi_Ishaq",0
"Mir_Hazoor_Bakhsh",0
"Mudassir_Yaqoob",0
"Muhamamd_Ehsan",0
"Muhamamd_Saif_Ullah_Saif",0
"Muhamamd_Shahid_Siddique",0
"Muhammad_Abid",0
"Muhammad_Ajmal_Khan",0
"Muhammad_Akmal_Javed",0
"Muhammad_Ameen",0
"Muhammad_Arshad_Bhatti",0
"Muhammad_Ashfaq",0
"Muhammad_Bilal_Haider",0
"Muhammad_Ghalib",0
"Muhammad_Haroon_Rafiq",0
"Muhammad_Hussain_Amir",0
"Muhammad_Ijaz_Malik",0
"Muhammad_Irfan_Ashraf",0
"Muhammad_Mansha",0
"Muhammad_Munawar",0
"Muhammad_Nadeem_Tabasum",0
"Muhammad_Rizwan_Sarwar",0
"Muhammad_Sajjad",0
"Muhammad_Shafiq_Ur_Rahman",0
"Muhammad_Shamshad",0
"Muhammad_Shoaib",0
"Muhammad_Shoaib_Ahmad",0
"Muhammad_Siraj",0
"Muhammad_Usaman",0
"Muhammad_Zafar_Iqbal",0
"Muzamil_Iqbal_Hashmi",0
"Nabi_Ahmad_Virk",0
"Nighat_Fardoos",0
"Noreen_Kamran",0
"Qaisar_Haroon_Toor",0
"Qaisar_Mustafa_Jajja",0
"Qaisar_Sardar",0
"Qaiser_Mustafa_Jajja",0
"Qasim_Ali_Khan",0
"Rahila_Khanum",0
"Rana_Abu_Khubaib_Rehman_Khan",0
"Rana_Shahid_Iqbal_Chachar",0
"Rana_Tariq_Jamal",0
"Rashid_Mahmood",0
"Raza_Ullah_Khan",0
"Ruqia_Bibi",0
"s_m_Yousuf_Ali_Bhatti",0
"Saeed_Ahmed_Khalid",0
"Saeeda_Zafar",0
"Sajid_Bashir",0
"Sajid_Iqbal",0
"Sajjad_Ahmed_Khan",0
"Salma_Bibi",0
"Sardar_Abdul_Sattar_Khan",0
"Shaban_Akhtar",0
"Shahbaz",0
"Shahbaz_Hussain_Sidhu",0
"Shakeela_Yasmeen",0
"Sohail_Qaiser",0
"Syed_Rabab_Haider",0
"Tahir_Javed_Khan",0
"Taj_Mehal",0
"Taj_Mehmood",0
"Tasneem_Gul",0
"Waqar_Murtaza",0
"Wasim_Shaukat",0
"Yasira_Bibi",0
"Yawar_Aftab",0
"Zain_Ullah",0
"Hafiz_Abdul_Rauf",0
"Asadullah_Khan",0
"Khushal_Khan_Kakar",0
"Malik_Zada",0
"Mehar_Ullah",0
"Muhammad_Essa_Achakzai",0
"Muhammad_Mukhtar",0
"Nasrullah_Khan_Barech",0
"Noor_Gul_Khan",0
"Parveen_Usman",0
"Aamir_Khan",0
"Abdullah_Abbasi",0
"Afzal_Hayat",0
"Fateh_Ali_Muawiya",0
"Fehmeed_Nawaz",0
"Hafiz_Allah_Ditta",0
"Khurram_Shehzad",0
"Luqman_Khan",0
"Muhammad_Arsalan_Khalid",0
"Muhammad_Aslam_Iqbal",0
"Muhammad_Muzammal_Nazir",0
"Rustam_Khan",0
"Wajid_Kiyani",0
"Waqas_Qudoos",0
"Waseem_Ahmad",0
"Aarif_Aziz_Sheikh",0
"Abdul_Akbar_Khan",0
"Abdul_Aziz_Memon",0
"Abdul_Berr",0
"Abdul_Ghafoor_Chaudhary",0
"Abdul_Habib_Memon",0
"Abdul_Qadir_Patel",0
"Abdul_Qudoos_Awan",0
"Abdul_Rauf_Advocate",0
"Abdul_Razzaq_Raja",0
"Abdul_Sattar_Bachani",0
"Abdul_Wahab_Barakzai",0
"Abdul_Waheed",0
"Abdullah_Bloch",0
"Abid_Hussain_Sathi",0
"Abid_Ullah_Yousafzai",0
"Abrar_Azam",0
"Adeel_Ghulam_Mohy_Ud_Din",0
"Aezid_Mahmood_Khan_",0
"Aftab_Alam",0
"Aftab_Shahban_Mirani",0
"Agha_Shafqatullah",0
"Ahmad_Hassan",0
"Ahmad_Mustafa",0
"Ahmad_Shah_Khan",0
"Ahmed_Ali_Khosa",0
"Ahmed_Jan",0
"Aijaz_Ahmed_Halepoto",0
"Aijaz_Hussain_Jakhrani",0
"Aitzaz_Rasheed",0
"Ajmal_Khan",0
"Akhtar_Javid_Khan",0
"Alam_Zaib_Khan",0
"Alamzaib_Umerzai",0
"Alhaj_Muhammad_Asad_Bhatti",0
"Ali-Uz-Zaman",0
"Ali_Ahmed",0
"Ali_Gohar_Khan_Mahar",0
"Ali_Jan_Mazari",0
"Ali_Javed",0
"Ali_Muhammad_Khan_Mahar",0
"Ali_Muhammad_Sahito",0
"Ali_Muhammad_Sehto",0
"Ali_Musa_Gilani",0
"Allah_Yar",0
"Altaf_Hussain_Virk",0
"Aman_Ullah_Wald_Gul_Azad",0
"Amjad_Ali_Jutt",0
"Amjad_Yaqoub",0
"Anwar-Ul-Haq_Ramay",0
"Anwar_Saifullah_Khan",0
"Arbab_Alamgir_Khan",0
"Arbab_Wazir_Ahmed_Memon",0
"Arif_Aziz_Shaikh",0
"Asad_Alam_Niazi",0
"Asad_Ullah_Khan",0
"Asghar_Ali_Jara",0
"Asif_Ali_Zardari",0
"Asif_Bashir",0
"Asma_Shahnawaz_Cheema",0
"Athar_Hassan_Khan_Gorchani",0
"Aurangzeb_Shaafi_Burki",0
"Aurangzeb_Shafi_Barki",0
"Ayatullah_Durrani",0
"Ayaz_Imran",0
"Ayub_Shah",0
"Azeem_Daultana",0
"Baber_Sultan_Jadoon",0
"Babu_Nafees_Ahmad_Ansari",0
"Bari_Khan",0
"Barrister_Mian_Amir_Hassan",0
"Basharat_Ali_Wald_Faqir_Muhammad",0
"Begum_Shahnaz_Javed",0
"Bilawal_Bhutto_Zardari",0
"Bushra_Aitzaz_Ahsan",0
"Capt__Rtd__Rai_Ghulam_Mujtaba_Kharral",0
"Captain_Retired_Asad_Gill",0
"Ch__Ahmad_Mukhtar",0
"Ch__Ahmed_Mukhtar",0
"Ch__Hammad_Muhammad_Khan",0
"Ch__Iftikhar_Nazir",0
"Ch__Manzoor_Ahmad",0
"Ch__Muhammad_Abdullah_Virk",0
"Ch__Zeshan_Ilyas",0
"Ch_Ejaz_Ahmed_Cheema",0
"Ch_Iftikhar_Ahmed",0
"Ch_Muhammad_Saddique",0
"Ch_Muhammad_Saeed_Gujar",0
"Ch_mushtaq_Ahmad_",0
"Ch_tawakkal-Ullah_Virk",0
"Ch_zahid_Iqbal",0
"Ch_Zulifqar_Bhindar",0
"Chaudhary_Ijaz_Ahmad_Cheema",0
"Chaudhary_Shoukat_Ali",0
"Chaudhary_Sohail_Zafar",0
"Chaudhary_Tasneem_Nasir",0
"Chaudhry_Abdul_Ghafoor_Khan",0
"Chaudhry_Asad_Parvez",0
"Chaudhry_Manzoor_Ahmad",0
"Chaudry_Atif_Rafique",0
"Chohadry_Manzoor_Ahmad",0
"Choudhary_Altaf_Hussain",0
"Choudhary_Sharaqat_Rasool_Ghumman",0
"Choudhary_Zafar_Iqbal_Warriach",0
"Choudhri_Umar_Hayat_Sandhu",0
"Col_Rtd_Rao_Abid_Ali_Khan",0
"Comrade_Zahoor_Ahmed_Khosa",0
"Dewan_Syed_Muhammad_Haider_Abbas_Bukhari",0
"Doctor_Mian_Akhtar_Ali_Laleka",0
"Doctor_Muhammad_Rashid_Malik",0
"Doctor_Sultan_Zeb_Khan",0
"Dr__Abdul_Wahid_Soomro",0
"Dr__Arbab_Alamgir_Khan",0
"Dr__Ayatullah_Durrani",0
"Dr__Azra_Fazal_Pecheho",0
"Dr__Fardos_Ashiq_Awan_",0
"Dr__Mirza_Ikhtiar_Baig",0
"Dr__Muhammad_Haider_Baloch",0
"Dr__Muhammad_Riaz",0
"Dr__Muhammad_Shakir_Alam",0
"Dr__Syed_Israr_Hussain",0
"Dr__Zafar_Chaudhary",0
"Dr_afsar_Ul_Mulk_Khan",0
"Dr_Azra_Fazal_Pechuho",0
"Dr_fahmida_Mirza",0
"Dr_Farooq_Afzal",0
"Dr_Fehmida_Mirza",0
"Dr_Firdous_Ashiq_Awan",0
"Dr_Mazhar_Iqbal_Choudhary",0
"Dr_Saeed_Ahmad_Buzdar",0
"Dr_zaheer-Ul-Hassan_Rizvi",0
"Dr_zulfiqar_Ali_Bhatti",0
"Ejaz_Ahmed_Samma",0
"Ejaz_Ali_Khan_Shahani",0
"Engineer_Hamid_Iqbal_Khan",0
"Engineer_Muhammad_Tariq_Khattak",0
"Engr_dawar_Khan_Kundi",0
"Faisal_Karim_Kundi",0
"Faisal_Sakhi_Butt",0
"Faizullah_Chaichee",0
"Fakhar_Umar_Hayat",0
"Faqir_Sher_Muhammad_Bilalani",0
"Faraz_Hashmi",0
"Farhana",0
"Farooq_Akbar_Kahloon",0
"Faryal_Talpur",0
"Farzana_Sherin",0
"Fateh_Ullah_Khan",0
"Fazal_e_Rabi",0
"Fazal_Rahman",0
"Fazal_Wadood",0
"Fida_Hussain_Dero",0
"Fozia_Behram",0
"Ghanva_Bhutto",0
"Ghanwa_Bhutto",0
"Ghayas-Ud-Din_Khan",0
"Ghinva_Bhutto",0
"Ghinwa_Bhutto",0
"Ghulam_Akbar_Lasi",0
"Ghulam_Ali_Nizamani",0
"Ghulam_Farid_Kathia",0
"Ghulam_Muhammad_Junejo_Alias_Gul_Junejo",0
"Ghulam_Murtaza_Satti",0
"Ghulam_Rabbani_Khar",0
"Ghulam_Sarwar_Khan_Khichi",0
"Gulzar_Ahmed_Chaudhary",0
"Hafeez-Ullah_Ishaq",0
"Hafiz_Hussain_Ahmed_Madni",0
"Haider_Ali_Khan_Kharal",0
"Hajan_Allah_Rakhi",0
"Haji_Misar_Khan",0
"Haji_Muhammad_Ishaq",0
"Haji_Nafees_Ahmed_Usmani_Advocate",0
"Haji_Rasool_Bux_Chandio",0
"Hamid_Ali_Bhatti",0
"Hamid_Saeed_Kazmi",0
"Haris_Meeran",0
"Hasnain_Ijaz_Khan_Shahani",0
"Hayat_Ullah_Khan_Tareen",0
"Hazrat_Wali",0
"Hina_Rabbani_Khar",0
"Ibne_Saeed_Ch_",0
"Iftikhar_Ahmed_Cheema_Advocate",0
"Iftikhar_Shahid",0
"Ihsan_Ur_Rahman_Mazari",0
"Imam_Ali_Samejo",0
"Imdad_Ullah_Abbasi",0
"Imran",0
"Imtiaz_Safdar_Waraich",0
"Imtiaz_Safdar_Warraich",0
"Iqbal_Ahmad_Khan",0
"Irfan_Ali_Leghari",0
"Irfan_Qureshi",0
"Israr_Ahmed_Khan",0
"Jahangir_Badar",0
"Jam_Abdul_Karim_Bijar",0
"Jamshed_Ahmad_Khan_Dasti",0
"Javaid_Saeed_Kazmi",0
"Javed_Iqbal_Warraich",0
"Javeed_Iqbal_Waraich",0
"Jawad_Hussain",0
"Jawaid_Sheikh",0
"Kakagi_Muhammad_Zahoor",0
"Kamal_Khan",0
"Kamran_Yousaf_Ghumman",0
"Khadeeja_Aamir",0
"Khair_Muhammad_Khan_Tareen",0
"Khalilu_Rehman",0
"Khan_Daraz",0
"Khanim_Ullah",0
"Khanzada_Khan",0
"Khawaja_Atta_Ullah_Khan_Tonsa_Sharif",0
"Khawaja_Ghulam_Hussain",0
"Khawaja_Kaleem-Ud-Din_Koreja_",0
"Khawaja_Kaleem_Ud_Din_Koreja",0
"Khawaja_Muhammad_Saleh",0
"Khawaja_Sheeraz_Mehmood",0
"Khawja_Mudassir_Mehmood",0
"Khizarul_Islam",0
"Khurram_Pervaiz_Raja",0
"Khuwaja_Ghulam_Hussain",0
"Khwaja_Ghulam_Rasool_Koreja",0
"Kiramatullah_Khan",0
"Lal_Muhammad_Khan",0
"Liaqat_Ali_Khan",0
"Lt_col__r__Sultan_Sikandar_Ghumman_",0
"m_Bilal_Khan_Sherpao",0
"m_Israr_Tareen",0
"Mahar_Khliq_Yar_Khan_Lak",0
"Mahesh_Kumar_Malani",0
"Mahesh_Kumar_Malhani",0
"Mahmood_Akhtar_Ghuman",0
"Mahr_Irshad_Ahmed_Siyal",0
"Maj_Retd_Liaqat_Ali_Shah_Gailani",0
"Makhddom_Syed_Murtaza_Mehmood",0
"Makhdoom_Amad-Ud-Din",0
"Makhdoom_Jamil_Uz_Zaman",0
"Makhdoom_Muhammad_Ameen_Fahim",0
"Makhdoom_Shahab-Ud-Din",0
"Makhdoom_Shahab_Ud_Din",0
"Makhdoom_Syed_Ali_Hassan_Gilani",0
"Makhdoom_Syed_Mustafa_Mehmood",0
"Makhdoom_Tahir_Rashid",0
"Makhdum_Syed_Mustafa_Mahmud",0
"Makhdum_Syed_Usman_Mahmud",0
"Malak_Azmat_Khan",0
"Malak_Syed_Noor_Akbar",0
"Malik_Aamer_Fida_Paracha",0
"Malik_Amjad_Aziz_Khan",0
"Malik_Asad_Sikandar",0
"Malik_Asghar_Ali_Qaisar",0
"Malik_Irfan_Ahmad_Gheba",0
"Malik_Khalid_Awan",0
"Malik_Muhammad_Amir_Dogar",0
"Malik_Mushtaq_Ahmad",0
"Malik_Nawab_Sher_Waseer",0
"Malik_Nawab_Sher_Wasseer",0
"Malik_Niaz_Ahmad",0
"Malik_Raza_Rabbani_Khar",0
"Malik_Salah-Ud-Din_Dogar",0
"Malik_Sardar_Muhammad_Tralay_Wala",0
"Malik_Shah",0
"Malik_Shoukat_Hayyat_Awan",0
"Malik_Sohail",0
"Malik_Sultan_Mehmood_Wadhal_Tiwana",0
"Meer_Dost_Muhammad_Mazari",0
"Mehar_Abdul_Rashid_",0
"Mehboob_Ullah_Jan",0
"Mehkumuddin",0
"Mehmood_Hayat_Khan_Alias_Tochi_Khan",0
"Mehmood_Hayat_Khan_Tochi",0
"Mehmood_Hayyat_Khan_Alias_Tauchi_Khan",0
"Mehr_Ghulam_Farid_Kathia",0
"Mehr_Sultana",0
"Mehreen_Anwar_Raja",0
"Mian_Abdul_Haq_Alias_Mian_Mitho",0
"Mian_Abdul_Sattar",0
"Mian_Abdus_Sattar",0
"Mian_Aziz_Ur_Rehman_Chann",0
"Mian_Humayun_Sarwar_Bodla",0
"Mian_Jamshed-Ud-Din",0
"Mian_Manzoor_Ahmad_Khan_Wattoo",0
"Mian_Muhammad_Aslam_Arain",0
"Mian_Muzaffar_Shah",0
"Mian_Nasim_Mahmood_Hotiana",0
"Mian_Omer_Misbah-Ul-Rehman",0
"Mian_Rehman_Aziz_Chan",0
"Mian_Shamim_Haider",0
"Mian_Tariq_Habib_",0
"Mir_Aamir_Ali_Khan_Magsi",0
"Mir_Aijaz_Hussain_Jakhrani",0
"Mir_Amir_Ali_Khan_Magsi",0
"Mir_Changez_Khan_Jamali",0
"Mir_Ghulam_Ali_Talpur",0
"Mir_Ghulam_Fareed_Raisani",0
"Mir_Hazar_Khan_Bijarani_",0
"Mir_Imam_Bakhsh_Zahri",0
"Mir_Imran_Jattak",0
"Mir_Jan_Muhammad_Masuri",0
"Mir_Maqbool_Ahmed_Lehri",0
"Mir_Munawar_Ali_Talpur",0
"Mir_Shabbir_Ali_Bijarani",0
"Mirza_Ikhtiar_Baig",0
"Mirza_Maqbool_Ahmed",0
"Mirza_Muhammad_Nasir_Bage",0
"Mirza_Muhammad_Nasir_Baig",0
"Misbah-Ud-Din",0
"Misbah_Ud_Din",0
"Mohammad_Ayaz_Soomro",0
"Mohammad_Moazim_Ali_Khan",0
"Mohammad_Sagheer",0
"Mohammad_Sulleman",0
"Mr__Makhdoom_Muhammad_Ameen_Faheem",0
"Mr__Peeral_Majeedano",0
"Mr__Shahid_Hussain_Bhutto",0
"Mr_imran_Zafar_Leghari",0
"Mrs_faryal_Talpur",0
"Mubeen_Arshad",0
"Muhammad_Afaque_Khan_Alias_Shahid",0
"Muhammad_Alam_Khan",0
"Muhammad_Ali_Laleka",0
"Muhammad_Ali_Sanul_Awan",0
"Muhammad_Amjid_Abbas",0
"Muhammad_Arshad_Abbas_Qureshi",0
"Muhammad_Asghar_Lal",0
"Muhammad_Ashraf_Bhatti",0
"Muhammad_Asif_Khan",0
"Muhammad_Azam_Afridi",0
"Muhammad_Farooq_Azam_Malik",0
"Muhammad_Haider_Shah",0
"Muhammad_Hakeem_Khan",0
"Muhammad_Hassan_Khan",0
"Muhammad_Hyder_Ali_Bukhari",0
"Muhammad_Idrees_Khattak",0
"Muhammad_Ijaz_Virk_Advocate_",0
"Muhammad_Irshad_Khan",0
"Muhammad_Jamshed",0
"Muhammad_Kashif_Bhabha",0
"Muhammad_Khalid_Bashir_Tarnsporter",0
"Muhammad_Khan_Nadeem",0
"Muhammad_Moazam_Ali_Khan_Jatoi",0
"Muhammad_Mohsin_Ali_Qureshi",0
"Muhammad_Murad_Baloch",0
"Muhammad_Muzamil_Qureshi",0
"Muhammad_Naveed_Ch_",0
"Muhammad_Nawazish_Ali_Pirzada",0
"Muhammad_Nisar_Ahmad_Khan",0
"Muhammad_Rashid_Hussain_Rabani",0
"Muhammad_Saif_Ullah_Khan_Sadozai_Advocate",0
"Muhammad_Sardar_Bahadar_Babar_Khan",0
"Muhammad_Shah_Jehan",0
"Muhammad_Shahjahan_Khan",0
"Muhammad_Shahryar_Khan_Mahar",0
"Muhammad_Shakeel_Shah_Gilani",0
"Muhammad_Shakeel_Ur_Rehman",0
"Muhammad_Shuja_Khan",0
"Muhammad_Tariq_Anees",0
"Muhammad_Tariq_Khan_Niazi",0
"Muhammad_Tariq_Tarar",0
"Muhammad_Waqas",0
"Muhammad_Yaqoob_Ziaratwal",0
"Muhammad_Yasin",0
"Muhammad_Yousuf_Ali_Ghallu",0
"Muhammad_Zaki_Chaudhary",0
"Muhammad_Zaki_Chaudhry",0
"Muhammad_Zulfiqar_Ali",0
"Muhtarma_Ghanwa_Bhutto",0
"Mukhtar_Abbas",0
"Mullna_Abdul_Sattar",0
"Mumtaz_Ali_Cheema",0
"Munawar_Hayat_Abasi",0
"Mushtaq_Ahmad_Mohal__Advocate_High_Court_",0
"Nadeem_Afzal_Gondal",0
"Nadeem_Ahmad_Awan",0
"Naeem_Dastgir_Khan",0
"Naeem_Mehmood_Rana",0
"Nafisa_Shah",0
"Najam_Ud_Din_Khan",0
"Najam_Uddin_Khan",0
"Najmuddin_Khan",0
"Naseem_Khan",0
"Naseer_Mohammad_Khan",0
"Nasira_Arshad",0
"Nasira_Meo",0
"Nasrullah_Roonjha",0
"Natasha_Daultana",0
"Nauman_Islam_Shaikh",0
"Nauman_Islam_Shaikh_",0
"Nawab_Abdul_Ghani_Talpur",0
"Nawab_Ali_Wassan",0
"Nawab_Din",0
"Nawab_Malik_Amir_Muhammad_Khan",0
"Nawab_Mohammad_Yousif_Talpur",0
"Nawab_Muhammad_Yousaf_Talpur",0
"Nawab_Muhammad_Yousif_Talpur",0
"Nawabzada_Abdul_Qadir_Khan",0
"Nawabzada_Ghazanfar_Ali_Gul",0
"Nawabzada_Iftikhar_Ahmad_Khan",0
"Nawabzada_Iftikhar_Ahmed_Khan",0
"Nawabzada_Mir_Amir_Ali_Khan_Magsi",0
"Nawabzada_Mir_Jamal_Khan_Raisani",0
"Nazar_Muhammad",0
"Nazar_Muhammad_Gondal",0
"Nazar_Muhammad_Kakar",0
"Nazeer_Ahmad",0
"Nazir_Ahmed_Bhugio",0
"Nazir_Ahmed_Bughio",0
"Neha_Javed",0
"Nida_Asim",0
"Nisar_Muhammad",0
"Noor_Naeem_Khan",0
"Noor_Ul_Ain",0
"Noor_Ul_Ain_Rai_Saeed",0
"Peer_Haider_Zaman_Quraishi",0
"Peeral_Majeedano",0
"Pir_Aftab_Hussain_Shah_Jilani",0
"Pir_Aftab_Hussain_Shah_Jillani",0
"Pir_Ameer_Ali_Shah_Jilani",0
"Pir_Bux_Jamot",0
"Pir_Haider_Zaman_Qureshi",0
"Pir_Noor_Muhammad_Shah_Jeelani",0
"Pir_Shafqat_Hussain_Shah_Jilani",0
"Pir_Syed_Fazal_Ali_Shah_Jeelani",0
"Pir_Syed_Fazal_Ali_Shah_Jillani",0
"Qadir_Khan_Mando_Khail",0
"Qamar_Abbas",0
"Qamar_Zaman_Kaira",0
"Qazi_Muhammad_Azhar_Advocate",0
"Qazi_Muhammad_Bashir",0
"Qurban_Ali_Kalwar",0
"Quttab_Din",0
"Rafiq_Ahmed_Jamali",0
"Rafique_Ahmed_Jamali",0
"Raheela_Perveen",0
"Rai_Ghulam_Mujtaba_Kharal",0
"Rai_Ijaz_Ahmad_Khan",0
"Rais_Muhammad_Khalid_Chachar",0
"Raja_Faiz_Akbar_Janjuha",0
"Raja_Israr_Ahmed_Abbasi_Advocate",0
"Raja_Masood_Ahmad",0
"Raja_Muhammad_Afzal_Khan",0
"Raja_Muhammad_Iftikhar_Kayani",0
"Raja_Muhammad_Sana_Ul_Haq_Advocate",0
"Raja_Parvaiz_Ashraf",0
"Raja_Pervaiz_Ashraf",0
"Rajib_Ali",0
"Rameez_u_Din_Memon",0
"Rana_Abdul_Rehman_Khan",0
"Rana_Abdul_Shakoor_Khan",0
"Rana_Mahmood_Ashraf",0
"Rana_Mehmood_Ul_Hasan",0
"Rana_Mubashir_Ali_Khan",0
"Rana_Muhammad_Azhar_Uttra",0
"Rana_Muhammad_Farooq_Saeed_Khan",0
"Rana_Muhammad_Qasim_Noon",0
"Rao_Abdul_Ghaffar",0
"Rao_Muhammad_Jameel_Hashim_Khan",0
"Rao_Najeeb_Ur_Rehman",0
"Riaz_Hussain_Lund_Balouch",0
"Rizwan_Ahmad_Hans",0
"Roshan_Din_Junejo",0
"Rozi_Khan_Kakar",0
"Saathi_Ishaque_Advocate",0
"Sabar_Ali_Baloch",0
"Sabir_Ali_Baloch",0
"Sabir_Hussain",0
"Sadiq_Ali_Memon",0
"Saeed_Iqbal",0
"Saeed_Iqbal_",0
"Sajid_Ali_Bambhan",0
"Sajid_Ali_Banbhan",0
"Sajid_Hussain_Turi",0
"Sajjad_Ahmad_Awan_",0
"Sajjad_Ul_Hassan",0
"Sakhawat_Masih",0
"Salahuddin_Junejo",0
"Saleem_Mandviwala",0
"Saleem_Shah",0
"Saleem_Ullah_Khan",0
"Samina_Khalid_Ghurki",0
"Sardar_Ahmed_Khan_Alias_Fayyaz_Ali_Khan",0
"Sardar_Al-Haaj_Muhammad_Umar",0
"Sardar_Al_Haaj_Muhammmad_Umer_Gorgaij",0
"Sardar_Ali",0
"Sardar_Ali_Abbas_Khan_Baloch",0
"Sardar_Asif_Ahmad_Ali",0
"Sardar_Azhar_Ali_Mekan",0
"Sardar_Bahadur_Ahmad_Khan",0
"Sardar_Bahadur_Ahmed_Khan",0
"Sardar_Dost_Muhammad_Khan_Khosa",0
"Sardar_Jahazeb_Khan_Drishak_Almarof_Chand_Khan",0
"Sardar_Kamal_Khan_Chang",0
"Sardar_Khurram_Latif_Khan_Khosa",0
"Sardar_Khyzar_Hayat_Khan_Ladhu_Ka",0
"Sardar_Mir_Baz_Muhammad_Kha_Khetran",0
"Sardar_Mir_Baz_Muhammad_Khan_Khethran",0
"Sardar_Muhammad_Gulzar_Abbasi",0
"Sardar_Muhammad_Saif_Ud_Din_Khan_Khosa",0
"Sardar_Mushtaq_Ahmed",0
"Sardar_Nabil_Ahmed_Gabol",0
"Sardar_Saleem_Haider",0
"Sardar_Saleem_Haider_Khan",0
"Sardar_Sana_Ullah_Zehri",0
"Sardar_Shahnawaz_Khan",0
"Sardar_Shaukat_Hayat_Khan_Advocate",0
"Sardar_Shoaib_Mumtaz_Khan",0
"Sardar_Usman_Nawaz",0
"Sardar_Wahid_Bux_Bhayo",0
"Sardar_Wazir_Ahmed_Jogezai",0
"Sardar_Zafar_Ullah_Khan_Laghari",0
"Sarfaraz_Rajar",0
"Sarshar_Hassan_Cheema",0
"Sayed_Akhun_Zada_Chattan",0
"Shabbir_Ahmad_Khan_Leghari",0
"Shabir_Ahmed",0
"Shafeeqa_Baghum_Rao_Sikindar_Iqbal",0
"Shah_Fahad_Ansari",0
"Shah_Rehman",0
"Shahadat_Ali_Khan_Baloch",0
"Shaheem_Safdar",0
"Shaheen_Zamir",0
"Shaheryar_Khan",0
"Shahid_Abbas",0
"Shahid_Bashir",0
"Shahjahan_Ahmad_Bhatti",0
"Shahjahan_Baloch",0
"Shahrukh_Malik",0
"Shahzad_Majeed",0
"Shahzada_Ghulam_Muhyuddin",0
"Shakeel_Ahmed_",0
"Shamas-Un-Nisa",0
"Shams_Panhwar",0
"Shamshad_Sattar_Bachani",0
"Shamusddin_Panhwar",0
"Shaukat_Ali_Bajwa",0
"Shaukat_Pervez_Khan",0
"Shazia_Aurangzeb_Khan",0
"Shazia_Mari",0
"Shazia_Marri",0
"Shazia_Tehmas_Khan",0
"Shehryar_Amir_Zeb",0
"Sheikh_Kamran_Iqbal",0
"Sheikh_Muhammad_Iqbal",0
"Sheikh_Muhammad_Maghaz_Feroz",0
"Sheikh_Waqar_Ahmed_Advocate",0
"Sher_Muhammad_Balcoh",0
"Sher_Qanoos_Advocate",0
"Shiyam_Sundar_Advocate",0
"Shoaib_Alam_Khan",0
"Shoukat_Ali_Joya_Laleka",0
"Siddique_Akber",0
"Sidra_Saeed",0
"Sohail_Ansari",0
"Sohail_Shahzad",0
"Sumaira_Gul",0
"Sumaira_Mushtaq_Kharal",0
"Syed_Abbas_Raza_Rizvi",0
"Syed_Abdul_Qadir_Gillani",0
"Syed_Abid_Ali_Shah",0
"Syed_Abid_Hussain_Imam",0
"Syed_Abrar_Ali_Shah",0
"Syed_Ahmad_Ali_Shah",0
"Syed_Ahmad_Mujtaba_Gillani",0
"Syed_Akhunzada_Chattan",0
"Syed_Ali_Musa_Gillani",0
"Syed_Ali_Zawar_Naqvi",0
"Syed_Allauddin",0
"Syed_Ameer_Ali_Shah_Jamot",0
"Syed_Amir_Ali_Shah_Jamote",0
"Syed_Amir_Hamza_Peerzada",0
"Syed_Amjad_Hussain_Zaidi",0
"Syed_Anayat_Ali_Shah",0
"Syed_Asghar_Hussain",0
"Syed_Asif_Hashmi",0
"Syed_Ayaz_Ali_Shah_Sherazi",0
"Syed_Azmat_Ali_Bukhari_Advocate",0
"Syed_Faisal_Raza_Abidi",0
"Syed_Faqeer_Hussain_Shah",0
"Syed_Gayoor_Abbas_Bukhari_",0
"Syed_Ghayoor_Abbas_Bukhari",0
"Syed_Ghulam_Mustafa_Shah",0
"Syed_Ghulam_Mustafa_Shah_s_o_Syed_Sabbir_Ahmed_Shah",0
"Syed_Hamid_Saeed_Kazmi",0
"Syed_Hasnat_Ahmed",0
"Syed_Hussain_Tariq",0
"Syed_Ibne_Ali",0
"Syed_Intikhab_Hussain_Shah",0
"Syed_Irfan_Gardezi",0
"Syed_Ishtiaq_Ul_Hassan_Gilani",0
"Syed_Javed_Ali_Shah_Jillani",0
"Syed_Khursheed_Ahmed_Shah",0
"Syed_Manzoor_Abbas",0
"Syed_Mumtaz_Alam_Gillani",0
"Syed_Murtza_Mehmud",0
"Syed_Nasir_Ali_Shah_Alias_Syed_Abbas",0
"Syed_Naveed_Qamar",0
"Syed_Nayyer_Hussain_Bukhari",0
"Syed_Qutab_Ali_Shah_Alias_Ali_Baba",0
"Syed_Rafiullah",0
"Syed_Raza_Abbas",0
"Syed_Sabtul_Haider_Bukhari",0
"Syed_Sohail_Abidi",0
"Syed_Sohail_Abrar",0
"Syed_Sumsam_Ali_Shah_Bukhari",0
"Syed_Sumsan_Ali_Shah_Bukhari",0
"Syed_Tariq_Gilani",0
"Syed_Tariq_Raza",0
"Syed_Waseem_Ul_Hassan_Naqvi",0
"Syed_Yousaf_Raza_Gillani",0
"Syed_Zaffar_Ali_Shah",0
"Syed_Zahid_Bukhari",0
"Syeda_Abida_Hussain",0
"Syeda_Sughra_Imam",0
"Taimoor_Tahir",0
"Taj_Muhammad_Jamali",0
"Talat_Iqbal_Mahessar",0
"Tariq_Ashrif_Kahloon",0
"Tariq_Hakam_Ali",0
"Tariq_Javed_Manzoor",0
"Tariq_Mahmood",0
"Tariq_Mahmood_Bajwa",0
"Tariq_Mehmood_Bajwa",0
"Tariq_Shabbir_Advocate",0
"Tariq_Yaqoob_Fateh_Muhammad",0
"Tasneem_Ahmad_Qureshi",0
"Tasneem_Ahmed_Qureshi",0
"Tussadiq_Masood_Khan",0
"Umar_Aftab",0
"Umar_Farooq_Khan_Shawa",0
"Usman_Khan_Tarakai",0
"Waqar_Ahmad_Khan",0
"Waseef_Ullah_Khan",0
"Waseem_Akhtar",0
"Waseem_Khan_Rajput",0
"Yousaf_Ali",0
"Zafar_Ahmed_Siddiqui_Advocate",0
"Zafar_Iqbal_Ch_",0
"Zafar_Jhandeer",0
"Zahid_Pervaiz_Alias_Zahid_Bashir_",0
"Zar_Gul_Khan",0
"Zubair_Kardar",0
"Zulfaqar_Ali_Qaim_Khani",0
"Zulfiqar_Ali_Behan",0
"Zulfiqar_Ali_Khan",0
"Zulfiqar_Bachani",0
"Zumarad_Khan",0
"Zumurrad_Khan",0
"Abdul_Ahad",0
"Abdul_Khaliq_s_o_Haji_Fazal_m",0
"Abdul_u_Haq_Malik",0
"Ali_Nawaz",0
"Asgher_Ali",0
"Ata_Muhammad",0
"Eid_Nazar",0
"Ghulam_Shabbir",0
"Gul_Faraz",0
"Hafiz_Aurangzaib_Farooqui",0
"Hamza_Tariq",0
"Iftikhar_Ahmed_Farooqi",0
"Kamran_Khalid_Butt",0
"Khuda_Nazar",0
"Muhammad_Abu_Bakar_Saddique",0
"Muhammad_Ahmad_Khan",0
"Muhammad_Ishaque",0
"Muhammad_Ishfaq",0
"Muhammad_Safder_Hashmi",0
"Muhammad_Sikandar",0
"Naimatullah",0
"Saeed_Khan",0
"Shakil_Ahmed",0
"Syed_Abdul_Rafay",0
"Syed_Kaleem_Ullah",0
"Tariq_Aziz",0
"Ubaid_Ullah_Khan",0
"Waqas_Ahmed",0
"Muhammad_Majeed",0
"Abdul_Razaq_Shahid",0
"Atif_Atta",0
"Aziz_Ul_Islam",0
"Javed_Sharif",0
"Aamer_Masood_Mughal",0
"Abdul_Hakeem_Chandio",0
"Abdul_Qayum",0
"Abdul_Sattar_Samoon",0
"Abdur_Raoof_Dolla",0
"Abid_Javed_Virk",0
"Abid_Mahmood",0
"Abid_Mahmood_Khagga",0
"Abrar_Ul_Haq",0
"Abu_Bakar_Virk",0
"Adil_Khan_Bazai",0
"Adv_Shujaat_Ali",0
"Advocate_Zahoor_Mehsud",0
"Aftab_Ahmad",0
"Aftab_Ahmad_Khan_Khichi",0
"Aftab_Ahmed_Soomro",0
"Aftab_Irshad_Cheema",0
"Aftab_Jahangir",0
"Afzaal_Azeem_Pahat_Advocate",0
"Ahsan_Ulla_Virk",0
"Ajab_Gul",0
"Akeel_Aslam",0
"Akhtar_Iqbal_Dar",0
"Akram_Khan",0
"Akram_Niazi",0
"Aleem_Adil_Sheikh_",0
"Ali_Afzal_Sahi",0
"Ali_Amin_Gandapur",0
"Ali_Asghar_Khan",0
"Ali_Ashraf",0
"Ali_Asjid_Malhi",0
"Ali_Bukhari",0
"Ali_Ijaz_Buttar",0
"Ali_Khan_Jadoon",0
"Ali_Muhammad_Khalul",0
"Ali_Muhammad_Khan",0
"Aliya_Hamza",0
"Amber_Majeed_Niazi",0
"Ambreen_Malik",0
"Amir_Sharjeel",0
"Amirullah",0
"Amjad_Ali_Bajwa",0
"Amjid_Ali_Khan",0
"Aniqa_Mehdi",0
"Anwar_Haqdad",0
"Anwar_Taj",0
"Aqibullah",0
"Arbab_Amir_Ayub",0
"Arbab_Muhammad_Haleem",0
"Arif_Murad",0
"Arif_Ur_Rehman_Alvi",0
"Arshad_Ali_Mayo",0
"Arshad_Mahmood_Chaudhry",0
"Arslan_Khalid",0
"Asad_Qaiser",0
"Asad_Umar",0
"Asif_Khan",0
"Asiya_Asad",0
"Ataullah_Khan",0
"Atif_Ali_Khan_Dreshak",0
"Atif_Choudhry",0
"Aurangzeb_Khichi",0
"Awais_Haider_Jakhar",0
"Ayaz_Sarfraz_Malik",0
"Ayesha_Nazir_Jatt",0
"Azizullah_Dero",0
"Azra_Masood",0
"Babar_Marghazani",0
"Bakht_Jamal_Chandio",0
"Barrister_Abdullah_Mumtaz_Kahloon",0
"Barrister_Hammad_Azhar",0
"Barrister_Nabeel_Dhar",0
"Barrister_Taimur_Malik",0
"Basharat_Ali_Randhawa",0
"Basharat_Raja",0
"Bilal_Ejaz",0
"Brig_Ejaz_Shah",0
"Brigadier_Mumtaz_Iqbal_Kahlon",0
"Ch__Muhammad_Ilyas",0
"Ch_Khalil_Arain",0
"Ch_Muhammad_Shahnawaz_Cheema",0
"Ch_Usman_Ali_Tariq",0
"Changez_Khan_Kakar",0
"Chaudhary_Abdul_Ilyas",0
"Chaudhary_Javed_Iqbal_Waraich",0
"Chaudhry_Muhammad_Ashfaq",0
"Choudary_Shokat_Ali_Bhatti",0
"Choudhry_Muhammad_Saqlain",0
"Choudhry_Naeem_Ul_Din_Waraich",0
"Chudhary_Ilyas_Meharban",0
"Chudhary_Muhammed_Yaqoob",0
"Col_Ajmal_Sabir_Raja",0
"Colnel_Ejaz_Hussain_Minhas",0
"Dawar_Khan_Kundi",0
"Dawood_Shah",0
"Dawood_Ullah",0
"Doctor_Saeed_Ahmed_Afridi",0
"Doctor_Yasmin_Rashid",0
"Dr__Amjad",0
"Dr__Nisar_Jutt",0
"Dr__Riaz_Lang",0
"Dr__Tahir_Ali_Javed",0
"Dr_Azeem_Zahid_Lakhvi",0
"Dr_Muhammad_Azhar_Khan_Jadoon",0
"Ejaz_Ahmad_Gaddan",0
"Eman_Tahir",0
"Engineer_Dawar_Khan_Kundi",0
"Faheem_Khan",0
"Faisal_Mughal",0
"Faiz_Ullah_Kamoka",0
"Falak_Niaz",0
"Falak_Sheer_Sikandar",0
"Farhat_Faheem_Bhatti",0
"Farrukh_Habib",0
"Fawad_Ahmad_Cheema",0
"Fayaz_Ahmed",0
"Fazal_Muhammad_Khan",0
"Ghulam_Zahid",0
"Gohar_Ali_Khoso",0
"Gul_Badshah",0
"Gul_Dad_Khan",0
"Gul_Muhammad_Keerio",0
"Gul_Muhammad_Rind",0
"Gul_Zafar_Khan",0
"Gulzar_Khan",0
"Hafeezullah",0
"Hafiz_Hamid_Raza",0
"Haji_Akhtar_Mohammad_Mandokhel",0
"Haji_Imtiaz_Ahmed_Choudhry",0
"Haji_Khalid_Mehmood_Chatha",0
"Haleem_Adil_Sheikh",0
"Hamid_Khan",0
"Hamid_Ul_Haq",0
"Hamid_Zaman",0
"Hamida_Masood_Shah",0
"Hamza_Khan",0
"Haroon_Ihsaan_Paracha",0
"Hassan_Adeel",0
"Hassan_Ali_Khan",0
"Hina_Manzoor",0
"Iffat_Soomro",0
"Iftikhar_Ali_Khitran",0
"Iftikhar_Soomro",0
"Imran_Ahmed_Khan_Niazi",0
"Imran_Khattak",0
"Imran_Qaisar_Abbbas",0
"Iqra_Mubarik",0
"Jahanzaib_Imtiaz_Gill",0
"Jameel_Ahmed_Lund_Baloch",0
"Jamshaid_Dasti",0
"Javaid_Safdar_Kahlon",0
"Javed_Ali_Bozdar",0
"Jehanzeb_Khan_Dhakki",0
"Junaid_Akbar",0
"Kanwal_Shauzab",0
"Karim_Dad",0
"Khalid_Abdullah_Ghazi",0
"Khalid_Masood_Khan",0
"Khalid_Mehmood_Ali",0
"Khalid_Nawaz",0
"Khan_Shaid_Afridi",0
"Khawaja_Mudasar_Mehmood",0
"Khawaja_Sharif_Muhammad_Koreja",0
"Khawaja_Sheraz_Mehmood",0
"Khial_Zaman_Aurak_Zai",0
"Khudada_Kalyar_Advocate",0
"Khurram_Munawar_Munj",0
"Khurram_Shahzad_Virk",0
"Khurram_Sher_Zaman",0
"Khursheed_Mehmood_Kasuri",0
"Kousar_Parveen",0
"Lal_Chand_Malhi",0
"Lala_Asad_Ullah",0
"Latif_Khosa",0
"Lt_Col_r_Ajmal_Sabir_Raja",0
"Mahar_Sajjad_Hussain_Cheena",0
"Maher_Naveed_Ahmad_Kherha",0
"Mahmood_Khan",0
"Maj_Latasab_Satti",0
"Makhdoom_Imad_Ud_Din_Hashmi",0
"Makhdoom_Javaid_Hussain_Hashmi",0
"Makhdoom_Shah_Mahmood_Hussain_Qureshi",0
"Makhdoom_Shah_Mahmood_Qureshi",0
"Makhdoom_Shah_Mehmood_Hussain_Qureshi",0
"Malik_Ameen_Aslam_Khan",0
"Malik_Amir_Dogar",0
"Malik_Arif_Awan",0
"Malik_Atiq_Ur_Rehman_Orakzai",0
"Malik_Ghulam_Murtaza_Metla",0
"Malik_Mehboob_Ahmed",0
"Malik_Muhammad_Akram_Bhatti",0
"Malik_Muhammad_Ali_Khan_Tiwana",0
"Malik_Muhammad_Faisal_Dehwar",0
"Malik_Muhammad_Muzaffar_Khan",0
"Malik_Muhammad_Yar_Dhakoo",0
"Malik_Nazir_Ahmed_Sobhi",0
"Malik_Touqeer_Abbas_Khokhar",0
"Malik_Umar_Farooq",0
"Malik_Waheed_Khan",0
"Malik_Waqar_Ahmad",0
"Malik_Zaheer_Abbas",0
"Manochaher",0
"Mansoor_Sarwar_Khan",0
"Maqsood_Ahmed_Ansari",0
"Maqsood_Ali",0
"Maryam_Batool",0
"Masroor_Ali",0
"Matiullah_Khan",0
"Mehar_Un_Nisa_Baloch",0
"Mehboob_Shah",0
"Mehr_Bano_Qureshi",0
"Mian_Azhar",0
"Mian_Ghous_Muhammad",0
"Mian_Moin_Uddin",0
"Mian_Muhammad_Afzal_Hayat",0
"Mian_Muhammad_Amjad_Joyia",0
"Mian_Muhammad_Naeem",0
"Mian_Mumtaz_Ahmad_Matyana",0
"Mian_Nazir_Rahman",0
"Mian_Salman_Ali_Qureshi",0
"Mian_Shahid_Mustafa_Qureshi",0
"Mir_Ali_Ahmed_Zehri",0
"Mir_Mohammad_Azam_Sumalani",0
"Mirza_Abdul_Qayyum",0
"Mirza_Saeed_Mehmood_Baig",0
"Moazam_Jatoi",0
"Mohammad_Imran",0
"Mohtarma_Zartaj_Gul_Akhwand",0
"Mubeen_Arif_Jatt",0
"Muhammad_Afzal_Gondal",0
"Muhammad_Ahmad_Chattha",0
"Muhammad_Ajmal_Cheema",0
"Muhammad_Alamgir_Khan",0
"Muhammad_Ali_Sarfaraz",0
"Muhammad_Ali_Shakoor",0
"Muhammad_Ameer_Sultan",0
"Muhammad_Arshad_Sahi",0
"Muhammad_Ashraf_Jabbar_Qureshi",0
"Muhammad_Aslam_Ghumman",0
"Muhammad_Atif",0
"Muhammad_Aurangzaib_Khan_Khichi",0
"Muhammad_Azam_Khan_Swati",0
"Muhammad_Bashir_Khan",0
"Muhammad_Daood",0
"Muhammad_Dawood_Khan",0
"Muhammad_Ibraheem_Khan",0
"Muhammad_Imran_Shaukat_Khan",0
"Muhammad_Ishaq_Khan_Khakwani",0
"Muhammad_Jamal_Ahsan_Khan",0
"Muhammad_Madni",0
"Muhammad_Mansha_Sindhu",0
"Muhammad_Miqdad_Ali_Khan",0
"Muhammad_Naem",0
"Muhammad_Nawaz_Gondal",0
"Muhammad_Qasim_Khan_Suri",0
"Muhammad_Riaz_Haider",0
"Muhammad_Roman_Ahmed",0
"Muhammad_Sajid_Naeem_Qureshi",0
"Muhammad_Saleem_Akhtar_Durrani",0
"Muhammad_Saleem_Imran",0
"Muhammad_Sana_Ullah_Khan_Mastikhel",0
"Muhammad_Shoaib_Shaheen",0
"Muhammad_Tuffail",0
"Muhammad_Usman_Dar",0
"Muhammad_Waqar_Wasi_Chaudhary",0
"Muhammad_Yasir",0
"Muhammad_Zeeshan",0
"Muhammad_Zubair_Khan",0
"Muhram_Khan",0
"Mujahid_Ali",0
"Mujahid_Khan",0
"Mumtaz_Ahmad",0
"Mumtaz_Ali_Jakhrani",0
"Mumtaz_Ali_Shah",0
"Mumtaz_Mustafa_Advocate",0
"Murad_Saeed",0
"Mustafa_Kundi",0
"Mustansir_Billah",0
"Nadeem_Abbasi",0
"Naiz_Muhammad_Gujjar",0
"Naseem_Hashim_Khan",0
"Nasim_Ali_Shah",0
"Nasir_Khan_Khattak",0
"Nasrullah_Mughal",0
"Naveed_Hameed",0
"Nawab_Aman_Ullah_Khan",0
"Nawab_Khan_Dumer",0
"Nawab_Muhammad_Ahmad_Khan",0
"Nawabzada_Salahuddin_Saeed",0
"Nawaz_Mehmood_Khan",0
"Naz_Baloch",0
"Nazish_Bhatti",0
"Nek_Mohammad",0
"Niaz_Mohammad_Khan",0
"Nisar_Akbar_Khan",0
"Nisaraslam_Khan",0
"Noor_Muhammad_Ghaffari",0
"Peer_Zahoor_Hussain_Quraishi",0
"Pervez_Khattak",0
"Pir_Bux_Jamood",0
"Qaisara_Elahi",0
"Qurban_Ali",0
"Rab_Nawaz_Kalwar",0
"Raees_Nawaz_Ali_Burfat",0
"Rafique_Ahmad_Khan_Niazi",0
"Rahat_Aman_Ullah_Bhatti",0
"Rahat_Amanullah_Bhatti",0
"Rai_Haider_Ali_Khan",0
"Rai_Hasan_Nawaz_Khan",0
"Rai_Hassan_Nawaz_Khan",0
"Rai_Muhammad_Akram_Khan_Bhatti",0
"Rai_Naeem_Asad_Kharal",0
"Raja_Aamer_Zaman",0
"Raja_Abdul_Haque",0
"Raja_Azhar_Khan",0
"Raja_Muhammad_Saleem",0
"Raja_Taila_Saeed",0
"Raja_Yassir_Humayun_Sarfraz",0
"Rana_Aamir_Shahzad_Tahir",0
"Rana_Atif",0
"Rana_Javed_Umar",0
"Rana_Naeem_Ur_Rehman_Khan",0
"Rana_Shehzad_Hafeez",0
"Rana_Tanveer_Riaz_Khan",0
"Rao_Hassan_Skindar",0
"Rao_Khalid_Khan",0
"Rao_Umer_Hashim_Khan",0
"Rashid_Siddiqui",0
"Rashida_Tariq",0
"Rehana_Imtiaz_Dar",0
"Riasat_Ali_Bhatti",0
"Riaz_Ahmad_Tarar",0
"Riaz_Hyder",0
"Riyaz_Fatyana",0
"Rozina_Bhutto",0
"s_a_Hameed",0
"Saadullah_Baloch",0
"Saadullah_Mehmood_Urf_Muhammad_Yasir_Baloch",0
"Sabeen_Safdar_Bandesha",0
"Sadaqat_Ali_Abbasi",0
"Saddam_Tareen",0
"Saeed_Khursheed_Ahmad",0
"Saeed_Mushtaq",0
"Sahibzada_Mehboob_Sultan",0
"Sajid_Khan",0
"Sajid_Khan_Wald_Taj_Gul",0
"Sajid_Nawaz",0
"Sajid_Nawaz_Khan",0
"Sajid_Yousaf",0
"Salar_Khan_Kakar",0
"Saleem_Mahmood_Kamlana_Sial",0
"Saleem_Ur_Rehman",0
"Salman_Akram_Raja",0
"Salman_Saif_Cheema",0
"Sami_Ullah_Chaudhry",0
"Sardar_Ahsan_Raza_Advocate",0
"Sardar_Muhammad_Ahmed_Dreshak",0
"Sardar_Muhammad_Ali_Khan",0
"Sardar_Muhammad_Hussain_Dogar",0
"Sardar_Rafique_Haider_Khan_Laghari",0
"Sardar_Sher_Muhammad_Rind_Baloch",0
"Seemabia_Tahir",0
"Shabana_Nawab",0
"Shabbir_Ali_Quereshi",0
"Shafqat_Abbas",0
"Shafqat_Ali",0
"Shafqat_Mehmood",0
"Shahbaz_Ahmad_Khan_Sial",0
"Shahid_Ahmad_Khattak",0
"Shahid_Amin",0
"Shahid_Talib",0
"Shahnawaz",0
"Shahram_Tarakai",0
"Shamraiz_Khan",0
"Shandana_Gulzar_Khan",0
"Shaukat_Iqbal_Mirza",0
"Shehryar_Afridi",0
"Shehryar_Riaz",0
"Shehzad_Farooq",0
"Shehzada_Muhammad_Gushtasap_Khan",0
"Sheikh_Waqar_Ahmad_Advocate",0
"Sher_Afzal_Marwat",0
"Sher_Ali_Arbab",0
"Shoaib_Nasir",0
"Shoukat_Basra",0
"Sibghatullah",0
"Sidra_Faisal",0
"Siraj_Muhammad_Khan",0
"Sohail_Sultan",0
"Subhan_Ali",0
"Subhan_Ali_Sahil",0
"Syed_Ahmed_Rasheed",0
"Syed_Akhtar_Hussain_Rizvi",0
"Syed_Ali_Haider_Zaidi",0
"Syed_Ali_Husnain_Shah",0
"Syed_Ali_Hyder_Zaidi",0
"Syed_Jameel_Ahmad_Hussain_Bokhari",0
"Syed_Jameel_Ahmed_Hussain_Bokhari",0
"Syed_Jamil_Ahmed_Shah_Bukhari",0
"Syed_Khawar_Ali_Shah",0
"Syed_Muhammad_Jawad_Asghar_Shah",0
"Syed_Mumtaz_Ali_Shah",0
"Syed_Niaz_Hussain_Shah_Jillani",0
"Syed_Qaisar_Abbas_Shah",0
"Syed_Raza_Ali_Gillani",0
"Syed_Shah_Ahad_Ali_Shah",0
"Syed_Wajahat_Hasnain_Shah",0
"Syed_Zahoor_Agha",0
"Tahir_Iqbal_Chuhdary",0
"Tahir_Sadiq",0
"Talib_Hussain_Sidhu",0
"Tariq_Aziz_Bhatti",0
"Tasawar_Abbas",0
"Umair_Khan_Niazi",0
"Umar_Aslam_Khan",0
"Usama_Ahmed_Mela",0
"Usama_Hamza",0
"Usman_Hamza",0
"Wajiha_Akram",0
"Wali_Muhammad_Mugheri",0
"Walid_Iqbal",0
"Waqas_Akram",0
"Waseem_Abbas",0
"Wasim_Qadir",0
"Yasmin_Rashid",0
"Yousaf_Khan",0
"Zafar_Ullah_Tararr",0
"Zaffar_Khan",0
"Zaheer_Abbas_Naqvi",0
"Zahid_Hussain_Hashmi",0
"Zahid_Mehmood_Mazari",0
"Zain_Qureshi",0
"Zain_Ul_Abidin_Khelji",0
"Zameer_Jedhu_Advocate",0
"Zartaj_Gul_Wazir",0
"Zubair_Khan",0
"Zulfiqar",0
"Zulfiqar_Ali_Mallah",0
"Zulqarnain_Als_Sakhi_Bhutto",0
"Muhammad_Hanif_Mughal",0
"Maazullah_Khan",0
"Muhammad_Sherwan_Amirzada",0
"Abdul_Qadir_Khan_Wadan",0
"Abdul_Rahim_Mandokhail",0
"Abdul_Razzaq_Achakzai",0
"Ahmed_Jan_Khan",0
"Akhtar_Shah_Kudezai",0
"Burhan_Ul_Din",0
"Dr__Abdullah_Khan",0
"Haji_Muhammad_Barki",0
"Ikram_Ul_Haq_Khan",0
"Jan_Dad_Khan",0
"Khurshid_Ali",0
"Main_Asmatullah_Shah",0
"Malik_Khaliq_Dad",0
"Mohammad_Nawaz_Khan",0
"Mohammad_Usman",0
"Muhammad_Bakhsh_Mengal",0
"Muhammad_Essa_Roshan",0
"Muhammad_Mukhtiar",0
"Murad_Ali",0
"Noor_Ullah_Tareen",0
"Rafi_Ullah",0
"Raza_Mohammad_Raza",0
"Saleem_Khan_Kakar",0
"Syed_Muhammad_Yousuf_Agha",0
"Zameen_Dad_Shah",0
"Zia_Watan_Dost",0
"Khuwaja_Tariq_Sarfaraz",0
"Riaz_Shahid_Khan_Punian_Advocate",0
"Shahid_Naeem_Advocate",0
"Syed_Muhammad_Abbas",0
"Muhammad_Yaqub_Alvi",0
"Ibtsaam_Illahi_Zahir",0
"Sardar_Rafiq_Ar_Sanjrani",0
"Abdul_Ghaffar_Khan_Mohmand",0
"Ahmad_Raza",0
"Akbar_Khan",0
"Dr_Siraj_Ud_Din",0
"Farooq_Ahmad",0
"Haji_Muhammad_Umar",0
"Irshad_Alam_Khan",0
"Khalil_Saeed",0
"Masood_Ahmed_Saeed",0
"Muhamamd_Ibrar",0
"Nasir_Mahmood_Chaudhry",0
"Sami_Ullah_Luni",0
"Amjad_Ali",0
"Bakhtiar_Ali",0
"Fida_Mohammad",0
"Malik_Haider_Khan",0
"Mian_Abdul_Latif",0
"Najeebullah_Durrani",0
"Sher_Wali",0
"Sikandar_Hayat_Khan",0
"Hajiani",0
"Faiza_Bibi_Rasheed",0
"Naseeb_Zaman",0
"Ameer_Ali_Pate_Wale",0
"Muhammad_Aslam_Khan",0
"Ghulam_Fareed_Koreja",0
"Khawja_Ghulam_Fareed_Koreja",0
"Muhammad_Wazeer_Khan_Dundam_Advocate",0
"Khalil_Ahmed",0
"Ahmad_Kamran_Thaeem_Ansari",0
"Allah_Nawaz",0
"Muhammad_Sardar_Bahadur_Khan",0
"Abul_Salam",0
"Eid_Muhammad",0
"Zia_Ul_Haq",0
"Allah_Rakha_Waseem",0
"Basharat_Ali_Khan_Advocate",0
"Haji_Rana_Sharafat_Ali_Qadri",0
"Hameed_Ghazi_Dogar",0
"Malik_Muhammad_Siddique_Khokhar",0
"Mofti_Mohammad_Hayat_Qadri",0
"Muhammad_Anwar_Ali",0
"Muhammad_Haseeb",0
"Muhammad_Sarfraz_Akbar",0
"Qari_Fateh_Khan",0
"Rana_Muhammad_Irfan",0
"Saeed_Ahmed_Zafar",0
"Sardar_Mulana_Muhammad_Wazeer_Ul_Qadri",0
"Tariq_Mehboob",0
"Allama_Haider_Alvi",0
"Hamid_Idrees",0
"Mian_Muhammad_Asif_Raza_",0
"Moulana_Nalay_Mitho_Shaikh",0
"Muhammad_Javed_Qadri",0
"Sikandar_Khan",0
"Sohail_Baig_Noori",0
"Muhammad_Asim",0
"Waleed_Ahmad",0
"Zahid_Iqbal",0
"Majeeda_Maria",0
"Malik_Muhammad_Tufail",0
"Syed_Ali_Raza",0
"Zawar_Hussain",0
"Himmat_Ali",0
"Ali_Afsar_Tanoli",0
"Fakhar_e_Alam_Urf_Hazrat",0
"Fida_Hussain",0
"Major_Rtd_Jameel_Ehsan_Kiyani",0
"Mohammad_Ashfaque",0
"Sardar_Haider_Zaman",0
"Sardar_Muhammad_Iqbal_Khan",0
"Abdul_Ali",0
"Abdul_Qayyum_Bajwa",0
"Adeel_Ahmad",0
"Aman_Ullah_Khan",0
"Amir_Hamza_Dogar_Advocate",0
"Amir_Muhammad",0
"Amjid_Pervaiz",0
"Aqeel_Shahzad",0
"Asif_Iqbal",0
"Ch_Tanveer_Ahmad_Kambo",0
"Doctor_Abdul_Rashid",0
"Doctor_Nasir_Razzaq",0
"Dr__Rafique_Ahmed_Ghuncha",0
"Ghulam_Abbass",0
"Iftikhar_Ali",0
"Kamal_Azfar",0
"Khizar_Hayat",0
"Maki_Muhammad",0
"Malik_Gul_Zali_Khan_Zakheli",0
"Malik_Nazar_Fareed_Khokhar",0
"Malik_Zafar_Iqbal_Rajput_Panwar",0
"Mian_Abdul_Waheed",0
"Moin_Ud_Din",0
"Mr_mumtaz_Ali",0
"Muhammad_Abu_Bakar_Watto",0
"Muhammad_Ahmad_Chaudhary",0
"Muhammad_Arshad_Taqi",0
"Muhammad_Irfan_Ud_Din",0
"Muhammad_Muzzammil",0
"Muhammad_Nawaz_Cheema",0
"Muhammad_Rafique_Advocate",0
"Muhammad_Sharif",0
"Naseer_Ahmed_Chandio",0
"Nek_Daraz_Khan",0
"Peer_Abdul_Shakoor_Naqsh_Bandi",0
"Qazi_Aslam_Khan",0
"Rahimullah_Khan",0
"Raja_Izat_Ali",0
"Rana_Muhammad_Saeed_Khan",0
"Rana_Muhammad_Sharif",0
"Rao_Muhammad_Akbar_Khan_Mayyo",0
"Rao_Wajid_Ali_Khan",0
"Saghir_Hussain",0
"Sahahbaz_Yasir_Ali",0
"Shamim_Khan",0
"Waheed_Ahmad_Khan",0
"Zaheer_Ahmad_Zia_Warraich",0
"Zahid_Sadique_Ansari",0
"Zaib_Ali",0
"Manzoor_Ali_Bhatti",0
"Aftab_Khurram",0
"Malik_Abdul_Rasheed",0
"Malik_Jahanzaib_Waran",0
"Mirza_Asif_Baig",0
"Muhammad_Jan_Mohmand",0
"Muhammad_Sohail_Akhter",0
"Syed_Muhammad_Shakeel_Ali_Shah",0
"m_Raza",0
"Moulana_Abdul_Quddoos",0
"Mukhtar_Ali",0
"Nasar_Ullah_Khan",0
"Abdul_Rehman_Shar",0
"Abrar_Ahmad",0
"Aftab_Ahmad_Joiya",0
"Alaf_Khan",0
"Allah_Bachaya",0
"Allah_Bakhsh",0
"Allah_Baksh",0
"Ameen",0
"Amjad_Naeem",0
"Anbreen_aka_Hena",0
"Asad_Jawad_Khan_Sherwani",0
"Ashique_Hussain",0
"Asif_Mahmood",0
"Asim_Irshad_Khan",0
"Atiq_Ur_Rehman",0
"Azhar_Hussain",0
"Azhar_Mehmood",0
"Bilal_Liaqat",0
"Chaudhary_Zulfiqar_Ali_Gujjar",0
"Chaudhry_Abdul_Kraim",0
"Chaudhry_Alhamza_Hussain_Cheema",0
"Chuadhary_Muhammad_Riaz",0
"Faisal_Bashir",0
"Faisal_Hasan_Khan",0
"Faqeer_Hussain_Dogar",0
"Farzand_Nasim",0
"Ghulam_Farid",0
"Ghulam_Meeran_Shah_Gilani",0
"Ghulam_Mohyu_Din",0
"Ghulam_Murtaza",0
"Ghulam_Rasool_Kalwar",0
"Ghulam_Sarwar_Khatti",0
"Ghulam_Yaseen",0
"Habib_Ul_Maalik_Khan",0
"Hafiz_Abid_Hussain",0
"Hafiz_Farrukh_Saleem",0
"Hafiz_Imran_Siddiq",0
"Hafiz_Khawar_Ikhlas",0
"Hafiz_Muhammad_Abubakar",0
"Hafiz_Muhammad_Ahmad_Bukhari",0
"Hafiz_Muhammad_Hamid",0
"Hafiz_Muhammad_Hamid_Mehmood_Kagani",0
"Hafiz_Muhammad_Saad_Rizvi",0
"Hafiz_Muneeb_Ahmad",0
"Hafiz_Sher_Muhammad_Sialvi",0
"Hafiz_Shoukat_Ali_Jatoi",0
"Haji_Allah_Dad",0
"Hamid_Mehmood_Faizi",0
"Ikram_Ullah",0
"Imran_Haider",0
"Imtiaz_Dogar",0
"Irfan_Ali_Bhatti",0
"Irshad_Ali_Babar",0
"Israr_Ahmed",0
"Javed_Akhtar_Abbasi",0
"Kashif_Ullah",0
"m_Habib",0
"Majid_Hussain",0
"Malik_Azhar_Ahmad_Sandila",0
"Malik_Kamran_Rasheed",0
"Manzoor_Elahi",0
"Matloob_Ahmad",0
"Mehtab_Ahmad",0
"Mir_Muhammad_Aslam",0
"Mohammad_Zaheer_u_Din_Pechuho",0
"Mohsin_Raza",0
"Mudassar_Ali",0
"Muhamamd_Mazhar_Mahmood",0
"Muhamamd_Waseem",0
"Muhammad_Ahmad_Majeed",0
"Muhammad_Ahsan",0
"Muhammad_Akbar",0
"Muhammad_Akhtar_Abbasi",0
"Muhammad_Akram",0
"Muhammad_Akram_Tahir",0
"Muhammad_Ali",0
"Muhammad_Ali_Langrial",0
"Muhammad_Amad_Khan_Wajid",0
"Muhammad_Amin_Uddin_Sialvi",0
"Muhammad_Amjad_Ali",0
"Muhammad_Amjad_Jameel",0
"Muhammad_Arif",0
"Muhammad_Asad_Iqbal",0
"Muhammad_Athar_Amin",0
"Muhammad_Farooq",0
"Muhammad_Farooq_Ul_Hassan",0
"Muhammad_Ghulam_Rasool",0
"Muhammad_Hussain_Babar",0
"Muhammad_Irfan_Qureshi",0
"Muhammad_Ismail_Hussaini",0
"Muhammad_Ismail_Shah",0
"Muhammad_Jahangeer",0
"Muhammad_Jawad_Saleem",0
"Muhammad_Kamran_Aulakh",0
"Muhammad_Khurram_Riaz",0
"Muhammad_Luqman",0
"Muhammad_Mehmood_Qadri",0
"Muhammad_Munir",0
"Muhammad_Mushtaq_Rehmani",0
"Muhammad_Noman_Khalid",0
"Muhammad_Qasim_Jakhro",0
"Muhammad_Rashid_Shah",0
"Muhammad_Raza_Khan",0
"Muhammad_Sajid",0
"Muhammad_Saleh",0
"Muhammad_Sarfraz",0
"Muhammad_Shafi_Khan",0
"Muhammad_Shafiq",0
"Muhammad_Shafiq_Ul_Hai",0
"Muhammad_Shahid_Iqbal",0
"Muhammad_Sharjil_Gopalani",0
"Muhammad_Sohail_Manzoor",0
"Muhammad_Taimoor_Khalid",0
"Muhammad_Tayyab",0
"Muhammad_Umer_Jan",0
"Muhammad_Wakeel",0
"Muhammad_Waseem",0
"Muhammad_Yaqub",0
"Muhammad_Yar_Mehboob_Khar",0
"Muhammad_Younis",0
"Muhammad_Zaheer_Mughal",0
"Munawar_Ali",0
"Nadeem_Zafar",0
"Najeeb_Ullah_Durrani",0
"Naseer_Ahmed",0
"Nasir_Ali",0
"Niamat_Ullah",0
"Pie_Muhammad_Ali_Sarhandi",0
"Qari_Ghulam_Akber",0
"Qazi_Tahir_Mahmood",0
"Raja_Saleem_Abid",0
"Raja_Sohail_Akhtar_Satti",0
"Rana_Muhammad_Rafique",0
"Rao_Atif_Ali_Khan",0
"Rao_Dilnawaz",0
"Ray_Munsif_Shabbir_Ahmad",0
"Rehmat_Ullah",0
"Sadam_Hussain",0
"Saeed_Ullah",0
"Saif_Ur_Rahman",0
"Sajjad_Akbar_Abbasi",0
"Sajjad_Hussain_Shah",0
"Saqib_Hussain",0
"Shabana_Kouser",0
"Shahbaz_Ahmed",0
"Shahid_Ullah",0
"Shahzada_Shahbaz",0
"Shehzad_Ullah_Chatha",0
"Shujaat_Ali",0
"Sohail_Anwar",0
"Syed_Asif_Ullah_Shah_Bukhari",0
"Syed_Atta_Ullah_Shah_Bukhari",0
"Syed_Iqbal_Hussain_Shah",0
"Syed_Ishrat_Jahania_Bukhari",0
"Syed_Jahanzaib_Bukhari",0
"Syed_Kashif_Ali_Shah",0
"Syed_Muhammad_Ali_Shah",0
"Syed_Muhammad_Atta_Ul_Hasnain_Ali",0
"Syed_Muhammad_Irfan_Shah",0
"Syed_Muhammad_Sarwar_Shah",0
"Syed_Munir_Hussain",0
"Syed_Shahid_Zahoor_Gillani",0
"Syed_Shamin_Raza",0
"Syed_Zaheer_Ul_Hassan_Shah",0
"Syed_Zaman_Ali_Jafri",0
"Tahir_Riaz",0
"Tahir_Uddin_Shah",0
"Tariq_Maqsood",0
"Ubedullah_Jamro",0
"Wahid_Bakhsh",0
"Waseem_Nisar",0
"Waseem_Zafar",0
"Wazir_Ahmed_Noorani",0
"Zahid_Hameed_Gujjar",0
"Zahir_Shah",0
"Zameer_Hussain",0
"Zamurd_Abbas_Khan",0
"Farrukh_Bashir",0
"Muhammad_Jahangir_Malik",0
"Shah_Zia_Udin_Khan",0
