"Candidate_ID","Degree","Betweenness","Closeness","Eigenvector","PageRank","Eccentricity"
"Mirza_Zulfiqar_Ahmed",0,0,NA,0,3.3112217304612e-05,0
"Nawab_Amber_Shahzada",2,0,1,3.43358811392463e-19,0.000220748115362919,1
"Nawab_Doctor_Amber_Shahzada",2,0,1,0,0.000220748115362787,1
"Nawab_Dr__Amber_Shehzada",2,0,1,3.43358811392463e-19,0.000220748115362641,1
"Noor_Hussain",2,0,1,1.03007643417739e-18,0.000220748115362919,1
"Rashida_Naeem",2,0,1,3.43358811392463e-19,0.000220748115362787,1
"Waqar_Ahmed",2,0,1,0,0.000220748115362641,1
"Ehsaamuddin",0,0,NA,0,3.3112217304612e-05,0
"Arslan_Khan_Manj",4,0,0.315293602103418,1.35231377820639e-05,9.56838845569021e-05,6
"Ghulam_Mustafa",202,29733.4273293888,0.460283612325408,0.00956500576920467,0.000373864177820894,5
"Mirza_Tariq_Mehmood",4,0,0.315293602103418,1.35231377820632e-05,9.56838845569009e-05,6
"Muhammad_Ali_Khan_Yousafzai",4,0,0.315293602103418,1.35231377820639e-05,9.56838845569003e-05,6
"Muhammad_Amin_Watoo",4,0,0.315293602103418,1.35231377820632e-05,9.56838845568996e-05,6
"Muhammad_Kashif",566,0,0.484947202875758,0.0498930009049321,0.000241262968025803,4
"Syed_Muhammad_Hussain",0,0,NA,0,3.3112217304612e-05,0
"Sadeed_Anver_Malik_Kashir",1,0,1,0,0.000220748115363124,1
"Zain_Ul_Abideen",1,0,1,0,0.000220748115362956,1
"Rana_Muhammad_Ali",0,0,NA,0,3.3112217304612e-05,0
"Abdul_Majeed",120,9912.40362901741,0.417666408668731,0.00170218227389328,0.000301000044061436,5
"Akhtar_Nawaz_Faisal_Daryana",75,0,0.370557939914163,0.000203959737439842,0.000179025032682286,5
"Amoon_Pasha",75,0,0.370557939914163,0.000203959737439842,0.000179025032682285,5
"Arshad_Ali",75,0,0.370557939914163,0.000203959737439842,0.000179025032682285,5
"Asghar_Abbas",75,0,0.370557939914163,0.000203959737439831,0.000179025032682284,5
"Ashar_Jahangir",75,0,0.370557939914163,0.000203959737439853,0.000179025032682283,5
"Babar_Ali",161,18693.6797622919,0.440285568587455,0.00200501097707761,0.000331439701712589,5
"Ch__Muhamamd_Ilyas",75,0,0.370557939914163,0.000203959737439853,0.000179025032682282,5
"Ch_Ghulam_Dastageer",75,0,0.370557939914163,0.000203959737439842,0.000179025032682281,5
"Chaudhary_Tanveer_Ahmed_Advocate",75,0,0.370557939914163,0.000203959737439831,0.00017902503268228,5
"Choudhry_Gulzar_Hussain_Gohar_Advocate",75,0,0.370557939914163,0.000203959737439831,0.000179025032682279,5
"Dilshad_Rind",75,0,0.370557939914163,0.000203959737439831,0.000179025032682279,5
"Farid_Ullah_Bazai",75,0,0.370557939914163,0.000203959737439831,0.000179025032682278,5
"Ghulam_Haider",299,51725.9206761813,0.482184742544399,0.00962942254695571,0.000355710339674882,4
"Ghulam_Qadir_Bajwa",75,0,0.370557939914163,0.000203959737439842,0.000179025032682277,5
"Haji_Rashid_Ahmed_Khan_Rana",75,0,0.370557939914163,0.000203959737439831,0.000179025032682276,5
"Hizbullah",183,14575.039679462,0.374025298908335,0.000367389458072022,0.000340262192519178,5
"Iftikhar_Ud_Din",75,0,0.370557939914163,0.00020395973743982,0.000179025032682274,5
"Israr_Ahmad_Chishti_Advocate",75,0,0.370557939914163,0.00020395973743982,0.000179025032682273,5
"Jawaid_Ahmed_Khan",75,0,0.370557939914163,0.000203959737439864,0.000179025032682273,5
"Khalid_Ibrar",75,0,0.370557939914163,0.000203959737439853,0.000179025032682272,5
"Makhdeem_Syed_Zahid_Hussain",75,0,0.370557939914163,0.000203959737439842,0.000179025032682271,5
"Makhodzada_Syed_Hasan_Raza_Gillini",75,0,0.370557939914163,0.000203959737439842,0.00017902503268227,5
"Malik_Azhar_Mehmood",75,0,0.370557939914163,0.000203959737439853,0.00017902503268227,5
"Malik_Fakhar_Iqbal_Wattoo",75,0,0.370557939914163,0.000203959737439853,0.000179025032682269,5
"Malik_Hamid_Mehmood",75,0,0.370557939914163,0.000203959737439809,0.000179025032682268,5
"Malik_Muhammad_Iqbal_Jora",75,0,0.370557939914163,0.000203959737439809,0.000179025032682267,5
"Malik_Muhammad_Siddique_Advocate",75,0,0.370557939914163,0.000203959737439864,0.000179025032682267,5
"Malik_Nisar_Ahmad_Thind",75,0,0.370557939914163,0.000203959737439831,0.000179025032682266,5
"Malik_Shamriz_Awan",75,0,0.370557939914163,0.00020395973743982,0.000179025032682265,5
"Malik_Zia_Ul_Haque_Tiwana",75,0,0.370557939914163,0.000203959737439831,0.000179025032682264,5
"Mashood_Ahsan_Gill",75,0,0.370557939914163,0.000203959737439842,0.000179025032682263,5
"Mian_Nadeem_Ahmed_Saleemi",75,0,0.370557939914163,0.000203959737439842,0.000179025032682263,5
"Mirza_Bilal_Baig",75,0,0.370557939914163,0.000203959737439853,0.000179025032682262,5
"Mohammad_Sharif_Rind",75,0,0.370557939914163,0.000203959737439842,0.000179025032682261,5
"Muhammad_Amjad",264,66532.3157998991,0.478497007315451,0.00455532267595254,0.000454106737778179,5
"Muhammad_Asim_Ishtiaq",75,0,0.370557939914163,0.000203959737439853,0.000179025032682259,5
"Muhammad_Ghufran_Rajput",75,0,0.370557939914163,0.000203959737439853,0.000179025032682259,5
"Muhammad_Khaliq_Siddique",75,0,0.370557939914163,0.000203959737439842,0.000179025032682258,5
"Muhammad_Naseer",75,0,0.370557939914163,0.000203959737439842,0.000179025032682257,5
"Muhammad_Nisar_Butt",75,0,0.370557939914163,0.000203959737439831,0.000179025032682256,5
"Muhammad_Sharif_Noori",75,0,0.370557939914163,0.000203959737439842,0.000179025032682255,5
"Muhammad_Zeb",75,0,0.370557939914163,0.00020395973743982,0.000179025032682254,5
"Mushtaq_Ahmed_Khan_Mughal",75,0,0.370557939914163,0.000203959737439831,0.000179025032682253,5
"Nadir_Khan",75,0,0.370557939914163,0.000203959737439831,0.000179025032682253,5
"Nasar_Ullah_Khan_Jarral",75,0,0.370557939914163,0.000203959737439842,0.000179025032682252,5
"Paras_Shah",75,0,0.370557939914163,0.000203959737439842,0.000179025032682251,5
"Qaiser_Nawaz_Khan_Babar",75,0,0.370557939914163,0.000203959737439831,0.00017902503268225,5
"Qasim_Ali",75,0,0.370557939914163,0.000203959737439842,0.000179025032682249,5
"Raja_Amir_Rasheed",75,0,0.370557939914163,0.000203959737439875,0.000179025032682248,5
"Rana_Arshad_Saeed_Khan",75,0,0.370557939914163,0.000203959737439864,0.000179025032682248,5
"Riaz_Ahmad",75,0,0.370557939914163,0.000203959737439853,0.000179025032682247,5
"Riaz_Hussain_Sewag",75,0,0.370557939914163,0.000203959737439853,0.000179025032682246,5
"Sahibzada_Ahmed_Raza_Khan_Qasoori",75,0,0.370557939914163,0.000203959737439842,0.000179025032682245,5
"Saira_Goga_Daughter_of_Goga_Pehalwan",75,0,0.370557939914163,0.000203959737439842,0.000179025032682244,5
"Saqlain_Abbas_Bangash",75,0,0.370557939914163,0.000203959737439853,0.000179025032682243,5
"Saradar_Sikandar_Hayat_Khan_Goopang",75,0,0.370557939914163,0.00020395973743982,0.000179025032682242,5
"Sardar_Ghulam_Mustafa",75,0,0.370557939914163,0.000203959737439831,0.000179025032682241,5
"Sardar_Ghulam_Mustafa_Khaskheli",640,66352.1684983573,0.501743375174338,0.0499564966270351,0.000388021033181448,4
"Sarmir_Khan",75,0,0.370557939914163,0.000203959737439842,0.000179025032682239,5
"Shafiur_Rahman",75,0,0.370557939914163,0.000203959737439853,0.000179025032682238,5
"Shaheen_Munawer",75,0,0.370557939914163,0.000203959737439853,0.000179025032682237,5
"Shoaib_Khaskhali",75,0,0.370557939914163,0.000203959737439831,0.000179025032682236,5
"Syed_Adnan_Haider_Jafri",75,0,0.370557939914163,0.000203959737439831,0.000179025032682235,5
"Syed_Ali_Abbas_Kazmi",75,0,0.370557939914163,0.000203959737439831,0.000179025032682234,5
"Syed_Imran_Sultan",75,0,0.370557939914163,0.000203959737439831,0.000179025032682233,5
"Syed_Marghoob_Hussain_Abdi",75,0,0.370557939914163,0.000203959737439853,0.000179025032682232,5
"Syed_Mukhtar_Hussain_Shah",640,66352.1684983573,0.501743375174338,0.049956496627035,0.000388021033181446,4
"Syed_Naveed_Ali_Shah",75,0,0.370557939914163,0.000203959737439842,0.000179025032682231,5
"Syed_Sajjad_Hussain_Shah_Kazmi",75,0,0.370557939914163,0.000203959737439842,0.000179025032682231,5
"Syed_Zakir_Shah",75,0,0.370557939914163,0.000203959737439842,0.00017902503268223,5
"Tayyaba_Zameer",75,0,0.370557939914163,0.00020395973743982,0.000179025032682229,5
"Waheed_Ahmad",304,46994.1309481871,0.487906871609403,0.0130363415876886,0.000360073169305274,4
"Waheed_Depal",75,0,0.370557939914163,0.00020395973743982,0.000179025032682228,5
"Waseem_Akhter_Raja",75,0,0.370557939914163,0.000203959737439809,0.000179025032682227,5
"Yar_Badshah",75,0,0.370557939914163,0.000203959737439831,0.000179025032682226,5
"Mian_Saghir_Ahmed_Malvi",0,0,NA,0,3.3112217304612e-05,0
"Muhammad_Naseem_Sadiq",0,0,NA,0,3.3112217304612e-05,0
"Sheikh_Rasheed_Ahmed",245,4316.00000000001,0.438007305194805,0.00770594422511492,0.00023205821881673,4
"Sheikh_Rashid_Shafiq",1,0,0.304614733276884,1.08487564270396e-05,3.39173172474448e-05,5
"Abdul_Matin_Khan",148,0,0.412912482065997,0.0054697070493179,0.000193734531487724,5
"Abdul_Qayyum",534,77392.0894385582,0.508061668824291,0.0261384252242288,0.000520323729510543,4
"Abdul_Rasheed_Nasir",148,0,0.412912482065997,0.0054697070493179,0.000193734531487723,5
"Abdul_Rashid",376,38484.0851703099,0.49382292381606,0.0182580009060766,0.000373363638408826,4
"Abdul_Rauf",452,69376.7348199731,0.487081123772989,0.0162076504520272,0.00049770900202251,5
"Abdul_Rehman_Khan_Yousufzai",148,0,0.412912482065997,0.00546970704931792,0.000193734531487721,5
"Abdur_Rauf",148,0,0.412912482065997,0.00546970704931788,0.000193734531487721,5
"Ahmad_Ali",148,0,0.412912482065997,0.00546970704931797,0.00019373453148772,5
"Ahmad_Khan",148,0,0.412912482065997,0.00546970704931786,0.000193734531487719,5
"Ahmadullah",148,0,0.412912482065997,0.00546970704931788,0.000193734531487718,5
"Ahmed_Zaman",148,0,0.412912482065997,0.00546970704931792,0.000193734531487718,5
"Aimal_Wali_Khan",148,0,0.412912482065997,0.0054697070493179,0.000193734531487717,5
"Alhaj_Ghulam_Ahmad_Bilour",148,0,0.412912482065997,0.00546970704931792,0.000193734531487716,5
"Aman_Masood",148,0,0.412912482065997,0.0054697070493179,0.000193734531487715,5
"Ameer_Haider_Azam_Khan",148,0,0.412912482065997,0.00546970704931788,0.000193734531487715,5
"Amir_Haider_Khan",148,0,0.412912482065997,0.00546970704931794,0.000193734531487714,5
"Amir_Nawab",148,0,0.412912482065997,0.00546970704931794,0.000193734531487713,5
"Anwar_Zaib",148,0,0.412912482065997,0.00546970704931788,0.000193734531487712,5
"Arbab_Inam_Ullah_Khan",148,0,0.412912482065997,0.0054697070493179,0.000193734531487712,5
"Arbab_Mohammad_Ayub_Jan",148,0,0.412912482065997,0.00546970704931788,0.000193734531487711,5
"Arbab_Muhammad_Zahir_Khan",148,0,0.412912482065997,0.0054697070493179,0.00019373453148771,5
"Arbab_Najeeb_Ullah_Khan",148,0,0.412912482065997,0.00546970704931786,0.000193734531487709,5
"Arbab_Najeeb_Ullah_Khan_Khalil",148,0,0.412912482065997,0.00546970704931792,0.000193734531487709,5
"Arshad_Mansoor_Shah",148,0,0.412912482065997,0.00546970704931786,0.000193734531487708,5
"Arshad_Sohail",148,0,0.412912482065997,0.00546970704931792,0.000193734531487707,5
"Asfandiyar_Wali_Khan",148,0,0.412912482065997,0.00546970704931786,0.000193734531487706,5
"Asfandyar_Wali_Khan",148,0,0.412912482065997,0.0054697070493179,0.000193734531487706,5
"Asghar_Khan",148,0,0.412912482065997,0.00546970704931788,0.000193734531487705,5
"Ashraf_Ullah",148,0,0.412912482065997,0.00546970704931788,0.000193734531487704,5
"Asif_Ali",148,0,0.412912482065997,0.00546970704931794,0.000193734531487703,5
"Aurang_Zeb_Khan",634,52988.5571773152,0.499363794100636,0.0698183733002068,0.000393194824656114,4
"Aziz_Ur_Rehman",1010,96949.2162564384,0.526399219607365,0.950039129396942,0.000560274675563513,4
"Bahadar_Khan",148,0,0.412912482065997,0.00546970704931788,0.000193734531487701,5
"Bashir_Khan_Umerzai",148,0,0.412912482065997,0.0054697070493179,0.0001937345314877,5
"Bismillah_Jan",148,0,0.412912482065997,0.00546970704931794,0.000193734531487699,5
"Bismillah_Jan_Luni",148,0,0.412912482065997,0.00546970704931792,0.000193734531487699,5
"Ch__Ghulam_Mustafa",148,0,0.412912482065997,0.00546970704931792,0.000193734531487698,5
"Dost_Muhammad",148,0,0.412912482065997,0.00546970704931794,0.000193734531487697,5
"Doulat_Ali",148,0,0.412912482065997,0.0054697070493179,0.000193734531487696,5
"Dr_Sherbaz_Khan",148,0,0.412912482065997,0.00546970704931788,0.000193734531487696,5
"Engineer_Noor_Ahmed_Khan",148,0,0.412912482065997,0.00546970704931786,0.000193734531487695,5
"Faisal_Imran_Khan_Niazi",148,0,0.412912482065997,0.00546970704931786,0.000193734531487694,5
"Farid_Ullah_Dumar",148,0,0.412912482065997,0.00546970704931794,0.000193734531487693,5
"Gul_Afzal",148,0,0.412912482065997,0.0054697070493179,0.000193734531487692,5
"Habib_Ullah_Khan",148,0,0.412912482065997,0.00546970704931792,0.000193734531487692,5
"Hafiz_Zardullah_Khan_Hassan_Zai_",148,0,0.412912482065997,0.00546970704931788,0.000193734531487691,5
"Haji_Ghulam_Ahmad_Bilour",148,0,0.412912482065997,0.00546970704931788,0.00019373453148769,5
"Haji_Naseem-Ur-Rehman",148,0,0.412912482065997,0.00546970704931792,0.000193734531487689,5
"Haji_Nizamuddin_Kakar",148,0,0.412912482065997,0.0054697070493179,0.000193734531487688,5
"Haji_Rehmanullah",148,0,0.412912482065997,0.00546970704931797,0.000193734531487688,5
"Hameed_Ullah",148,0,0.412912482065997,0.00546970704931792,0.000193734531487687,5
"Hamid_Khan_Toofan",148,0,0.412912482065997,0.0054697070493179,0.000193734531487686,5
"Hamidullah_Khan",148,0,0.412912482065997,0.00546970704931792,0.000193734531487685,5
"Imtiaz_Hussain",551,45606.6786150758,0.498902114873454,0.0360300580508,0.000394332988658295,4
"Inayat_Khan",148,0,0.412912482065997,0.0054697070493179,0.000193734531487684,5
"Iqbal_Zaib_Khan",148,0,0.412912482065997,0.00546970704931792,0.000193734531487683,5
"Irfan_Ali",148,0,0.412912482065997,0.00546970704931794,0.000193734531487682,5
"Irshad_Khan",148,0,0.412912482065997,0.0054697070493179,0.000193734531487681,5
"Jumma_Khan_Babar",148,0,0.412912482065997,0.0054697070493179,0.00019373453148768,5
"Kabir_Ahmed_Sher",148,0,0.412912482065997,0.00546970704931792,0.00019373453148768,5
"Khadija_Bibi",148,0,0.412912482065997,0.0054697070493179,0.000193734531487679,5
"Khan_Parvez",148,0,0.412912482065997,0.00546970704931792,0.000193734531487678,5
"Khan_Zeb",148,0,0.412912482065997,0.00546970704931797,0.000193734531487677,5
"Khudai_Dad",148,0,0.412912482065997,0.00546970704931794,0.000193734531487676,5
"Khursheed_Begum_Saeed",148,0,0.412912482065997,0.00546970704931792,0.000193734531487676,5
"Khurshid",148,0,0.412912482065997,0.0054697070493179,0.000193734531487675,5
"m_Shafi",148,0,0.412912482065997,0.00546970704931783,0.000193734531487674,5
"Maj_r__Mahr_Muhammad_Ramzan",148,0,0.412912482065997,0.0054697070493179,0.000193734531487673,5
"Majid_Khan",205,13532.1510977851,0.430237193541957,0.00847092235482776,0.000321807032605446,4
"Malik_Dad_Muhammad_Tareen",148,0,0.412912482065997,0.00546970704931797,0.000193734531487672,5
"Malik_Darya_Khan",148,0,0.412912482065997,0.0054697070493179,0.000193734531487671,5
"Malik_Muhammad_Usman_Achakzai_",148,0,0.412912482065997,0.00546970704931792,0.00019373453148767,5
"Mamoon_Khan_Kakar",148,0,0.412912482065997,0.00546970704931786,0.00019373453148767,5
"Masood_Abbas",148,0,0.412912482065997,0.00546970704931786,0.000193734531487669,5
"Masood_Abbas_Khattak",148,0,0.412912482065997,0.00546970704931792,0.000193734531487668,5
"Mian_Babar_Shah_Kaka_Khel",148,0,0.412912482065997,0.00546970704931794,0.000193734531487667,5
"Mohammad_Ayub_Khan_Advocate",148,0,0.412912482065997,0.00546970704931788,0.000193734531487666,5
"Mohammad_Farooq_Khan",148,0,0.412912482065997,0.00546970704931792,0.000193734531487665,5
"Muhammad_Ayaz_Khan",148,0,0.412912482065997,0.00546970704931797,0.000193734531487665,5
"Muhammad_Ayub_Khan",148,0,0.412912482065997,0.0054697070493179,0.000193734531487664,5
"Muhammad_Azam_Khan",148,0,0.412912482065997,0.00546970704931786,0.000193734531487663,5
"Muhammad_Daud_Khan_Khattak",148,0,0.412912482065997,0.00546970704931788,0.000193734531487662,5
"Muhammad_Farooq_Bangsh",148,0,0.412912482065997,0.00546970704931792,0.000193734531487661,5
"Muhammad_Farooq_Khan",148,0,0.412912482065997,0.00546970704931794,0.00019373453148766,5
"Muhammad_Fayaz_Khan",148,0,0.412912482065997,0.0054697070493179,0.00019373453148766,5
"Muhammad_Hashim_Babar",148,0,0.412912482065997,0.00546970704931792,0.000193734531487659,5
"Muhammad_Ishaq",952,187827.185846083,0.535873882820258,0.948039327916553,0.000659117875771662,4
"Muhammad_Ismail",564,101558.678615075,0.500405703025385,0.0360310010614326,0.000527960737285707,4
"Muhammad_Kamal",148,0,0.412912482065997,0.00546970704931788,0.000193734531487656,5
"Muhammad_Khan_Afridi",148,0,0.412912482065997,0.0054697070493179,0.000193734531487655,5
"Muhammad_Riaz_Khan",148,0,0.412912482065997,0.0054697070493179,0.000193734531487654,5
"Muhammad_Sajid_Taheem_Advocate",148,0,0.412912482065997,0.0054697070493179,0.000193734531487654,5
"Muhammad_Saleem_Khan",205,13532.1510977851,0.430237193541957,0.00847092235482774,0.000321807032605373,4
"Muhammad_Sharif_Khattak",148,0,0.412912482065997,0.00546970704931797,0.000193734531487652,5
"Muhammad_Taimoor_Khan",148,0,0.412912482065997,0.0054697070493179,0.000193734531487651,5
"Muhammad_Younus_Khan",148,0,0.412912482065997,0.00546970704931792,0.00019373453148765,5
"Muhammad_Zahid_Khan",148,0,0.412912482065997,0.00546970704931792,0.000193734531487649,5
"Muhibullah_Kakar",148,0,0.412912482065997,0.00546970704931792,0.000193734531487648,5
"Munir_Shah",148,0,0.412912482065997,0.00546970704931792,0.000193734531487647,5
"Muzafer_Ul_Mulk",148,0,0.412912482065997,0.0054697070493179,0.000193734531487647,5
"Muzaffar-Ul-Mulk",148,0,0.412912482065997,0.00546970704931788,0.000193734531487646,5
"Naik_Muhammad_Kakar",148,0,0.412912482065997,0.00546970704931792,0.000193734531487645,5
"Naimat_Khalil",148,0,0.412912482065997,0.00546970704931792,0.000193734531487644,5
"Naveed_Anjum_Khan",214,15679.413640312,0.462502678380116,0.00936424374346233,0.000285905637338545,5
"Nawabzada_Khawaja_Muhammad_Khan_Hoti_Alias_Toti_Khan",148,0,0.412912482065997,0.00546970704931788,0.000193734531487642,5
"Nawabzada_Mohamamd_Amin_Khan_Jogezai",148,0,0.412912482065997,0.0054697070493179,0.000193734531487641,5
"Nawaz_Ali_Burfat",148,0,0.412912482065997,0.00546970704931788,0.00019373453148764,5
"Nisar_Ahmed",148,0,0.412912482065997,0.00546970704931788,0.000193734531487639,5
"Noor_Ahmed",148,0,0.412912482065997,0.00546970704931794,0.000193734531487639,5
"Noor_Aslam",148,0,0.412912482065997,0.0054697070493179,0.000193734531487638,5
"Owais_Khan",148,0,0.412912482065997,0.00546970704931786,0.000193734531487637,5
"Perviz_Khan_Advocate",148,0,0.412912482065997,0.00546970704931788,0.000193734531487636,5
"Pir_Dilawar_Shah",855,55354.8604621584,0.513867396738483,0.947526300865113,0.000414304769441437,4
"Qalandar_Bux",148,0,0.412912482065997,0.00546970704931792,0.000193734531487634,5
"Rahmat_Shah_Sael",148,0,0.412912482065997,0.00546970704931797,0.000193734531487633,5
"Rana_Mushtaq_Ahmad",148,0,0.412912482065997,0.0054697070493179,0.000193734531487632,5
"Sadeed_Ur_Rehman",148,0,0.412912482065997,0.0054697070493179,0.000193734531487631,5
"Sadid_Ur_Rahman",148,0,0.412912482065997,0.00546970704931792,0.00019373453148763,5
"Saif_Ullah",775,113207.533304804,0.525438169425511,0.0723646804099215,0.00054438533514056,4
"Sajid_Mahmood",148,0,0.412912482065997,0.00546970704931792,0.000193734531487629,5
"Saqib_Ullah_Khan",148,0,0.412912482065997,0.00546970704931792,0.000193734531487628,5
"Sarfaraz_Khan_Jadoon",148,0,0.412912482065997,0.00546970704931788,0.000193734531487627,5
"Shah_Hussain",148,0,0.412912482065997,0.00546970704931799,0.000193734531487626,5
"Shah_Mohammad",148,0,0.412912482065997,0.00546970704931792,0.000193734531487625,5
"Shahi_Khan",148,0,0.412912482065997,0.00546970704931792,0.000193734531487624,5
"Shahi_Khan_Sherani",148,0,0.412912482065997,0.0054697070493179,0.000193734531487623,5
"Shahnawaz_Khanzada",148,0,0.412912482065997,0.00546970704931792,0.000193734531487622,5
"Shahzia_Batul",148,0,0.412912482065997,0.00546970704931794,0.000193734531487621,5
"Shazia_Bibi",148,0,0.412912482065997,0.0054697070493179,0.00019373453148762,5
"Sheheryar_Khan",148,0,0.412912482065997,0.0054697070493179,0.000193734531487619,5
"Sher_Nawaz_Khattak",148,0,0.412912482065997,0.00546970704931792,0.000193734531487618,5
"Sherullah_Khan",148,0,0.412912482065997,0.0054697070493179,0.000193734531487617,5
"Sultan_Khan_Mandokhail",148,0,0.412912482065997,0.0054697070493179,0.000193734531487616,5
"Sultan_Khan_Mandokhel",148,0,0.412912482065997,0.00546970704931794,0.000193734531487615,5
"Syed_Abdul_Qayyum",148,0,0.412912482065997,0.00546970704931788,0.000193734531487615,5
"Syed_Basharat_Hussain",148,0,0.412912482065997,0.0054697070493179,0.000193734531487614,5
"Syed_Haider_Ali_Shah",148,0,0.412912482065997,0.00546970704931786,0.000193734531487613,5
"Syed_Haroon_Shah",148,0,0.412912482065997,0.00546970704931783,0.000193734531487612,5
"Syed_Karam_Darwesh",148,0,0.412912482065997,0.0054697070493179,0.000193734531487611,5
"Syed_Masood_Shah",148,0,0.412912482065997,0.0054697070493179,0.00019373453148761,5
"Syed_Muhammad_Afzal",148,0,0.412912482065997,0.00546970704931792,0.000193734531487609,5
"Syed_Muhammad_Hanif",148,0,0.412912482065997,0.0054697070493179,0.000193734531487608,5
"Syed_Muzafar_Ali_Shah_Jan",148,0,0.412912482065997,0.00546970704931788,0.000193734531487607,5
"Tariq_Hameed_Khattak",148,0,0.412912482065997,0.00546970704931788,0.000193734531487606,5
"Umar_Hayat",148,0,0.412912482065997,0.0054697070493179,0.000193734531487605,5
"Umar_Khan",148,0,0.412912482065997,0.00546970704931783,0.000193734531487604,5
"Waris_Khan",148,0,0.412912482065997,0.00546970704931794,0.000193734531487603,5
"Zain_Umar_Arbab",148,0,0.412912482065997,0.0054697070493179,0.000193734531487602,5
"Zarbali_Syed",148,0,0.412912482065997,0.00546970704931788,0.000193734531487601,5
"Shoaib_Amjad_Pervaiz",0,0,NA,0,3.3112217304612e-05,0
"Makhdoom_Muhammad_Ehsan",0,0,NA,0,3.3112217304612e-05,0
"Bashir_Khan",2,0,1,0,0.000220748115362919,1
"Malik_Annayat_Ullah_Khokhar",2,0,1,0,0.000220748115362787,1
"Rajkumar",2,0,1,0,0.000220748115362641,1
"Jawad_Aziz",4,0,0.330982136011654,7.26215826920435e-05,9.30877776501758e-05,5
"M_iqbal_Haider",4,0,0.330982136011654,7.26215826920435e-05,9.30877776501751e-05,5
"Molvi_Iqbal_Haider_Advocate",4,0,0.330982136011654,7.26215826920435e-05,9.30877776501743e-05,5
"Moulvi_Iqbal_Haider",4,0,0.330982136011654,7.26215826920421e-05,9.30877776501735e-05,5
"Tahir_Iqbal",617,59643.2226879284,0.494501718213058,0.0513657309873421,0.000458831754985823,4
"Engineer_Usman_Khan_Tarrakai",0,0,NA,0,3.3112217304612e-05,0
"Mahr_Ghulam_Mustafa_Mangan_Advocate",7,0,1,8.24061147341912e-18,0.000220748115363014,1
"Mohtarma_Nazish_Aslam_Advocate",7,0,1,3.43358811392463e-18,0.000220748115362971,1
"Muhammad_Zafar_Iqbal_Gujjar",7,0,1,4.12030573670956e-18,0.000220748115362926,1
"Mushtaq_Ahmad_Bhatti",7,0,1,5.49374098227941e-18,0.000220748115362879,1
"Qari_Nasir_Mahmood_Mughal",7,0,1,6.18045860506434e-18,0.00022074811536283,1
"Rana_Akbar_Abbas",7,0,1,7.55389385063419e-18,0.000220748115362779,1
"Rana_Basharat_Ali",7,0,1,1.16741995873438e-17,0.000220748115362726,1
"Sayyeda_Nighat_Ishfaq",7,0,1,7.55389385063419e-18,0.000220748115362671,1
"Abdul_Khaliq_Shamas",17,0,0.360711898395722,0.00141611198218016,0.000137724014323812,5
"Abdul_Qadir",977,122026.621422246,0.533423946620536,0.952599392026938,0.000715857235761115,4
"Abdul_Razaque",17,0,0.360711898395722,0.00141611198218017,0.000137724014323811,5
"Begum_Shahmeem_Arshad_Minhas",17,0,0.360711898395722,0.00141611198218016,0.00013772401432381,5
"Ch_Dilbar_Hussain_Ghaffari",17,0,0.360711898395722,0.00141611198218017,0.000137724014323809,5
"Chaudhary_Muhammad_Iqbal_Gujjar",17,0,0.360711898395722,0.00141611198218017,0.000137724014323808,5
"Gulana_Bibi",17,0,0.360711898395722,0.00141611198218016,0.000137724014323807,5
"Kanwar_Aamir_Sami",17,0,0.360711898395722,0.00141611198218016,0.000137724014323807,5
"Mahboob_Aftab_Khan",17,0,0.360711898395722,0.00141611198218016,0.000137724014323806,5
"Malik_Tariq_Mehmood",421,20612.1335545623,0.487631311419858,0.0320327373341846,0.00034471636222691,4
"Muhammad_Nasrullah_Arain",17,0,0.360711898395722,0.00141611198218017,0.000137724014323805,5
"Muhammad_Rashid",17,0,0.360711898395722,0.00141611198218017,0.000137724014323804,5
"Muhammad_Usama_Nawaz",17,0,0.360711898395722,0.00141611198218016,0.000137724014323803,5
"Nawab_Imran_Khan_Khilji",17,0,0.360711898395722,0.00141611198218016,0.000137724014323802,5
"Sheikh_Rashid_Ahmed",17,0,0.360711898395722,0.00141611198218016,0.000137724014323801,5
"Syed_Mustafsir_Hussain_Bukhari",17,0,0.360711898395722,0.00141611198218016,0.0001377240143238,5
"Syed_Rehan_Ali",17,0,0.360711898395722,0.00141611198218017,0.000137724014323799,5
"Zafar_Ahmed_Ghori",17,0,0.360711898395722,0.00141611198218017,0.000137724014323798,5
"Commander__r__Ayoub_Malik",9,0,0.346914175506268,0.00269911004772079,0.000106397052531726,5
"Fanoos_Gujar",10,4316,0.346942055774331,0.00269911538990252,0.000142770721063964,5
"Ghulam_Abbas",921,47707.0959455509,0.525630098624132,0.952214655621557,0.000497021104338112,4
"Ghulam_Qadir_Alias_Papu",9,0,0.346914175506268,0.00269911004772079,0.000106397052531724,5
"Kamal_Shah",717,15153.7775750869,0.509560906515581,0.946087481898614,0.000336530400744512,4
"Khan_Zada",9,0,0.346914175506268,0.00269911004772079,0.000106397052531723,5
"Mian_Abdul_Qayum",9,0,0.346914175506268,0.00269911004772079,0.000106397052531722,5
"Mian_Ashiq_Hussain_Kamyana_Advocate",9,0,0.346914175506268,0.00269911004772079,0.000106397052531721,5
"Muhammad_Aslam_Miraj",9,0,0.346914175506268,0.00269911004772079,0.00010639705253172,5
"Muhammad_Athar_Khan_Advocate",9,0,0.346914175506268,0.00269911004772079,0.000106397052531719,5
"Bahri_Room",1,0,0.343382118994591,0.000132857631900723,3.35530442820823e-05,5
"Usman_Ghani",887,43624.0472085604,0.522892441860465,0.0943696642276975,0.000460015916490434,4
"Gul_Muhammad_Bhatti",2,0,1,1.03007643417739e-18,0.000220748115362919,1
"Gull_Muhammad_Bhatti__Retired_",2,0,1,0,0.000220748115362787,1
"Sardar_Sher_Zaman_Khan_Qaisrani",2,0,1,0,0.000220748115362641,1
"Makhdoom_Syed_Sami_Ul_Hassan_Gillani",1,0,1,0,0.000220748115363124,1
"Muhammd_Farooq_Azam_Malik",1,0,1,0,0.000220748115362956,1
"Bahi_Khan",8,0,0.31554710912945,2.61478520970296e-05,0.000134513556933364,6
"Jasim",8,0,0.31554710912945,2.61478520970241e-05,0.000134513556933363,6
"Khalid_Hussain_Magsi",8,0,0.31554710912945,2.61478520970323e-05,0.000134513556933362,6
"Manzoor_Ahmed",232,50351.5186515804,0.460627400768246,0.0183899592048668,0.00037034887649329,5
"Mir_Shah_Jahan_Khan_Khetran",8,0,0.31554710912945,2.61478520970296e-05,0.000134513556933362,6
"Prince_Ahmed_Omar_Ahmedzai",8,0,0.31554710912945,2.61478520970296e-05,0.000134513556933361,6
"Qadha_Babar",8,0,0.31554710912945,2.61478520970309e-05,0.00013451355693336,6
"Rubina_Irfan",8,0,0.31554710912945,2.61478520970282e-05,0.000134513556933359,6
"Syed_Abdul_Karim",8,0,0.31554710912945,2.61478520970241e-05,0.000134513556933358,6
"Abdul_Ghafoor",114,24532.8271086808,0.413664239172097,0.00319355035451875,0.000404727330673723,5
"Agha_Hassan_Baloch_Advocate",24,0,0.36313930013459,0.00139414464845649,0.000166270174703584,5
"Gaman_Khan",24,0,0.36313930013459,0.0013941446484565,0.000166270174703583,5
"Ghulam_Hadiar",24,0,0.36313930013459,0.00139414464845649,0.000166270174703583,5
"Haji_Noor_Muhammad_Shahwani",24,0,0.36313930013459,0.00139414464845648,0.000166270174703582,5
"Haq_Nawaz_Buzdar",24,0,0.36313930013459,0.0013941446484565,0.000166270174703581,5
"Jahanzaib_Baloch",24,0,0.36313930013459,0.0013941446484565,0.00016627017470358,5
"Khuda_Bukhsh",24,0,0.36313930013459,0.00139414464845649,0.000166270174703579,5
"Malik_Naveed_Dehwar",24,0,0.36313930013459,0.00139414464845649,0.000166270174703578,5
"Maqbool_Ahmed_Lehri",24,0,0.36313930013459,0.00139414464845649,0.000166270174703577,5
"Mir_Abdul_Ghafoor_Mengal",24,0,0.36313930013459,0.00139414464845648,0.000166270174703577,5
"Mir_Abdul_Rauf_Mengal",24,0,0.36313930013459,0.00139414464845648,0.000166270174703576,5
"Mohammad_Qasim_Roonjho",24,0,0.36313930013459,0.00139414464845649,0.000166270174703575,5
"Muhamamd_Akhtar_Mengal",24,0,0.36313930013459,0.00139414464845649,0.000166270174703574,5
"Muhammad_Akhtar_Mengal",24,0,0.36313930013459,0.0013941446484565,0.000166270174703573,5
"Muhammad_Akhter_Mengal",24,0,0.36313930013459,0.0013941446484565,0.000166270174703572,5
"Muhammad_Hashim",24,0,0.36313930013459,0.00139414464845649,0.000166270174703571,5
"Muhammad_Ramzan",1189,214496.501573923,0.562109375,0.956405532455347,0.000822614304958171,4
"Naib_Faqeer_Muhammad_Zahri",24,0,0.36313930013459,0.00139414464845649,0.00016627017470357,5
"Nawabzada_Aurangzeb_Jogezai",24,0,0.36313930013459,0.00139414464845649,0.000166270174703569,5
"Sayed_Essa_Nori",24,0,0.36313930013459,0.00139414464845649,0.000166270174703568,5
"Shair_Afgan",24,0,0.36313930013459,0.0013941446484565,0.000166270174703567,5
"Syed_Ahsan_Shah",24,0,0.36313930013459,0.0013941446484565,0.000166270174703566,5
"Wadera_Gulzar_Khan",24,0,0.36313930013459,0.00139414464845648,0.000166270174703565,5
"Zahid_Hussain",24,0,0.36313930013459,0.0013941446484565,0.000166270174703564,5
"Abdul_Jabbar",76,4994.20880203134,0.406076568526009,0.00321023639405056,0.000258251339054067,4
"Abdul_Rauf_Rind",18,0,0.356541129831516,0.000189716323682614,0.000127064923579225,5
"Ghulam_Farooq",18,0,0.356541129831516,0.000189716323682611,0.000127064923579225,5
"Gulam_Farooq",18,0,0.356541129831516,0.000189716323682614,0.000127064923579224,5
"Habib_Ur_Rehman",30,799.290718970535,0.360651629072682,0.000356008863000474,0.000183703600695913,5
"Haji_Muhamad_Azeem",18,0,0.356541129831516,0.000189716323682619,0.000127064923579223,5
"Mir_Ali_Akbar",18,0,0.356541129831516,0.000189716323682611,0.000127064923579222,5
"Mir_Muhammad_Khan_Chandio",18,0,0.356541129831516,0.000189716323682614,0.000127064923579222,5
"Mir_Muhammad_Shoaib_Baloch",18,0,0.356541129831516,0.000189716323682608,0.000127064923579221,5
"Mir_Mujeeb_Rahman_Shahwani",18,0,0.356541129831516,0.000189716323682617,0.00012706492357922,5
"Muhammad_Arif_Badini",18,0,0.356541129831516,0.000189716323682614,0.000127064923579219,5
"Muhammad_Hanif_Baloch",18,0,0.356541129831516,0.000189716323682611,0.000127064923579218,5
"Muhammad_Qayyum_Baluch",18,0,0.356541129831516,0.000189716323682608,0.000127064923579218,5
"Noor_Ahmed_Adil",18,0,0.356541129831516,0.000189716323682614,0.000127064923579217,5
"Noor_Ahmed_Umrani",18,0,0.356541129831516,0.000189716323682611,0.000127064923579216,5
"Saeed_Ahmed",232,24821.3674529328,0.461415134672937,0.0182578489506092,0.000362001625567246,5
"Sajid_Ali",1105,145017.707098432,0.542336683417085,0.110276650419465,0.000687832219079016,4
"Sayed_Akber_Shah",18,0,0.356541129831516,0.000189716323682611,0.000127064923579213,5
"Yaqoob_Bizenjo_",18,0,0.356541129831516,0.000189716323682611,0.000127064923579212,5
"Abid_Wazir",7,0,1,4.12030573670956e-18,0.000220748115363014,1
"Mohsin_Khan",7,0,1,7.55389385063419e-18,0.000220748115362971,1
"Muhammad_Ajmal_Siddique",7,0,1,2.74687049113971e-18,0.000220748115362926,1
"Muhammad_Fahad",7,0,1,6.18045860506434e-18,0.000220748115362879,1
"Muhammad_Mazhar_Jaffar",7,0,1,8.24061147341912e-18,0.00022074811536283,1
"Nisar_Ahmad_Khattak",7,0,1,3.43358811392463e-18,0.000220748115362779,1
"Syed_Anis_Raza_Naqvi",7,0,1,7.55389385063419e-18,0.000220748115362726,1
"Waqas_Ahmad",7,0,1,4.12030573670956e-18,0.000220748115362671,1
"Nadeem_k_Joseph",1,0,1,0,0.000220748115363124,1
"Naila_Joseph_Dayal",1,0,1,0,0.000220748115362956,1
"Bashir_Hussain_Shah",0,0,NA,0,3.3112217304612e-05,0
"Chaudhary_Muhammad_Adnan_Mushtaq_Chanjotra",0,0,NA,0,3.3112217304612e-05,0
"Abdul_Razzaque",71,7507.06864068175,0.400389538119087,0.00327025123730674,0.000243031579915271,5
"Arbab_Ghulam_Rahim",28,0,0.349809577829998,0.000181498057575373,0.000141840031556071,5
"Aurangzaib_Khan",28,0,0.349809577829998,0.000181498057575367,0.000141840031556071,5
"Deedar_Ali",86,13514.9196423897,0.413030998851894,0.00320202966548226,0.00027173714357621,5
"Dilawar_Gulzar",28,0,0.349809577829998,0.000181498057575364,0.000141840031556068,5
"Ghullam_Murtaza_Khan_Jatoi",28,0,0.349809577829998,0.000181498057575367,0.000141840031556067,5
"Karim_Ali_Jatoi",593,35482.9308066202,0.489566795191653,0.0499340979261958,0.000353140397827611,4
"Kausar_Fatima_Zaidi",28,0,0.349809577829998,0.000181498057575384,0.000141840031556067,5
"Liaquat_Ali_Jatoi",28,0,0.349809577829998,0.000181498057575373,0.000141840031556066,5
"m_Khan_Junejo",28,0,0.349809577829998,0.000181498057575375,0.000141840031556065,5
"Mir_Ali_Nawaz_Talpur",33,21560,0.349951361867704,0.000181499863901245,0.00024453220141163,5
"Mir_Hussain_Bakhash_Talpur",28,0,0.349809577829998,0.000181498057575384,0.000141840031556063,5
"Muhammad_Faisal",28,0,0.349809577829998,0.000181498057575381,0.000141840031556062,5
"Muhammad_Hassam_Mirza",28,0,0.349809577829998,0.00018149805757537,0.000141840031556062,5
"Muhammad_Mushtaq_Ahmed",28,0,0.349809577829998,0.000181498057575375,0.000141840031556061,5
"Muhammad_Rizwan",240,40132.7229757331,0.464093743281015,0.0184043499094922,0.000308526135546329,5
"Pir_Sadar_Uddin_Shah",28,0,0.349809577829998,0.00018149805757537,0.00014184003155606,5
"Rahila_Magsi",28,0,0.349809577829998,0.000181498057575373,0.000141840031556059,5
"Safdar_Ali_Abbasi",28,0,0.349809577829998,0.000181498057575373,0.000141840031556058,5
"Saira_Bano",28,0,0.349809577829998,0.000181498057575378,0.000141840031556057,5
"Shaheen_Khan",28,0,0.349809577829998,0.000181498057575364,0.000141840031556056,5
"Shaheena",28,0,0.349809577829998,0.000181498057575373,0.000141840031556055,5
"Shaista_Ameer",28,0,0.349809577829998,0.000181498057575389,0.000141840031556054,5
"Shumaila",28,0,0.349809577829998,0.000181498057575373,0.000141840031556053,5
"Syed_Ghous_Ali_Shah",593,35482.9308066202,0.489566795191653,0.0499340979261959,0.000353140397827589,4
"Syed_Munir_Hyder_Shah",28,0,0.349809577829998,0.000181498057575375,0.000141840031556052,5
"Syed_Mushtaq_Hussain",28,0,0.349809577829998,0.000181498057575375,0.000141840031556051,5
"Syed_Zainulabdin",28,0,0.349809577829998,0.000181498057575373,0.00014184003155605,5
"Umair_Naeem",28,0,0.349809577829998,0.000181498057575373,0.000141840031556049,5
"Asad_Javed_Khan",0,0,NA,0,3.3112217304612e-05,0
"Abdul_Khaliq_Hazara",2,0,1,0,0.000220748115362919,1
"Barkat_Ali_Thamki",2,0,1,0,0.000220748115362787,1
"Muhammad_Raza",2,0,1,0,0.000220748115362641,1
"Aziz_Ullah",67,4316,0.450156412930136,0.00390770927548966,0.000154293637842454,5
"Mirza_Hussain",1,0,0.310441536027614,5.50143952240071e-06,3.50696739041051e-05,6
"Hussain_Baloch",0,0,NA,0,3.3112217304612e-05,0
"Hidayat_Ur_Rehman_Baloch",0,0,NA,0,3.3112217304612e-05,0
"Imtiaz_Alam",1,0,1,0,0.000220748115363124,1
"Muhammad_Muzammil",1,0,1,0,0.000220748115362956,1
"Amir_Shehzad",2,0,0.325148753483468,1.81173536912128e-05,5.92730727487907e-05,5
"Muhammad_Saddiq",231,8630.00000000001,0.481700513278286,0.0128507601061433,0.000263557282932919,4
"Muhammad_Zia_Khan",2,0,0.325148753483468,1.81173536912121e-05,5.92730727487901e-05,5
"Muhammad_Zahid",224,0,0.478178998670802,0.00943900046174978,0.000208997934775848,4
"Abdul_Aleem_Khan",673,171847.933917758,0.508360810174282,0.0385144893498474,0.000495038157643579,4
"Aiman_Javed",26,0,0.364457577036724,0.000266309719592612,0.000121452366088823,5
"Bukhtiyar_Ali",26,0,0.364457577036724,0.000266309719592618,0.000121452366088822,5
"Firdous_Ashiq_Awan",26,0,0.364457577036724,0.000266309719592601,0.000121452366088822,5
"Ghulam_Sarwar",26,0,0.364457577036724,0.000266309719592612,0.000121452366088821,5
"Gul_Asghar_Khan",512,21985.7718369238,0.495807970598369,0.0646308801955539,0.000323694702368688,4
"Hamayun_Akhtar_Khan",269,13571.9268458596,0.42784935579782,0.00790697645544118,0.000293861951934571,5
"Jahangir_Khan_Tareen",554,48588.2771497462,0.499884205650764,0.0662393918845231,0.000425249475570398,4
"Jairam_Das",26,0,0.364457577036724,0.000266309719592623,0.000121452366088818,5
"Jalil_Ahmad_Khan",26,0,0.364457577036724,0.000266309719592607,0.000121452366088818,5
"Mahmood_Baqi_Molvi",26,0,0.364457577036724,0.000266309719592607,0.000121452366088817,5
"Malik_Muhammad_Ahmad_Langrial",26,0,0.364457577036724,0.000266309719592612,0.000121452366088816,5
"Mir_Faiz_Ahmad",26,0,0.364457577036724,0.000266309719592601,0.000121452366088815,5
"Muhammad_Anwar_Azeem_Khan",26,0,0.364457577036724,0.000266309719592615,0.000121452366088814,5
"Muhammad_Aon_Saqlain",26,0,0.364457577036724,0.000266309719592609,0.000121452366088814,5
"Muhammad_Ayaz_Khan_Niazi",26,0,0.364457577036724,0.000266309719592604,0.000121452366088813,5
"Muhammad_Azhar",72,9277.38567883021,0.418070889018013,0.00177083989400875,0.000245303353854325,4
"Muhammad_Hashim_Dogar",26,0,0.364457577036724,0.000266309719592615,0.000121452366088811,5
"Muhammad_Qasim",109,18672.735941157,0.467460747157553,0.00476862764451706,0.000354490279294704,4
"Nargis_Jabeen",26,0,0.364457577036724,0.000266309719592607,0.000121452366088809,5
"Noureen_Iqbal",26,0,0.364457577036724,0.000266309719592626,0.000121452366088808,5
"Rana_Nazeer_Ahmad_Khan",26,0,0.364457577036724,0.000266309719592615,0.000121452366088808,5
"Rasheed_Ahmed",26,0,0.364457577036724,0.000266309719592609,0.000121452366088807,5
"Sharjeel_Mir",26,0,0.364457577036724,0.000266309719592607,0.000121452366088806,5
"Syed_Ali_Hussain",51,16406.683075977,0.37027189295823,0.000270484282277953,0.000269735519365711,5
"Tariq_Mehmood_Qadri",26,0,0.364457577036724,0.000266309719592609,0.000121452366088804,5
"Zunaira_Rehman",26,0,0.364457577036724,0.000266309719592607,0.000121452366088803,5
"Mr_zulfiquar_Ali_Khoso__Retired_",3,0,0.323637454082015,1.33262283875543e-05,7.87954706701423e-05,5
"Muhammad_Lateef_Lajpal_Sial",3,0,0.323637454082015,1.33262283875546e-05,7.87954706701417e-05,5
"Muhammad_Latif",227,12942,0.478337950138504,0.00943905666631799,0.000275734670713371,4
"Munir_Ahmad_Zafar",3,0,0.323637454082015,1.33262283875557e-05,7.8795470670141e-05,5
"Agha_Syed_Sibtian_Haider_Sabzwari",8,0,1,8.24061147341912e-18,0.000220748115362998,1
"Ali_Gohar_Shah__Retired_",8,0,1,5.49374098227941e-18,0.000220748115362959,1
"Kazim_Ali_Shah",8,0,1,0,0.000220748115362918,1
"Manzoor_Ali",8,0,1,5.49374098227941e-18,0.000220748115362876,1
"Rana_Intizar_Hussain",8,0,1,1.37343524556985e-18,0.000220748115362833,1
"Riaz_Hussain_Al_Hussaini__Retired_",8,0,1,1.37343524556985e-18,0.000220748115362788,1
"Syed_Azizullah_Shah",8,0,1,6.86717622784926e-18,0.000220748115362741,1
"Syed_Gazanfar_Abbas",8,0,1,6.86717622784926e-18,0.000220748115362693,1
"Syed_Mujahid_Abbas_Shah",8,0,1,1.23609172101287e-17,0.000220748115362643,1
"Raja_Zafar_Iqbal",0,0,NA,0,3.3112217304612e-05,0
"Muhammad_Ashraf_Khan_Niazi",1,0,1,0,0.000220748115363124,1
"Rana_Muhammad_Ashraf_Advocate",1,0,1,0,0.000220748115362956,1
"Muhammad_Hanif_Ullah",1,0,1,0,0.000220748115363124,1
"Syed_Manzoor_Gillani",1,0,1,0,0.000220748115362956,1
"Hafiz_Hasham_Elahi_Zaheer",3,0,1,1.37343524556985e-18,0.000220748115363154,1
"Ibtesam_Elahi_Zaheer",3,0,1,3.43358811392463e-19,0.000220748115363077,1
"Ibtisam_Elahi_Zaheer",3,0,1,2.06015286835478e-18,0.000220748115362993,1
"Mutasim_Elahi_Zaheer",3,0,1,1.71679405696232e-18,0.000220748115362902,1
"Ghulam_Rasool",1177,158895.454144319,0.55516975308642,0.0983954564737637,0.000680127186898676,4
"Gul_Muhammad",10,0,0.379549850536311,0.0014873982446637,0.000106251267153723,5
"Muhammad_Farooq_Rajput",10,0,0.379549850536311,0.00148739824466369,0.000106251267153722,5
"Nawabzada_Shazain_Bugti",10,0,0.379549850536311,0.00148739824466369,0.000106251267153722,5
"Nawabzada_Talal_Akbar_Bughti",10,0,0.379549850536311,0.0014873982446637,0.000106251267153721,5
"Nawabzada_Talal_Akbar_Bugti",10,0,0.379549850536311,0.0014873982446637,0.00010625126715372,5
"Rana_Umar_Nazir_Ahmad_Khan",10,0,0.379549850536311,0.0014873982446637,0.000106251267153719,5
"Sardar_Zia_Ul_Haq",10,0,0.379549850536311,0.00148739824466369,0.000106251267153718,5
"Shah_Wali",10,0,0.379549850536311,0.0014873982446637,0.000106251267153717,5
"Syed_Faisal_Imam",719,14327.1699219604,0.509681227863046,0.946214275526067,0.000335829943902506,4
"Talal_Akbar_Bugti",10,0,0.379549850536311,0.0014873982446637,0.000106251267153716,5
"Bakht_Zar",4,0,0.292182741116751,2.55035671025932e-06,9.83275832270359e-05,6
"Muhammad_Asad_Thaniwi_",4,0,0.292182741116751,2.55035671025863e-06,9.83275832270352e-05,6
"Muhammad_Tahir_Makhdoom",90,17252,0.412636207226152,0.00180388435289757,0.00026804452396132,5
"Rana_Zia_Ahmed_Farooqi_Advocate",4,0,0.292182741116751,2.55035671025863e-06,9.83275832270345e-05,6
"Zaheer_Ud_Din_Bader",4,0,0.292182741116751,2.55035671026001e-06,9.83275832270337e-05,6
"Dad_Muhammad",12,0,1,0,0.000220748115362956,1
"Ghulam_Hyder_Jakhro",12,0,1,0,0.000220748115362928,1
"Hafiz_Fazal_Muhammad_Barech",12,0,1,0,0.0002207481153629,1
"Haji_Molvi_Muhammad_Hanif",12,0,1,0,0.000220748115362871,1
"Malik_Abdul_Qayum_Kakar",12,0,1,0,0.000220748115362841,1
"Mohammad_Nawaz_Katoher",12,0,1,0,0.00022074811536281,1
"Molana_Abdul_Qadir_Luni",12,0,1,0,0.000220748115362778,1
"Mollana_Mehmood_Ul_Hassan_Qasmi",12,0,1,0,0.000220748115362746,1
"Moulana_Asmatullah",12,0,1,0,0.000220748115362713,1
"Muhammad_Nazeer",12,0,1,1.37343524556985e-18,0.000220748115362679,1
"Qari_Nazir_Ahmed",12,0,1,0,0.000220748115362645,1
"Sardarzada_Mir_Saeed_Ahmed_Langove",12,0,1,0,0.000220748115362609,1
"Ubaid_Ur_Rehman",12,0,1,0,0.000220748115362573,1
"Syed_Nadeem_Anjum",0,0,NA,0,3.3112217304612e-05,0
"Abdul_Jabbar_Khan",419,45398.909727913,0.50186003255057,0.0198795715640455,0.000472880829748116,4
"Abu_Khair_Muhammad_Zubair",46,0,0.38386982038058,0.00150701973332065,0.000155903702408144,5
"Abul_Khair_Mohammad_Zubair",46,0,0.38386982038058,0.00150701973332068,0.000155903702408143,5
"Akhtar_Hussain_Gil",46,0,0.38386982038058,0.00150701973332067,0.000155903702408142,5
"Allama_Muhammad_Yaqoob",46,0,0.38386982038058,0.00150701973332066,0.000155903702408141,5
"Badshah_Muain",46,0,0.38386982038058,0.00150701973332068,0.000155903702408141,5
"Chaudhary_Tariq_Maqsood_Sahi",46,0,0.38386982038058,0.00150701973332066,0.00015590370240814,5
"Doctor_Muhammad_Aslam_Javaid_Awan",46,0,0.38386982038058,0.00150701973332067,0.000155903702408139,5
"Ghulam_Hussain_Farooqi",46,0,0.38386982038058,0.00150701973332068,0.000155903702408138,5
"Hafiz_Ahmed_Ali_Abbasi",46,0,0.38386982038058,0.00150701973332067,0.000155903702408138,5
"Hafiz_Munawar_Hussain",46,0,0.38386982038058,0.00150701973332067,0.000155903702408137,5
"Hafiz_Saeed_Ahmed",46,0,0.38386982038058,0.00150701973332065,0.000155903702408136,5
"Jan_Muhammad_Jat",46,0,0.38386982038058,0.00150701973332066,0.000155903702408135,5
"Khalid_Mahmood_Akhtar_Jajja",46,0,0.38386982038058,0.00150701973332065,0.000155903702408135,5
"Malik_Bashir_Ahmad_Nizami",46,0,0.38386982038058,0.00150701973332068,0.000155903702408134,5
"Mehmood_Ahmad",46,0,0.38386982038058,0.00150701973332067,0.000155903702408133,5
"Mir_Maqbool_Ahmed_Khosa",46,0,0.38386982038058,0.00150701973332065,0.000155903702408132,5
"Mirza_Mukhtar_Ali_Khan",46,0,0.38386982038058,0.00150701973332067,0.000155903702408131,5
"Mohammad_Jaffar",46,0,0.38386982038058,0.00150701973332068,0.000155903702408131,5
"Molana_Miraj_Ud_Din_Sirkani",46,0,0.38386982038058,0.00150701973332065,0.00015590370240813,5
"Molvi_Muhammad_Qasim",46,0,0.38386982038058,0.00150701973332067,0.000155903702408129,5
"Mufti_Abdul_Shakoor_Rizvi",46,0,0.38386982038058,0.00150701973332067,0.000155903702408128,5
"Muhammad_Awais_Siddiqi",46,0,0.38386982038058,0.00150701973332065,0.000155903702408127,5
"Muhammad_Fayaz",46,0,0.38386982038058,0.00150701973332066,0.000155903702408126,5
"Muhammad_Owais_Siddiqui",112,11350.2168495511,0.45668041891463,0.00540711960326254,0.000248344668717567,5
"Muhammad_Sajjad_Ali_Hamdi",46,0,0.38386982038058,0.00150701973332065,0.000155903702408124,5
"Muhammad_Siddiq_Rathore",46,0,0.38386982038058,0.00150701973332068,0.000155903702408123,5
"Muhammad_Tassaduq_Hussain",46,0,0.38386982038058,0.00150701973332067,0.000155903702408122,5
"Muhammad_Younus",46,0,0.38386982038058,0.00150701973332067,0.000155903702408122,5
"Niaz_Muhammad_Chandio",46,0,0.38386982038058,0.00150701973332068,0.000155903702408121,5
"Pir_Muhammad_Saeed_Ahmad_Nuqshbandi",46,0,0.38386982038058,0.00150701973332066,0.00015590370240812,5
"Pir_Syed",46,0,0.38386982038058,0.00150701973332066,0.000155903702408119,5
"Qari_Hafiz_Muhammad_Zawar_Bahadar",46,0,0.38386982038058,0.00150701973332068,0.000155903702408118,5
"Qazi_Shehzada_Sultan_Ul_Haq",46,0,0.38386982038058,0.00150701973332067,0.000155903702408117,5
"Rajab_Ali",46,0,0.38386982038058,0.00150701973332067,0.000155903702408116,5
"Rao_Azmat_Ullah_Khan",46,0,0.38386982038058,0.00150701973332067,0.000155903702408115,5
"Rashid_Imran_Khan",46,0,0.38386982038058,0.00150701973332066,0.000155903702408114,5
"Saeed_Ur_Rehman",755,63129.5833452316,0.517377756471716,0.946233869468319,0.000379271895671473,4
"Seikh_Muhammad_Akram",46,0,0.38386982038058,0.00150701973332065,0.000155903702408113,5
"Shad_Mohammad_Khan",46,0,0.38386982038058,0.00150701973332067,0.000155903702408112,5
"Shah_Muhammad_Owais_Noorani",46,0,0.38386982038058,0.00150701973332065,0.000155903702408111,5
"Syed_Asghar_Ali_Shah",450,38043.7583963878,0.49258329529895,0.0321235174608722,0.000358926699876292,4
"Tauqeer_Ahmed_Bajwa",46,0,0.38386982038058,0.00150701973332067,0.00015590370240811,5
"Wahid_Ali_Naqshband",46,0,0.38386982038058,0.00150701973332065,0.000155903702408109,5
"Mir_Abdul_Majid_Abro",1,0,1,0,0.000220748115363124,1
"Mir_Abdul_Majid_Abroo",1,0,1,0,0.000220748115362956,1
"Abdul_Hameed",538,72203.4575907667,0.506452369779446,0.0224196192065184,0.000647174428228262,4
"Abdul_Nazeer",8,0,0.336398348009039,3.18774435850051e-05,0.000133208604035714,5
"Aurang_Sher",8,0,0.336398348009039,3.18774435850065e-05,0.000133208604035714,5
"Bakhtiar_Ahmed_Maitlo",8,0,0.336398348009039,3.18774435850092e-05,0.000133208604035713,5
"Dr_Babur_Zaheer_Uddin",8,0,0.336398348009039,3.18774435850065e-05,0.000133208604035712,5
"Muhammad_Farooq_Ali",8,0,0.336398348009039,3.18774435850078e-05,0.000133208604035711,5
"Muhammad_Sarwar_Bin_Pakistan",8,0,0.336398348009039,3.18774435850078e-05,0.000133208604035711,5
"Muhammad_Yousuf_Nawaz",8,0,0.336398348009039,3.18774435850065e-05,0.00013320860403571,5
"Sarfraz_Ahmed_Chandio",8,0,0.336398348009039,3.18774435850092e-05,0.000133208604035709,5
"Abdul_Akbar_Chitrali",161,0,0.457842825326122,0.00933013565126156,0.000182124802593298,5
"Abdul_Hameed_Khan",561,15161.9449614125,0.496835078835309,0.0384123978722014,0.000381187331188857,4
"Abdul_Jameel_Khan",161,0,0.457842825326122,0.00933013565126162,0.000182124802593295,5
"Abdul_Majeed_Pathan_Advocate",161,0,0.457842825326122,0.00933013565126158,0.000182124802593295,5
"Abdul_Mateen_Akhondzada",161,0,0.457842825326122,0.00933013565126158,0.000182124802593294,5
"Abdul_Mohsin",373,7010.6693484555,0.495637198622273,0.0184004997917868,0.000348333335829622,4
"Abdul_Mustaan",161,0,0.457842825326122,0.00933013565126158,0.000182124802593293,5
"Akhtar_Ali_Khan",373,7010.6693484555,0.495637198622273,0.018400499791787,0.000348333335829621,4
"Akhtar_Mohammad",161,0,0.457842825326122,0.00933013565126158,0.000182124802593291,5
"Akhtar_Muhammad",373,7010.6693484555,0.495637198622273,0.0184004997917869,0.000348333335829619,4
"Anwar_Ul_Haq_Butt",161,0,0.457842825326122,0.0093301356512616,0.00018212480259329,5
"Arshad_Mahmood_Baggu",161,0,0.457842825326122,0.0093301356512616,0.000182124802593289,5
"Asadullah_Bhutto",161,0,0.457842825326122,0.00933013565126154,0.000182124802593288,5
"Atta_Muhammad_Jafri",161,0,0.457842825326122,0.00933013565126154,0.000182124802593287,5
"Atta_Ur_Rahman",161,0,0.457842825326122,0.0093301356512616,0.000182124802593287,5
"Bakhtiar_Maani",161,0,0.457842825326122,0.0093301356512616,0.000182124802593286,5
"Basheer_Ahmed_Mandai",161,0,0.457842825326122,0.0093301356512616,0.000182124802593285,5
"Bilal_Qudrat_Butt",373,7010.6693484555,0.495637198622273,0.018400499791787,0.000348333335829613,4
"Ch__Ansar_Mahmood",161,0,0.457842825326122,0.00933013565126158,0.000182124802593284,5
"Ch_Manzoor_Hussain",161,0,0.457842825326122,0.0093301356512616,0.000182124802593283,5
"Ch_Zahid_Imran_Korotana",161,0,0.457842825326122,0.00933013565126156,0.000182124802593282,5
"Chaudhary_Bashir_Ahmed",161,0,0.457842825326122,0.00933013565126158,0.000182124802593282,5
"Chaudhery_Asghar_Ali_Gujjar",161,0,0.457842825326122,0.0093301356512616,0.000182124802593281,5
"Chaudhry_Ihsan_Ali",161,0,0.457842825326122,0.00933013565126156,0.00018212480259328,5
"Chaudhry_Sajid_Ali_Chadhar",161,0,0.457842825326122,0.0093301356512616,0.000182124802593279,5
"Choudhry_Abdul_Rehman_Ranga",161,0,0.457842825326122,0.00933013565126156,0.000182124802593279,5
"Choudhry_Muhammad_Anwar",161,0,0.457842825326122,0.00933013565126158,0.000182124802593278,5
"Doctor_Muhammad_Anwar_Shah",161,0,0.457842825326122,0.00933013565126156,0.000182124802593277,5
"Dr__Abdul_Rehman_Ranjha",161,0,0.457842825326122,0.00933013565126158,0.000182124802593276,5
"Dr_Mairaj_Ul_Huda_Siddiqui",161,0,0.457842825326122,0.00933013565126154,0.000182124802593276,5
"Dr_Muhammad_Abdullah",161,0,0.457842825326122,0.0093301356512616,0.000182124802593275,5
"Dr_Muhammad_Arshad_Shahid",161,0,0.457842825326122,0.00933013565126158,0.000182124802593274,5
"Dr_muhammad_Ashraf",161,0,0.457842825326122,0.00933013565126158,0.000182124802593273,5
"Dr_Muhammad_Ubaid_Ullah_Gohar",161,0,0.457842825326122,0.00933013565126156,0.000182124802593273,5
"Engineer_Muhammad_Azeem_Randhawa",161,0,0.457842825326122,0.0093301356512616,0.000182124802593272,5
"Farid_Ahmed_Piracha",161,0,0.457842825326122,0.00933013565126165,0.000182124802593271,5
"Farooq_Ahmad_Chatha",161,0,0.457842825326122,0.0093301356512616,0.00018212480259327,5
"Fazale_Subhan",161,0,0.457842825326122,0.00933013565126162,0.00018212480259327,5
"Ghulam_Nabi",598,43560.4494503484,0.507703163589321,0.0413343223767991,0.000480517737456467,4
"Gul_Nawaz_Khan",161,0,0.457842825326122,0.00933013565126162,0.000182124802593268,5
"Gulab_Baloch",161,0,0.457842825326122,0.00933013565126158,0.000182124802593267,5
"Habib_Ullah_Cheema",161,0,0.457842825326122,0.00933013565126158,0.000182124802593266,5
"Habib_Ur_Rehman_Abbasi",161,0,0.457842825326122,0.0093301356512616,0.000182124802593266,5
"Hafiz_Khalid_Rauf",161,0,0.457842825326122,0.0093301356512616,0.000182124802593265,5
"Hafiz_Muhammad_Tahir_Aslam",161,0,0.457842825326122,0.00933013565126158,0.000182124802593264,5
"Hafiz_Nasrullah",161,0,0.457842825326122,0.0093301356512616,0.000182124802593263,5
"Hafiz_Salman_Butt",161,0,0.457842825326122,0.00933013565126156,0.000182124802593263,5
"Hafiz_Zubair_Ahmad",161,0,0.457842825326122,0.00933013565126156,0.000182124802593262,5
"Haji_Abdul_Aziz",161,0,0.457842825326122,0.0093301356512616,0.000182124802593261,5
"Haji_Muhammad_Irshad_Mund",161,0,0.457842825326122,0.00933013565126156,0.00018212480259326,5
"Haji_Muhammad_Khalid",161,0,0.457842825326122,0.00933013565126154,0.00018212480259326,5
"Haji_Muhammad_Ramzan",161,0,0.457842825326122,0.00933013565126156,0.000182124802593259,5
"Hameed_u_Deen_Awan",161,0,0.457842825326122,0.00933013565126154,0.000182124802593258,5
"Haroon_Ur_Rasheed_Nizami_Advocate",161,0,0.457842825326122,0.00933013565126162,0.000182124802593257,5
"Hikmat_Khan",161,0,0.457842825326122,0.00933013565126154,0.000182124802593256,5
"Hizbullah_Jhakro",161,0,0.457842825326122,0.0093301356512616,0.000182124802593256,5
"Israr_Ahmed_Sheikh",161,0,0.457842825326122,0.00933013565126158,0.000182124802593255,5
"Israr_Ullah",161,0,0.457842825326122,0.00933013565126162,0.000182124802593254,5
"Jaffer_Ali_Nizamani",161,0,0.457842825326122,0.0093301356512616,0.000182124802593253,5
"Khalid_Mahmood_Virk",161,0,0.457842825326122,0.0093301356512616,0.000182124802593252,5
"Khalid_Mehmood_Mirza",161,0,0.457842825326122,0.00933013565126156,0.000182124802593252,5
"Khawaja_Muhammad_Waqar_Khan",161,0,0.457842825326122,0.00933013565126158,0.000182124802593251,5
"Khuda_Dino",161,0,0.457842825326122,0.00933013565126156,0.00018212480259325,5
"Liaqat_Ali",1258,77668.6338242342,0.554100885637274,0.966863975247602,0.000597737884451488,4
"Liaqat_Baloch",373,7010.6693484555,0.495637198622273,0.0184004997917871,0.000348333335829578,4
"Maehrullah_Khan",161,0,0.457842825326122,0.0093301356512616,0.000182124802593248,5
"Mahmood_Ul_Hassan",373,7010.6693484555,0.495637198622273,0.0184004997917869,0.000348333335829576,4
"Major_r_Muhammad_Ghulam_Sarwar",161,0,0.457842825326122,0.00933013565126158,0.000182124802593247,5
"Major_Retired_Haq_Daad_Ali_Khan",161,0,0.457842825326122,0.00933013565126156,0.000182124802593246,5
"Maulana_Abdul_Malik",161,0,0.457842825326122,0.00933013565126149,0.000182124802593245,5
"Mehrab_Ali",161,0,0.457842825326122,0.0093301356512616,0.000182124802593245,5
"Mian_Asad_Ullah",161,0,0.457842825326122,0.00933013565126156,0.000182124802593244,5
"Mian_Muhammad_Ibhrahim",161,0,0.457842825326122,0.00933013565126158,0.000182124802593243,5
"Mian_Muhammad_Younis",161,0,0.457842825326122,0.00933013565126154,0.000182124802593242,5
"Mian_Mukhtar_Ahmad",161,0,0.457842825326122,0.00933013565126158,0.000182124802593241,5
"Mian_Saleem_Akbar",161,0,0.457842825326122,0.00933013565126156,0.00018212480259324,5
"Mohammad_Awais_Ghumman",161,0,0.457842825326122,0.00933013565126158,0.00018212480259324,5
"Mohammad_Laeeque_Khan",161,0,0.457842825326122,0.00933013565126158,0.000182124802593239,5
"Mohammad_Tariq_Javed_Dar",161,0,0.457842825326122,0.00933013565126154,0.000182124802593238,5
"Mr_Niamatullah_Khan",161,0,0.457842825326122,0.00933013565126158,0.000182124802593237,5
"Muhammad_Arshad_Khan",161,0,0.457842825326122,0.00933013565126156,0.000182124802593236,5
"Muhammad_Aslam",654,110629.263620105,0.521439787413939,0.0399284107224707,0.000728641553286064,4
"Muhammad_Farooq_Sheikh",161,0,0.457842825326122,0.00933013565126149,0.000182124802593235,5
"Muhammad_Hanif_Chaudhary",161,0,0.457842825326122,0.00933013565126154,0.000182124802593235,5
"Muhammad_Haq_Nawaz_Khan_Durani",161,0,0.457842825326122,0.00933013565126158,0.000182124802593234,5
"Muhammad_Husain_Mehenti",161,0,0.457842825326122,0.0093301356512616,0.000182124802593233,5
"Muhammad_Ibraheem",161,0,0.457842825326122,0.00933013565126154,0.000182124802593232,5
"Muhammad_Iqbal_Khalil",161,0,0.457842825326122,0.0093301356512616,0.000182124802593231,5
"Muhammad_Irshad_Anwar",161,0,0.457842825326122,0.00933013565126158,0.00018212480259323,5
"Muhammad_Jameel",208,14978.3849062901,0.466047716722444,0.0108594037105198,0.000319818489371895,5
"Muhammad_Javed",561,15161.9449614125,0.496835078835309,0.0384123978722014,0.000381187331188788,4
"Muhammad_Mashal_Khan",161,0,0.457842825326122,0.00933013565126162,0.000182124802593228,5
"Muhammad_Rafiq",601,69800.9214752088,0.518745493871665,0.0388041589648012,0.00056149378916534,4
"Muhammad_Rafique_Nizami_Advocate",161,0,0.457842825326122,0.00933013565126156,0.000182124802593226,5
"Muhammad_Rasool",161,0,0.457842825326122,0.00933013565126156,0.000182124802593226,5
"Muhammad_Riaz_Farooq_Sahi",373,7010.6693484555,0.495637198622273,0.0184004997917869,0.000348333335829553,4
"Muhammad_Sadiq_Malik",161,0,0.457842825326122,0.00933013565126156,0.000182124802593224,5
"Muhammad_Saeed_Khan",161,0,0.457842825326122,0.00933013565126156,0.000182124802593223,5
"Muhammad_Tahir",932,115102.716558598,0.531257691361063,0.949030122808168,0.000583025419758661,4
"Muhammad_Tasleem_Iqbal",161,0,0.457842825326122,0.00933013565126156,0.000182124802593221,5
"Muhammad_Younis_Khattak",161,0,0.457842825326122,0.0093301356512616,0.00018212480259322,5
"Muhammad_Yousuf",373,7010.6693484555,0.495637198622273,0.0184004997917871,0.000348333335829548,4
"Mumtaz_Hussain_Sahto",161,0,0.457842825326122,0.00933013565126158,0.000182124802593219,5
"Naseer_Ahmad",161,0,0.457842825326122,0.00933013565126158,0.000182124802593218,5
"Naveed_Zafar_Shah",161,0,0.457842825326122,0.00933013565126158,0.000182124802593217,5
"Nazir_Ahmed",561,15161.9449614125,0.496835078835309,0.0384123978722013,0.000381187331188775,4
"Nisar_Ahmad",727,96258.6471815763,0.510766682442026,0.059139993806422,0.000390685831766222,4
"Professor_Muhammad_Ibrahim_Khan",161,0,0.457842825326122,0.00933013565126158,0.000182124802593215,5
"Qari_Muhammad_Asif_Gujjar",161,0,0.457842825326122,0.0093301356512616,0.000182124802593214,5
"Rai_Muhammad_Akram_Khan",161,0,0.457842825326122,0.0093301356512616,0.000182124802593213,5
"Raj_Muhammad",161,0,0.457842825326122,0.00933013565126154,0.000182124802593212,5
"Raja_Muhammad_Jawwad",161,0,0.457842825326122,0.00933013565126156,0.000182124802593211,5
"Raja_Muhammad_Nawaz_Kayani",161,0,0.457842825326122,0.00933013565126156,0.00018212480259321,5
"Rana_Javed_Iqbal",161,0,0.457842825326122,0.00933013565126154,0.000182124802593209,5
"Rana_Muhammad_Adnan_Khan",161,0,0.457842825326122,0.00933013565126154,0.000182124802593208,5
"Rana_Zahid_Farooq",161,0,0.457842825326122,0.0093301356512616,0.000182124802593208,5
"Rashid_Nasim",161,0,0.457842825326122,0.00933013565126154,0.000182124802593207,5
"Raza_Ahmed_Shah",161,0,0.457842825326122,0.00933013565126158,0.000182124802593206,5
"Riaz_Ahmad_Bhulla_Advocate",161,0,0.457842825326122,0.00933013565126156,0.000182124802593205,5
"Riaz_Ali_Kazmi",161,0,0.457842825326122,0.0093301356512616,0.000182124802593204,5
"Rizwan_Ahmed",161,0,0.457842825326122,0.00933013565126154,0.000182124802593203,5
"Sabir_Hussain_Awan",161,0,0.457842825326122,0.00933013565126158,0.000182124802593202,5
"Sahib_Zada_Haroon_Ur_Raheed",161,0,0.457842825326122,0.00933013565126158,0.000182124802593201,5
"Sahibzada_Tariq_Ullah",373,7010.6693484555,0.495637198622273,0.018400499791787,0.000348333335829529,4
"Sami_Ullah_Jan",161,0,0.457842825326122,0.00933013565126152,0.0001821248025932,5
"Sardar_Khan",866,26035.670537688,0.521691842900302,0.948629486579579,0.000401852872972029,4
"Sardar_Riaz_Ahmad_Khan",161,0,0.457842825326122,0.00933013565126156,0.000182124802593198,5
"Sardar_Zafar_Hussain_Khan",161,0,0.457842825326122,0.00933013565126162,0.000182124802593197,5
"Sarfraz_Ahmad_Khan",161,0,0.457842825326122,0.00933013565126158,0.000182124802593196,5
"Shah_Faisal_Afridi",373,7010.6693484555,0.495637198622273,0.0184004997917869,0.000348333335829524,4
"Shahib_Zada_Muhammad_Yaqub",161,0,0.457842825326122,0.0093301356512616,0.000182124802593194,5
"Sheikh_Muhammad_Mushtaq",161,0,0.457842825326122,0.00933013565126158,0.000182124802593193,5
"Sher_Akbar_Khan",1339,130808.476907651,0.558762619725602,0.99228734498604,0.000596769693750745,4
"Shoukat_Ali_Shaikh",161,0,0.457842825326122,0.00933013565126158,0.000182124802593192,5
"Solat_Majeed_Satti_Advocate",161,0,0.457842825326122,0.00933013565126158,0.000182124802593191,5
"Sultan_Muhammad",161,0,0.457842825326122,0.00933013565126156,0.00018212480259319,5
"Syed_Attaullah_Shah",161,0,0.457842825326122,0.00933013565126156,0.000182124802593189,5
"Syed_Javed_Hussain_Shah",373,7010.6693484555,0.495637198622273,0.018400499791787,0.000348333335829516,4
"Syed_Mehr_Hassan_Gillani",161,0,0.457842825326122,0.00933013565126158,0.000182124802593187,5
"Syed_Mohammad_Faheem",161,0,0.457842825326122,0.00933013565126154,0.000182124802593186,5
"Syed_Muhammad_Bilal",161,0,0.457842825326122,0.00933013565126156,0.000182124802593185,5
"Tahir_Siraj",161,0,0.457842825326122,0.00933013565126158,0.000182124802593184,5
"Taj_Muhammad_Khan",161,0,0.457842825326122,0.00933013565126152,0.000182124802593183,5
"Tariq_Javeed_Janjua",161,0,0.457842825326122,0.00933013565126158,0.000182124802593183,5
"Tashkeel_Ahmed_Siddiqui",161,0,0.457842825326122,0.00933013565126162,0.000182124802593182,5
"Taufeequddin_Siddiqui",161,0,0.457842825326122,0.00933013565126156,0.000182124802593181,5
"Uzair_Latif",161,0,0.457842825326122,0.0093301356512616,0.00018212480259318,5
"Waheed_Akhtar",161,0,0.457842825326122,0.00933013565126158,0.000182124802593179,5
"Waleed_Nasir_Choudhary",161,0,0.457842825326122,0.00933013565126156,0.000182124802593178,5
"Yahya_Bakhtiar",161,0,0.457842825326122,0.00933013565126158,0.000182124802593177,5
"Zafar_Jamal_Khan_Advocate",161,0,0.457842825326122,0.00933013565126152,0.000182124802593176,5
"Zahid_Mohibullah_Khan_Advocate",161,0,0.457842825326122,0.00933013565126156,0.000182124802593175,5
"Zahid_Saeed",161,0,0.457842825326122,0.00933013565126158,0.000182124802593174,5
"Zahoor_Ahmad_Watto",161,0,0.457842825326122,0.00933013565126156,0.000182124802593173,5
"Zar_Noor_Afridi",161,0,0.457842825326122,0.00933013565126158,0.000182124802593172,5
"Zubair_Ahmad_Gondal",161,0,0.457842825326122,0.00933013565126154,0.000182124802593171,5
"Zubair_Farooq_Khan",161,0,0.457842825326122,0.00933013565126156,0.00018212480259317,5
"Abd_Ur_Rasheed",224,0,0.478178998670802,0.00943900046174978,0.000208997934775836,4
"Abdul_Bari",850,76469.8946981504,0.531061631196949,0.0625560928332969,0.000506629941227835,4
"Abdul_Fatah_Pathan",224,0,0.478178998670802,0.0094390004617498,0.000208997934775835,4
"Abdul_Hameed_Alias_Arfan",224,0,0.478178998670802,0.00943900046174976,0.000208997934775834,4
"Abdul_Jamil_Khan",224,0,0.478178998670802,0.00943900046174971,0.000208997934775833,4
"Abdul_Kabeer",224,0,0.478178998670802,0.00943900046174976,0.000208997934775833,4
"Abdul_Razzaq_Khalil",224,0,0.478178998670802,0.00943900046174974,0.000208997934775832,4
"Abdul_Rehman",1341,388137.826829336,0.575063274277341,0.9562398574459,0.00097164096294077,4
"Abdul_Waheed_Akhtar",224,0,0.478178998670802,0.00943900046174971,0.000208997934775831,4
"Afifa_Athar",224,0,0.478178998670802,0.00943900046174969,0.00020899793477583,4
"Afrasiab_Khattak",224,0,0.478178998670802,0.00943900046174974,0.000208997934775829,4
"Ahktar_Hussain",224,0,0.478178998670802,0.0094390004617498,0.000208997934775829,4
"Ahmad_Jamil_Rashid",224,0,0.478178998670802,0.00943900046174971,0.000208997934775828,4
"Aijaz_Ali",849,110228.331318101,0.531519330214233,0.0510690355258942,0.000584397696459174,4
"Akbar_Ali_Khan",224,0,0.478178998670802,0.0094390004617498,0.000208997934775826,4
"Akhtar_Hussain_Qureshi",224,0,0.478178998670802,0.00943900046174982,0.000208997934775826,4
"Altaf_Ahmad_Khan",224,0,0.478178998670802,0.00943900046174976,0.000208997934775825,4
"Ameer_Ul_Azeem",224,0,0.478178998670802,0.0094390004617498,0.000208997934775824,4
"Amir_Mahmood_Cheema",224,0,0.478178998670802,0.00943900046174974,0.000208997934775823,4
"Amir_Siddiqui",224,0,0.478178998670802,0.00943900046174971,0.000208997934775822,4
"Amjad_Ali_Khan",237,55999.868554592,0.479027962716378,0.00943925580535237,0.00034882978463188,4
"Anam_Hamza",224,0,0.478178998670802,0.00943900046174976,0.000208997934775821,4
"Anwar_Ul_Haq",224,0,0.478178998670802,0.00943900046174976,0.00020899793477582,4
"Asad_Ullah",224,0,0.478178998670802,0.00943900046174969,0.000208997934775819,4
"Asim_Muneer",224,0,0.478178998670802,0.00943900046174976,0.000208997934775819,4
"Aslam_Khan",224,0,0.478178998670802,0.00943900046174976,0.000208997934775818,4
"Atif_Imran",224,0,0.478178998670802,0.00943900046174976,0.000208997934775817,4
"Atta_Ullah_Hameed",224,0,0.478178998670802,0.00943900046174974,0.000208997934775816,4
"Atta_Ur_Rehman",632,174783.46141589,0.511250592136428,0.0224430562674337,0.000689798455650656,4
"Azhar_Ul_Haq",224,0,0.478178998670802,0.00943900046174971,0.000208997934775815,4
"Babar_Rashid",224,0,0.478178998670802,0.00943900046174971,0.000208997934775815,4
"Bakht_Jehan_Khan",224,0,0.478178998670802,0.00943900046174976,0.000208997934775814,4
"Ch__Abid_Hussain",224,0,0.478178998670802,0.00943900046174974,0.000208997934775813,4
"Chaudhary_Abdul_Sattar",224,0,0.478178998670802,0.00943900046174974,0.000208997934775812,4
"Chaudhary_Asadullah",224,0,0.478178998670802,0.00943900046174974,0.000208997934775811,4
"Chaudhry_Irfan_Aslam",224,0,0.478178998670802,0.00943900046174978,0.000208997934775811,4
"Chaudry_Muhammad_Shoukat",224,0,0.478178998670802,0.00943900046174974,0.00020899793477581,4
"Chaudry_Zulfiqar_Advocate",224,0,0.478178998670802,0.00943900046174974,0.000208997934775809,4
"Dedar_Hussain_Behrani",224,0,0.478178998670802,0.0094390004617498,0.000208997934775808,4
"Dr_Atta_Ur_Rehman",224,0,0.478178998670802,0.00943900046174971,0.000208997934775807,4
"Engr_Muhammad_Sikandar_Asad",224,0,0.478178998670802,0.00943900046174976,0.000208997934775807,4
"Faiz_Miran",224,0,0.478178998670802,0.00943900046174974,0.000208997934775806,4
"Fazal_Ahmed",224,0,0.478178998670802,0.00943900046174978,0.000208997934775805,4
"Fazal_Subhan",224,0,0.478178998670802,0.00943900046174976,0.000208997934775804,4
"Fazal_Ur_Rehman_Niazi",224,0,0.478178998670802,0.00943900046174971,0.000208997934775803,4
"Ghanzanfar_Ali_Bajwa",224,0,0.478178998670802,0.0094390004617498,0.000208997934775803,4
"Ghazan_Iqbal",224,0,0.478178998670802,0.00943900046174971,0.000208997934775802,4
"Hafiz_Aqib_Ismail",224,0,0.478178998670802,0.00943900046174976,0.000208997934775801,4
"Hafiz_Muhammad_Arshad",224,0,0.478178998670802,0.00943900046174974,0.0002089979347758,4
"Hafiz_Nasrullah_Aziz",224,0,0.478178998670802,0.00943900046174976,0.000208997934775799,4
"Haji_Sami_Ullah",224,0,0.478178998670802,0.00943900046174978,0.000208997934775799,4
"Hameed_Ud_Din_Awan",224,0,0.478178998670802,0.00943900046174978,0.000208997934775798,4
"Hammad_Hasan_Lashari",224,0,0.478178998670802,0.00943900046174976,0.000208997934775797,4
"Hashmat_Khan",224,0,0.478178998670802,0.00943900046174978,0.000208997934775796,4
"Hizabullah_Jakhro",224,0,0.478178998670802,0.00943900046174974,0.000208997934775795,4
"Iftikhar_Ahmad_Shaikh",224,0,0.478178998670802,0.00943900046174971,0.000208997934775794,4
"Iftikhar_Ahmed",366,17829.9266385296,0.498211194460473,0.0109054792299651,0.000360530966277031,4
"Iftikhar_Nadeem",224,0,0.478178998670802,0.00943900046174974,0.000208997934775793,4
"Imdad_Khan",224,0,0.478178998670802,0.00943900046174978,0.000208997934775792,4
"Imran_Shafiq_Advocate",224,0,0.478178998670802,0.00943900046174976,0.000208997934775791,4
"Imtiaz_Ahmed",224,0,0.478178998670802,0.00943900046174969,0.00020899793477579,4
"Inayat_Ur_Rehman",224,0,0.478178998670802,0.00943900046174971,0.000208997934775789,4
"Iqbal_Khan",224,0,0.478178998670802,0.00943900046174974,0.000208997934775789,4
"Irfan_Ahmed",788,53430.8712137572,0.516017212526895,0.0590681686979402,0.000416414860656201,4
"Irfan_Ullah",431,13677.0626279324,0.4963209933318,0.0261400197573655,0.000369181142328096,4
"Jahangir_Ahmad",224,0,0.478178998670802,0.00943900046174974,0.000208997934775786,4
"Jamal_d_Din",224,0,0.478178998670802,0.0094390004617498,0.000208997934775785,4
"Kamran_Aziz_Ghauri",224,0,0.478178998670802,0.0094390004617498,0.000208997934775784,4
"Kamran_Malik",224,0,0.478178998670802,0.00943900046174976,0.000208997934775784,4
"Kashif_Azam",224,0,0.478178998670802,0.00943900046174971,0.000208997934775783,4
"Khalid_Khan_Yousafzai",224,0,0.478178998670802,0.00943900046174974,0.000208997934775782,4
"Khalid_Mahmood_Mirza",224,0,0.478178998670802,0.00943900046174976,0.000208997934775781,4
"Mahmood_Urf_Mahmood_Illahi",224,0,0.478178998670802,0.00943900046174969,0.00020899793477578,4
"Mairaj_Ul_Huda_Siddiqui",224,0,0.478178998670802,0.00943900046174976,0.000208997934775779,4
"Malik_Abdul_Aziz",224,0,0.478178998670802,0.00943900046174976,0.000208997934775779,4
"Malik_Ghulam_Mohiuddin",224,0,0.478178998670802,0.00943900046174974,0.000208997934775778,4
"Malik_Mateeullah",224,0,0.478178998670802,0.00943900046174974,0.000208997934775777,4
"Malik_Muhammad_Naeem_Haider",224,0,0.478178998670802,0.00943900046174976,0.000208997934775776,4
"Mamtaz_Hussain",224,0,0.478178998670802,0.00943900046174978,0.000208997934775775,4
"Manzoor_Hussain",224,0,0.478178998670802,0.0094390004617498,0.000208997934775774,4
"Maulana_Abdul_Akbar_Chitrali",224,0,0.478178998670802,0.00943900046174985,0.000208997934775773,4
"Maulana_Mehboob_Janan",224,0,0.478178998670802,0.00943900046174974,0.000208997934775773,4
"Maulana_Muhammad_Ismail",224,0,0.478178998670802,0.00943900046174974,0.000208997934775772,4
"Mian_Mohammad_Aslam",224,0,0.478178998670802,0.00943900046174971,0.000208997934775771,4
"Mian_Muslim_Pervaiz",224,0,0.478178998670802,0.00943900046174971,0.00020899793477577,4
"Mir_Muhammad_Baldi",224,0,0.478178998670802,0.00943900046174976,0.000208997934775769,4
"Miraj_Ul_Huda_Siddiqui",224,0,0.478178998670802,0.00943900046174971,0.000208997934775768,4
"Mohtarma_Zaiba_Basharat",224,0,0.478178998670802,0.00943900046174974,0.000208997934775767,4
"Mudassar_Ahmad_Shah",224,0,0.478178998670802,0.00943900046174974,0.000208997934775767,4
"Mufti_Muhammad_Imtiaz_Marwat",224,0,0.478178998670802,0.00943900046174978,0.000208997934775766,4
"Muhammad_Ahmad_Raza",224,0,0.478178998670802,0.00943900046174969,0.000208997934775765,4
"Muhammad_Anwar_Khan",224,0,0.478178998670802,0.00943900046174974,0.000208997934775764,4
"Muhammad_Arif_Gujjar",224,0,0.478178998670802,0.00943900046174971,0.000208997934775763,4
"Muhammad_Arslan_Khan_Khakwani",224,0,0.478178998670802,0.00943900046174971,0.000208997934775762,4
"Muhammad_Ashique",224,0,0.478178998670802,0.00943900046174978,0.000208997934775761,4
"Muhammad_Asim_Khan",224,0,0.478178998670802,0.00943900046174976,0.000208997934775761,4
"Muhammad_Azeem_Tahir_Randhawa",224,0,0.478178998670802,0.00943900046174976,0.00020899793477576,4
"Muhammad_Babar_Khan",224,0,0.478178998670802,0.00943900046174976,0.000208997934775759,4
"Muhammad_Bilal",236,11267.7665735842,0.478762337806366,0.00944577278292444,0.000287773081588896,4
"Muhammad_Ejaz_Malik",224,0,0.478178998670802,0.00943900046174971,0.000208997934775757,4
"Muhammad_Faisal_Bin_Zair",224,0,0.478178998670802,0.00943900046174971,0.000208997934775756,4
"Muhammad_Hanif_Khan",224,0,0.478178998670802,0.00943900046174978,0.000208997934775755,4
"Muhammad_Ibrahim",707,33048.691051928,0.521125060357315,0.0734681283565242,0.000406755151873177,4
"Muhammad_Ibrahim_Khan",224,0,0.478178998670802,0.0094390004617498,0.000208997934775754,4
"Muhammad_Ijaz",431,13677.0626279324,0.4963209933318,0.0261400197573656,0.000369181142328062,4
"Muhammad_Irfan_Ullah",224,0,0.478178998670802,0.00943900046174982,0.000208997934775752,4
"Muhammad_Ishaq_Khan",224,0,0.478178998670802,0.00943900046174974,0.000208997934775751,4
"Muhammad_Islam",224,0,0.478178998670802,0.00943900046174978,0.00020899793477575,4
"Muhammad_Jabir",224,0,0.478178998670802,0.00943900046174969,0.000208997934775749,4
"Muhammad_Javed_Kasori",224,0,0.478178998670802,0.0094390004617498,0.000208997934775748,4
"Muhammad_Kashif_Chaudhry",224,0,0.478178998670802,0.00943900046174974,0.000208997934775747,4
"Muhammad_Kashif_Gujjar",224,0,0.478178998670802,0.00943900046174971,0.000208997934775746,4
"Muhammad_Musa",224,0,0.478178998670802,0.0094390004617498,0.000208997934775746,4
"Muhammad_Mushtaq",431,13677.0626279324,0.4963209933318,0.0261400197573657,0.000369181142328054,4
"Muhammad_Naeem",930,46905.6888702073,0.532765642354683,0.950135685784758,0.000428752792845415,4
"Muhammad_Nasir_Nadeem_Gujjar",224,0,0.478178998670802,0.0094390004617498,0.000208997934775743,4
"Muhammad_Rafique",772,56507.3137589998,0.527944233826587,0.0756003094273732,0.000535610160756698,4
"Muhammad_Rehmat_Ullah_Watto",224,0,0.478178998670802,0.00943900046174976,0.000208997934775741,4
"Muhammad_Riaz",1024,171921.11924875,0.536406560636183,0.066041679734581,0.000583356173504711,4
"Muhammad_Saeed",307,14205.7651229831,0.485056179775281,0.0111307597417231,0.000358870599670875,4
"Muhammad_Safdar_Iqbal",224,0,0.478178998670802,0.00943900046174978,0.000208997934775739,4
"Muhammad_Sami_Ul_Qazi",224,0,0.478178998670802,0.00943900046174971,0.000208997934775738,4
"Muhammad_Shabir_Khanzada",224,0,0.478178998670802,0.00943900046174978,0.000208997934775737,4
"Muhammad_Shahid_Abbas",224,0,0.478178998670802,0.00943900046174976,0.000208997934775736,4
"Muhammad_Sufyan_Abbasi",224,0,0.478178998670802,0.00943900046174976,0.000208997934775735,4
"Muhammad_Tahir_Malik",224,0,0.478178998670802,0.00943900046174976,0.000208997934775734,4
"Muhammad_Tariq_Javed",224,0,0.478178998670802,0.00943900046174974,0.000208997934775733,4
"Muhammad_Tauseef",224,0,0.478178998670802,0.00943900046174974,0.000208997934775732,4
"Muhammad_Umar_Farooq",224,0,0.478178998670802,0.0094390004617498,0.000208997934775731,4
"Muhammad_Usama_Razi_Khan",224,0,0.478178998670802,0.00943900046174978,0.00020899793477573,4
"Muhammad_Waris",224,0,0.478178998670802,0.00943900046174974,0.00020899793477573,4
"Muhammad_Yousaf_Khan",224,0,0.478178998670802,0.00943900046174976,0.000208997934775729,4
"Muhammad_Zubair",431,13677.0626279324,0.4963209933318,0.0261400197573657,0.000369181142328037,4
"Muhmmad_Mudabbar_Siddique",224,0,0.478178998670802,0.00943900046174971,0.000208997934775727,4
"Mumtaz_Hussain",224,0,0.478178998670802,0.00943900046174974,0.000208997934775726,4
"Munam_Zafar_Khan",224,0,0.478178998670802,0.00943900046174974,0.000208997934775725,4
"Munir_Ahmed_Anjum",224,0,0.478178998670802,0.00943900046174978,0.000208997934775724,4
"Mussawair_Shah",224,0,0.478178998670802,0.00943900046174985,0.000208997934775723,4
"Naeem_Ullah",224,0,0.478178998670802,0.00943900046174974,0.000208997934775722,4
"Naeem_Ur_Rehman_Khan",224,0,0.478178998670802,0.00943900046174974,0.000208997934775721,4
"Nageena",224,0,0.478178998670802,0.00943900046174978,0.00020899793477572,4
"Naheem_Ur_Rehman_Khan",224,0,0.478178998670802,0.00943900046174971,0.000208997934775719,4
"Nasir_Mehmood",227,4225.94911905768,0.478337950138504,0.00945717410142524,0.000237372672896443,4
"Naveed_Ali_Baig",224,0,0.478178998670802,0.0094390004617498,0.000208997934775718,4
"Naveed_Iqbal",455,40594.6915474681,0.49803876326719,0.0207482293018108,0.000491536827285406,4
"Niaz_Muhammad",639,84564.9951514351,0.521754894851342,0.0399794300855102,0.000488423175516461,4
"Noor_Ali",224,0,0.478178998670802,0.00943900046174976,0.000208997934775715,4
"Qamar_Zaman_Cheema",224,0,0.478178998670802,0.00943900046174978,0.000208997934775714,4
"Qari_Saeed_Ahmad",224,0,0.478178998670802,0.0094390004617498,0.000208997934775713,4
"Qasim_Mehmood",224,0,0.478178998670802,0.00943900046174974,0.000208997934775712,4
"Raja_Sajid_Sharif",224,0,0.478178998670802,0.00943900046174976,0.000208997934775711,4
"Rana_Abdul_Waheed",224,0,0.478178998670802,0.00943900046174976,0.00020899793477571,4
"Rana_Muhammad_Afzal",224,0,0.478178998670802,0.00943900046174969,0.000208997934775709,4
"Rana_Muhammad_Sikandar_Azam_Khan",224,0,0.478178998670802,0.00943900046174976,0.000208997934775708,4
"Rasheed_Ahmad",224,0,0.478178998670802,0.00943900046174974,0.000208997934775708,4
"Rashid_Farooq",224,0,0.478178998670802,0.00943900046174971,0.000208997934775707,4
"Rustam_Ali_Saqi",224,0,0.478178998670802,0.0094390004617498,0.000208997934775706,4
"Safia_Khanum",224,0,0.478178998670802,0.00943900046174976,0.000208997934775705,4
"Sahibzada_Haroon_u_Rasheed",224,0,0.478178998670802,0.00943900046174976,0.000208997934775704,4
"Saif_Ud_Din",224,0,0.478178998670802,0.00943900046174971,0.000208997934775703,4
"Saif_Ur_Rehman",707,33048.691051928,0.521125060357315,0.0734681283565241,0.000406755151873125,4
"Sakeena",224,0,0.478178998670802,0.00943900046174974,0.000208997934775701,4
"Saleh_Muhammad",707,33048.691051928,0.521125060357315,0.0734681283565244,0.000406755151873123,4
"Salman_Ahmed",224,0,0.478178998670802,0.00943900046174974,0.000208997934775699,4
"Samina_Saeed",224,0,0.478178998670802,0.00943900046174971,0.000208997934775698,4
"Sardar_Abdul_Razaq",224,0,0.478178998670802,0.00943900046174974,0.000208997934775697,4
"Sardar_Karam_Khan",224,0,0.478178998670802,0.00943900046174976,0.000208997934775696,4
"Shafiq_Ahmad_Rouf",224,0,0.478178998670802,0.00943900046174971,0.000208997934775695,4
"Shakeela",224,0,0.478178998670802,0.00943900046174971,0.000208997934775694,4
"Shamas_Ur_Rehman",224,0,0.478178998670802,0.00943900046174978,0.000208997934775693,4
"Sharaf_Ud_Din",224,0,0.478178998670802,0.00943900046174976,0.000208997934775692,4
"Sheikh_Muhammad_Afzaal_Shaheen",224,0,0.478178998670802,0.00943900046174978,0.000208997934775691,4
"Shiekh_Usman_Farooq",224,0,0.478178998670802,0.00943900046174978,0.00020899793477569,4
"Shiraz_Khan_Jadoon",224,0,0.478178998670802,0.0094390004617498,0.000208997934775689,4
"Shoukat_Ali_Bhatti",224,0,0.478178998670802,0.00943900046174976,0.000208997934775688,4
"Siraj_Ul_Haq",224,0,0.478178998670802,0.00943900046174978,0.000208997934775688,4
"Sufi_Khalique_Ahmad_Butt",224,0,0.478178998670802,0.00943900046174976,0.000208997934775687,4
"Sultan_Ahmed_Lashari",224,0,0.478178998670802,0.00943900046174974,0.000208997934775686,4
"Syed_Abdul_Rasheed",224,0,0.478178998670802,0.00943900046174976,0.000208997934775685,4
"Syed_Ahmad",224,0,0.478178998670802,0.00943900046174976,0.000208997934775684,4
"Syed_Arif_Shirazi",224,0,0.478178998670802,0.00943900046174974,0.000208997934775683,4
"Syed_Ghaffar",224,0,0.478178998670802,0.0094390004617498,0.000208997934775682,4
"Syed_Ihsan_Ullah_Waqas",224,0,0.478178998670802,0.00943900046174982,0.000208997934775681,4
"Syed_Tariq_Hussain_Shah_Sherazi",224,0,0.478178998670802,0.00943900046174978,0.00020899793477568,4
"Syed_Umer_Farooq",224,0,0.478178998670802,0.00943900046174976,0.000208997934775679,4
"Syed_Ziaullah_Shah_Bukhari",224,0,0.478178998670802,0.00943900046174976,0.000208997934775678,4
"Tahir_Majeed",224,0,0.478178998670802,0.00943900046174974,0.000208997934775677,4
"Tahir_Mehmood_Butt",224,0,0.478178998670802,0.0094390004617498,0.000208997934775676,4
"Talib_Jan",224,0,0.478178998670802,0.00943900046174969,0.000208997934775675,4
"Tariq_Mateen",224,0,0.478178998670802,0.00943900046174974,0.000208997934775674,4
"Tasheen",224,0,0.478178998670802,0.00943900046174982,0.000208997934775673,4
"Tasnim_Khurshid",224,0,0.478178998670802,0.00943900046174978,0.000208997934775672,4
"Tofiq_Ul_Din_Siddiqui",224,0,0.478178998670802,0.00943900046174978,0.000208997934775671,4
"Tohfa_Dastgir_Ahmad",224,0,0.478178998670802,0.00943900046174976,0.00020899793477567,4
"Umar_Farooq",669,92947.5105929876,0.519244647582391,0.0237516773988743,0.00068343944114474,4
"Umar_Farooq_Kanju",224,0,0.478178998670802,0.00943900046174971,0.000208997934775668,4
"Umar_Gul",224,0,0.478178998670802,0.00943900046174976,0.000208997934775667,4
"Usman_Ali",707,33048.691051928,0.521125060357315,0.0734681283565242,0.000406755151873089,4
"Zabeeh_Ullah_Balgan",224,0,0.478178998670802,0.00943900046174985,0.000208997934775665,4
"Zafar_Ali",224,0,0.478178998670802,0.00943900046174974,0.000208997934775664,4
"Zafar_Hussain_Khan",224,0,0.478178998670802,0.00943900046174978,0.000208997934775663,4
"Zaheer_Babar",224,0,0.478178998670802,0.0094390004617498,0.000208997934775662,4
"Zaheer_Ud_Din_Jatoi",224,0,0.478178998670802,0.00943900046174978,0.000208997934775661,4
"Zubair_Ahmed_Gondal",224,0,0.478178998670802,0.00943900046174971,0.00020899793477566,4
"Zubair_Khadim",224,0,0.478178998670802,0.00943900046174976,0.000208997934775659,4
"Zulfiqar_Ali_Shah",930,46905.6888702073,0.532765642354683,0.950135685784759,0.000428752792845329,4
"Zulifqar_Ali_Ahmad",224,0,0.478178998670802,0.00943900046174971,0.000208997934775657,4
"Majida_Abro",1,0,1,0,0.000220748115363124,1
"Muhammad_Faiq",1,0,1,0,0.000220748115362956,1
"Abdul_Aziz",292,7136.78364501612,0.493145990404387,0.0165942829524718,0.000303377656326975,4
"Abdul_Khaliq",988,132682.043126662,0.545764854614412,0.0669623198115455,0.000656135512505405,4
"Abdul_Latif",550,10778.3100495334,0.498613998613999,0.0667695819105405,0.000323980106337224,4
"Abdul_Malik",79,6263.65493458938,0.450720400918772,0.0039783659048219,0.000202782906986724,5
"Abdul_Nabi",66,0,0.450109477635283,0.00390770154121748,0.000124834158970049,5
"Abdul_Nasir",66,0,0.450109477635283,0.00390770154121748,0.000124834158970048,5
"Abdul_Qadir_Luni",66,0,0.450109477635283,0.0039077015412175,0.000124834158970047,5
"Abdul_Sadiq",66,0,0.450109477635283,0.00390770154121747,0.000124834158970046,5
"Abdul_Waheed_Khan",1244,59924.1174299959,0.550286806883365,0.990604318697605,0.000539974730374403,4
"Abdul_Wahid",66,0,0.450109477635283,0.00390770154121747,0.000124834158970046,5
"Abul_Khair_Muhammad_Zubair",66,0,0.450109477635283,0.00390770154121748,0.000124834158970045,5
"Ameer_Ullah",66,0,0.450109477635283,0.00390770154121748,0.000124834158970044,5
"Arman_Ahmed",66,0,0.450109477635283,0.00390770154121748,0.000124834158970043,5
"Ashiq_Ali",208,5038.9110465814,0.47345909190612,0.00658780144790412,0.000276849022504818,5
"Atta_Ullah_Khan",774,20907.9514090669,0.51484794275492,0.94724048181148,0.000346652889192398,4
"Azizullah_Satakzai",66,0,0.450109477635283,0.0039077015412175,0.000124834158970041,5
"Faaiz_Mehmood",66,0,0.450109477635283,0.0039077015412175,0.00012483415897004,5
"Faiz_Ul_Hassan",66,0,0.450109477635283,0.00390770154121747,0.000124834158970039,5
"Fazal_Muhammad_Kakar",66,0,0.450109477635283,0.00390770154121748,0.000124834158970038,5
"Ghous_Baksh_Fareed",66,0,0.450109477635283,0.00390770154121748,0.000124834158970037,5
"Gul_Naseeb_Khan",66,0,0.450109477635283,0.00390770154121748,0.000124834158970037,5
"Hafiz_Ahmed_Ali",66,0,0.450109477635283,0.00390770154121747,0.000124834158970036,5
"Hafiz_Muhammad_Muzaffar",66,0,0.450109477635283,0.00390770154121751,0.000124834158970035,5
"Haji_Naseem_Shah",66,0,0.450109477635283,0.0039077015412175,0.000124834158970034,5
"Ishfaq_Ahmad",66,0,0.450109477635283,0.00390770154121748,0.000124834158970033,5
"Islam_Noor",66,0,0.450109477635283,0.00390770154121748,0.000124834158970032,5
"Khalid_Mehmood",525,52209.0900564031,0.497694258704173,0.0373178366868614,0.000454673896969285,4
"Khalil_Ahmad",66,0,0.450109477635283,0.00390770154121748,0.000124834158970031,5
"m_Ajmal_Qadri",66,0,0.450109477635283,0.0039077015412175,0.00012483415897003,5
"m_Esa",66,0,0.450109477635283,0.00390770154121748,0.000124834158970029,5
"m_Iqbal",66,0,0.450109477635283,0.00390770154121748,0.000124834158970028,5
"Mahmood_Ahmed_Qadri",66,0,0.450109477635283,0.00390770154121747,0.000124834158970027,5
"Malik_Amjad_Kakar",66,0,0.450109477635283,0.00390770154121748,0.000124834158970026,5
"Maqsood_Ahmed",276,6037.48467128882,0.472992220883094,0.0219933306506673,0.000287624465855284,5
"Mher_Ullah",66,0,0.450109477635283,0.00390770154121746,0.000124834158970025,5
"Mohammad_Ismail_Buledi",66,0,0.450109477635283,0.00390770154121748,0.000124834158970024,5
"Moheb_Ullah",66,0,0.450109477635283,0.00390770154121748,0.000124834158970023,5
"Mufti_Syed_Zain_Ul_Abidin",66,0,0.450109477635283,0.0039077015412175,0.000124834158970022,5
"Muhammad_Alam",550,10778.3100495334,0.498613998613999,0.0667695819105406,0.000323980106337194,4
"Muhammad_Anwar",806,69213.6650207711,0.529693251533742,0.0540900627270581,0.000630039725556433,4
"Muhammad_Ayoub",468,8442.62834664653,0.490400999659207,0.0343925023704202,0.000325357558096814,4
"Muhammad_Bashir_Yousaf",66,0,0.450109477635283,0.00390770154121748,0.000124834158970018,5
"Muhammad_Dawood",66,0,0.450109477635283,0.00390770154121747,0.000124834158970017,5
"Muhammad_Hassan",630,17886.6959742818,0.503440233236152,0.0535433426337413,0.000332985292319612,4
"Muhammad_Ishtiaq_Khan_Jadoon",66,0,0.450109477635283,0.00390770154121748,0.000124834158970016,5
"Muhammad_Jamal_Ud_Din",292,7136.78364501612,0.493145990404387,0.0165942829524719,0.000303377656326937,4
"Muhammad_Jan",66,0,0.450109477635283,0.0039077015412175,0.000124834158970014,5
"Muhammad_Khalid_Shakir",66,0,0.450109477635283,0.00390770154121748,0.000124834158970013,5
"Muhammad_Maroof",66,0,0.450109477635283,0.00390770154121746,0.000124834158970012,5
"Muhammad_Rizwan_Sheikh",66,0,0.450109477635283,0.00390770154121747,0.000124834158970011,5
"Muhammad_Sadiq_Serani",66,0,0.450109477635283,0.0039077015412175,0.00012483415897001,5
"Muhammad_Wali_Shah",292,7136.78364501612,0.493145990404387,0.0165942829524718,0.000303377656326932,4
"Naqeeb_Ullah",72,5139.65761954138,0.451191471571906,0.00396103756156034,0.000180012038902048,5
"Noor_Ahmad_Sial",66,0,0.450109477635283,0.00390770154121747,0.000124834158970007,5
"Rao_Azmat_Ullah",66,0,0.450109477635283,0.0039077015412175,0.000124834158970006,5
"Sana_Ullah",103,5159.34096727468,0.462354075184749,0.00687806683263945,0.000222882104968563,5
"Shafi_Ud_Din",66,0,0.450109477635283,0.00390770154121746,0.000124834158970004,5
"Shafi_Ullah",66,0,0.450109477635283,0.00390770154121748,0.000124834158970004,5
"Shaheen_Iqbal",66,0,0.450109477635283,0.00390770154121748,0.000124834158970003,5
"Shuja_Al_Malik",66,0,0.450109477635283,0.00390770154121746,0.000124834158970002,5
"Zubair_Ahmad",66,0,0.450109477635283,0.00390770154121747,0.000124834158970001,5
"Abd_Ul_Ghafoor",229,0,0.481593038821954,0.0128507091650963,0.000213353048825431,4
"Abdul_Haleem",229,0,0.481593038821954,0.0128507091650963,0.00021335304882543,4
"Abdul_Majeed_Anwar",229,0,0.481593038821954,0.0128507091650963,0.00021335304882543,4
"Abdul_Majeed_Hazarvi",229,0,0.481593038821954,0.0128507091650963,0.000213353048825429,4
"Abdul_Qayoom",229,0,0.481593038821954,0.0128507091650962,0.000213353048825428,4
"Abdul_Quyyum",229,0,0.481593038821954,0.0128507091650963,0.000213353048825427,4
"Abdul_Salam",229,0,0.481593038821954,0.0128507091650963,0.000213353048825426,4
"Abdul_Samad_Son_of_Muhammad_Yousuf",229,0,0.481593038821954,0.0128507091650962,0.000213353048825426,4
"Abdul_Wajid_Hussain",229,0,0.481593038821954,0.0128507091650962,0.000213353048825425,4
"Abdullah_Ahmed",229,0,0.481593038821954,0.0128507091650963,0.000213353048825424,4
"Abdur_Rahim_Khan",229,0,0.481593038821954,0.0128507091650963,0.000213353048825423,4
"Abu_Bakar_Brohi",229,0,0.481593038821954,0.0128507091650963,0.000213353048825423,4
"Adnan_Bin_Abdul_Aziz",229,0,0.481593038821954,0.0128507091650963,0.000213353048825422,4
"Agha_Syed_Muhammad_Ayyoob",229,0,0.481593038821954,0.0128507091650962,0.000213353048825421,4
"Ahmad_Mujeeb_Aslam",229,0,0.481593038821954,0.0128507091650963,0.00021335304882542,4
"Ahmed_Naseer",229,0,0.481593038821954,0.0128507091650963,0.000213353048825419,4
"Akhunzada_Irfan_Ullah_Shah",229,0,0.481593038821954,0.0128507091650962,0.000213353048825419,4
"Akram_Khan_Durrani",229,0,0.481593038821954,0.0128507091650963,0.000213353048825418,4
"Allama_Abdul_Raoof_Rabbani",229,0,0.481593038821954,0.0128507091650963,0.000213353048825417,4
"Amanullah_Khan",933,44790.6545163877,0.535275883446993,0.950810788341135,0.000432484829821299,4
"Amin_Ullah",229,0,0.481593038821954,0.0128507091650962,0.000213353048825415,4
"Aneela",229,0,0.481593038821954,0.0128507091650963,0.000213353048825415,4
"Arbab_Kamal_Ahmad",229,0,0.481593038821954,0.0128507091650963,0.000213353048825414,4
"Asad_Mahmood",229,0,0.481593038821954,0.0128507091650962,0.000213353048825413,4
"Asad_Mehmood",229,0,0.481593038821954,0.0128507091650963,0.000213353048825412,4
"Asghar_Ali_Nasir",229,0,0.481593038821954,0.0128507091650962,0.000213353048825411,4
"Asjad_Mahmood",229,0,0.481593038821954,0.0128507091650963,0.000213353048825411,4
"Asmat_Ullah",229,0,0.481593038821954,0.0128507091650963,0.00021335304882541,4
"Attaul_Haq",229,0,0.481593038821954,0.0128507091650963,0.000213353048825409,4
"Azam_Khan",229,0,0.481593038821954,0.0128507091650963,0.000213353048825408,4
"Ch_Waseem_Ahmed",229,0,0.481593038821954,0.0128507091650963,0.000213353048825407,4
"Engineer_Tahir_Iqbal_Orakzai",229,0,0.481593038821954,0.0128507091650963,0.000213353048825407,4
"Fakharul_Hassan",229,0,0.481593038821954,0.0128507091650963,0.000213353048825406,4
"Farooq_Hussain_Shah",229,0,0.481593038821954,0.0128507091650962,0.000213353048825405,4
"Fazal_Ali",229,0,0.481593038821954,0.0128507091650963,0.000213353048825404,4
"Fazal_Ur_Rehman",229,0,0.481593038821954,0.0128507091650963,0.000213353048825403,4
"Fazlullah",229,0,0.481593038821954,0.0128507091650962,0.000213353048825403,4
"Ghulam_Mohammad_Sadiq",229,0,0.481593038821954,0.0128507091650962,0.000213353048825402,4
"Ghulam_Qadir",1604,230579.962943765,0.587586770110249,1,0.000784187145078179,4
"Gohar_Ali",229,0,0.481593038821954,0.0128507091650963,0.0002133530488254,4
"Gohar_Mohammad_Khan_Bangesh",229,0,0.481593038821954,0.0128507091650963,0.000213353048825399,4
"Gohar_Muhammad_Khan_Bangash",229,0,0.481593038821954,0.0128507091650963,0.000213353048825399,4
"Hafiz_Abdul_Qadeer",229,0,0.481593038821954,0.0128507091650963,0.000213353048825398,4
"Hafiz_Abdul_Razzak",229,0,0.481593038821954,0.0128507091650963,0.000213353048825397,4
"Hafiz_Abdul_Wadood",229,0,0.481593038821954,0.0128507091650963,0.000213353048825396,4
"Hafiz_Hamdullah",229,0,0.481593038821954,0.0128507091650963,0.000213353048825395,4
"Hafiz_Mahmood_Ul_Hassan",229,0,0.481593038821954,0.0128507091650963,0.000213353048825394,4
"Hafiz_Muhammad_Afzaal",229,0,0.481593038821954,0.0128507091650962,0.000213353048825394,4
"Hafiz_Muhammad_Azam",229,0,0.481593038821954,0.0128507091650963,0.000213353048825393,4
"Hafiz_Muhammad_Jameel_Ahmed",229,0,0.481593038821954,0.0128507091650963,0.000213353048825392,4
"Hafiz_Muhammad_Saeed",229,0,0.481593038821954,0.0128507091650963,0.000213353048825391,4
"Hafiz_Muhammad_Zubair",229,0,0.481593038821954,0.0128507091650963,0.00021335304882539,4
"Hafiz_Shahzad_Bashir",229,0,0.481593038821954,0.0128507091650963,0.00021335304882539,4
"Haider_Ali_Khan",933,44790.6545163877,0.535275883446993,0.950810788341135,0.000432484829821271,4
"Hajan_Khan_Leghari",229,0,0.481593038821954,0.0128507091650963,0.000213353048825388,4
"Haji_Abdul_Rasheed_Khan_Bhatti",229,0,0.481593038821954,0.0128507091650963,0.000213353048825387,4
"Haji_Ghulam_Ali",229,0,0.481593038821954,0.0128507091650963,0.000213353048825386,4
"Haji_Ghulam_Qadir_Noohani",331,45925.9591583036,0.48680649526387,0.0128745047486488,0.000368954094064027,4
"Haji_Mangey_Khan_Rahija",229,0,0.481593038821954,0.0128507091650963,0.000213353048825385,4
"Haji_Manzoor_Ahmed_Mengal",229,0,0.481593038821954,0.0128507091650963,0.000213353048825384,4
"Hakeem_Muhammad_Asaad",229,0,0.481593038821954,0.0128507091650963,0.000213353048825383,4
"Hameed_Ullah_Jan_Afridi",229,0,0.481593038821954,0.0128507091650963,0.000213353048825382,4
"Hidayat_Ur_Rehman",229,0,0.481593038821954,0.0128507091650963,0.000213353048825381,4
"Ihsan_Ul_Haq",229,0,0.481593038821954,0.0128507091650963,0.00021335304882538,4
"Ijaz_Ul_Haq",229,0,0.481593038821954,0.0128507091650962,0.00021335304882538,4
"Ilhaj_Pervaiz_Khan_Khattak",229,0,0.481593038821954,0.0128507091650963,0.000213353048825379,4
"Imdad_Ullah_Yousafzai",229,0,0.481593038821954,0.0128507091650962,0.000213353048825378,4
"Ishfaq_Ullah_Khan",229,0,0.481593038821954,0.0128507091650962,0.000213353048825377,4
"Kaleem_Ullah_Khan",229,0,0.481593038821954,0.0128507091650963,0.000213353048825376,4
"Khalid_Mahmood",369,14392.9035702335,0.49518238128011,0.0141984574936449,0.000363483162420609,4
"Khalid_Mobeen",229,0,0.481593038821954,0.0128507091650963,0.000213353048825374,4
"Khalid_Waleed",229,0,0.481593038821954,0.0128507091650963,0.000213353048825374,4
"Kifayat_Ullah",229,0,0.481593038821954,0.0128507091650963,0.000213353048825373,4
"Liaq_Muhammad_Khan",229,0,0.481593038821954,0.0128507091650963,0.000213353048825372,4
"Makhdoom_Zada_Syed_Muhammad_Zakaria_Shah",229,0,0.481593038821954,0.0128507091650963,0.000213353048825371,4
"Malik_Gulfraz_Ahmad_Faraz",229,0,0.481593038821954,0.0128507091650963,0.00021335304882537,4
"Malik_Naveed_Ahmed_Advocate",229,0,0.481593038821954,0.0128507091650963,0.000213353048825369,4
"Malik_Qadir_Bukhsh",229,0,0.481593038821954,0.0128507091650963,0.000213353048825368,4
"Malik_Sikandar_Khan",331,45925.9591583036,0.48680649526387,0.0128745047486487,0.000368954094064009,4
"Malik_Zafar_Borrana_Sahab",229,0,0.481593038821954,0.0128507091650963,0.000213353048825367,4
"Maulana_Abdul_Ghafar_Tauhadi",229,0,0.481593038821954,0.0128507091650963,0.000213353048825366,4
"Maulana_Abdullah_Ahmad",229,0,0.481593038821954,0.0128507091650963,0.000213353048825365,4
"Maulana_Abdur_Rashid",229,0,0.481593038821954,0.0128507091650963,0.000213353048825364,4
"Maulana_Fazal_Ur_Rehman",331,45925.9591583036,0.48680649526387,0.0128745047486487,0.000368954094064005,4
"Maulana_Fazli_Azeem",229,0,0.481593038821954,0.0128507091650963,0.000213353048825362,4
"Maulana_Haleem_Ur_Rahman",229,0,0.481593038821954,0.0128507091650963,0.000213353048825362,4
"Maulana_Mian_Hussain_Jalali",331,45925.9591583036,0.48680649526387,0.0128745047486486,0.000368954094064002,4
"Maulana_Muhammad_Gohar_Shah",229,0,0.481593038821954,0.0128507091650963,0.00021335304882536,4
"Maulana_Nizam_Ud_Din",229,0,0.481593038821954,0.0128507091650963,0.000213353048825359,4
"Maulana_Shirin_Muhammad",229,0,0.481593038821954,0.0128507091650964,0.000213353048825358,4
"Maulvi_Mohammad_Abdullah_Jatak",229,0,0.481593038821954,0.0128507091650962,0.000213353048825357,4
"Mehboobullah_Jan_Baqi",229,0,0.481593038821954,0.0128507091650963,0.000213353048825356,4
"Mian_Muhammad_Asif",473,103189.29084557,0.502385662748749,0.0205277788863628,0.000383687349258913,4
"Mir_Baz_Muhammad_Marri",229,0,0.481593038821954,0.0128507091650962,0.000213353048825355,4
"Mir_Hussain",229,0,0.481593038821954,0.0128507091650963,0.000213353048825354,4
"Misbah_Ud_Din_Wald_e_Ahmad_Din",229,0,0.481593038821954,0.0128507091650963,0.000213353048825353,4
"Misbahul_Alam",229,0,0.481593038821954,0.0128507091650963,0.000213353048825352,4
"Mohammad_Akram_Khan",229,0,0.481593038821954,0.0128507091650963,0.000213353048825351,4
"Mohammad_Ibrahim_Jatol",229,0,0.481593038821954,0.0128507091650963,0.00021335304882535,4
"Molana_Abdul_Ghafoor_Haideri",229,0,0.481593038821954,0.0128507091650963,0.000213353048825349,4
"Molana_Ameer_Zaman",229,0,0.481593038821954,0.0128507091650963,0.000213353048825349,4
"Molana_Fazal_Ur_Rehman",229,0,0.481593038821954,0.0128507091650963,0.000213353048825348,4
"Molana_Muhammad_Gohar_Shah",229,0,0.481593038821954,0.0128507091650962,0.000213353048825347,4
"Molana_Muhammad_Iqbal_Rasheed",229,0,0.481593038821954,0.0128507091650963,0.000213353048825346,4
"Molana_Muhammad_Sabir_Aarfi",229,0,0.481593038821954,0.0128507091650963,0.000213353048825345,4
"Molana_Qamar_Din",229,0,0.481593038821954,0.0128507091650963,0.000213353048825344,4
"Mollana_Ghulam_Qadir_Qasmi",229,0,0.481593038821954,0.0128507091650963,0.000213353048825343,4
"Molvi_Mohammad_Ishaque_Laghari",229,0,0.481593038821954,0.0128507091650962,0.000213353048825342,4
"Molvi_Muhammad_Saleh_Alhadad",229,0,0.481593038821954,0.0128507091650963,0.000213353048825341,4
"Moulana_Abdul_Ghafoor_Haideri",229,0,0.481593038821954,0.0128507091650963,0.000213353048825341,4
"Moulana_Abdul_Malik",229,0,0.481593038821954,0.0128507091650962,0.00021335304882534,4
"Moulana_Abdul_Naeem_Nomani",229,0,0.481593038821954,0.0128507091650963,0.000213353048825339,4
"Moulana_Abdullah_Pahore",331,45925.9591583036,0.48680649526387,0.0128745047486487,0.000368954094063979,4
"Moulana_Hafiz_Sana_Ullah",229,0,0.481593038821954,0.0128507091650963,0.000213353048825337,4
"Moulana_Mohammad_Khan_Sherani",229,0,0.481593038821954,0.0128507091650963,0.000213353048825336,4
"Moulana_Muhammad_Yakoob_Mahar",229,0,0.481593038821954,0.0128507091650963,0.000213353048825335,4
"Moulana_Noor_Ul_Haq",229,0,0.481593038821954,0.0128507091650963,0.000213353048825334,4
"Moulvi_Agha_Muhammad",229,0,0.481593038821954,0.0128507091650962,0.000213353048825333,4
"Mualana_Muhammad_Qasim",229,0,0.481593038821954,0.0128507091650963,0.000213353048825333,4
"Mufti_Abdul_Shakoor",229,0,0.481593038821954,0.0128507091650963,0.000213353048825332,4
"Mufti_Faizul_Haq",229,0,0.481593038821954,0.0128507091650963,0.000213353048825331,4
"Mufti_Kifayat_Ullah",229,0,0.481593038821954,0.0128507091650963,0.00021335304882533,4
"Mufti_Nazir_Ahmed_Umrani",229,0,0.481593038821954,0.0128507091650963,0.000213353048825329,4
"Mufti_Taj_Ud_Din_Rabani",229,0,0.481593038821954,0.0128507091650963,0.000213353048825328,4
"Muhammad_Abdullah",229,0,0.481593038821954,0.0128507091650963,0.000213353048825327,4
"Muhammad_Afzal",1189,156523.245690549,0.560722171710612,0.0921347510812115,0.000617930379993716,4
"Muhammad_Akbar_Tabani",229,0,0.481593038821954,0.0128507091650963,0.000213353048825325,4
"Muhammad_Arif_Wald_Meer_Azam_Khan",229,0,0.481593038821954,0.0128507091650963,0.000213353048825324,4
"Muhammad_Ayaz_Chaudhary",229,0,0.481593038821954,0.0128507091650963,0.000213353048825324,4
"Muhammad_Ayub",229,0,0.481593038821954,0.0128507091650963,0.000213353048825323,4
"Muhammad_Hafeezur_Rahman",229,0,0.481593038821954,0.0128507091650963,0.000213353048825322,4
"Muhammad_Nabi",229,0,0.481593038821954,0.0128507091650963,0.000213353048825321,4
"Muhammad_Naseef_Awan",229,0,0.481593038821954,0.0128507091650963,0.00021335304882532,4
"Muhammad_Nasrullah",369,14392.9035702335,0.49518238128011,0.014198457493645,0.000363483162420552,4
"Muhammad_Rafique_Abid_Alwi",229,0,0.481593038821954,0.0128507091650963,0.000213353048825318,4
"Muhammad_Riaz_Shaheen",229,0,0.481593038821954,0.0128507091650963,0.000213353048825317,4
"Muhammad_Saeed_Jan",229,0,0.481593038821954,0.0128507091650963,0.000213353048825316,4
"Muhammad_Safdar",229,0,0.481593038821954,0.0128507091650963,0.000213353048825315,4
"Muhammad_Safi_Ullah",229,0,0.481593038821954,0.0128507091650963,0.000213353048825314,4
"Muhammad_Saleh_Indhar",229,0,0.481593038821954,0.0128507091650962,0.000213353048825313,4
"Muhammad_Sardar",229,0,0.481593038821954,0.0128507091650963,0.000213353048825312,4
"Muhammad_Shah_Zaman",229,0,0.481593038821954,0.0128507091650963,0.000213353048825311,4
"Muhammad_Sharif_Sadwani_Mazari",229,0,0.481593038821954,0.0128507091650963,0.000213353048825311,4
"Muhammad_Sher_Khan",234,21560,0.481861814934703,0.0128508370594033,0.000303927816552328,4
"Muhammad_Sufyan_Muavia",229,0,0.481593038821954,0.0128507091650963,0.000213353048825309,4
"Muhammad_Tahir_Siddique",229,0,0.481593038821954,0.0128507091650963,0.000213353048825308,4
"Muhammad_Talha_Mahmood",229,0,0.481593038821954,0.0128507091650963,0.000213353048825307,4
"Muhammad_Usman_Badini",229,0,0.481593038821954,0.0128507091650963,0.000213353048825306,4
"Muhammad_Uzair_Jagirani",229,0,0.481593038821954,0.0128507091650962,0.000213353048825305,4
"Muhammad_Yousaf",875,159768.041263785,0.539355322338831,0.05906143060146,0.000746079623829724,4
"Muhammad_Zakriya",229,0,0.481593038821954,0.0128507091650963,0.000213353048825303,4
"Muhammad_Zia_Ul_Haq",933,44790.6545163877,0.535275883446993,0.950810788341135,0.000432484829821185,4
"Muhammad_Zubair_Abbasi",229,0,0.481593038821954,0.0128507091650963,0.000213353048825301,4
"Mulana_Ain_u_Din_Shaker",229,0,0.481593038821954,0.0128507091650963,0.0002133530488253,4
"Mulana_Muhammad_Abdul_Majeed_Farooqe",229,0,0.481593038821954,0.0128507091650963,0.000213353048825299,4
"Musammir_Shah",229,0,0.481593038821954,0.0128507091650963,0.000213353048825298,4
"Mushtaq_Ahmad",229,0,0.481593038821954,0.0128507091650963,0.000213353048825298,4
"Nasir_Khan",715,77345.5995980622,0.51719180543908,0.0758867156585258,0.000412747057767709,4
"Nasir_Mahmood",232,4475.33260028602,0.48175426849682,0.0128640931421582,0.000241732997653495,4
"Niyaz_Ali",229,0,0.481593038821954,0.0128507091650963,0.000213353048825295,4
"Nizam_Din",229,0,0.481593038821954,0.0128507091650963,0.000213353048825294,4
"Nizam_Ud_Din_Lehri",229,0,0.481593038821954,0.0128507091650963,0.000213353048825293,4
"Nizamuddin",229,0,0.481593038821954,0.0128507091650963,0.000213353048825292,4
"Noor_Alam_Khan",933,44790.6545163877,0.535275883446993,0.950810788341135,0.000432484829821173,4
"Noor_Muhammad",438,22206.4495253508,0.503381529850746,0.029514492679636,0.000375319441105834,4
"Noor_Muhammad_Shah",229,0,0.481593038821954,0.0128507091650962,0.000213353048825289,4
"Obaid_Ullah",229,0,0.481593038821954,0.0128507091650963,0.000213353048825288,4
"Obaid_Ur_Rehman",229,0,0.481593038821954,0.0128507091650962,0.000213353048825287,4
"Pir_Muhammad_Aqal_Shah",229,0,0.481593038821954,0.0128507091650963,0.000213353048825286,4
"Pir_Syed_Alamzeb_Shah",229,0,0.481593038821954,0.0128507091650963,0.000213353048825285,4
"Qaiser_Khan",229,0,0.481593038821954,0.0128507091650963,0.000213353048825284,4
"Qari_Abdul_Aziz",229,0,0.481593038821954,0.0128507091650963,0.000213353048825283,4
"Qari_Attique_Ur_Rehman",229,0,0.481593038821954,0.0128507091650963,0.000213353048825282,4
"Qari_Khalil_Ur_Rehman",229,0,0.481593038821954,0.0128507091650963,0.000213353048825281,4
"Qari_Mohammad_Yousif",229,0,0.481593038821954,0.0128507091650963,0.00021335304882528,4
"Qari_Muhammad_Safdar_Javed",229,0,0.481593038821954,0.0128507091650963,0.000213353048825279,4
"Qari_Muhammad_Shair_Ali",229,0,0.481593038821954,0.0128507091650962,0.000213353048825278,4
"Rahat_Hussain",331,45925.9591583036,0.48680649526387,0.0128745047486487,0.000368954094063919,4
"Raheem_Ullah",229,0,0.481593038821954,0.0128507091650963,0.000213353048825276,4
"Rashid_Ahmad_Khan",229,0,0.481593038821954,0.0128507091650963,0.000213353048825275,4
"Rashid_Mahmood_Soomro",229,0,0.481593038821954,0.0128507091650963,0.000213353048825274,4
"Rashid_Mehmood_Soomro",229,0,0.481593038821954,0.0128507091650963,0.000213353048825273,4
"Saad_Sultan",229,0,0.481593038821954,0.0128507091650963,0.000213353048825272,4
"Saeed_Ahmad_Awan",229,0,0.481593038821954,0.0128507091650963,0.000213353048825272,4
"Safeer_Alam",229,0,0.481593038821954,0.0128507091650963,0.000213353048825271,4
"Sahabzada_Hafiz_Aziz_Ur_Rehman_Darkhuwasti",229,0,0.481593038821954,0.0128507091650963,0.00021335304882527,4
"Saida_Jan",229,0,0.481593038821954,0.0128507091650963,0.000213353048825269,4
"Saif_Ullah_Saifi",229,0,0.481593038821954,0.0128507091650963,0.000213353048825268,4
"Saif_Ur_Rehman_Rashidi",229,0,0.481593038821954,0.0128507091650962,0.000213353048825267,4
"Saifullah_Khalid",229,0,0.481593038821954,0.0128507091650962,0.000213353048825266,4
"Sajjad_Ahmad",796,70829.1641739175,0.521691842900302,0.0623452399271452,0.000499027005040922,4
"Salah_Ud_Din",229,0,0.481593038821954,0.0128507091650963,0.000213353048825264,4
"Salahuddin_",229,0,0.481593038821954,0.0128507091650963,0.000213353048825263,4
"Saleem_Ullah",229,0,0.481593038821954,0.0128507091650962,0.000213353048825262,4
"Sardar_Ibrar_Khan",229,0,0.481593038821954,0.0128507091650963,0.000213353048825261,4
"Sardar_Meer_Badshah_Khan_Qaisrani",792,53577.1641739176,0.521187975371242,0.0623447442502933,0.000420216941534732,4
"Shafqat_Rehman",229,0,0.481593038821954,0.0128507091650963,0.000213353048825259,4
"Shah_Abdul_Aziz",312,14038.6740944877,0.489400294751162,0.014537678782456,0.000363232642114196,4
"Shahzane_Khan",229,0,0.481593038821954,0.0128507091650963,0.000213353048825258,4
"Shamsuddin",229,0,0.481593038821954,0.0128507091650963,0.000213353048825257,4
"Shuja_Ul_Mulk",229,0,0.481593038821954,0.0128507091650963,0.000213353048825256,4
"Siraj_Ud_Din",229,0,0.481593038821954,0.0128507091650962,0.000213353048825255,4
"Sultan_Ahmad",229,0,0.481593038821954,0.0128507091650962,0.000213353048825254,4
"Syed_Abdul_Wadood_Azad",229,0,0.481593038821954,0.0128507091650963,0.000213353048825253,4
"Syed_Haroon_Sultan_Bukhari",229,0,0.481593038821954,0.0128507091650963,0.000213353048825252,4
"Syed_Muhammad_Athar",229,0,0.481593038821954,0.0128507091650963,0.000213353048825251,4
"Syed_Qasim_Shah",229,0,0.481593038821954,0.0128507091650963,0.00021335304882525,4
"Syed_Sami_Ullah",229,0,0.481593038821954,0.0128507091650963,0.000213353048825249,4
"Tanveer_Rasool_Qureshi",229,0,0.481593038821954,0.0128507091650962,0.000213353048825248,4
"Tariq_Sultan",229,0,0.481593038821954,0.0128507091650963,0.000213353048825247,4
"Tipu_Sultan",229,0,0.481593038821954,0.0128507091650963,0.000213353048825246,4
"Umer_Ali",229,0,0.481593038821954,0.0128507091650963,0.000213353048825245,4
"Zafarullah_Khan_Gichki",229,0,0.481593038821954,0.0128507091650963,0.000213353048825244,4
"Zahid_Akram_Durrani",229,0,0.481593038821954,0.0128507091650963,0.000213353048825243,4
"Zia_Ur_Rehman_Tamimi",229,0,0.481593038821954,0.0128507091650963,0.000213353048825241,4
"Fakhar_Ul_Din",8,0,0.304915948580308,1.09568874539812e-05,0.000133382410218535,5
"Fathe_Muhammad",8,0,0.304915948580308,1.09568874539839e-05,0.000133382410218534,5
"Ghazanfar_Aziz",8,0,0.304915948580308,1.09568874539812e-05,0.000133382410218534,5
"Hussain_Ahmed_Madni",8,0,0.304915948580308,1.09568874539839e-05,0.000133382410218533,5
"Muhammad_Tasadduq",8,0,0.304915948580308,1.09568874539853e-05,0.000133382410218532,5
"Naseer_Ahmed_Kakar",252,34472,0.4383186110265,0.00770605220433787,0.000316341622471093,4
"Noor_Alam",8,0,0.304915948580308,1.09568874539825e-05,0.000133382410218531,5
"Saddam_Ul_Haq",8,0,0.304915948580308,1.09568874539839e-05,0.00013338241021853,5
"Zia_Ur_Rehman_Amazai",8,0,0.304915948580308,1.09568874539825e-05,0.00013338241021853,5
"Abdul_Basit",6,0,1,5.49374098227941e-18,0.000220748115363035,1
"Hazoor_Baksh",6,0,1,8.24061147341912e-18,0.000220748115362986,1
"Ijaz_Ahmad",6,0,1,8.24061147341912e-18,0.000220748115362935,1
"Ikhtiar_Ahmed",6,0,1,4.80702335949449e-18,0.000220748115362882,1
"Mir_Muhammad_Ali_Reki_Baloch",6,0,1,6.18045860506434e-18,0.000220748115362826,1
"Muhammad_Jawad",6,0,1,5.49374098227941e-18,0.000220748115362768,1
"Nawab_Zada_Shahzain",6,0,1,7.55389385063419e-18,0.000220748115362706,1
"Aizaz_Haider",1,0,1,0,0.000220748115363124,1
"Baqa_Muhammad",1,0,1,0,0.000220748115362956,1
"Khalil_Ur_Rehman",39,335.603911858412,0.367435526427781,0.000338492799519933,0.000144055363063736,5
"Muhammad_Arshad",609,14041.8867308181,0.50669014084507,0.0479889425586398,0.000396874657927701,4
"Ahmed_Noonari",1,0,1,0,0.000220748115363124,1
"Zeeshan",1,0,1,0,0.000220748115362956,1
"Abdullah_Mangi",25,0,0.326946379884883,4.55482662434047e-06,0.000180286263479923,5
"Aijaz_Ahmed_Sanjrani",25,0,0.326946379884883,4.55482662434047e-06,0.000180286263479922,5
"Allama_Muhammad_Hasnain_Arif",25,0,0.326946379884883,4.55482662434047e-06,0.000180286263479921,5
"Asghar_Ali_Mubarik",25,0,0.326946379884883,4.55482662433498e-06,0.00018028626347992,5
"Darban_Ali_Jaffry",25,0,0.326946379884883,4.55482662434597e-06,0.00018028626347992,5
"Ehsan_Ullah_Khan_Baluch",25,0,0.326946379884883,4.55482662433498e-06,0.000180286263479919,5
"Ghulam_Hussain",25,0,0.326946379884883,4.55482662434047e-06,0.000180286263479918,5
"Hakeem_Muhammad_Tufail",25,0,0.326946379884883,4.55482662434322e-06,0.000180286263479917,5
"Hakeem_Syed_Jaffar_Hussain_Bukhari",25,0,0.326946379884883,4.55482662434322e-06,0.000180286263479916,5
"Imran_Ali",169,87576.7450607334,0.468322846604469,0.00286007851032417,0.000336925586395466,5
"Khair_Mohammad",25,0,0.326946379884883,4.55482662434047e-06,0.000180286263479914,5
"Khuwaja_Aftab_Ali_Jaafri",25,0,0.326946379884883,4.55482662433772e-06,0.000180286263479913,5
"Maqsood_Ali_Domki",25,0,0.326946379884883,4.55482662432948e-06,0.000180286263479912,5
"Molana_Moula_Bux_Murtazai",25,0,0.326946379884883,4.55482662436245e-06,0.000180286263479912,5
"Muhammad_Askari_Ul_Hidayat",25,0,0.326946379884883,4.55482662433772e-06,0.000180286263479911,5
"Muhammad_Hussain_Karimi",25,0,0.326946379884883,4.55482662434871e-06,0.00018028626347991,5
"Muhammad_Ismail_Jaffery",25,0,0.326946379884883,4.55482662433223e-06,0.000180286263479909,5
"Muhammad_Sarwer",25,0,0.326946379884883,4.55482662435146e-06,0.000180286263479908,5
"Mukhtar_Ahmed_Chandio",25,0,0.326946379884883,4.55482662434597e-06,0.000180286263479907,5
"Rasool_Bux_Shah",25,0,0.326946379884883,4.55482662435421e-06,0.000180286263479905,5
"Shumaila_Bibi",25,0,0.326946379884883,4.55482662433498e-06,0.000180286263479904,5
"Syed_Asghar_Abbas_Zaidi",25,0,0.326946379884883,4.55482662434597e-06,0.000180286263479903,5
"Syed_Basheer_Ahmed_Shah_Naqvi",25,0,0.326946379884883,4.55482662434597e-06,0.000180286263479902,5
"Syed_Muhammad_Hassan_Zaidi",25,0,0.326946379884883,4.55482662435146e-06,0.000180286263479901,5
"Zaheer_Abass_Hajano",25,0,0.326946379884883,4.55482662434322e-06,0.0001802862634799,5
"Dr_Sarfraz_Ahmad_Cheema",2,0,1,0,0.000220748115362919,1
"Syed_Ghulam_Abul_Hassan_Shah",2,0,1,3.43358811392463e-19,0.000220748115362787,1
"Wajid_Hussain_Mughal",2,0,1,1.03007643417739e-18,0.000220748115362641,1
"Syed_Muhammad_Mafooz_Mushadi",0,0,NA,0,3.3112217304612e-05,0
"Muhammad_Tahir_Khan",710,461.055918268554,0.509861816463919,0.9461132591412,0.000255095186530454,4
"Ali_Muhammad",3,0,0.315801024140454,2.57767564686332e-05,7.94734993010789e-05,6
"Masood_Ahmed",3,0,0.315801024140454,2.57767564686321e-05,7.94734993010781e-05,6
"Zaeem_Ud_Din_Abid",3,0,0.315801024140454,2.57767564686325e-05,7.94734993010774e-05,6
"Ajab_Khan",26,15548.1495971091,0.38672399892502,0.00410398619500046,0.000299634185855727,5
"Essa_Khan",6,0,0.365847457627119,0.00135966976194735,0.000100439607943234,5
"Gul_Meer_Khan",6,0,0.365847457627119,0.00135966976194735,0.000100439607943233,5
"Gulab_Khan",6,0,0.365847457627119,0.00135966976194735,0.000100439607943232,5
"Gull_Meer_Khan",6,0,0.365847457627119,0.00135966976194735,0.000100439607943232,5
"Hakeem_Khan",6,0,0.365847457627119,0.00135966976194735,0.000100439607943231,5
"Alhaaj_Choudhry_Zulfiqar_Ali",1,0,0.320204717400979,4.03259586174585e-06,3.49324776495659e-05,6
"Muhammad_Asghar",173,86310.1815171272,0.470979707615099,0.00286437980260936,0.000370476517267263,5
"Badshah_Rawan",6,0,0.334832855037617,5.8904697875902e-05,7.96490529942492e-05,5
"Mohsin_Faraz",6,0,0.334832855037617,5.89046978758992e-05,7.96490529942483e-05,5
"Muhammad_Ebrahim_Ali",6,0,0.334832855037617,5.89046978759061e-05,7.96490529942475e-05,5
"Muhammad_Sadiq",467,44786.2056325817,0.494105528213346,0.0335986628889764,0.000420362106620156,4
"Sohail_Wahab",6,0,0.334832855037617,5.89046978759027e-05,7.96490529942465e-05,5
"Aasia_Ishaq",404,0,0.486093908343655,0.0306616590034009,0.000234117756312489,4
"Abdul_Baqi",1105,37039.4104259713,0.542677561282212,0.964511732075874,0.000452415698845097,4
"Abdul_Jalil_Bazai",404,0,0.486093908343655,0.030661659003401,0.000234117756312489,4
"Abdul_Kareem",404,0,0.486093908343655,0.030661659003401,0.000234117756312488,4
"Abdul_Khalid",404,0,0.486093908343655,0.030661659003401,0.000234117756312487,4
"Abdul_Majeed_Chohan",404,0,0.486093908343655,0.0306616590034009,0.000234117756312486,4
"Abdul_Qadeer_Khan",404,0,0.486093908343655,0.0306616590034009,0.000234117756312486,4
"Abdul_Qadir_Solangi",404,0,0.486093908343655,0.030661659003401,0.000234117756312485,4
"Abdul_Rasheed_Godil",404,0,0.486093908343655,0.030661659003401,0.000234117756312484,4
"Abdul_Salam_Ansari",404,0,0.486093908343655,0.030661659003401,0.000234117756312483,4
"Abdul_Sattar",617,25895.4660854264,0.507703163589321,0.0479718979832962,0.000459407996482513,4
"Abdul_Sattar_Chaudhary",404,0,0.486093908343655,0.030661659003401,0.000234117756312481,4
"Abdul_Sattar_Jatoi",404,0,0.486093908343655,0.030661659003401,0.000234117756312481,4
"Abdul_Waseem",404,0,0.486093908343655,0.0306616590034009,0.00023411775631248,4
"Abdul_Waseem_Khan_Ghouri",404,0,0.486093908343655,0.0306616590034011,0.000234117756312479,4
"Abid_Hussain",641,42690.9203170521,0.508720245109592,0.0479907716887955,0.000502107527959661,4
"Adbul_Rashid_Godil",404,0,0.486093908343655,0.0306616590034009,0.000234117756312478,4
"Advocate_Sikandar_Ali_Keerio",404,0,0.486093908343655,0.030661659003401,0.000234117756312478,4
"Advocate_Zulfiqar_Ali_Qazi",404,0,0.486093908343655,0.030661659003401,0.000234117756312477,4
"Afaq_Shafqat",404,0,0.486093908343655,0.0306616590034009,0.000234117756312476,4
"Aftab_Ahmed_Rajput",404,0,0.486093908343655,0.030661659003401,0.000234117756312475,4
"Aftikhar_Akbar_Randhawa",404,0,0.486093908343655,0.030661659003401,0.000234117756312474,4
"Agha_Muhammad_Ali_Khan",404,0,0.486093908343655,0.030661659003401,0.000234117756312473,4
"Agha_Muhammad_Naved",404,0,0.486093908343655,0.030661659003401,0.000234117756312473,4
"Ahmed_Ali_Buriro",404,0,0.486093908343655,0.030661659003401,0.000234117756312472,4
"Ahmed_Gabol",404,0,0.486093908343655,0.030661659003401,0.000234117756312471,4
"Ahmed_Saleem_Siddiqui",404,0,0.486093908343655,0.030661659003401,0.00023411775631247,4
"Alam_Dar_Hussain_Shah",404,0,0.486093908343655,0.0306616590034009,0.000234117756312469,4
"Alama_Syed_Farman_Raza_Abidi",404,0,0.486093908343655,0.030661659003401,0.000234117756312469,4
"Alambardar_Hussain_Rizvi",404,0,0.486093908343655,0.0306616590034009,0.000234117756312468,4
"Ali_Asghar_Rind",965,52574.2237203292,0.5309963099631,0.0798378361218215,0.000440251549610452,4
"Ali_Muhammad_Memon",404,0,0.486093908343655,0.030661659003401,0.000234117756312467,4
"Amin",404,0,0.486093908343655,0.0306616590034009,0.000234117756312466,4
"Aminul_Haque",404,0,0.486093908343655,0.030661659003401,0.000234117756312465,4
"Anwar_Ali_Khan",404,0,0.486093908343655,0.030661659003401,0.000234117756312465,4
"Anwer_Sial_Bhai_",404,0,0.486093908343655,0.030661659003401,0.000234117756312464,4
"Arbab_Abdul_Ghani_Kasi",404,0,0.486093908343655,0.030661659003401,0.000234117756312463,4
"Arif_Jamal",404,0,0.486093908343655,0.030661659003401,0.000234117756312462,4
"Arshad_Abdullah_Vohra",404,0,0.486093908343655,0.030661659003401,0.000234117756312461,4
"Arshad_Iqbal",404,0,0.486093908343655,0.030661659003401,0.000234117756312461,4
"Arshad_Mahmood_Rabbani",404,0,0.486093908343655,0.030661659003401,0.00023411775631246,4
"Asad_Ullah_Shah",404,0,0.486093908343655,0.030661659003401,0.000234117756312459,4
"Asghar_Ali_Parhiar",404,0,0.486093908343655,0.030661659003401,0.000234117756312458,4
"Asghar_Ali_Parhiar_Advocate",404,0,0.486093908343655,0.030661659003401,0.000234117756312457,4
"Ashfaq",404,0,0.486093908343655,0.030661659003401,0.000234117756312456,4
"Atta_Shaikh_Advocate",404,0,0.486093908343655,0.030661659003401,0.000234117756312456,4
"Aziz_Ullah_Marwat",404,0,0.486093908343655,0.0306616590034009,0.000234117756312455,4
"Babar_Siraj_Mirza",404,0,0.486093908343655,0.030661659003401,0.000234117756312454,4
"Basir_Ahmad",404,0,0.486093908343655,0.030661659003401,0.000234117756312453,4
"Begum_Tahira_Asif",404,0,0.486093908343655,0.0306616590034009,0.000234117756312452,4
"Bilal_Hussain",404,0,0.486093908343655,0.030661659003401,0.000234117756312452,4
"Bisma_Asif",404,0,0.486093908343655,0.030661659003401,0.000234117756312451,4
"Ch__Hamid_Ali_Wahla",404,0,0.486093908343655,0.030661659003401,0.00023411775631245,4
"Ch__Muahmmad_Shabbir_Kamboh",404,0,0.486093908343655,0.0306616590034009,0.000234117756312449,4
"Ch__Muhammad_Safdar_Jamna",404,0,0.486093908343655,0.030661659003401,0.000234117756312448,4
"Ch__Muhammad_Suleman_Gujar",404,0,0.486093908343655,0.030661659003401,0.000234117756312448,4
"Ch__Zafar_Iqbal",404,0,0.486093908343655,0.0306616590034009,0.000234117756312447,4
"Ch_Abdul_Qayyum_Bajwa_Advocate",404,0,0.486093908343655,0.030661659003401,0.000234117756312446,4
"Ch_Khalid_Hussain_Bhatti_Advocate",404,0,0.486093908343655,0.030661659003401,0.000234117756312445,4
"Chaudhry_Iftikhar_Ahmed_Siddhu_Advocate",404,0,0.486093908343655,0.030661659003401,0.000234117756312444,4
"Chaudhry_Javed_Sarwar",404,0,0.486093908343655,0.030661659003401,0.000234117756312443,4
"Chaudhry_Munawar_Hafeez",404,0,0.486093908343655,0.030661659003401,0.000234117756312443,4
"Choudhary_Anwar_Ali_Gill_Advocate",404,0,0.486093908343655,0.030661659003401,0.000234117756312442,4
"Choudhary_Muhammad_Ilyas",404,0,0.486093908343655,0.030661659003401,0.000234117756312441,4
"Dev_Das",404,0,0.486093908343655,0.0306616590034008,0.00023411775631244,4
"Dildar_Ahmed_Khaskheli",404,0,0.486093908343655,0.0306616590034009,0.000234117756312439,4
"Doctor_Asif_Rafique",404,0,0.486093908343655,0.030661659003401,0.000234117756312438,4
"Doctor_Hafiz_Mohammad_Sarwar_Joyia",404,0,0.486093908343655,0.030661659003401,0.000234117756312438,4
"Dr__Abdul_Qadir_Khanzada",404,0,0.486093908343655,0.030661659003401,0.000234117756312437,4
"Dr__Ejaz_Hussain",404,0,0.486093908343655,0.030661659003401,0.000234117756312436,4
"Dr__Farooq_Sattar",404,0,0.486093908343655,0.030661659003401,0.000234117756312435,4
"Dr__K_s__Mujahid_Khan_Baloch",404,0,0.486093908343655,0.0306616590034009,0.000234117756312434,4
"Dr__Khalid_Maqbool_Siddiqui",404,0,0.486093908343655,0.030661659003401,0.000234117756312433,4
"Dr__Lala_Rukh_Mustafa",404,0,0.486093908343655,0.0306616590034009,0.000234117756312433,4
"Dr__Muhammad_Ayoub_Shaikh",404,0,0.486093908343655,0.030661659003401,0.000234117756312432,4
"Dr__Muhammad_Farooq_Sattar",404,0,0.486093908343655,0.030661659003401,0.000234117756312431,4
"Dr__Mumtaz_Ali_Chandio",404,0,0.486093908343655,0.030661659003401,0.00023411775631243,4
"Dr__Taj_Hussain_Fani",404,0,0.486093908343655,0.030661659003401,0.000234117756312429,4
"Dr_Abdul_Razaque_Lashari",404,0,0.486093908343655,0.030661659003401,0.000234117756312428,4
"Dr_imam_Bux_Khilji",404,0,0.486093908343655,0.0306616590034009,0.000234117756312428,4
"Dr_Muhammad_Musa_Advocate",404,0,0.486093908343655,0.0306616590034009,0.000234117756312427,4
"Dr_nadeem_Ehsan",404,0,0.486093908343655,0.030661659003401,0.000234117756312426,4
"Dr_Zaib_Un_Nisa",404,0,0.486093908343655,0.030661659003401,0.000234117756312425,4
"Engineer_Afridi",404,0,0.486093908343655,0.030661659003401,0.000234117756312424,4
"Engineer_Muhammad_Zakir",404,0,0.486093908343655,0.030661659003401,0.000234117756312423,4
"Fahmida_Shah_Bukhari",404,0,0.486093908343655,0.030661659003401,0.000234117756312423,4
"Faiz_Muhammad",404,0,0.486093908343655,0.030661659003401,0.000234117756312422,4
"Farhan_Chishti",404,0,0.486093908343655,0.030661659003401,0.000234117756312421,4
"Farhat_Muhammad_Khan",404,0,0.486093908343655,0.0306616590034009,0.00023411775631242,4
"Farkhanda_Khalid",404,0,0.486093908343655,0.030661659003401,0.000234117756312419,4
"Farrukh_Hussain",404,0,0.486093908343655,0.0306616590034009,0.000234117756312418,4
"Fayyaz_Ali",404,0,0.486093908343655,0.0306616590034009,0.000234117756312417,4
"Fazal_Ul_Rehman",404,0,0.486093908343655,0.030661659003401,0.000234117756312417,4
"Feroz_Khan",404,0,0.486093908343655,0.030661659003401,0.000234117756312416,4
"Fouzia_Hameed",404,0,0.486093908343655,0.0306616590034009,0.000234117756312415,4
"Ghaman",404,0,0.486093908343655,0.030661659003401,0.000234117756312414,4
"Ghazanfar_Anjum_Yousafzai_Advocate",404,0,0.486093908343655,0.030661659003401,0.000234117756312413,4
"Ghazi_Salahuddin",404,0,0.486093908343655,0.0306616590034009,0.000234117756312412,4
"Ghulam_Akber_Mallah",404,0,0.486093908343655,0.030661659003401,0.000234117756312412,4
"Ghulam_Asghar_Rind",404,0,0.486093908343655,0.0306616590034009,0.000234117756312411,4
"Ghulam_Farooq_Shahwani",404,0,0.486093908343655,0.030661659003401,0.00023411775631241,4
"Ghulam_Muhammad_Rajoka",404,0,0.486093908343655,0.030661659003401,0.000234117756312409,4
"Ghulam_Murtza_Solangi",404,0,0.486093908343655,0.0306616590034008,0.000234117756312408,4
"Ghulam_Mustafa_Sumsam_Qureshi",404,0,0.486093908343655,0.0306616590034009,0.000234117756312407,4
"Ghulam_Yasin",404,0,0.486093908343655,0.0306616590034009,0.000234117756312406,4
"Gulzar_Ali_Mugheri",404,0,0.486093908343655,0.030661659003401,0.000234117756312406,4
"Habibullah_Khan",404,0,0.486093908343655,0.030661659003401,0.000234117756312405,4
"Hafeezuddin",404,0,0.486093908343655,0.030661659003401,0.000234117756312404,4
"Hafiz_Muhammad_Hanif",404,0,0.486093908343655,0.030661659003401,0.000234117756312403,4
"Haji_Muhammad_Saeed_Arian",404,0,0.486093908343655,0.030661659003401,0.000234117756312402,4
"Hameed_Hussain",411,30170,0.486477349560514,0.0306620874345669,0.00033980182727549,4
"Hamid_Mehmood",404,0,0.486093908343655,0.0306616590034009,0.0002341177563124,4
"Hassan_Sabir",404,0,0.486093908343655,0.030661659003401,0.0002341177563124,4
"Heer_Soho",404,0,0.486093908343655,0.030661659003401,0.000234117756312399,4
"Hubdar_Ali",404,0,0.486093908343655,0.030661659003401,0.000234117756312398,4
"Humayu_Usman",404,0,0.486093908343655,0.030661659003401,0.000234117756312397,4
"Hussain_Bakhsh_Panhwar",404,0,0.486093908343655,0.030661659003401,0.000234117756312396,4
"Iftikhar_Mughal",404,0,0.486093908343655,0.030661659003401,0.000234117756312395,4
"Imran_Khan",1088,92305.6071027364,0.541452401856265,0.11026763603757,0.000589802943669789,4
"Imran_Khan_Rajput",404,0,0.486093908343655,0.030661659003401,0.000234117756312393,4
"Imtiaz_Ali",404,0,0.486093908343655,0.030661659003401,0.000234117756312393,4
"Imtiaz_Ali_Lakho",404,0,0.486093908343655,0.0306616590034009,0.000234117756312392,4
"Inayat_Ali_Rind",404,0,0.486093908343655,0.0306616590034009,0.000234117756312391,4
"Inayat_Ul_Haq",404,0,0.486093908343655,0.0306616590034011,0.00023411775631239,4
"Iqbal_Muhammad_Ali_Khan",404,0,0.486093908343655,0.030661659003401,0.000234117756312389,4
"Irfan_Ali_Bikak",404,0,0.486093908343655,0.030661659003401,0.000234117756312388,4
"Irfan_Siddique",404,0,0.486093908343655,0.0306616590034009,0.000234117756312387,4
"Irshad_Bano",404,0,0.486093908343655,0.0306616590034009,0.000234117756312387,4
"Izhar_Ul_Haq_Qureshi_Siddiqui",404,0,0.486093908343655,0.030661659003401,0.000234117756312386,4
"Junaid_Ahmed_Samejo",404,0,0.486093908343655,0.030661659003401,0.000234117756312385,4
"Junaid_Tariq_Qureshi_Advocate",404,0,0.486093908343655,0.030661659003401,0.000234117756312384,4
"Kaleem_Khan",404,0,0.486093908343655,0.030661659003401,0.000234117756312383,4
"Karim_Khan",404,0,0.486093908343655,0.030661659003401,0.000234117756312382,4
"Kashif_Ali_Khan",404,0,0.486093908343655,0.030661659003401,0.000234117756312381,4
"Khair_Bux_Khosa",404,0,0.486093908343655,0.030661659003401,0.00023411775631238,4
"Khalid_Maqbool_Siddiqui",404,0,0.486093908343655,0.030661659003401,0.00023411775631238,4
"Khawaja_Awais_Mushtaq",404,0,0.486093908343655,0.030661659003401,0.000234117756312379,4
"Khawaja_Izhar_Ul_Hassan",404,0,0.486093908343655,0.030661659003401,0.000234117756312378,4
"Khawaja_Sohail_Mansoor",404,0,0.486093908343655,0.0306616590034009,0.000234117756312377,4
"Khursheed_Abbas",404,0,0.486093908343655,0.030661659003401,0.000234117756312376,4
"Khursheed_Ali",404,0,0.486093908343655,0.0306616590034009,0.000234117756312375,4
"Khushbakht_Shujat",404,0,0.486093908343655,0.030661659003401,0.000234117756312374,4
"Kiran_Muhammad_Ali",404,0,0.486093908343655,0.030661659003401,0.000234117756312373,4
"Kokab_Bukhari",404,0,0.486093908343655,0.030661659003401,0.000234117756312373,4
"m_Ameen_Watoo",404,0,0.486093908343655,0.030661659003401,0.000234117756312372,4
"Mahrukh_Mirza",404,0,0.486093908343655,0.0306616590034009,0.000234117756312371,4
"Major_r__Habib_Ur_Rehman_Khan_Myo_Advocate",404,0,0.486093908343655,0.030661659003401,0.00023411775631237,4
"Makhdoom_Syyed_Zawar_Hussain",404,0,0.486093908343655,0.0306616590034009,0.000234117756312369,4
"Malik_Abdul_Hameed_Awan",404,0,0.486093908343655,0.030661659003401,0.000234117756312368,4
"Malik_Abdul_Rehman_Dehwar",404,0,0.486093908343655,0.0306616590034008,0.000234117756312367,4
"Malik_Ameer_Abdullah_Awan",404,0,0.486093908343655,0.030661659003401,0.000234117756312366,4
"Malik_Amjid_Hussain_Uttera",404,0,0.486093908343655,0.0306616590034009,0.000234117756312365,4
"Malik_Aurang_Zaib_Awan",404,0,0.486093908343655,0.030661659003401,0.000234117756312365,4
"Malik_Ejaz_Ahmad_Channar",404,0,0.486093908343655,0.0306616590034009,0.000234117756312364,4
"Malik_Javed_Khan",404,0,0.486093908343655,0.030661659003401,0.000234117756312363,4
"Malik_Mazhar_Hussain",404,0,0.486093908343655,0.030661659003401,0.000234117756312362,4
"Malik_Muhammad_Asif_Awan",404,0,0.486093908343655,0.030661659003401,0.000234117756312361,4
"Malik_Muhammad_Asim",404,0,0.486093908343655,0.030661659003401,0.00023411775631236,4
"Malik_Subhoh_Saddiq",404,0,0.486093908343655,0.0306616590034009,0.000234117756312359,4
"Malik_Tanveer_Hussain",404,0,0.486093908343655,0.030661659003401,0.000234117756312358,4
"Malik_Zafar_Iqbal_Boorh",404,0,0.486093908343655,0.0306616590034009,0.000234117756312357,4
"Mangharam",404,0,0.486093908343655,0.030661659003401,0.000234117756312357,4
"Manzoor_Joori",404,0,0.486093908343655,0.0306616590034009,0.000234117756312356,4
"Maqsood_Ahmed_Awan",404,0,0.486093908343655,0.030661659003401,0.000234117756312355,4
"Maryam_Bibi",404,0,0.486093908343655,0.030661659003401,0.000234117756312354,4
"Maulana_Noor_Ul_Haq",404,0,0.486093908343655,0.030661659003401,0.000234117756312353,4
"Mazhar_Ali_Alvi",404,0,0.486093908343655,0.030661659003401,0.000234117756312352,4
"Mazhar_Hussain",404,0,0.486093908343655,0.030661659003401,0.000234117756312351,4
"Mehar_Tajamal_Hussain_Luck",404,0,0.486093908343655,0.030661659003401,0.00023411775631235,4
"Mehboob_Alam",404,0,0.486093908343655,0.030661659003401,0.000234117756312349,4
"Mehmood_Qadir_Khanzada",404,0,0.486093908343655,0.030661659003401,0.000234117756312348,4
"Mehr_Tariq_Maqsood_Advocate",404,0,0.486093908343655,0.0306616590034009,0.000234117756312348,4
"Mian_Aftab_Ahmad_Qureshi",404,0,0.486093908343655,0.030661659003401,0.000234117756312347,4
"Mian_Muhammad_Ateeq_Sheikh",404,0,0.486093908343655,0.030661659003401,0.000234117756312346,4
"Mian_Nadeem_Anwar",404,0,0.486093908343655,0.030661659003401,0.000234117756312345,4
"Mian_Sarfraz_Watto",404,0,0.486093908343655,0.030661659003401,0.000234117756312344,4
"Mian_Tariq_Ali_Bodla",404,0,0.486093908343655,0.030661659003401,0.000234117756312343,4
"Mian_Tariq_Mehmood",965,52574.2237203292,0.5309963099631,0.0798378361218217,0.000440251549610301,4
"Mihtab_Hayat_Khan",404,0,0.486093908343655,0.030661659003401,0.000234117756312341,4
"Mir_Sanaullah_Khan_Murghazani",404,0,0.486093908343655,0.0306616590034009,0.00023411775631234,4
"Mirza_Muhammad_Jameel_Raza",404,0,0.486093908343655,0.030661659003401,0.00023411775631234,4
"Mohammad_Salman_Khan_Baloch",404,0,0.486093908343655,0.0306616590034009,0.000234117756312339,4
"Mohammad_Umer_Agha_Awaan",404,0,0.486093908343655,0.030661659003401,0.000234117756312338,4
"Mohammad_Zubair_Anjum",404,0,0.486093908343655,0.0306616590034009,0.000234117756312337,4
"Mohsin_Badshah_Advocate",404,0,0.486093908343655,0.0306616590034011,0.000234117756312336,4
"Mr__Ghulam_Mohiuddin_Durrani__Advocate_",404,0,0.486093908343655,0.030661659003401,0.000234117756312335,4
"Mr__Rana_Fateh_Muhammad_Rajput",404,0,0.486093908343655,0.030661659003401,0.000234117756312334,4
"Mr_ferozuddin_Narejo",404,0,0.486093908343655,0.0306616590034008,0.000234117756312333,4
"Mrs__Khush_Bakhat_Shujaat",404,0,0.486093908343655,0.030661659003401,0.000234117756312332,4
"Mudassar_Ejaz",404,0,0.486093908343655,0.030661659003401,0.000234117756312331,4
"Muhamamd_Moin_Aamer_Pirzada",404,0,0.486093908343655,0.030661659003401,0.00023411775631233,4
"Muhammad_Abdul_Rauf_Siddiqui",404,0,0.486093908343655,0.030661659003401,0.00023411775631233,4
"Muhammad_Adrees",404,0,0.486093908343655,0.030661659003401,0.000234117756312329,4
"Muhammad_Akhtar",404,0,0.486093908343655,0.030661659003401,0.000234117756312328,4
"Muhammad_Akram_Arain_Advocate",404,0,0.486093908343655,0.0306616590034009,0.000234117756312327,4
"Muhammad_Aleem",404,0,0.486093908343655,0.0306616590034009,0.000234117756312326,4
"Muhammad_Ali_Jawad",404,0,0.486093908343655,0.0306616590034009,0.000234117756312325,4
"Muhammad_Ali_Rashid",1105,37039.4104259713,0.542677561282212,0.964511732075874,0.000452415698844931,4
"Muhammad_Ali_Rodeni",404,0,0.486093908343655,0.030661659003401,0.000234117756312323,4
"Muhammad_Amin",545,22231.3340886885,0.509500767142689,0.0333046234118861,0.000385224338397102,4
"Muhammad_Amin_Wattoo_",404,0,0.486093908343655,0.0306616590034009,0.00023411775631232,4
"Muhammad_Anwar_Khantareen",404,0,0.486093908343655,0.0306616590034009,0.000234117756312319,4
"Muhammad_Arif_Brohi",404,0,0.486093908343655,0.0306616590034009,0.000234117756312318,4
"Muhammad_Asif_Jah",404,0,0.486093908343655,0.030661659003401,0.000234117756312318,4
"Muhammad_Aslam__Retired_",404,0,0.486093908343655,0.0306616590034009,0.000234117756312317,4
"Muhammad_Azam",416,23597.7836540238,0.489123045547247,0.0307851722970964,0.000294455287706071,4
"Muhammad_Hafeez_Tabassum",404,0,0.486093908343655,0.030661659003401,0.000234117756312315,4
"Muhammad_Hanif_Ansari",404,0,0.486093908343655,0.030661659003401,0.000234117756312314,4
"Muhammad_Hussain_Awan",404,0,0.486093908343655,0.0306616590034009,0.000234117756312313,4
"Muhammad_Ilyas",404,0,0.486093908343655,0.030661659003401,0.000234117756312312,4
"Muhammad_Imran_Gill",404,0,0.486093908343655,0.030661659003401,0.000234117756312311,4
"Muhammad_Imran_Ijaz_Butt",404,0,0.486093908343655,0.030661659003401,0.00023411775631231,4
"Muhammad_Iqbal_Khan",886,39308.0472085603,0.522765802857835,0.094369477448022,0.000431522666813487,4
"Muhammad_Jan_Rind",404,0,0.486093908343655,0.030661659003401,0.000234117756312308,4
"Muhammad_Jawed_Hanif_Khan",404,0,0.486093908343655,0.030661659003401,0.000234117756312307,4
"Muhammad_Jumma_Changazi",404,0,0.486093908343655,0.030661659003401,0.000234117756312306,4
"Muhammad_Junaid_Niaz_Siddiqui",404,0,0.486093908343655,0.0306616590034009,0.000234117756312305,4
"Muhammad_Malik",1105,37039.4104259713,0.542677561282212,0.964511732075874,0.000452415698844911,4
"Muhammad_Meraj_Ahmed",404,0,0.486093908343655,0.030661659003401,0.000234117756312304,4
"Muhammad_Mureed_Brohi",404,0,0.486093908343655,0.0306616590034009,0.000234117756312303,4
"Muhammad_Muzammil_Qureshi",404,0,0.486093908343655,0.030661659003401,0.000234117756312302,4
"Muhammad_Nawaz",886,39308.0472085603,0.522765802857835,0.0943694774480223,0.000431522666813478,4
"Muhammad_Pervaiz",404,0,0.486093908343655,0.0306616590034009,0.0002341177563123,4
"Muhammad_Ramzan_Lashari",404,0,0.486093908343655,0.0306616590034009,0.000234117756312299,4
"Muhammad_Rashid_Saleem_Khanzada",404,0,0.486093908343655,0.030661659003401,0.000234117756312298,4
"Muhammad_Rehan_Hashmi",404,0,0.486093908343655,0.0306616590034009,0.000234117756312297,4
"Muhammad_Roshan_Khan",404,0,0.486093908343655,0.0306616590034009,0.000234117756312296,4
"Muhammad_Saeed_Anwar",404,0,0.486093908343655,0.030661659003401,0.000234117756312295,4
"Muhammad_Saleem",404,0,0.486093908343655,0.030661659003401,0.000234117756312294,4
"Muhammad_Saleem_Langah",404,0,0.486093908343655,0.030661659003401,0.000234117756312293,4
"Muhammad_Sarwar_Alvi",404,0,0.486093908343655,0.0306616590034009,0.000234117756312292,4
"Muhammad_Shafique",580,57688.893177969,0.511735419630156,0.0333554705728996,0.000495574942064079,4
"Muhammad_Shafique_Bhatti",404,0,0.486093908343655,0.030661659003401,0.000234117756312291,4
"Muhammad_Shahid",607,12992.8602299928,0.506571227411406,0.0479656809422701,0.000392802909213374,4
"Muhammad_Talib_Bhatti",404,0,0.486093908343655,0.030661659003401,0.00023411775631229,4
"Muhammad_Tariq_Pachar",404,0,0.486093908343655,0.030661659003401,0.000234117756312289,4
"Muhammad_Tufail_Thakar_Advocate",404,0,0.486093908343655,0.030661659003401,0.000234117756312288,4
"Muhammad_Yaqoob",965,52574.2237203292,0.5309963099631,0.0798378361218219,0.000440251549610245,4
"Muhammad_Yaseen",607,12992.8602299928,0.506571227411406,0.0479656809422701,0.000392802909213369,4
"Muhammad_Zakir_Shaikh",404,0,0.486093908343655,0.030661659003401,0.000234117756312285,4
"Muhammad_Zunbair_Anjum",404,0,0.486093908343655,0.030661659003401,0.000234117756312284,4
"Mujahid_Abbas_Khan",404,0,0.486093908343655,0.030661659003401,0.000234117756312283,4
"Mulana_Abdul_Baqi_Torkhel",404,0,0.486093908343655,0.030661659003401,0.000234117756312282,4
"Mumtaz_Bhai",404,0,0.486093908343655,0.0306616590034009,0.000234117756312281,4
"Munawar_Ali_Chohan",404,0,0.486093908343655,0.030661659003401,0.00023411775631228,4
"Munawar_Ali_Choohan_",404,0,0.486093908343655,0.030661659003401,0.000234117756312279,4
"Munir_Ahmad",1105,37039.4104259713,0.542677561282212,0.964511732075873,0.000452415698844885,4
"Munir_Ahmed_Pathan",404,0,0.486093908343655,0.0306616590034009,0.000234117756312277,4
"Munzleen",404,0,0.486093908343655,0.030661659003401,0.000234117756312277,4
"Mushtaq_Ali",404,0,0.486093908343655,0.030661659003401,0.000234117756312276,4
"Mustafa_Kamal",404,0,0.486093908343655,0.030661659003401,0.000234117756312275,4
"Muzammil_Hussain_Joyia",404,0,0.486093908343655,0.030661659003401,0.000234117756312274,4
"Nabeel_Ahmed_Gabol",1105,37039.4104259713,0.542677561282212,0.964511732075874,0.000452415698844879,4
"Nadeem_Brohi_Bhai",404,0,0.486093908343655,0.0306616590034009,0.000234117756312272,4
"Naeem_Ajmal_Khan_Lashari_Bedar",404,0,0.486093908343655,0.0306616590034009,0.000234117756312271,4
"Najma",404,0,0.486093908343655,0.0306616590034009,0.00023411775631227,4
"Naseem_Akhtar",404,0,0.486093908343655,0.0306616590034009,0.000234117756312269,4
"Naseer_Ahmed_Farooqi",404,0,0.486093908343655,0.030661659003401,0.000234117756312268,4
"Nasir_Ayyub_Awan_Advocate",404,0,0.486093908343655,0.030661659003401,0.000234117756312267,4
"Naveed_Akhter_Khan",404,0,0.486093908343655,0.030661659003401,0.000234117756312266,4
"Naveed_Hasan",404,0,0.486093908343655,0.030661659003401,0.000234117756312265,4
"Nawab_Ali",404,0,0.486093908343655,0.030661659003401,0.000234117756312264,4
"Nazir_Ahmed_Abbasi",404,0,0.486093908343655,0.030661659003401,0.000234117756312263,4
"Nazir_Hussain",404,0,0.486093908343655,0.0306616590034009,0.000234117756312262,4
"Nazli_Ifat_Tabasum",404,0,0.486093908343655,0.030661659003401,0.000234117756312261,4
"Nisar_Ahmed_Shar",404,0,0.486093908343655,0.030661659003401,0.00023411775631226,4
"Nisar_Ahmed_Sultan_Tanoli",404,0,0.486093908343655,0.0306616590034011,0.000234117756312259,4
"Noor_Ahmad",404,0,0.486093908343655,0.0306616590034009,0.000234117756312258,4
"Noor_Mohammad_Sahito",404,0,0.486093908343655,0.030661659003401,0.000234117756312257,4
"Paras",404,0,0.486093908343655,0.030661659003401,0.000234117756312256,4
"Peer_Nasir_Saqlalin_Muhammadi",404,0,0.486093908343655,0.030661659003401,0.000234117756312255,4
"Pir_Bux_Solangi",404,0,0.486093908343655,0.030661659003401,0.000234117756312254,4
"Pir_Syed_Farzand_Ali_Shah",404,0,0.486093908343655,0.0306616590034009,0.000234117756312253,4
"Pir_Zaman_Shah",404,0,0.486093908343655,0.030661659003401,0.000234117756312252,4
"Poonjo_Bheel_Advocate",404,0,0.486093908343655,0.0306616590034009,0.000234117756312251,4
"Prem_Chand",404,0,0.486093908343655,0.030661659003401,0.00023411775631225,4
"Prof__Mushtaq_Hussain_Mughal",404,0,0.486093908343655,0.0306616590034008,0.00023411775631225,4
"Prof_muhammad_Sagheer_Choudhary_",404,0,0.486093908343655,0.030661659003401,0.000234117756312249,4
"Professor_Khursheed_Ahmed_Siddiqui",404,0,0.486093908343655,0.030661659003401,0.000234117756312248,4
"Qalib_Abbas_Malik",404,0,0.486093908343655,0.030661659003401,0.000234117756312247,4
"Qayum_Khan",404,0,0.486093908343655,0.030661659003401,0.000234117756312246,4
"Rai_Muhammad_Younas",404,0,0.486093908343655,0.030661659003401,0.000234117756312245,4
"Raja_Ajaz_Hussain",404,0,0.486093908343655,0.030661659003401,0.000234117756312244,4
"Raja_Imran_Ashraf",1105,37039.4104259713,0.542677561282212,0.964511732075873,0.000452415698844849,4
"Rana_Abdul_Rehman_Sultani",404,0,0.486093908343655,0.0306616590034009,0.000234117756312242,4
"Rana_Farhat_Ali_Advocate",404,0,0.486093908343655,0.0306616590034009,0.000234117756312241,4
"Rana_Muhamamd_Ashraf",404,0,0.486093908343655,0.0306616590034009,0.00023411775631224,4
"Rana_Muhammad_Abu_Bakar",404,0,0.486093908343655,0.0306616590034009,0.000234117756312239,4
"Rana_Muhammad_Arif_Raza",404,0,0.486093908343655,0.0306616590034011,0.000234117756312238,4
"Rana_Muhammad_Arshad_Khan",404,0,0.486093908343655,0.0306616590034009,0.000234117756312237,4
"Rana_Nisar_Ahmed",404,0,0.486093908343655,0.030661659003401,0.000234117756312236,4
"Rana_Sajid_Mehmood_Advocate",404,0,0.486093908343655,0.030661659003401,0.000234117756312235,4
"Rana_Zafar_Ali_Khan",404,0,0.486093908343655,0.0306616590034009,0.000234117756312234,4
"Rana_Zahoor_Ul_Haq_Advocate",404,0,0.486093908343655,0.030661659003401,0.000234117756312233,4
"Rana_Zulqarnain_Khan",404,0,0.486093908343655,0.0306616590034011,0.000234117756312232,4
"Rao_Abdul_Qayoum_Khan_Advocate",404,0,0.486093908343655,0.030661659003401,0.000234117756312231,4
"Rao_Abdul_Qayyum_Khan_Advocate",404,0,0.486093908343655,0.030661659003401,0.00023411775631223,4
"Rao_Muhammad_Farman_Uarf_Chotu_Chacha",404,0,0.486093908343655,0.030661659003401,0.000234117756312229,4
"Razia_Iqbal",404,0,0.486093908343655,0.030661659003401,0.000234117756312228,4
"Razziq_Mehmood_Bhatti",404,0,0.486093908343655,0.030661659003401,0.000234117756312227,4
"Riaz_Ahmed",1105,37039.4104259713,0.542677561282212,0.964511732075874,0.000452415698844833,4
"Riaz_Shar",404,0,0.486093908343655,0.0306616590034009,0.000234117756312225,4
"Rizwan_Zafar",404,0,0.486093908343655,0.0306616590034009,0.000234117756312224,4
"S_a_iqbal_Qadri",404,0,0.486093908343655,0.030661659003401,0.000234117756312223,4
"Saba_Anwar",404,0,0.486093908343655,0.0306616590034009,0.000234117756312222,4
"Sadiq_Iftikhar",404,0,0.486093908343655,0.0306616590034009,0.000234117756312221,4
"Safdar_Ali",886,39308.0472085603,0.522765802857835,0.0943694774480221,0.000431522666813397,4
"Saifullah_Khan",404,0,0.486093908343655,0.0306616590034009,0.000234117756312219,4
"Sajid_Ahmed",404,0,0.486093908343655,0.030661659003401,0.000234117756312218,4
"Sajid_Wahab_Khanzada",404,0,0.486093908343655,0.030661659003401,0.000234117756312217,4
"Sajjad_Ahmad_Naseem",404,0,0.486093908343655,0.0306616590034011,0.000234117756312216,4
"Sakhi_Dad_Mari",404,0,0.486093908343655,0.030661659003401,0.000234117756312215,4
"Salahuddin",404,0,0.486093908343655,0.030661659003401,0.000234117756312214,4
"Samia_Naz",404,0,0.486093908343655,0.030661659003401,0.000234117756312213,4
"Sardar_Afzaal_Ahmed_Madahar_Advocate",404,0,0.486093908343655,0.0306616590034009,0.000234117756312212,4
"Sardar_Ameer_Qalam_Awan",404,0,0.486093908343655,0.030661659003401,0.000234117756312211,4
"Sardar_Ghulam_Mujtaba_Khan",404,0,0.486093908343655,0.0306616590034009,0.00023411775631221,4
"Sardar_Nabeel_Ahmed_Gabol",404,0,0.486093908343655,0.030661659003401,0.000234117756312209,4
"Sarfaraz_Khan",404,0,0.486093908343655,0.0306616590034009,0.000234117756312208,4
"Sarwar_Khan_Lashri_Advocate_High_Court_",404,0,0.486093908343655,0.030661659003401,0.000234117756312207,4
"Shabbir_Ahmed_Qaimkhani",404,0,0.486093908343655,0.030661659003401,0.000234117756312206,4
"Shah_Nawaz_Mahar",404,0,0.486093908343655,0.030661659003401,0.000234117756312205,4
"Shahid_Akram",404,0,0.486093908343655,0.030661659003401,0.000234117756312204,4
"Shahid_Khan_Advocate",404,0,0.486093908343655,0.030661659003401,0.000234117756312203,4
"Shahid_Parvaiz_Dogar_Advocate",404,0,0.486093908343655,0.030661659003401,0.000234117756312202,4
"Shahid_Sultan",404,0,0.486093908343655,0.030661659003401,0.000234117756312201,4
"Shahinshah_Khuddar",404,0,0.486093908343655,0.030661659003401,0.0002341177563122,4
"Shaikh_Salahuddin",404,0,0.486093908343655,0.0306616590034011,0.000234117756312199,4
"Shakeel_Ahmed",404,0,0.486093908343655,0.030661659003401,0.000234117756312198,4
"Shaukatullah_Farooqui",404,0,0.486093908343655,0.030661659003401,0.000234117756312197,4
"Shehbaz_Khan_Umrani",404,0,0.486093908343655,0.0306616590034008,0.000234117756312196,4
"Shehzad_Asif_Javed",404,0,0.486093908343655,0.030661659003401,0.000234117756312195,4
"Sheikh_Qaisar_Javed",404,0,0.486093908343655,0.0306616590034008,0.000234117756312194,4
"Sheikh_Salahuddin",404,0,0.486093908343655,0.030661659003401,0.000234117756312193,4
"Sher_Muhammad_Nohri",404,0,0.486093908343655,0.030661659003401,0.000234117756312192,4
"Siraj-Ud-Din",404,0,0.486093908343655,0.030661659003401,0.000234117756312191,4
"Sohail_Ahmed_Abbasi",404,0,0.486093908343655,0.030661659003401,0.00023411775631219,4
"Sohail_Mansoor_Khawaja",1105,37039.4104259713,0.542677561282212,0.964511732075873,0.000452415698844795,4
"Sufyan_Yousuf",404,0,0.486093908343655,0.0306616590034009,0.000234117756312188,4
"Suhail_Ahmed_Abbasi_Advocate_",404,0,0.486093908343655,0.030661659003401,0.000234117756312187,4
"Suheno",404,0,0.486093908343655,0.030661659003401,0.000234117756312186,4
"Syed_Akhter_Ul_Iqbal_Qadri",404,0,0.486093908343655,0.030661659003401,0.000234117756312185,4
"Syed_Ali_Abbas_Shah",404,0,0.486093908343655,0.0306616590034009,0.000234117756312184,4
"Syed_Ali_Raza_Abidi",404,0,0.486093908343655,0.030661659003401,0.000234117756312183,4
"Syed_Ashraf_Hussain_Shah",404,0,0.486093908343655,0.030661659003401,0.000234117756312182,4
"Syed_Asif_Hasnain",404,0,0.486093908343655,0.030661659003401,0.000234117756312181,4
"Syed_Baqar_Ahsan",404,0,0.486093908343655,0.0306616590034011,0.00023411775631218,4
"Syed_Farzand_Ali_Shah",404,0,0.486093908343655,0.030661659003401,0.000234117756312178,4
"Syed_Ghulam_Shabbir_Shah",404,0,0.486093908343655,0.030661659003401,0.000234117756312177,4
"Syed_Haider_Abbas_Rizvi",404,0,0.486093908343655,0.030661659003401,0.000234117756312176,4
"Syed_Imran_Abdullah_so_Syed_Muhammd_Abdullah_Shah",404,0,0.486093908343655,0.0306616590034009,0.000234117756312175,4
"Syed_Imran_Hyder_Shah",404,0,0.486093908343655,0.030661659003401,0.000234117756312174,4
"Syed_Iqbal_Hussain",404,0,0.486093908343655,0.030661659003401,0.000234117756312173,4
"Syed_Jamil_Ur_Rab",404,0,0.486093908343655,0.0306616590034011,0.000234117756312172,4
"Syed_Jehan_Shah__Retd_",404,0,0.486093908343655,0.030661659003401,0.000234117756312171,4
"Syed_Munir_Ul_Haq_Advocate_Attock",404,0,0.486093908343655,0.0306616590034009,0.00023411775631217,4
"Syed_Murtaza_Hussain_Shah",404,0,0.486093908343655,0.0306616590034009,0.000234117756312169,4
"Syed_Nadeem_Hyder_Shah_Advocate",404,0,0.486093908343655,0.030661659003401,0.000234117756312168,4
"Syed_Nadeem_Mansoor",404,0,0.486093908343655,0.030661659003401,0.000234117756312167,4
"Syed_Naveed_Anjum_Bukhari",404,0,0.486093908343655,0.030661659003401,0.000234117756312166,4
"Syed_Rafi_Uddin",404,0,0.486093908343655,0.0306616590034009,0.000234117756312165,4
"Syed_Riffat_Hussain_Shah",404,0,0.486093908343655,0.030661659003401,0.000234117756312164,4
"Syed_Sajjad_Hussain_Shah",965,52574.2237203292,0.5309963099631,0.0798378361218215,0.000440251549610121,4
"Syed_Tayyab_Hussain",404,0,0.486093908343655,0.030661659003401,0.000234117756312162,4
"Syed_Waseem_Hussain",404,0,0.486093908343655,0.030661659003401,0.000234117756312161,4
"Syed_Zafar_Iqbal_Bukhari",404,0,0.486093908343655,0.030661659003401,0.00023411775631216,4
"Syed_Zahid_Ali_Shah",404,0,0.486093908343655,0.030661659003401,0.000234117756312159,4
"Ubedullah",404,0,0.486093908343655,0.0306616590034009,0.000234117756312158,4
"Waheed_Ahmed_Mughal",404,0,0.486093908343655,0.030661659003401,0.000234117756312157,4
"Waheed_Ud_Din",404,0,0.486093908343655,0.0306616590034009,0.000234117756312156,4
"Walidad",404,0,0.486093908343655,0.0306616590034009,0.000234117756312155,4
"Waseem_Ahmed",404,0,0.486093908343655,0.030661659003401,0.000234117756312154,4
"Waseem_Akhter",404,0,0.486093908343655,0.0306616590034008,0.000234117756312153,4
"Wasiullah_Lakhoo",404,0,0.486093908343655,0.030661659003401,0.000234117756312151,4
"Wing_Commander_r__Muhammad_Nawaz_Asim",404,0,0.486093908343655,0.0306616590034008,0.00023411775631215,4
"Zafar_Iqbal",547,43791.3340886885,0.510102800425381,0.033304755433974,0.000445611858059968,4
"Zaheer_Ahmed",404,0,0.486093908343655,0.0306616590034009,0.000234117756312148,4
"Zahid_Ali_Ujjan",404,0,0.486093908343655,0.030661659003401,0.000234117756312147,4
"Zahid_Mehmood_Kiani",404,0,0.486093908343655,0.030661659003401,0.000234117756312146,4
"Zair_Ullah_Khan",404,0,0.486093908343655,0.0306616590034009,0.000234117756312145,4
"Zameer_Ahmed",404,0,0.486093908343655,0.030661659003401,0.000234117756312144,4
"Zeeshan_Hasan_Sidhu_Advocate",404,0,0.486093908343655,0.0306616590034009,0.000234117756312143,4
"Zulfiqar_Ali",404,0,0.486093908343655,0.0306616590034009,0.000234117756312142,4
"Khadam_Hussain",1,0,1,0,0.000220748115363124,1
"Nadeem_Mumtaz_Qureshi",1,0,1,0,0.000220748115362956,1
"Meer_Rab_Nawaz_Khan",0,0,NA,0,3.3112217304612e-05,0
"Abdul_Hai_Sheikh_Qari_Sahab",86,0,0.412478501815402,0.00180387001108548,0.000185167466271539,5
"Abdul_Hakam",86,0,0.412478501815402,0.00180387001108546,0.000185167466271538,5
"Abdul_Hanan",86,0,0.412478501815402,0.00180387001108546,0.000185167466271537,5
"Abdul_Khaliq_Rehmani",121,5737.19066561437,0.465896827109864,0.00476167259477867,0.000279129544559893,5
"Abdul_Rasheed",167,17612.5061351515,0.468170480425117,0.00629065964503898,0.000413463151303604,5
"Amanullah_Usmani",86,0,0.412478501815402,0.00180387001108544,0.000185167466271536,5
"Anus_Bin_Malik",86,0,0.412478501815402,0.00180387001108546,0.000185167466271536,5
"Asghar_Ali_Abbasi",86,0,0.412478501815402,0.00180387001108546,0.000185167466271535,5
"Atta_Ullah",86,0,0.412478501815402,0.00180387001108546,0.000185167466271534,5
"Bashir_Ahmad",86,0,0.412478501815402,0.00180387001108546,0.000185167466271533,5
"Bilal_Ahmed",86,0,0.412478501815402,0.00180387001108544,0.000185167466271532,5
"Chand_Faisal",86,0,0.412478501815402,0.00180387001108546,0.000185167466271531,5
"Faridullah",86,0,0.412478501815402,0.00180387001108546,0.00018516746627153,5
"Fiaz_Ur_Rehman_Siddiqui",86,0,0.412478501815402,0.00180387001108547,0.00018516746627153,5
"Ghulam_Muhammad",573,66954.3185939844,0.508540464130051,0.0662592747201982,0.000385851852969973,4
"Gul_Wazir_Shaheen",86,0,0.412478501815402,0.00180387001108546,0.000185167466271528,5
"Habibullah_Mukhtiar",86,0,0.412478501815402,0.00180387001108544,0.000185167466271527,5
"Hafeezullah_Chandio",86,0,0.412478501815402,0.00180387001108546,0.000185167466271526,5
"Hafiz_Asim_Makdoom",86,0,0.412478501815402,0.00180387001108547,0.000185167466271525,5
"Hafiz_Manzoor_Ahmed_Solangi",86,0,0.412478501815402,0.00180387001108547,0.000185167466271524,5
"Hafiz_Mohammad_Akber",86,0,0.412478501815402,0.00180387001108545,0.000185167466271524,5
"Hafiz_Muhammad_Hanif_Usmani",86,0,0.412478501815402,0.00180387001108548,0.000185167466271523,5
"Hafiz_Muhammad_Safdar_Qasmi",86,0,0.412478501815402,0.00180387001108547,0.000185167466271522,5
"Hafiz_Orangzaib",86,0,0.412478501815402,0.00180387001108548,0.000185167466271521,5
"Hafiz_Qudratullah_Arif_Khan",86,0,0.412478501815402,0.00180387001108546,0.00018516746627152,5
"Hafiz_Rana_Muhammad_Usman_Shakar",86,0,0.412478501815402,0.00180387001108546,0.000185167466271519,5
"Hakeem_Jameel_Asghar_Khizri",86,0,0.412478501815402,0.00180387001108545,0.000185167466271518,5
"Hakeem_Muhammad_Sadique",86,0,0.412478501815402,0.00180387001108548,0.000185167466271517,5
"Imdad_Ali",121,5737.19066561437,0.465896827109864,0.00476167259477863,0.000279129544559867,5
"Ishtiaq_Ahmad",86,0,0.412478501815402,0.00180387001108546,0.000185167466271516,5
"Khalifa_Abdul_Qayyum",86,0,0.412478501815402,0.00180387001108546,0.000185167466271515,5
"Khwaja_Muhammad",86,0,0.412478501815402,0.00180387001108548,0.000185167466271514,5
"Mahar_Ghulam_Shabir",86,0,0.412478501815402,0.00180387001108547,0.000185167466271513,5
"Maulana_Rasheed_Ahmad",86,0,0.412478501815402,0.00180387001108547,0.000185167466271512,5
"Maulana_Umar_Farooq_Saddiqui",86,0,0.412478501815402,0.00180387001108547,0.000185167466271511,5
"Mohammad_Ramzan_Malik_Mdm",86,0,0.412478501815402,0.00180387001108546,0.00018516746627151,5
"Mohammad_Tayyab",86,0,0.412478501815402,0.00180387001108544,0.000185167466271509,5
"Molana_Abdul_Waheed",86,0,0.412478501815402,0.00180387001108545,0.000185167466271508,5
"Molana_Hamid_Ul_Haq_Haqqani",86,0,0.412478501815402,0.00180387001108548,0.000185167466271507,5
"Molana_Hidayat_Ullah_Khan_Chishti",86,0,0.412478501815402,0.00180387001108547,0.000185167466271506,5
"Molana_Iftikhar_Ahmed",86,0,0.412478501815402,0.00180387001108546,0.000185167466271505,5
"Molana_Muhammad_Ahmad_Ludhianvi",86,0,0.412478501815402,0.00180387001108546,0.000185167466271505,5
"Molana_Muhammad_Bilal_Umer",86,0,0.412478501815402,0.00180387001108547,0.000185167466271504,5
"Molana_Taj_Muhammad_Hanfi",86,0,0.412478501815402,0.00180387001108547,0.000185167466271503,5
"Mollana_Abdul_Kabeer_Shahkir",86,0,0.412478501815402,0.00180387001108544,0.000185167466271502,5
"Molvi_Abdul_Hai",86,0,0.412478501815402,0.00180387001108549,0.000185167466271501,5
"Mr_ayoub_Chandio",86,0,0.412478501815402,0.00180387001108546,0.0001851674662715,5
"Muhammad_Arfan_Siddiquei_Advocate",86,0,0.412478501815402,0.00180387001108549,0.000185167466271499,5
"Muhammad_Ashiq_Khan",86,0,0.412478501815402,0.00180387001108547,0.000185167466271498,5
"Muhammad_Aslam_Siddiqui",86,0,0.412478501815402,0.00180387001108547,0.000185167466271497,5
"Muhammad_Basir_Sikhan_Advocate",86,0,0.412478501815402,0.00180387001108546,0.000185167466271496,5
"Muhammad_Hayat_Muhammad_Hassani",86,0,0.412478501815402,0.00180387001108547,0.000185167466271495,5
"Muhammad_Ibrahim_Qasmi",86,0,0.412478501815402,0.00180387001108548,0.000185167466271494,5
"Muhammad_Iqbal_Jutt",86,0,0.412478501815402,0.00180387001108547,0.000185167466271493,5
"Muhammad_Muhsan_Rahmani",86,0,0.412478501815402,0.00180387001108548,0.000185167466271492,5
"Muhammad_Naseem_Khan",86,0,0.412478501815402,0.00180387001108547,0.000185167466271491,5
"Muhammad_Sarwar",86,0,0.412478501815402,0.00180387001108547,0.00018516746627149,5
"Mulana_Muhammad_Asif_Moavia_Sial",86,0,0.412478501815402,0.00180387001108547,0.000185167466271489,5
"Qari_Abdul_Majeed",86,0,0.412478501815402,0.00180387001108546,0.000185167466271488,5
"Qari_Abdul_Majeed_Pitafi",86,0,0.412478501815402,0.00180387001108548,0.000185167466271487,5
"Qari_Asghar_Ali",86,0,0.412478501815402,0.00180387001108546,0.000185167466271486,5
"Qari_Faqir_Mohammad_Hazarvi",86,0,0.412478501815402,0.00180387001108548,0.000185167466271485,5
"Qari_Hussain_Ahmad_Shad",86,0,0.412478501815402,0.00180387001108547,0.000185167466271484,5
"Qazi_Naeem_Akhtar",86,0,0.412478501815402,0.00180387001108548,0.000185167466271483,5
"Qazi_Saif_Ullah_Khan",86,0,0.412478501815402,0.00180387001108547,0.000185167466271482,5
"Qudratullah_Rajput",86,0,0.412478501815402,0.00180387001108544,0.000185167466271481,5
"Raheem_Bukhsh",86,0,0.412478501815402,0.00180387001108548,0.00018516746627148,5
"Rana_Hafiz_Abdul_Jabbar_Muavia",86,0,0.412478501815402,0.00180387001108544,0.000185167466271479,5
"Rao_Habib_Ur_Rehman",86,0,0.412478501815402,0.00180387001108547,0.000185167466271478,5
"Rao_Muhammad_Javaid_Iqbal",86,0,0.412478501815402,0.00180387001108547,0.000185167466271477,5
"Rehan_Mehmood_Zia",86,0,0.412478501815402,0.00180387001108548,0.000185167466271476,5
"Syed_Bahroon_Shah",86,0,0.412478501815402,0.00180387001108547,0.000185167466271475,5
"Syed_Faisal_Hussain_Shah_Gillani",86,0,0.412478501815402,0.00180387001108546,0.000185167466271474,5
"Syed_Muhammad_Subtain_Shah_Naqvi",86,0,0.412478501815402,0.00180387001108546,0.000185167466271473,5
"Tahir_Aqeel",86,0,0.412478501815402,0.00180387001108547,0.000185167466271471,5
"Ubaid_Ullah",298,34143.8524408704,0.481056385112547,0.0200244442317722,0.000349569063251708,5
"Zaheer_Uddin_Baber",86,0,0.412478501815402,0.00180387001108546,0.000185167466271469,5
"Zar_Wali_Khan",86,0,0.412478501815402,0.00180387001108545,0.000185167466271468,5
"Habib_Noor",2,0,1,0,0.000220748115362919,1
"Malik_Habib_Malak_Orakzai",2,0,1,0,0.000220748115362787,1
"Noor_Jamal_Shah",2,0,1,0,0.000220748115362641,1
"Abdul_Aziz_Baloch",108,0,0.344038890659866,0.00016394622000623,0.000193954835990307,5
"Abdul_Aziz_Khan_Khilji_Advocate",108,0,0.344038890659866,0.000163946220006274,0.000193954835990306,5
"Abdul_Moeen_Qureshi",108,0,0.344038890659866,0.000163946220006285,0.000193954835990306,5
"Abdullah_Shaikh",108,0,0.344038890659866,0.000163946220006252,0.000193954835990305,5
"Allama_Doctor_Muhammad_Anees_Rohani",108,0,0.344038890659866,0.000163946220006252,0.000193954835990304,5
"Anwar_Ul_Habib",108,0,0.344038890659866,0.000163946220006263,0.000193954835990303,5
"Aslam_Katchela",108,0,0.344038890659866,0.000163946220006307,0.000193954835990302,5
"Attaullah_Khoso",108,0,0.344038890659866,0.000163946220006296,0.000193954835990301,5
"Aziz_Ud_Din",108,0,0.344038890659866,0.000163946220006296,0.0001939548359903,5
"Doctor_Muhammad_Khalid_Raza_Pir_Zakori_Sharif",108,0,0.344038890659866,0.000163946220006263,0.000193954835990299,5
"Dr__Abdul_Rehman_Shakir",108,0,0.344038890659866,0.000163946220006274,0.000193954835990299,5
"Dr__Abid_Rauf_Orakzai",108,0,0.344038890659866,0.000163946220006296,0.000193954835990298,5
"Ehsan_Bari_Mian_Doctor_Sahib",108,0,0.344038890659866,0.000163946220006329,0.000193954835990297,5
"Ghulam_Kibriya_Rizwan__G_k__Rizwan_Advocate_",108,0,0.344038890659866,0.000163946220006263,0.000193954835990296,5
"Hafiz_Abdul_Razaq_Parhyar",108,0,0.344038890659866,0.000163946220006285,0.000193954835990295,5
"Hafiz_Muhammad_Ejaz-Ul-Haq_Ch_",108,0,0.344038890659866,0.000163946220006307,0.000193954835990294,5
"Hafiz_Muhammad_Hanif_Zafar__Advocate_",108,0,0.344038890659866,0.000163946220006285,0.000193954835990293,5
"Hafiz_Muhammad_Ibrahim_Soomro",108,0,0.344038890659866,0.000163946220006274,0.000193954835990292,5
"Hafiz_Muhammad_Idrees",108,0,0.344038890659866,0.000163946220006252,0.000193954835990291,5
"Hafiz_Muhammad_Nadeem",108,0,0.344038890659866,0.000163946220006296,0.00019395483599029,5
"Hafiz_Saeed_Ahmad",108,0,0.344038890659866,0.000163946220006274,0.00019395483599029,5
"Hafiz_Sana_Ullah",108,0,0.344038890659866,0.000163946220006263,0.000193954835990289,5
"Haji_Abdul_Jalil_Jan",108,0,0.344038890659866,0.000163946220006285,0.000193954835990288,5
"Haji_Rozuddin",108,0,0.344038890659866,0.000163946220006252,0.000193954835990287,5
"Hidayat-Ur-Rehman",108,0,0.344038890659866,0.000163946220006241,0.000193954835990286,5
"Ibrahim_Rais_Advocate",108,0,0.344038890659866,0.000163946220006274,0.000193954835990285,5
"Iftikhar_Ahmed_Haqani",108,0,0.344038890659866,0.000163946220006263,0.000193954835990284,5
"Iftikhar_Ahmed_Haqqani",108,0,0.344038890659866,0.000163946220006274,0.000193954835990283,5
"Imdad_Hussain_Pitafi",108,0,0.344038890659866,0.000163946220006285,0.000193954835990282,5
"Kari_Abdul_Rasheed_Awan__Retired_",108,0,0.344038890659866,0.000163946220006274,0.000193954835990281,5
"Khawja_Ghulam_Nizam_Ud_Din",108,0,0.344038890659866,0.000163946220006263,0.00019395483599028,5
"Malik_Faiz_Muhammad_Adovocate",108,0,0.344038890659866,0.000163946220006252,0.000193954835990279,5
"Manzoor_Ahmed_Soomro",108,0,0.344038890659866,0.000163946220006285,0.000193954835990278,5
"Maulana_Atta-Ul-Haq",108,0,0.344038890659866,0.000163946220006263,0.000193954835990277,5
"Maulana_Malik_Muhammad_Khan_Sherani",108,0,0.344038890659866,0.000163946220006296,0.000193954835990276,5
"Maulana_Mohammad_Qasim",108,0,0.344038890659866,0.00016394622000623,0.000193954835990276,5
"Maulana_Nisar_Khan",108,0,0.344038890659866,0.000163946220006263,0.000193954835990275,5
"Maulana_Rehmat_Ullah",108,0,0.344038890659866,0.000163946220006285,0.000193954835990274,5
"Maulana_Sadiq_Ahmad",108,0,0.344038890659866,0.000163946220006252,0.000193954835990273,5
"Maulana_Zahoor_Ahmad_Ranjha",108,0,0.344038890659866,0.000163946220006274,0.000193954835990272,5
"Mir_Wali",108,0,0.344038890659866,0.000163946220006263,0.000193954835990271,5
"Mohammad_Hafizur_Rehman",108,0,0.344038890659866,0.000163946220006285,0.00019395483599027,5
"Molana_Abdul_Ghafoor_Hyderi_",108,0,0.344038890659866,0.000163946220006296,0.000193954835990269,5
"Molana_Abdul_Ghafoor_Qasimi",108,0,0.344038890659866,0.000163946220006274,0.000193954835990268,5
"Molana_Abdul_Hai",108,0,0.344038890659866,0.000163946220006296,0.000193954835990267,5
"Molana_Fazal_Azim",108,0,0.344038890659866,0.000163946220006296,0.000193954835990266,5
"Molana_Shujah-Ul-Mulk",108,0,0.344038890659866,0.000163946220006329,0.000193954835990265,5
"Molvi_Agha_Muhammad",108,0,0.344038890659866,0.000163946220006263,0.000193954835990264,5
"Molvi_Attaullah",108,0,0.344038890659866,0.000163946220006274,0.000193954835990263,5
"Molvi_Faizullah",108,0,0.344038890659866,0.000163946220006241,0.000193954835990262,5
"Molvi_Fateh_Mohammad_Maheri",108,0,0.344038890659866,0.000163946220006318,0.000193954835990261,5
"Molvi_Karimdad",108,0,0.344038890659866,0.000163946220006285,0.00019395483599026,5
"Molvi_Muhammad_Idrees_Soomro",108,0,0.344038890659866,0.000163946220006263,0.000193954835990259,5
"Molvi_Muhammad_Jehangir_Khan",108,0,0.344038890659866,0.000163946220006252,0.000193954835990258,5
"Molvi_Qamar-Ud-Din",108,0,0.344038890659866,0.000163946220006252,0.000193954835990257,5
"Moulana_Abdul_Karim_Abid",108,0,0.344038890659866,0.00016394622000623,0.000193954835990256,5
"Moulana_Abdul_Razaque_Abid_Lakho_",108,0,0.344038890659866,0.000163946220006274,0.000193954835990255,5
"Moulana_Abdul_Samad_Shahwani___r_",108,0,0.344038890659866,0.000163946220006263,0.000193954835990254,5
"Moulana_Muhammad_Zahid_Anwar",108,0,0.344038890659866,0.00016394622000623,0.000193954835990253,5
"Moulana_Siddique_Mughari",108,0,0.344038890659866,0.000163946220006307,0.000193954835990252,5
"Moulanataj_Muhammad_Nahiyon",108,0,0.344038890659866,0.000163946220006263,0.000193954835990251,5
"Mr__Mufti_Wali_Muhammad",108,0,0.344038890659866,0.000163946220006252,0.00019395483599025,5
"Mufti_Abdul_Nabi_Langah",108,0,0.344038890659866,0.000163946220006252,0.000193954835990249,5
"Mufti_Ahtisham-Ul-Haq_Asia_Abadi",108,0,0.344038890659866,0.000163946220006241,0.000193954835990248,5
"Mufti_Ajmal_Khan",108,0,0.344038890659866,0.000163946220006296,0.000193954835990247,5
"Mufti_Ali_Hassan_Buriro_",108,0,0.344038890659866,0.000163946220006219,0.000193954835990246,5
"Mufti_Fazal-Ur-Rehman_Nasir_",108,0,0.344038890659866,0.000163946220006296,0.000193954835990245,5
"Mufti_Hafiz_Muhammad_Usman",108,0,0.344038890659866,0.000163946220006296,0.000193954835990243,5
"Mufti_Muhammad_Hanif_Khoso",108,0,0.344038890659866,0.000163946220006252,0.000193954835990242,5
"Mufti_Muhammad_Sajjad",108,0,0.344038890659866,0.000163946220006274,0.000193954835990241,5
"Mufti_Muhammad_Younas",108,0,0.344038890659866,0.000163946220006274,0.00019395483599024,5
"Muhammad_Akram_Abbasi",108,0,0.344038890659866,0.000163946220006274,0.000193954835990239,5
"Muhammad_Faiz-Ur-Rehman",108,0,0.344038890659866,0.000163946220006296,0.000193954835990238,5
"Muhammad_Idrees_Haqani",108,0,0.344038890659866,0.000163946220006252,0.000193954835990237,5
"Muhammad_Ilyas_Siddique_Advocate",108,0,0.344038890659866,0.000163946220006274,0.000193954835990236,5
"Muhammad_Rab_Nawaz",108,0,0.344038890659866,0.000163946220006252,0.000193954835990235,5
"Muhammad_Ramzan_Phulpoto",108,0,0.344038890659866,0.000163946220006274,0.000193954835990234,5
"Muhammad_Riaz_Noori",108,0,0.344038890659866,0.000163946220006296,0.000193954835990233,5
"Muhammad_Siddique_Rathor",108,0,0.344038890659866,0.000163946220006241,0.000193954835990232,5
"Muhammad_Zubair_Kayani",108,0,0.344038890659866,0.000163946220006252,0.000193954835990231,5
"Prof__Abdul_Rehman_Ludhanvi",108,0,0.344038890659866,0.000163946220006285,0.00019395483599023,5
"Professor_Raja_Aurangzeb_Khan",108,0,0.344038890659866,0.000163946220006274,0.000193954835990228,5
"Qari_Muhammad_Usman",108,0,0.344038890659866,0.000163946220006285,0.000193954835990227,5
"Qari_Muhammad_Yousaf",108,0,0.344038890659866,0.000163946220006219,0.000193954835990226,5
"Qari_Muhammad_Zawar_Bahadur",108,0,0.344038890659866,0.000163946220006285,0.000193954835990225,5
"Qari_Muhammad_Zawar_Bahadur__Retired_",108,0,0.344038890659866,0.000163946220006296,0.000193954835990224,5
"Qari_Syed_Abdul_Rahim_Shah",108,0,0.344038890659866,0.000163946220006274,0.000193954835990223,5
"Qazi_Fazal_Ullah",108,0,0.344038890659866,0.000163946220006241,0.000193954835990222,5
"Qazi_Hameed_Ullah_Khan",108,0,0.344038890659866,0.000163946220006241,0.000193954835990221,5
"Raja_Ishtiaq_Ahmed",108,0,0.344038890659866,0.000163946220006274,0.00019395483599022,5
"Rauy_Bashir_Ahmad",108,0,0.344038890659866,0.000163946220006274,0.000193954835990219,5
"Rehmatullah_Tunsuwani",108,0,0.344038890659866,0.000163946220006307,0.000193954835990217,5
"Sahibzada_Abul_Khair_Muhammad_Zubair",108,0,0.344038890659866,0.000163946220006307,0.000193954835990216,5
"Sahibzada_Khalid_Jan",108,0,0.344038890659866,0.000163946220006263,0.000193954835990215,5
"Said_Mukhtar_Ahmed",108,0,0.344038890659866,0.000163946220006274,0.000193954835990214,5
"Saleemullah_Khan_Tarak",108,0,0.344038890659866,0.000163946220006296,0.000193954835990213,5
"Saqib_Rehman_",108,0,0.344038890659866,0.000163946220006296,0.000193954835990212,5
"Shabbir_Abu_Talib",108,0,0.344038890659866,0.000163946220006296,0.000193954835990211,5
"Sibghatullah_Chuadhry",108,0,0.344038890659866,0.000163946220006263,0.000193954835990209,5
"Syed_Abdul_Salam_Hassan_Raza_Naqvi",108,0,0.344038890659866,0.000163946220006241,0.000193954835990208,5
"Syed_Muhammad_Ayoub_",108,0,0.344038890659866,0.000163946220006285,0.000193954835990207,5
"Arbab_Liaquat_Ali",7,0,0.327442354368932,4.35351361036972e-05,0.000124581470172428,5
"Jaffar_Ali",7,0,0.327442354368932,4.35351361036965e-05,0.000124581470172427,5
"Mohsin_Sajjad_Utraa",7,0,0.327442354368932,4.35351361036972e-05,0.000124581470172427,5
"Muntazir_Mehdi",7,0,0.327442354368932,4.35351361036965e-05,0.000124581470172426,5
"Ruqia_Sultana",7,0,0.327442354368932,4.35351361036958e-05,0.000124581470172425,5
"Syed_Arif_Raza_Zaidi",7,0,0.327442354368932,4.35351361036993e-05,0.000124581470172424,5
"Syeda_Zainab_Kazmi",7,0,0.327442354368932,4.35351361036972e-05,0.000124581470172423,5
"Abdul_Kareem_Khetran",11,0,0.357042428252419,0.000156691274839393,9.39017608680488e-05,5
"Abdul_Khaliq_Baloch",11,0,0.357042428252419,0.000156691274839391,9.3901760868048e-05,5
"Dr_Abdul_Hayee_Baloch",11,0,0.357042428252419,0.000156691274839389,9.39017608680471e-05,5
"Haji_Musa_Jan_Khilji",11,0,0.357042428252419,0.000156691274839393,9.39017608680462e-05,5
"Mir_Muhammad_Ayoub_Jattak",11,0,0.357042428252419,0.000156691274839393,9.39017608680453e-05,5
"Mmad_Yasin_Baloch",11,0,0.357042428252419,0.000156691274839393,9.39017608680444e-05,5
"Sardar_Kamal_Khan_Bangulzai",11,0,0.357042428252419,0.000156691274839393,9.39017608680434e-05,5
"Sardar_Sanaullah_Zehri_",11,0,0.357042428252419,0.000156691274839393,9.39017608680425e-05,5
"Shah_Nawaz",155,5344.62859784835,0.466551388738787,0.0030120013757508,0.000252289541686207,5
"Yar_Muhammad_Bangulzai",11,0,0.357042428252419,0.000156691274839391,9.39017608680414e-05,5
"Abdul_Mujeeb_Pirzada",5,0,0.259310427679,2.56970332427464e-07,0.000123158668773864,6
"Ghulam_Murtaza_Khan_Jatoi",5,0,0.259310427679,2.56970332427464e-07,0.000123158668773864,6
"Ghulam_Rasool_Khan_Jatoi",5,0,0.259310427679,2.56970332430898e-07,0.000123158668773863,6
"Muhammad_Ibrahim_Jatoi",5,0,0.259310427679,2.56970332428838e-07,0.000123158668773862,6
"Rais_Ghulam_Murtaza_Jatoi",5,0,0.259310427679,2.56970332430211e-07,0.000123158668773861,6
"Ahmad_Jaan",5,0,0.325295757667094,1.81944151369155e-05,0.000106925714387662,5
"Aimal_Nasir_Khan",5,0,0.325295757667094,1.81944151369176e-05,0.000106925714387661,5
"Mohsin_Javed",5,0,0.325295757667094,1.81944151369176e-05,0.00010692571438766,5
"Muhammad_Asghar_Khan",5,0,0.325295757667094,1.81944151369183e-05,0.000106925714387659,5
"Syed_Nadeem_Shah",5,0,0.325295757667094,1.81944151369196e-05,0.000106925714387658,5
"Abdul_Khalique",13,0,0.344946064722333,7.62574024201515e-05,0.000106831780591622,5
"Faiza_Rafique",13,0,0.344946064722333,7.62574024201405e-05,0.000106831780591621,5
"Ijaz_Hussain",13,0,0.344946064722333,7.62574024201501e-05,0.00010683178059162,5
"m_Naeem",13,0,0.344946064722333,7.62574024201473e-05,0.00010683178059162,5
"Mir_Kabeer_Ahmed",13,0,0.344946064722333,7.62574024201473e-05,0.000106831780591619,5
"Muhammad_Hussain_Wattoo",13,0,0.344946064722333,7.62574024201473e-05,0.000106831780591618,5
"Phaleen",13,0,0.344946064722333,7.62574024201501e-05,0.000106831780591617,5
"Sabira_Asad",13,0,0.344946064722333,7.62574024201487e-05,0.000106831780591616,5
"Yar_Muhammad",13,0,0.344946064722333,7.62574024201501e-05,0.000106831780591615,5
"Yasar_Altaf_Rana",13,0,0.344946064722333,7.62574024201446e-05,0.000106831780591614,5
"Yasmeen_Bibi_Lehri",13,0,0.344946064722333,7.62574024201446e-05,0.000106831780591613,5
"Major_General_Saad_Khattak",1,0,1,0,0.000220748115363124,1
"Zulfiqar_Ali_Dasti",1,0,1,0,0.000220748115362956,1
"Saira_Khatoon",2,0,1,0,0.000220748115362919,1
"Sayyed_Khalid_Mehmood_Shah",2,0,1,0,0.000220748115362787,1
"Shahid_Ahmad",2,0,1,0,0.000220748115362641,1
"Moulana_Abdul_Hafiz",1,0,1,0,0.000220748115363124,1
"S_m_Farooq",1,0,1,0,0.000220748115362956,1
"Ali_Adrees",1,0,1,0,0.000220748115363124,1
"Syed_Zahid_Abbas_Kazmi",1,0,1,0,0.000220748115362956,1
"Asia_Chudhary",3,0,0.337502931748886,0.00133566825956534,7.72937700447866e-05,5
"Haji_Muhammad_Gulzar_Awan",712,12942,0.50926035153946,0.946062758553127,0.000319771525806455,4
"Mirza_Zaheer_Ahmed_Babar",3,0,0.337502931748886,0.00133566825956534,7.72937700447859e-05,5
"Raja_Muhammad_Aftab_Satti",3,0,0.337502931748886,0.00133566825956534,7.72937700447851e-05,5
"Raziq_Dad",1,0,0.257592935139328,3.79992958398254e-06,4.52477285950481e-05,6
"Abdul_Aziz_Khan",3,0,1,1.03007643417739e-18,0.000220748115363154,1
"Ghulam_Habib_Marwat",3,0,1,3.43358811392463e-19,0.000220748115363077,1
"Makhdoom_Nasir_Farid_Chishti",3,0,1,1.03007643417739e-18,0.000220748115362993,1
"Rubina_Shaheen_Wattoo",3,0,1,2.40351167974724e-18,0.000220748115362902,1
"Imam_Ali_Brohi",0,0,NA,0,3.3112217304612e-05,0
"Danish_Channa",2,0,1,0,0.000220748115362919,1
"Muhammad_Jaffar_Jatoi",2,0,1,1.03007643417739e-18,0.000220748115362787,1
"Raheeman",2,0,1,0,0.000220748115362641,1
"Ch_muhammad_Ashraf",1,0,1,0,0.000220748115363124,1
"Nawab_Zada_Mansoor_Ahmad_Khan",1,0,1,0,0.000220748115362956,1
"Abdul_Shakoor",18,8630.00000000001,0.328388863532634,9.28380267548742e-05,0.000239611508910761,5
"Admiral_r_Javaid_Iqbal",16,0,0.328338910860967,9.28376587403511e-05,0.000175906466756272,5
"Admiral_r_Javed_Iqbal",16,0,0.328338910860967,9.28376587403538e-05,0.000175906466756271,5
"Ameer_Ahmad_Awan",16,0,0.328338910860967,9.28376587403538e-05,0.00017590646675627,5
"Asghar_Ali_Javed",16,0,0.328338910860967,9.2837658740362e-05,0.000175906466756269,5
"Choudhary_Muhammad_Rafi",16,0,0.328338910860967,9.28376587403538e-05,0.000175906466756268,5
"Hafiz_Muhammad_Abid_Khan_Saeedi",16,0,0.328338910860967,9.28376587403593e-05,0.000175906466756267,5
"Khalid_Jamal_Siddiqui",16,0,0.328338910860967,9.28376587403511e-05,0.000175906466756266,5
"Muhammad_Salman_Ansari",16,0,0.328338910860967,9.2837658740362e-05,0.000175906466756265,5
"Nasir_Abbas",503,77382,0.487851734659284,0.0645506444685011,0.000383952848346719,4
"Nasir_Raheem",16,0,0.328338910860967,9.28376587403511e-05,0.000175906466756264,5
"Nazar_Ali_Mazari",16,0,0.328338910860967,9.28376587403566e-05,0.000175906466756263,5
"Rahmaan_Alli",16,0,0.328338910860967,9.28376587403648e-05,0.000175906466756262,5
"Syed_Ahmed_Ali",16,0,0.328338910860967,9.28376587403511e-05,0.000175906466756261,5
"Syed_Iqbal_Shah",16,0,0.328338910860967,9.28376587403648e-05,0.00017590646675626,5
"Syed_Rashid_Ali_Gerdazi",16,0,0.328338910860967,9.2837658740362e-05,0.000175906466756259,5
"Tariq_Yaseen",16,0,0.328338910860967,9.28376587403538e-05,0.000175906466756258,5
"Doctor_Muhammad_Rashid_Qammar",4,0,0.292697810021018,4.51508577204975e-06,9.96687478233088e-05,6
"Muhammad_Arshad_Hussain_Chishti",4,0,0.292697810021018,4.51508577204838e-06,9.96687478233081e-05,6
"Sardar_Naseer_Ahmed",4,0,0.292697810021018,4.51508577204838e-06,9.96687478233073e-05,6
"Sufi_Muhammad_Ali_Naqshbandi",4,0,0.292697810021018,4.51508577204975e-06,9.96687478233065e-05,6
"Miss_Mehwish_Chaudhary",1,0,1,0,0.000220748115363124,1
"Mrs_Mehwish_Chaudhry_Advocate",1,0,1,0,0.000220748115362956,1
"Muhammad_Ali_Sheikh",0,0,NA,0,3.3112217304612e-05,0
"Ilhaaj_Muhammad_Hassan_Chaudhry",0,0,NA,0,3.3112217304612e-05,0
"Muhammad_Yousuf_Kureshy",0,0,NA,0,3.3112217304612e-05,0
"Ch_Ijaz_Hussain_Gujjar_Advocate",12,0,0.343054672600127,5.70971385241339e-05,0.000154230468668904,5
"Ch_Muhammad_Majeed_Gill_Advocate",12,0,0.343054672600127,5.70971385241325e-05,0.000154230468668903,5
"Chudhary_Ghulam_Rasool_Mehr",12,0,0.343054672600127,5.70971385241298e-05,0.000154230468668902,5
"Malik_Mansaf_Awan_Advocate",12,0,0.343054672600127,5.70971385241353e-05,0.000154230468668902,5
"Malik_Noor_Muhammad_Sarfraz_Awan_Advocate",12,0,0.343054672600127,5.70971385241284e-05,0.000154230468668901,5
"Mian_Ghulam_Rasool_Advocate",12,0,0.343054672600127,5.70971385241366e-05,0.0001542304686689,5
"Muhammad_Arshad_Faqir",12,0,0.343054672600127,5.70971385241353e-05,0.000154230468668899,5
"Muhammad_Naeem_Kashif_Adv",12,0,0.343054672600127,5.70971385241311e-05,0.000154230468668898,5
"Muhammad_Shakeel_Tahir",12,0,0.343054672600127,5.70971385241421e-05,0.000154230468668897,5
"Qari_Nadeem_Ahmad_Owaisi",12,0,0.343054672600127,5.70971385241325e-05,0.000154230468668896,5
"Rai_Muhammad_Nawaz_Kharal_Advocate",12,0,0.343054672600127,5.70971385241366e-05,0.000154230468668895,5
"Zafar_Iqbal_Rajput_Khokhar",12,0,0.343054672600127,5.70971385241353e-05,0.000154230468668895,5
"Abdul_Ghafoor_Kolachi",4,0,1,3.43358811392463e-18,0.0002207481153631,1
"Malik_Zulfiqar_Hussain",4,0,1,3.43358811392463e-18,0.000220748115363035,1
"Muhammad_Amir_Wattoo",4,0,1,2.74687049113971e-18,0.000220748115362966,1
"Syed_Muhammad_Asad_Shah_Athar",4,0,1,4.12030573670956e-18,0.000220748115362892,1
"Tariq_Iqbal",4,0,1,4.12030573670956e-18,0.000220748115362814,1
"Abd-Ul-Qadoos_Awan",1,0,1,0,0.000220748115363124,1
"Syed_Yousaf_Shah",1,0,1,0,0.000220748115362956,1
"Ch_Muhammad_Yaseen_Cheema",1,0,1,0,0.000220748115363124,1
"Ch_Shoukat_Ali_Cabail",1,0,1,0,0.000220748115362956,1
"Arslan_Ul_Mulk_Dhariwal",0,0,NA,0,3.3112217304612e-05,0
"Meharban_Saeen_Rana_Abdul_Ghafoor_Mian",0,0,NA,0,3.3112217304612e-05,0
"Abdul_Rehman_Khan_Jamali",244,0,0.437962869027087,0.00770592897324586,0.000203325293772564,4
"Abdur_Raj_Khan",244,0,0.437962869027087,0.0077059289732459,0.000203325293772563,4
"Adeeba_Gul_Magsi",244,0,0.437962869027087,0.0077059289732459,0.000203325293772562,4
"Alhaaj_Malak_Aurangzeb_Khan",244,0,0.437962869027087,0.0077059289732459,0.000203325293772561,4
"Ali_Asjad_Malhi",244,0,0.437962869027087,0.0077059289732459,0.000203325293772561,4
"Altaf_Hussain_Unar",244,0,0.437962869027087,0.0077059289732459,0.00020332529377256,4
"Amanullah_Khan_Jadoon",244,0,0.437962869027087,0.00770592897324586,0.000203325293772559,4
"Amanullah_Paracha",244,0,0.437962869027087,0.00770592897324586,0.000203325293772558,4
"Ameer_Maqam",244,0,0.437962869027087,0.0077059289732459,0.000203325293772558,4
"Anwar_Ul_Haq_Alias_Anno",244,0,0.437962869027087,0.00770592897324586,0.000203325293772557,4
"Arbab_Zakaullah",244,0,0.437962869027087,0.00770592897324586,0.000203325293772556,4
"Asif_Tauseef_",244,0,0.437962869027087,0.00770592897324586,0.000203325293772555,4
"Aurangzaib_Khan_Khichi",244,0,0.437962869027087,0.0077059289732459,0.000203325293772555,4
"Azeem_u_Deen_Zahid",244,0,0.437962869027087,0.00770592897324586,0.000203325293772554,4
"Begum_Malik_Shoaib_Awan",244,0,0.437962869027087,0.0077059289732459,0.000203325293772553,4
"Bibi_Yasmeen_Shah",284,4207.45236687235,0.440960163432074,0.0107388900317031,0.000302215760350336,4
"Brgd_r__Zulfiqar_Ahmad_Dhillon",244,0,0.437962869027087,0.00770592897324586,0.000203325293772551,4
"Ch__Abdul_Sattar",244,0,0.437962869027087,0.00770592897324595,0.000203325293772551,4
"Ch__Anwar_Ali_Cheema",244,0,0.437962869027087,0.00770592897324595,0.00020332529377255,4
"Ch__Bilal_Ijaz",244,0,0.437962869027087,0.00770592897324582,0.000203325293772549,4
"Ch__Ghais_Ahmed_Mela",244,0,0.437962869027087,0.0077059289732459,0.000203325293772548,4
"Ch__Imran_Ullah",244,0,0.437962869027087,0.0077059289732459,0.000203325293772548,4
"Ch__Muhammad_Ashiq_Dyial",244,0,0.437962869027087,0.00770592897324595,0.000203325293772547,4
"Ch__Nazir_Ahmed_Jatt",244,0,0.437962869027087,0.0077059289732459,0.000203325293772546,4
"Ch__Pervaiz_Ellahi",244,0,0.437962869027087,0.0077059289732459,0.000203325293772545,4
"Ch__Shahid_Akram_Bhinder",244,0,0.437962869027087,0.00770592897324595,0.000203325293772544,4
"Ch__Shamshad_Ahmad_Khan",244,0,0.437962869027087,0.0077059289732459,0.000203325293772544,4
"Ch__Shujaat_Hussain",244,0,0.437962869027087,0.0077059289732459,0.000203325293772543,4
"Ch__Zaffar_Iqbal_Warraich",244,0,0.437962869027087,0.0077059289732459,0.000203325293772542,4
"Ch_amir_Hussain_",244,0,0.437962869027087,0.00770592897324595,0.000203325293772541,4
"Ch_Anwar_Ali_Cheema",244,0,0.437962869027087,0.00770592897324595,0.000203325293772541,4
"Ch_Liaqat_Abbas_Bhatti",244,0,0.437962869027087,0.00770592897324586,0.00020332529377254,4
"Ch_muhammad_Saeed_Virk",244,0,0.437962869027087,0.00770592897324586,0.000203325293772539,4
"Ch_nauraiz_Shakoor_Khan",244,0,0.437962869027087,0.0077059289732459,0.000203325293772538,4
"Ch_Parvez_Elahi",244,0,0.437962869027087,0.0077059289732459,0.000203325293772537,4
"Ch_pervaiz_Elahi",244,0,0.437962869027087,0.00770592897324595,0.000203325293772537,4
"Ch_pervaiz_Ellahi",244,0,0.437962869027087,0.0077059289732459,0.000203325293772536,4
"Ch_Sajid_Hussain_Chatha",244,0,0.437962869027087,0.00770592897324599,0.000203325293772535,4
"Ch_shahbaz_Hussain",244,0,0.437962869027087,0.0077059289732459,0.000203325293772534,4
"Ch_Shoukat_Ali_Bhatti",244,0,0.437962869027087,0.00770592897324595,0.000203325293772533,4
"Ch_shujat_Hussain",244,0,0.437962869027087,0.0077059289732459,0.000203325293772533,4
"Ch_Wajahat_Hussain",244,0,0.437962869027087,0.00770592897324595,0.000203325293772532,4
"Chaudhary_Shahbaz_Hussain",244,0,0.437962869027087,0.0077059289732459,0.000203325293772531,4
"Chaudhary_Wajahat_Hussain",244,0,0.437962869027087,0.00770592897324586,0.00020332529377253,4
"Chaudhry_Muhammad_Anwar_Bhinder",244,0,0.437962869027087,0.0077059289732459,0.000203325293772529,4
"Choudhry_Adil_Saboor",244,0,0.437962869027087,0.0077059289732459,0.000203325293772529,4
"Choudhry_Farrukh_Altaf",244,0,0.437962869027087,0.0077059289732459,0.000203325293772528,4
"Choudhry_Tariq_Bashir_Cheema",244,0,0.437962869027087,0.0077059289732459,0.000203325293772527,4
"Daniyal_Aziz",802,25248.0984078244,0.502970989164628,0.0568665119415729,0.00040816905619142,4
"Dawa_Khan",728,41868.7902708036,0.504204625087596,0.0718504375809295,0.000401687586587715,4
"Dewan_Syed_Ashiq_Hussain_Bukhari",244,0,0.437962869027087,0.0077059289732459,0.000203325293772524,4
"Doctor_Nisar_Ahmad_Jat_",244,0,0.437962869027087,0.0077059289732459,0.000203325293772524,4
"Dr__Ghulam_Hyder_Samejo",244,0,0.437962869027087,0.00770592897324586,0.000203325293772523,4
"Dr_junaid_Mumtaz_Joya",244,0,0.437962869027087,0.0077059289732459,0.000203325293772522,4
"Dr_sher_Afghan_Khan_Niazi",244,0,0.437962869027087,0.0077059289732459,0.000203325293772521,4
"Ehsanullah_Reki",951,81161.690638992,0.526270876508594,0.949757367006152,0.00042385957679343,4
"Engineer_Amir_Muqam",244,0,0.437962869027087,0.00770592897324595,0.000203325293772519,4
"Fahad_Malik",244,0,0.437962869027087,0.0077059289732459,0.000203325293772518,4
"Farhad_Ali_Khan",244,0,0.437962869027087,0.0077059289732459,0.000203325293772517,4
"Farkhanda_Amjad_Warraich",244,0,0.437962869027087,0.00770592897324586,0.000203325293772516,4
"Farooq_Ahmed_Khan_Leghari",244,0,0.437962869027087,0.0077059289732459,0.000203325293772515,4
"Fawad_Ahmad",244,0,0.437962869027087,0.00770592897324586,0.000203325293772515,4
"Fazal_Ahmad_Sheikh",244,0,0.437962869027087,0.00770592897324595,0.000203325293772514,4
"Ghias_Ahmad_Mela",244,0,0.437962869027087,0.00770592897324586,0.000203325293772513,4
"Ghous_Bux_Khan_Mahar",284,4207.45236687235,0.440960163432074,0.0107388900317032,0.000302215760350296,4
"Ghulam_Bibi_Bharwana",802,25248.0984078244,0.502970989164628,0.0568665119415728,0.000408169056191366,4
"Ghulam_Sarwar_Khan",728,41868.7902708036,0.504204625087596,0.0718504375809294,0.000401687586587713,4
"Ghulam_Sarwar_Siyal_Babu",244,0,0.437962869027087,0.00770592897324595,0.00020332529377251,4
"Habibullah_Khan_Kundi",244,0,0.437962869027087,0.00770592897324595,0.00020332529377251,4
"Haji_Bilal_Noor_Ansari_",244,0,0.437962869027087,0.00770592897324586,0.000203325293772509,4
"Haji_Mohammad_Islam_Qureshi",244,0,0.437962869027087,0.0077059289732459,0.000203325293772508,4
"Haleem_Adil_Shaikh",244,0,0.437962869027087,0.00770592897324586,0.000203325293772507,4
"Hamayun_Saifullah_Khan",244,0,0.437962869027087,0.0077059289732459,0.000203325293772506,4
"Hamid_Nasir_Chatha",244,0,0.437962869027087,0.00770592897324595,0.000203325293772506,4
"Hamid_Yar_Hiraj",244,0,0.437962869027087,0.00770592897324586,0.000203325293772505,4
"Haroon_Ehsan_Piracha",244,0,0.437962869027087,0.00770592897324595,0.000203325293772504,4
"Humayun_Akhtar_Khan",244,0,0.437962869027087,0.0077059289732459,0.000203325293772503,4
"Hussaini_Shahabuddin_Shah",244,0,0.437962869027087,0.0077059289732459,0.000203325293772502,4
"Ihsan_Ali_Jatoi",244,0,0.437962869027087,0.00770592897324595,0.000203325293772501,4
"Inam_Khan",244,0,0.437962869027087,0.0077059289732459,0.0002033252937725,4
"Irshad_Alam",244,0,0.437962869027087,0.00770592897324586,0.0002033252937725,4
"Ishaq_Khan_Khakwani",244,0,0.437962869027087,0.00770592897324595,0.000203325293772499,4
"Jaffar_Khan_Mandokhel",244,0,0.437962869027087,0.0077059289732459,0.000203325293772498,4
"Jam_Mir_Muhammad_Yousuf",244,0,0.437962869027087,0.0077059289732459,0.000203325293772497,4
"Javed_Iqbal",302,37974.0874674556,0.461415134672937,0.0107158971103004,0.000333121215554984,4
"Javed_Iqbal_Satti",244,0,0.437962869027087,0.00770592897324595,0.000203325293772495,4
"Kh__Tahir_Zia",244,0,0.437962869027087,0.00770592897324582,0.000203325293772495,4
"Khalid_Ahmad_Gurmani",244,0,0.437962869027087,0.00770592897324582,0.000203325293772494,4
"Khalid_Ahmed_Khan_Lund",951,81161.690638992,0.526270876508594,0.949757367006152,0.000423859576793428,4
"Khan_Aftab_Ahmad_Khan_Khichi",244,0,0.437962869027087,0.00770592897324586,0.000203325293772493,4
"Khan_Amanullah_Khan",244,0,0.437962869027087,0.0077059289732459,0.000203325293772492,4
"Khan_Muhammad_Dhari",244,0,0.437962869027087,0.0077059289732459,0.000203325293772491,4
"Khawja_Sheeraz_Mehmood",244,0,0.437962869027087,0.0077059289732459,0.00020332529377249,4
"Khurram_Munawar_Manj",244,0,0.437962869027087,0.00770592897324595,0.000203325293772489,4
"Khurram_Munawwar_Munj",244,0,0.437962869027087,0.0077059289732459,0.000203325293772489,4
"Khurshid_Ali_Khan",244,0,0.437962869027087,0.00770592897324595,0.000203325293772488,4
"Liaquat_Ali_Qureshi",244,0,0.437962869027087,0.0077059289732459,0.000203325293772487,4
"Lietutant_Col__r_Ghulam_Rasul_Sahi_",244,0,0.437962869027087,0.0077059289732459,0.000203325293772486,4
"Liquat_Ali_Khan_Jatoi",244,0,0.437962869027087,0.0077059289732459,0.000203325293772485,4
"Maj__r__Habib_Ullah_Warraich",244,0,0.437962869027087,0.00770592897324595,0.000203325293772484,4
"Makhdom_Zada_Syed_Basit_Ahmad_Sultan_Bukhari",244,0,0.437962869027087,0.00770592897324595,0.000203325293772483,4
"Makhdoom_Khusru_Bakhtiar",244,0,0.437962869027087,0.0077059289732459,0.000203325293772483,4
"Makhdoom_Syed_Ahmad_Alam_Anwar",244,0,0.437962869027087,0.0077059289732459,0.000203325293772482,4
"Makhdoom_Syed_Ali_Akbar_Mehmood",244,0,0.437962869027087,0.0077059289732459,0.000203325293772481,4
"Makhdoom_Syed_Faisal_Saleh_Hayat",244,0,0.437962869027087,0.0077059289732459,0.00020332529377248,4
"Malik_Ghulam_Murtaza_Maitla",244,0,0.437962869027087,0.0077059289732459,0.000203325293772479,4
"Malik_Ghulam_Qasim_Hinjra",244,0,0.437962869027087,0.0077059289732459,0.000203325293772478,4
"Malik_Najab_Gul_Khalil_Adv_",244,0,0.437962869027087,0.00770592897324586,0.000203325293772477,4
"Malik_Nauman_Ahmad_Langrial",244,0,0.437962869027087,0.0077059289732459,0.000203325293772477,4
"Malik_Nauman_Ahmed_Langriyal",244,0,0.437962869027087,0.0077059289732459,0.000203325293772476,4
"Malik_Niaz_Ahmad_Jakhar",244,0,0.437962869027087,0.0077059289732459,0.000203325293772475,4
"Mian_Ahmad_Raza_Khan_Maneka",244,0,0.437962869027087,0.0077059289732459,0.000203325293772474,4
"Mian_Khursheed_Mehmood_Kasuri",244,0,0.437962869027087,0.00770592897324595,0.000203325293772473,4
"Mian_Mazhar_Ahmed_Qureshi",244,0,0.437962869027087,0.00770592897324595,0.000203325293772472,4
"Mian_Muhammad_Azhar",244,0,0.437962869027087,0.0077059289732459,0.000203325293772471,4
"Mian_Muhammad_Jehangir",244,0,0.437962869027087,0.0077059289732459,0.00020332529377247,4
"Mian_Muhammad_Kashif_Ashfaq",244,0,0.437962869027087,0.00770592897324595,0.00020332529377247,4
"Mian_Muhammad_Riaz_",244,0,0.437962869027087,0.00770592897324595,0.000203325293772469,4
"Mian_Najeeb_Ud_Din_Awasi",244,0,0.437962869027087,0.00770592897324595,0.000203325293772468,4
"Mian_Rajab_Ali_Khan_Baloch_",244,0,0.437962869027087,0.0077059289732459,0.000203325293772467,4
"Mian_Riaz_Hussain_Pirzada",802,25248.0984078244,0.502970989164628,0.0568665119415728,0.000408169056191321,4
"Mian_Shamim_Haidar",244,0,0.437962869027087,0.00770592897324595,0.000203325293772465,4
"Mian_Yahya_Shah_Kaka_Khel",244,0,0.437962869027087,0.0077059289732459,0.000203325293772464,4
"Mir_Ahmadan_Khan_Bugti",244,0,0.437962869027087,0.0077059289732459,0.000203325293772463,4
"Mir_Ahmedan_Khan_Bugti",244,0,0.437962869027087,0.0077059289732459,0.000203325293772462,4
"Mir_Asim_Kurd",244,0,0.437962869027087,0.00770592897324586,0.000203325293772462,4
"Mir_Atta-Ur-Rehman_Mengal",244,0,0.437962869027087,0.0077059289732459,0.000203325293772461,4
"Mir_Zeeshan_Ali_Panhwar",244,0,0.437962869027087,0.00770592897324586,0.00020332529377246,4
"Mr__Ghulam_Sarwar_Siyal__Babu_",244,0,0.437962869027087,0.0077059289732459,0.000203325293772459,4
"Muhammad_Afrooq_Anwar_Abbasi",244,0,0.437962869027087,0.00770592897324599,0.000203325293772458,4
"Muhammad_Ajmal_Khan_Kanjoo",244,0,0.437962869027087,0.00770592897324595,0.000203325293772457,4
"Muhammad_Asim_Nazir",244,0,0.437962869027087,0.00770592897324595,0.000203325293772456,4
"Muhammad_Aslam_Khan_Kharral",244,0,0.437962869027087,0.00770592897324586,0.000203325293772455,4
"Muhammad_Ayub_Khan_Khattak",244,0,0.437962869027087,0.00770592897324586,0.000203325293772454,4
"Muhammad_Basharat_Raja",244,0,0.437962869027087,0.0077059289732459,0.000203325293772454,4
"Muhammad_Idrees",244,0,0.437962869027087,0.0077059289732459,0.000203325293772453,4
"Muhammad_Ijaz-Ul-Haq",246,30170,0.438274111675127,0.00770595952020209,0.000255310162439792,4
"Muhammad_Intikhab_Khan",244,0,0.437962869027087,0.00770592897324586,0.000203325293772451,4
"Muhammad_Mehboob_Sultan",802,25248.0984078244,0.502970989164628,0.0568665119415729,0.000408169056191305,4
"Muhammad_Naseer_Khan",244,0,0.437962869027087,0.0077059289732459,0.000203325293772449,4
"Muhammad_Nasir_Raja",244,0,0.437962869027087,0.00770592897324595,0.000203325293772448,4
"Muhammad_Nawaz_Khan",728,41868.7902708036,0.504204625087596,0.0718504375809295,0.000401687586587635,4
"Muhammad_Raza_Hayat_Hiraj",244,0,0.437962869027087,0.0077059289732459,0.000203325293772446,4
"Muhammad_Saddique_Khan_Baluch",244,0,0.437962869027087,0.0077059289732459,0.000203325293772445,4
"Muhammad_Safdar_Shakir_",244,0,0.437962869027087,0.0077059289732459,0.000203325293772445,4
"Muhammad_Sarwar_Khan_Kakar",244,0,0.437962869027087,0.0077059289732459,0.000203325293772444,4
"Muhammad_Shah_Khagga",244,0,0.437962869027087,0.00770592897324595,0.000203325293772443,4
"Muhammad_Tahir_Shah",244,0,0.437962869027087,0.0077059289732459,0.000203325293772442,4
"Muhammad_Urs_Khero",244,0,0.437962869027087,0.00770592897324586,0.000203325293772441,4
"Muhtarma_Amna_Zulifqar_Dhillon",244,0,0.437962869027087,0.00770592897324595,0.00020332529377244,4
"Mukhdoom_Syed_Sami-Ul-Hassan_Gilani",244,0,0.437962869027087,0.0077059289732459,0.000203325293772439,4
"Mushtaq_Ali_Cheema_",244,0,0.437962869027087,0.0077059289732459,0.000203325293772438,4
"Mustafa_Nawaz_Khokhar",951,81161.690638992,0.526270876508594,0.949757367006152,0.000423859576793345,4
"Naseem_Muhammad_Khan",802,25248.0984078244,0.502970989164628,0.0568665119415726,0.000408169056191291,4
"Nasir_Iqbal_Busal",244,0,0.437962869027087,0.00770592897324586,0.000203325293772435,4
"Nasrullah_Khan_Bijarani",244,0,0.437962869027087,0.0077059289732459,0.000203325293772435,4
"Nawab_Zada_Iftikhar_Ahmad_Khan_Babar",244,0,0.437962869027087,0.00770592897324586,0.000203325293772434,4
"Nawabzada_Sardar_Khan_Chandio",244,0,0.437962869027087,0.0077059289732459,0.000203325293772433,4
"Niloufer_Qasim_Mahdi",244,0,0.437962869027087,0.0077059289732459,0.000203325293772432,4
"Peer_Tariq_Ahmed_Shah",244,0,0.437962869027087,0.00770592897324595,0.000203325293772431,4
"Pir_Aslam_Bodla",244,0,0.437962869027087,0.0077059289732459,0.00020332529377243,4
"Pir_Muhammad_Shah_Khagga",244,0,0.437962869027087,0.00770592897324586,0.000203325293772429,4
"Pir_Sajjad_Saeed_Jan_Sirhandi",284,4207.45236687235,0.440960163432074,0.0107388900317032,0.000302215760350212,4
"Professor_Engineer_Rana_Saeed_Ahmed_Zafar",244,0,0.437962869027087,0.00770592897324604,0.000203325293772427,4
"Qari_Mushtaque_Ahmed_Farooqui",244,0,0.437962869027087,0.0077059289732459,0.000203325293772426,4
"Rai_Mansab_Ali",244,0,0.437962869027087,0.00770592897324599,0.000203325293772425,4
"Rai_Muhammad_Aslam_Kharal",244,0,0.437962869027087,0.00770592897324586,0.000203325293772424,4
"Rais_Munir_Ahmad",244,0,0.437962869027087,0.00770592897324586,0.000203325293772423,4
"Raja_Qasim_Javaid_Ikhlas",244,0,0.437962869027087,0.0077059289732459,0.000203325293772422,4
"Raja_Talia_Saeed_Khan",244,0,0.437962869027087,0.0077059289732459,0.000203325293772422,4
"Rana_Asif_Touseef",244,0,0.437962869027087,0.00770592897324586,0.000203325293772421,4
"Rana_Tariq_Javed",244,0,0.437962869027087,0.0077059289732459,0.00020332529377242,4
"Rana_Zahid_Mahmood_",244,0,0.437962869027087,0.00770592897324595,0.000203325293772419,4
"Rao_Muhammad_Ajmal_Khan",802,25248.0984078244,0.502970989164628,0.0568665119415727,0.000408169056191272,4
"Rao_Sikandar_Iqbal",244,0,0.437962869027087,0.0077059289732459,0.000203325293772417,4
"Rehman_Naseer",244,0,0.437962869027087,0.00770592897324586,0.000203325293772416,4
"Rehman_Naseer_Ch_",244,0,0.437962869027087,0.00770592897324595,0.000203325293772415,4
"Riaz_Fatiyana",244,0,0.437962869027087,0.0077059289732459,0.000203325293772414,4
"Rifat_Javed_Kahloon",244,0,0.437962869027087,0.0077059289732459,0.000203325293772413,4
"Rizwan_Sadiq_Khan",244,0,0.437962869027087,0.0077059289732459,0.000203325293772412,4
"Ruquiya_Saeed_Hashmi",244,0,0.437962869027087,0.0077059289732459,0.000203325293772411,4
"Sahibzada_Muhammad_Nazir_Sultan",244,0,0.437962869027087,0.0077059289732459,0.00020332529377241,4
"Said_Badshah",244,0,0.437962869027087,0.0077059289732459,0.000203325293772409,4
"Sajad_Hussain",244,0,0.437962869027087,0.0077059289732459,0.000203325293772408,4
"Saranzaib_Khan",244,0,0.437962869027087,0.00770592897324595,0.000203325293772407,4
"Sardar_Aqil_Omer",244,0,0.437962869027087,0.00770592897324586,0.000203325293772406,4
"Sardar_Ashiq_Hussain_Gopan",244,0,0.437962869027087,0.0077059289732459,0.000203325293772405,4
"Sardar_Awais_Ahmad_Khan_Leghari",802,25248.0984078244,0.502970989164628,0.056866511941573,0.000408169056191259,4
"Sardar_Bahadar_Ahmad_Khan_Seehar",244,0,0.437962869027087,0.00770592897324595,0.000203325293772404,4
"Sardar_Fateh_Muhammad_Muhammad_Hassani",244,0,0.437962869027087,0.00770592897324595,0.000203325293772403,4
"Sardar_Maqsood_Khan_Leghari",244,0,0.437962869027087,0.0077059289732459,0.000203325293772402,4
"Sardar_Masood_Ali_Khan_Luni",244,0,0.437962869027087,0.0077059289732459,0.000203325293772401,4
"Sardar_Muhammad_Asif_Nakai",244,0,0.437962869027087,0.0077059289732459,0.0002033252937724,4
"Sardar_Muhammad_Israr_Tareen",244,0,0.437962869027087,0.0077059289732459,0.000203325293772399,4
"Sardar_Muhammad_Jafar_Khan_Leghari",244,0,0.437962869027087,0.0077059289732459,0.000203325293772398,4
"Sardar_Muhammad_Nawab_Khan",244,0,0.437962869027087,0.00770592897324595,0.000203325293772397,4
"Sardar_Muhammad_Yaqoob",728,41868.7902708036,0.504204625087596,0.0718504375809294,0.000401687586587584,4
"Sardar_Nasrullh_Khan_Dreshak_",244,0,0.437962869027087,0.00770592897324586,0.000203325293772395,4
"Sardar_Shajehan_Yousaf",244,0,0.437962869027087,0.00770592897324599,0.000203325293772394,4
"Sardar_Talib_Hassan_Nakai",244,0,0.437962869027087,0.0077059289732459,0.000203325293772393,4
"Sardar_Tofail_Ahmed_Khan",244,0,0.437962869027087,0.00770592897324586,0.000203325293772392,4
"Sardar_Yar_Muhammad_Rind",244,0,0.437962869027087,0.00770592897324595,0.000203325293772391,4
"Sayed_Murad_Ali_Shah",244,0,0.437962869027087,0.0077059289732459,0.00020332529377239,4
"Sh__Rasheed_Ahmed",244,0,0.437962869027087,0.0077059289732459,0.000203325293772389,4
"Shad_Ali_Khan",244,0,0.437962869027087,0.0077059289732459,0.000203325293772388,4
"Shahid_Manzoor_Gill",244,0,0.437962869027087,0.00770592897324586,0.000203325293772387,4
"Shahid_Manzoor_Gill_",244,0,0.437962869027087,0.0077059289732459,0.000203325293772386,4
"Shahida_Sattar_Laleka",244,0,0.437962869027087,0.0077059289732459,0.000203325293772385,4
"Shahzada_Muhyuddin",244,0,0.437962869027087,0.0077059289732459,0.000203325293772384,4
"Sheikh_Jafar_Khan_Mandokhail",244,0,0.437962869027087,0.0077059289732459,0.000203325293772383,4
"Sheikh_Muhammad_Anwar",244,0,0.437962869027087,0.00770592897324595,0.000203325293772382,4
"Sheikh_Muhammad_Tahir_Rasheed",244,0,0.437962869027087,0.0077059289732459,0.000203325293772381,4
"Sheikh_Waqas_Akram",244,0,0.437962869027087,0.00770592897324595,0.00020332529377238,4
"Shoukat_Ali_Khan",244,0,0.437962869027087,0.00770592897324595,0.000203325293772379,4
"Shujaat_Ali_Khan",244,0,0.437962869027087,0.00770592897324595,0.000203325293772378,4
"Sikandar_Hayat_Khan_Bossan",244,0,0.437962869027087,0.00770592897324586,0.000203325293772377,4
"Suhrab_Ali",244,0,0.437962869027087,0.00770592897324586,0.000203325293772376,4
"Sultan_Shahab_Jahangir",244,0,0.437962869027087,0.0077059289732459,0.000203325293772375,4
"Sumaira_Malik",244,0,0.437962869027087,0.0077059289732459,0.000203325293772374,4
"Syed_Ayaz_Ali_Shah_Sheerazi",244,0,0.437962869027087,0.00770592897324586,0.000203325293772373,4
"Syed_Gulzar_Sabtain_Shah",244,0,0.437962869027087,0.00770592897324586,0.000203325293772372,4
"Syed_Mujahid_Ali_Shah",244,0,0.437962869027087,0.00770592897324595,0.000203325293772371,4
"Syed_Noor-Ul-Hassan_Shah",244,0,0.437962869027087,0.0077059289732459,0.00020332529377237,4
"Syed_Obaidullah",244,0,0.437962869027087,0.00770592897324595,0.000203325293772369,4
"Syed_Qurban_Ali_Shah",284,4207.45236687235,0.440960163432074,0.0107388900317031,0.000302215760350152,4
"Syed_Riaz_Hussain_Shah_Sheerazi",244,0,0.437962869027087,0.0077059289732459,0.000203325293772367,4
"Tahir_Bashir_Cheema",802,25248.0984078244,0.502970989164628,0.0568665119415729,0.00040816905619122,4
"Tahir_Hussain_Shah_",244,0,0.437962869027087,0.0077059289732459,0.000203325293772365,4
"Taj_Mohammad_Shaikh",244,0,0.437962869027087,0.0077059289732459,0.000203325293772364,4
"Tariq_Bashir_Cheema",244,0,0.437962869027087,0.00770592897324595,0.000203325293772363,4
"Umar_Ayub_Khan",244,0,0.437962869027087,0.0077059289732459,0.000203325293772362,4
"Umar_Zeb_Khan",244,0,0.437962869027087,0.0077059289732459,0.000203325293772361,4
"Waseem_Gulzar",244,0,0.437962869027087,0.00770592897324595,0.00020332529377236,4
"Wazir_Mohammad_Safi",244,0,0.437962869027087,0.00770592897324595,0.000203325293772359,4
"Zafarullah_Tarar",244,0,0.437962869027087,0.00770592897324595,0.000203325293772358,4
"Zaheer_Ud_Din",244,0,0.437962869027087,0.00770592897324595,0.000203325293772357,4
"Zahid_Nazir",244,0,0.437962869027087,0.0077059289732459,0.000203325293772356,4
"Zardali_Khan",244,0,0.437962869027087,0.00770592897324595,0.000203325293772355,4
"Zargul_Khan",244,0,0.437962869027087,0.00770592897324595,0.000203325293772354,4
"Inzar_Gul",0,0,NA,0,3.3112217304612e-05,0
"Ali_Akber_Nizamani",43,0,0.386689358652813,0.00309335070608897,0.000133184261416683,5
"Ali_Asghar_Halepoto",43,0,0.386689358652813,0.00309335070608897,0.000133184261416682,5
"Amjad_Hussain",43,0,0.386689358652813,0.00309335070608896,0.000133184261416681,5
"Chakar_Khan_Shahani",43,0,0.386689358652813,0.00309335070608897,0.00013318426141668,5
"Fakir_Ghulam_Nabi_Mangrio",43,0,0.386689358652813,0.00309335070608896,0.00013318426141668,5
"Ghulam_Dastgir_Rajar",43,0,0.386689358652813,0.00309335070608897,0.000133184261416679,5
"Imamuddin_Shaookeen",43,0,0.386689358652813,0.00309335070608896,0.000133184261416678,5
"Inayatullah",43,0,0.386689358652813,0.00309335070608897,0.000133184261416677,5
"Jam_Mashooque_Ali",43,0,0.386689358652813,0.00309335070608897,0.000133184261416676,5
"Khuda_Bux_Dars",43,0,0.386689358652813,0.00309335070608896,0.000133184261416675,5
"Main_Sajjad_Ahmad_Sajid",43,0,0.386689358652813,0.00309335070608896,0.000133184261416674,5
"Maj___Rtd__Syed_Tanveer_Hussain_Satara_Juraat",43,0,0.386689358652813,0.00309335070608896,0.000133184261416673,5
"Makhdoom_Syed_Ahmad_Mahmood",43,0,0.386689358652813,0.00309335070608895,0.000133184261416672,5
"Makhdum_Syed_Ahmad_Mahmud",43,0,0.386689358652813,0.00309335070608897,0.000133184261416671,5
"Malik_Ghulam_Mustafa_Khar",43,0,0.386689358652813,0.00309335070608897,0.00013318426141667,5
"Mehtab_Akbar_Rashidi",43,0,0.386689358652813,0.00309335070608897,0.000133184261416669,5
"Mian_Abdul_Malik",43,0,0.386689358652813,0.00309335070608898,0.000133184261416669,5
"Mir_Hassan_Khoso",43,0,0.386689358652813,0.00309335070608896,0.000133184261416668,5
"Mir_Naseer_Khan_Khoso_",43,0,0.386689358652813,0.00309335070608897,0.000133184261416667,5
"Muhammad_Jadam_Mangrio",43,0,0.386689358652813,0.00309335070608897,0.000133184261416666,5
"Musharraf_Ali_Khan_Khoso",43,0,0.386689358652813,0.00309335070608895,0.000133184261416665,5
"Nadeem_Qadir_Bhutto",43,0,0.386689358652813,0.00309335070608897,0.000133184261416664,5
"Pir_Bux_Junejo",43,0,0.386689358652813,0.00309335070608897,0.000133184261416663,5
"Pir_Noor_Mohammad_Shah_Jeelani",43,0,0.386689358652813,0.00309335070608896,0.000133184261416662,5
"Pir_Sadruddin_Shah",43,0,0.386689358652813,0.00309335070608897,0.000133184261416661,5
"Pir_Syed_Saddaruddin_Shah_Rashdi",43,0,0.386689358652813,0.00309335070608896,0.00013318426141666,5
"Sardar_Mir_Hakim_Ali_Khan_Sundrani",43,0,0.386689358652813,0.00309335070608898,0.000133184261416659,5
"Sarfaraz_Ali_Bughio",43,0,0.386689358652813,0.00309335070608896,0.000133184261416658,5
"Shabir_Ahmed_Qaim_Khani",43,0,0.386689358652813,0.00309335070608897,0.000133184261416657,5
"Shehzad_Mughal",43,0,0.386689358652813,0.00309335070608897,0.000133184261416655,5
"Syed_Ghulam_Abbas",43,0,0.386689358652813,0.00309335070608897,0.000133184261416654,5
"Syed_Inayat_Ali_Shah",1223,83106.4116154461,0.549236641221374,0.989936528654254,0.000550277590594625,4
"Syed_Javed_Ali_Shah",1311,138436.985000962,0.557607853267889,0.986558682119751,0.000562344662859195,4
"Syed_Kazim_Ali_Shah_Lakyari",43,0,0.386689358652813,0.00309335070608896,0.000133184261416652,5
"Syed_Mehr_Mohi_Ud_Din_Hashmi",43,0,0.386689358652813,0.00309335070608896,0.000133184261416651,5
"Syed_Qazim_Ali_Shah",43,0,0.386689358652813,0.00309335070608894,0.00013318426141665,5
"Syed_Safdar_Ali_Shah",43,0,0.386689358652813,0.00309335070608897,0.000133184261416649,5
"Syed_Zahid_Hussain_Shah",43,0,0.386689358652813,0.00309335070608897,0.000133184261416648,5
"Adil_Farooq_Khan",13,0,0.333848890263707,5.15976744642786e-05,0.000157429548774307,5
"Asif_Mamon",13,0,0.333848890263707,5.15976744642841e-05,0.000157429548774306,5
"Chaudhary_Muhammad_Younas_Hanjra",13,0,0.333848890263707,5.15976744642827e-05,0.000157429548774305,5
"Choudhary_Amjad_Mehmood",13,0,0.333848890263707,5.15976744642813e-05,0.000157429548774305,5
"Fozia_Ashraf",13,0,0.333848890263707,5.15976744642813e-05,0.000157429548774304,5
"Ijaz_Ahmed_Cheena",13,0,0.333848890263707,5.15976744642772e-05,0.000157429548774303,5
"Imran_Ahmad_Khan",13,0,0.333848890263707,5.15976744642813e-05,0.000157429548774302,5
"Mozaffer_Ali",13,0,0.333848890263707,5.15976744642854e-05,0.000157429548774301,5
"Muhammad_Ahmad_Chatha",13,0,0.333848890263707,5.15976744642827e-05,0.0001574295487743,5
"Muhammad_Fiaz_Qadri",13,0,0.333848890263707,5.15976744642813e-05,0.000157429548774299,5
"Muhammad_Mutahar_Ramzan",13,0,0.333848890263707,5.15976744642758e-05,0.000157429548774298,5
"Syed_Ghulam_Abbas_Shah",13,0,0.333848890263707,5.15976744642827e-05,0.000157429548774297,5
"Syed_Safdar_Ali",13,0,0.333848890263707,5.159767446428e-05,0.000157429548774296,5
"Safdar_Zaman",0,0,NA,0,3.3112217304612e-05,0
"Akbar_Dars",2,0,1,0,0.000220748115362919,1
"Mohammad_Hussain",2,0,1,0,0.000220748115362787,1
"Muhammad_Asghar_Dars",2,0,1,0,0.000220748115362641,1
"Mir_Zarak_Khan_Zehri",0,0,NA,0,3.3112217304612e-05,0
"Naveed_Akhtar_Khan",0,0,NA,0,3.3112217304612e-05,0
"Gohar_Ali_Khan",2,0,1,0,0.000220748115362919,1
"Meher_Muhammad_Jhangir_Advocate",2,0,1,0,0.000220748115362787,1
"Tauseef_Ur_Rehman_Bhatti_Advocate",2,0,1,0,0.000220748115362641,1
"Mian_Abu_Bakar_Hamza",2,0,0.304872881355932,1.08640730169606e-05,6.04583292394456e-05,5
"Muhammad_Ijaz_Ul_Haq",7,21560,0.304980572235959,1.08641811396419e-05,0.000217938351436003,5
"Khurram_Muhammad_Qamar",0,0,NA,0,3.3112217304612e-05,0
"Mahmood_Ahmad_Khan_Qalandar_",1,0,1,0,0.000220748115363124,1
"Mehmood_Qalandar",1,0,1,0,0.000220748115362956,1
"Faqir_Jamshid_Ahmad",3,0,0.252662998946506,6.62908280076841e-08,0.000151088400068364,6
"Farah_Noreen",3,0,0.252662998946506,6.62908280069974e-08,0.000151088400068363,6
"Rasheed_Ahmad_Khan_Langha",3,0,0.252662998946506,6.62908280080274e-08,0.000151088400068362,6
"Saleem_Abbas",5,12942,0.338005010961478,4.69542366981044e-05,0.000190349545441261,5
"Aamir_Rasheed",47,0,0.397696913864579,0.00154453489693034,0.000169394754580138,5
"Afzal_Ahmad_Gondal",47,0,0.397696913864579,0.00154453489693032,0.000169394754580137,5
"Ali_Akbar_Kalhoro",47,0,0.397696913864579,0.00154453489693035,0.000169394754580136,5
"Ali_Nawaz_Qasmi",47,0,0.397696913864579,0.00154453489693033,0.000169394754580135,5
"Allama_Mujhahid_Abdul_Rasool_Khan",47,0,0.397696913864579,0.00154453489693032,0.000169394754580134,5
"Allama_Shabbir_Ahmed_Chasti_Nazimi_Off_Sakka",47,0,0.397696913864579,0.00154453489693034,0.000169394754580133,5
"Arshad_Mehmood",47,0,0.397696913864579,0.00154453489693034,0.000169394754580132,5
"Awal_Jan_Mazari",47,0,0.397696913864579,0.00154453489693031,0.000169394754580132,5
"Basharat_Ali_Gujjar",47,0,0.397696913864579,0.00154453489693034,0.000169394754580131,5
"Hafiz_Gul_Sher",47,0,0.397696913864579,0.00154453489693033,0.00016939475458013,5
"Hafiz_Malik_Muhammad_Bashir",47,0,0.397696913864579,0.00154453489693032,0.000169394754580129,5
"Hafiz_Raja_Muhammad_Sana_Ul_Haq",47,0,0.397696913864579,0.00154453489693032,0.000169394754580128,5
"Imtiaz",47,0,0.397696913864579,0.00154453489693034,0.000169394754580127,5
"Jahangir_Qadri",47,0,0.397696913864579,0.00154453489693034,0.000169394754580126,5
"Jhangir_Qadri",47,0,0.397696913864579,0.00154453489693032,0.000169394754580125,5
"Mahboob_Ali_Sahto",47,0,0.397696913864579,0.00154453489693032,0.000169394754580124,5
"Malik_Matloob_Ali_Awan",57,1703.65510946015,0.401096348601691,0.00424325387143691,0.000218234187799763,5
"Malik_Muhammad_Iqbal_Khokhar",47,0,0.397696913864579,0.00154453489693032,0.000169394754580123,5
"Matloob_Awan",47,0,0.397696913864579,0.00154453489693033,0.000169394754580122,5
"Mian_Ghulam_Shabir_Qadri",47,0,0.397696913864579,0.00154453489693033,0.000169394754580122,5
"Mohammad_Kashif",47,0,0.397696913864579,0.00154453489693032,0.000169394754580121,5
"Mohammad_Younis_Ansari",47,0,0.397696913864579,0.0015445348969303,0.00016939475458012,5
"Mollana_Mohammad_Illyas_Gabool",47,0,0.397696913864579,0.00154453489693034,0.000169394754580119,5
"Muhammad_Afzal_Qadri",47,0,0.397696913864579,0.00154453489693033,0.000169394754580118,5
"Muhammad_Ajmal_Umar",47,0,0.397696913864579,0.00154453489693033,0.000169394754580117,5
"Muhammad_Arif_Mansoori",47,0,0.397696913864579,0.00154453489693033,0.000169394754580116,5
"Muhammad_Imran_Javaid",47,0,0.397696913864579,0.00154453489693033,0.000169394754580115,5
"Muhammad_Jamal_Barket",47,0,0.397696913864579,0.00154453489693032,0.000169394754580114,5
"Muhammad_Kaleem",47,0,0.397696913864579,0.00154453489693033,0.000169394754580113,5
"Muhammad_Murtaza_Rizvi_Wattoo",47,0,0.397696913864579,0.00154453489693031,0.000169394754580112,5
"Muhammad_Tahir_Qadri",47,0,0.397696913864579,0.00154453489693031,0.000169394754580111,5
"Peer_Sayed_Munir_Hussain_Shah_Noori",47,0,0.397696913864579,0.00154453489693032,0.00016939475458011,5
"Pir_Syed_Mubashar_Hussain_Shah_Shakreelvy",47,0,0.397696913864579,0.00154453489693031,0.000169394754580109,5
"Professor_Farooq_Ahmed_Tajra",47,0,0.397696913864579,0.00154453489693034,0.000169394754580108,5
"Rana_Muhammad_Riaz_Qadri",47,0,0.397696913864579,0.00154453489693034,0.000169394754580106,5
"Raza_e_Mustafa",47,0,0.397696913864579,0.00154453489693032,0.000169394754580105,5
"Rizwan_Ali",47,0,0.397696913864579,0.00154453489693033,0.000169394754580104,5
"Rizwan_Qureshi",47,0,0.397696913864579,0.00154453489693031,0.000169394754580103,5
"Sajid_Mehmood_Qadri",47,0,0.397696913864579,0.00154453489693034,0.000169394754580102,5
"Sajjad_Haider",47,0,0.397696913864579,0.00154453489693033,0.000169394754580101,5
"Shoukat_Ali_Lehri",47,0,0.397696913864579,0.00154453489693034,0.0001693947545801,5
"Syed_Ahmad_Shah",47,0,0.397696913864579,0.00154453489693032,0.000169394754580099,5
"Syed_Tawaqal_Hussain_Shah_Bukhari",47,0,0.397696913864579,0.00154453489693032,0.000169394754580098,5
"Alamgir_Khan",3,0,1,2.40351167974724e-18,0.000220748115363154,1
"Ihsan_Ullah_Khan_Mahsood",3,0,1,1.03007643417739e-18,0.000220748115363077,1
"Muhammad_Sultan",3,0,1,0,0.000220748115362993,1
"Raja_Muhammad_Ashraf",3,0,1,1.71679405696232e-18,0.000220748115362902,1
"Azmat_Ali",3,0,0.334003868471954,3.14691341327558e-05,4.86791405573128e-05,5
"Syed_Mazhar_Ali",3,0,0.334003868471954,3.14691341327555e-05,4.86791405573119e-05,5
"Kaleem_Ullah",1,0,1,0,0.000220748115363124,1
"Sardar_Taimoor",1,0,1,0,0.000220748115362956,1
"Khaqan_Waheed_Khuwaja",0,0,NA,0,3.3112217304612e-05,0
"Ahmad_Nawaz_Khan",1,0,1,0,0.000220748115363124,1
"Prof_javeed_Sandhu",1,0,1,0,0.000220748115362956,1
"Ahmad_Ikhwan",37,0,0.362986630791222,0.000248241162255013,0.000142433033659746,5
"Ali_Hassan",37,0,0.362986630791222,0.000248241162255018,0.000142433033659746,5
"Aman_Ullah",37,0,0.362986630791222,0.000248241162255018,0.000142433033659745,5
"Amjad_Arbab_Abbasi",37,0,0.362986630791222,0.000248241162255013,0.000142433033659744,5
"Asjad_Hussain",37,0,0.362986630791222,0.000248241162255007,0.000142433033659743,5
"Fayyaz_Ahmed_Tabassum",37,0,0.362986630791222,0.000248241162255029,0.000142433033659742,5
"Gul_Hassan",247,11777.7118006124,0.459695453093387,0.0183207098330259,0.000306768834515869,5
"Haji_Fateh_Din",37,0,0.362986630791222,0.000248241162255013,0.000142433033659741,5
"Latif_Ahmed_Hussain",37,0,0.362986630791222,0.000248241162255018,0.00014243303365974,5
"Mian_Muhammad_Raza",37,0,0.362986630791222,0.000248241162255007,0.000142433033659739,5
"Mian_Noor_Ahmad",37,0,0.362986630791222,0.000248241162255007,0.000142433033659739,5
"Mubashir_Hussain",37,0,0.362986630791222,0.000248241162255007,0.000142433033659738,5
"Mudassar_Hussain_Shah",37,0,0.362986630791222,0.000248241162255018,0.000142433033659737,5
"Muhammad_Amir_Awan",37,0,0.362986630791222,0.000248241162254996,0.000142433033659736,5
"Muhammad_Anwar_Abbasi",37,0,0.362986630791222,0.000248241162255024,0.000142433033659735,5
"Muhammad_Asif_Sulehria",37,0,0.362986630791222,0.000248241162254996,0.000142433033659734,5
"Muhammad_Ayoub_Butt",37,0,0.362986630791222,0.000248241162255018,0.000142433033659733,5
"Muhammad_Aziz",37,0,0.362986630791222,0.000248241162255024,0.000142433033659732,5
"Muhammad_Ijaz_Arshad",37,0,0.362986630791222,0.000248241162255018,0.000142433033659731,5
"Muhammad_Khalil",37,0,0.362986630791222,0.000248241162255002,0.00014243303365973,5
"Muhammad_Nadeem",37,0,0.362986630791222,0.000248241162255018,0.000142433033659729,5
"Muhammad_Naveed_Akhtar",37,0,0.362986630791222,0.000248241162255013,0.000142433033659728,5
"Muhammad_Rafi",37,0,0.362986630791222,0.000248241162255007,0.000142433033659727,5
"Muhammad_Shahzad",37,0,0.362986630791222,0.000248241162255018,0.000142433033659726,5
"Muhammad_Usman",37,0,0.362986630791222,0.000248241162255018,0.000142433033659725,5
"Mujahid_Mahmood",37,0,0.362986630791222,0.000248241162255018,0.000142433033659724,5
"Naseer_Khan",37,0,0.362986630791222,0.000248241162255013,0.000142433033659723,5
"Naveed_Akram",37,0,0.362986630791222,0.000248241162255007,0.000142433033659722,5
"Pervaiz_Iqbal_Virk",37,0,0.362986630791222,0.000248241162255013,0.000142433033659721,5
"Salwat_Shahzad_Khan",37,0,0.362986630791222,0.000248241162255024,0.00014243303365972,5
"Sardar_Muhammad_Mansoor_Khan",37,0,0.362986630791222,0.000248241162255018,0.000142433033659719,5
"Shafique_Ahmad",37,0,0.362986630791222,0.000248241162255018,0.000142433033659718,5
"Sohail_Babar",37,0,0.362986630791222,0.000248241162255029,0.000142433033659717,5
"Daud_Ahmed_Fakhri",7,0,1,8.24061147341912e-18,0.000220748115363014,1
"Farzana_Parveen",7,0,1,8.24061147341912e-18,0.000220748115362971,1
"Jahangir_Hussain_Jafari",7,0,1,7.55389385063419e-18,0.000220748115362926,1
"Muhammad_Bilal_Hussain",7,0,1,9.61404671898897e-18,0.000220748115362879,1
"Muhammad_Zahid_Bashir",7,0,1,1.16741995873438e-17,0.00022074811536283,1
"Rizwan_Ahmed_Khan",7,0,1,5.49374098227941e-18,0.000220748115362779,1
"Sumbul_Akhtar",7,0,1,1.37343524556985e-18,0.000220748115362726,1
"Syed_Muhammad_Ishrat_Ghazali",7,0,1,6.86717622784926e-18,0.000220748115362671,1
"Imtiaz_Khan",5,0,1,4.12030573670956e-18,0.000220748115363062,1
"Mubeen_Malik",5,0,1,4.12030573670956e-18,0.000220748115363007,1
"Shabbir_Ahmed_Anjum",5,0,1,2.06015286835478e-18,0.000220748115362948,1
"Shafaqaat_Ahmad",5,0,1,6.18045860506434e-18,0.000220748115362886,1
"Taimoor_Ahmad_Yar_Khan",5,0,1,6.18045860506434e-18,0.000220748115362821,1
"Tayyaba_Mubarak",5,0,1,2.06015286835478e-18,0.000220748115362752,1
"Muhammad_Syed",0,0,NA,0,3.3112217304612e-05,0
"Anwar_Hussain",2,0,1,0,0.000220748115362919,1
"Shahid_Iqbal",2,0,1,0,0.000220748115362787,1
"Syed_Rashid_Hussain_Shah",2,0,1,0,0.000220748115362641,1
"Chaudhry_Zahid_Iqram",0,0,NA,0,3.3112217304612e-05,0
"Muhammad_Mumtaz",2,0,0.247236698929042,1.30885593754332e-07,7.72647047398204e-05,6
"Zaffar_Iqbal_Gurmani",2,0,0.247236698929042,1.30885593753302e-07,7.72647047398197e-05,6
"Aijaz_Ali_Khokhar",2,0,1,6.86717622784926e-19,0.000220748115362919,1
"Rahim_Bakhsh",2,0,1,0,0.000220748115362787,1
"Shahid_Anjum",2,0,1,0,0.000220748115362641,1
"Abdul_Rab",12,0,0.357930519857392,0.00016679303913039,8.79319630220912e-05,5
"Abdul_Razzaq",499,30238.3368883826,0.491517704656723,0.0646244960236965,0.000293160737380229,4
"Jamal_Khan",12,0,0.357930519857392,0.000166793039130396,8.79319630220903e-05,5
"Mehmood_Khan_Achakzai",49,46581.9268513334,0.368313283849501,0.000175406098904089,0.000376358748997986,5
"Muhammad_Akram_Tareen",12,0,0.357930519857392,0.000166793039130395,8.79319630220887e-05,5
"Muhammad_Ashraf",49,5694.78133314695,0.440016308225461,0.00314241015336336,0.000187765049464115,5
"Muhammad_Rahim",12,0,0.357930519857392,0.000166793039130393,8.79319630220869e-05,5
"Nawab_Muhammad_Ayaz_Khan_Jogezai",12,0,0.357930519857392,0.000166793039130395,8.7931963022086e-05,5
"Palwasha_Ramzan",12,0,0.357930519857392,0.000166793039130392,8.7931963022085e-05,5
"Riaz_Mahammad_Yousafzai",12,0,0.357930519857392,0.000166793039130393,8.7931963022084e-05,5
"Qadeer_Hussain",0,0,NA,0,3.3112217304612e-05,0
"Abdul_Samad_Khan",7,0,1,7.55389385063419e-18,0.000220748115363014,1
"Hazrat_Umar",7,0,1,8.92732909620404e-18,0.000220748115362971,1
"Irfan_Karim",7,0,1,6.18045860506434e-18,0.000220748115362926,1
"Muhammad_Arif_Khan",7,0,1,8.24061147341912e-18,0.000220748115362879,1
"Muhammad_Jibran",7,0,1,4.80702335949449e-18,0.00022074811536283,1
"Sara_Ashfaq",7,0,1,3.43358811392463e-18,0.000220748115362779,1
"Shahbaz_Ali",7,0,1,8.92732909620404e-18,0.000220748115362726,1
"Yasir_Ali",7,0,1,6.86717622784926e-18,0.000220748115362671,1
"Aneela_Iftikhar",12,0,0.361588072702906,0.00271400910185322,0.000117680634960624,5
"Arshad_Ahmad_Qamar",12,0,0.361588072702906,0.00271400910185322,0.000117680634960624,5
"Chaudhry_Salik_Hussain",12,0,0.361588072702906,0.00271400910185322,0.000117680634960623,5
"Chaudhry_Tariq_Bashir_Cheema",12,0,0.361588072702906,0.00271400910185321,0.000117680634960622,5
"Hussain_Ellahi",12,0,0.361588072702906,0.00271400910185322,0.000117680634960621,5
"Muhammad_Jameel_Ahmed_Khan",12,0,0.361588072702906,0.00271400910185322,0.00011768063496062,5
"Muhammad_Tariq_Hassan",12,0,0.361588072702906,0.00271400910185322,0.000117680634960619,5
"Musa_Elahi",12,0,0.361588072702906,0.00271400910185321,0.000117680634960618,5
"Riaz_Ahmed_Jan",12,0,0.361588072702906,0.00271400910185322,0.000117680634960617,5
"Shakeel_Ahmed_Roshan",12,0,0.361588072702906,0.00271400910185322,0.000117680634960616,5
"Syed_Faizan_Anis",12,0,0.361588072702906,0.00271400910185322,0.000117680634960615,5
"Muzaffar_Ahmed",0,0,NA,0,3.3112217304612e-05,0
"Muhammad_Younas",777,71876.7960835878,0.510464703795672,0.0679079269262645,0.000404814063645848,4
"Abbas_Khan_Afridi",566,0,0.484947202875758,0.0498930009049321,0.000241262968025776,4
"Abdul_Ghaffar_Dogar",566,0,0.484947202875758,0.0498930009049321,0.000241262968025775,4
"Abdul_Hakeem_Baloch",1269,70849.6127114458,0.55317785750897,0.986244013590595,0.000460443146427897,4
"Abdul_Hameed_Rajput",566,0,0.484947202875758,0.0498930009049321,0.000241262968025774,4
"Abdul_Hamid_Orakzai",566,0,0.484947202875758,0.0498930009049321,0.000241262968025773,4
"Abdul_Khaliq_Khar",566,0,0.484947202875758,0.0498930009049321,0.000241262968025773,4
"Abdul_Majeed_Khan",566,0,0.484947202875758,0.049893000904932,0.000241262968025772,4
"Abdul_Qadeer",566,0,0.484947202875758,0.0498930009049321,0.000241262968025771,4
"Abdul_Qadir_Khan",566,0,0.484947202875758,0.0498930009049321,0.00024126296802577,4
"Abdul_Rehman_Khan_Kanju",566,0,0.484947202875758,0.0498930009049321,0.000241262968025769,4
"Abdul_Subhan",566,0,0.484947202875758,0.0498930009049321,0.000241262968025768,4
"Abdulkhaliq",566,0,0.484947202875758,0.0498930009049321,0.000241262968025767,4
"Abdullah",744,76559.9951571944,0.522702506356702,0.055335424636944,0.00049244570433389,4
"Abdullah_Sheedi",566,0,0.484947202875758,0.0498930009049322,0.000241262968025767,4
"Abid_Ali",566,0,0.484947202875758,0.0498930009049321,0.000241262968025766,4
"Abid_Ali_",566,0,0.484947202875758,0.0498930009049321,0.000241262968025765,4
"Abid_Azeem",566,0,0.484947202875758,0.0498930009049322,0.000241262968025764,4
"Abid_Sheer_Ali",566,0,0.484947202875758,0.0498930009049321,0.000241262968025763,4
"Adrees_Bajwa_",566,0,0.484947202875758,0.0498930009049321,0.000241262968025762,4
"Agha_Muhammad_Munwar",566,0,0.484947202875758,0.0498930009049321,0.000241262968025761,4
"Ahmad_Atteeq_Anwer",566,0,0.484947202875758,0.0498930009049321,0.000241262968025761,4
"Ahmad_Hussain_Dehar",566,0,0.484947202875758,0.0498930009049321,0.00024126296802576,4
"Ahmad_Raza_Maneka",1050,78751.8178312118,0.531846741406924,0.113801599110791,0.000439843972203408,4
"Ahsan_Iqbal",566,0,0.484947202875758,0.0498930009049321,0.000241262968025758,4
"Akhlaq_Younas",566,0,0.484947202875758,0.0498930009049321,0.000241262968025757,4
"Akhtar_Hussain_Jadoon",566,0,0.484947202875758,0.0498930009049321,0.000241262968025756,4
"Akhtiar_Wali",566,0,0.484947202875758,0.0498930009049321,0.000241262968025755,4
"Akhundzada_Badruddin",566,0,0.484947202875758,0.0498930009049321,0.000241262968025755,4
"Alam_Dad_Laleka",566,0,0.484947202875758,0.0498930009049321,0.000241262968025754,4
"Alamzeb_Khan",566,0,0.484947202875758,0.0498930009049321,0.000241262968025753,4
"Alhaj_Muhammad_Farid_Mufakkar",566,0,0.484947202875758,0.0498930009049321,0.000241262968025752,4
"Ali_Gohar_Khan",566,0,0.484947202875758,0.0498930009049321,0.000241262968025751,4
"Ali_Mohammad_Khan_Juna_Advocate",566,0,0.484947202875758,0.0498930009049321,0.00024126296802575,4
"Ali_Raza_Cholyani",566,0,0.484947202875758,0.0498930009049321,0.000241262968025749,4
"Ali_Sher_Khan",566,0,0.484947202875758,0.0498930009049321,0.000241262968025749,4
"Ali_Zahid",566,0,0.484947202875758,0.0498930009049321,0.000241262968025748,4
"Allando_Shah_Alias_Zafar_Ali_Shah",566,0,0.484947202875758,0.0498930009049321,0.000241262968025747,4
"Amir_Muqam",566,0,0.484947202875758,0.0498930009049321,0.000241262968025746,4
"Amir_Talal_Gopang",566,0,0.484947202875758,0.0498930009049321,0.000241262968025745,4
"Ammar_Ahmad_Khan_Leghari",566,0,0.484947202875758,0.0498930009049321,0.000241262968025744,4
"Anjum_Aqeel_Khan",566,0,0.484947202875758,0.0498930009049321,0.000241262968025743,4
"Anwar_Ul_Haq_Chaudhary",1269,70849.6127114458,0.55317785750897,0.986244013590596,0.000460443146427862,4
"Arshad_Manan_Yousaf_Zai",566,0,0.484947202875758,0.0498930009049321,0.000241262968025742,4
"Asghar_Ali_Awan",566,0,0.484947202875758,0.0498930009049321,0.000241262968025741,4
"Asghar_Ali_Shah",1269,70849.6127114458,0.55317785750897,0.986244013590595,0.00046044314642786,4
"Asif_Ali_Malik",566,0,0.484947202875758,0.0498930009049321,0.000241262968025739,4
"Asif_Aqeel",566,0,0.484947202875758,0.0498930009049322,0.000241262968025738,4
"Aslam_Bodla",566,0,0.484947202875758,0.0498930009049321,0.000241262968025737,4
"Atta_Ullah_Tarar",566,0,0.484947202875758,0.0498930009049322,0.000241262968025736,4
"Ayaz_Amir",1050,78751.8178312118,0.531846741406924,0.113801599110791,0.000439843972203385,4
"Azad_Ali_Tabassum",566,0,0.484947202875758,0.0498930009049321,0.000241262968025735,4
"Azhar_Qayyum_Nahra",566,0,0.484947202875758,0.0498930009049321,0.000241262968025734,4
"Azhar_Qayyum_Nehra",566,0,0.484947202875758,0.0498930009049321,0.000241262968025733,4
"Babar_Nawaz_Khan",566,0,0.484947202875758,0.0498930009049321,0.000241262968025732,4
"Bashir_Ahmed",566,0,0.484947202875758,0.0498930009049321,0.000241262968025731,4
"Baz_Gul_Afridi",566,0,0.484947202875758,0.0498930009049321,0.00024126296802573,4
"Begum_Tehmina_Doultana",566,0,0.484947202875758,0.0498930009049321,0.000241262968025729,4
"Bilal_Azhar_Kayani",566,0,0.484947202875758,0.0498930009049321,0.000241262968025729,4
"Bilal_Yaseen",566,0,0.484947202875758,0.0498930009049321,0.000241262968025728,4
"Capt_r_Muhammad_Safdar",566,0,0.484947202875758,0.0498930009049321,0.000241262968025727,4
"Ch__Abid_Raza",566,0,0.484947202875758,0.0498930009049321,0.000241262968025726,4
"Ch__Ashfaq_Ahmed_Mattu",566,0,0.484947202875758,0.0498930009049321,0.000241262968025725,4
"Ch__Mehmood_Bashir_Virk",566,0,0.484947202875758,0.0498930009049321,0.000241262968025724,4
"Ch__Mubashir_Hussain",566,0,0.484947202875758,0.0498930009049321,0.000241262968025723,4
"Ch__Muhammad_Jafar_Iqbal",566,0,0.484947202875758,0.0498930009049321,0.000241262968025722,4
"Ch__Muhammad_Riaz",566,0,0.484947202875758,0.0498930009049321,0.000241262968025721,4
"Ch__Nisar_Ali_Khan",566,0,0.484947202875758,0.0498930009049321,0.000241262968025721,4
"Ch__Safdar-Ur-Rehman",566,0,0.484947202875758,0.0498930009049321,0.00024126296802572,4
"Ch__Saud_Majeed",566,0,0.484947202875758,0.0498930009049321,0.000241262968025719,4
"Ch_Armaghan_Subhani",566,0,0.484947202875758,0.0498930009049321,0.000241262968025718,4
"Ch_Asad_Ur_Rehman",566,0,0.484947202875758,0.0498930009049321,0.000241262968025717,4
"Ch_bilal_Ahmed_Virk",566,0,0.484947202875758,0.0498930009049322,0.000241262968025716,4
"Ch_Jaffar_Iqbal",566,0,0.484947202875758,0.0498930009049321,0.000241262968025715,4
"Ch_muhammad_Ali_Gujar__Advocate",566,0,0.484947202875758,0.0498930009049321,0.000241262968025714,4
"Ch_Muhammad_Ashraf",566,0,0.484947202875758,0.0498930009049321,0.000241262968025714,4
"Ch_muhammad_Munir_Azhar",566,0,0.484947202875758,0.0498930009049321,0.000241262968025713,4
"Ch_Nadeem_Abbas_Rebera",566,0,0.484947202875758,0.0498930009049321,0.000241262968025712,4
"Ch_Nisar_Ali_Khan",566,0,0.484947202875758,0.049893000904932,0.000241262968025711,4
"Chaudhary_Abid_Raza",566,0,0.484947202875758,0.0498930009049321,0.00024126296802571,4
"Chaudhary_Asad-Ur-Rehman",566,0,0.484947202875758,0.0498930009049321,0.000241262968025709,4
"Chaudhary_Asad_Ur_Rehman",566,0,0.484947202875758,0.0498930009049321,0.000241262968025708,4
"Chaudhary_Farrukh_Altaf",566,0,0.484947202875758,0.0498930009049321,0.000241262968025707,4
"Chaudhary_Iftikhar_Nazir",566,0,0.484947202875758,0.0498930009049321,0.000241262968025706,4
"Chaudhary_Khalid_Javed",566,0,0.484947202875758,0.0498930009049321,0.000241262968025706,4
"Chaudhary_Mahmood_Bashir_Virk",566,0,0.484947202875758,0.0498930009049321,0.000241262968025705,4
"Chaudhary_Muhammad_Ashraf",566,0,0.484947202875758,0.0498930009049321,0.000241262968025704,4
"Chaudhary_Muhammad_Ashraf_Gujjar",566,0,0.484947202875758,0.0498930009049321,0.000241262968025703,4
"Chaudhary_Muhammad_Barjees_Tahir",566,0,0.484947202875758,0.0498930009049321,0.000241262968025702,4
"Chaudhary_Muhammad_Iqbal",566,0,0.484947202875758,0.049893000904932,0.000241262968025701,4
"Chaudhary_Muhammad_Shahbaz_Babar",566,0,0.484947202875758,0.0498930009049321,0.0002412629680257,4
"Chaudhary_Naseer_Ahmed_Sidhu",566,0,0.484947202875758,0.0498930009049321,0.000241262968025699,4
"Chaudhary_Nazeer_Ahmad",566,0,0.484947202875758,0.0498930009049321,0.000241262968025698,4
"Chaudhary_Nazir_Ahmad",566,0,0.484947202875758,0.0498930009049321,0.000241262968025698,4
"Chaudhary_Nisar_Ali_Khan",566,0,0.484947202875758,0.0498930009049321,0.000241262968025697,4
"Chaudhry_Khadim_Hussain",566,0,0.484947202875758,0.0498930009049321,0.000241262968025696,4
"Chaudhry_Khalid_Javed_Warraich",566,0,0.484947202875758,0.0498930009049321,0.000241262968025695,4
"Chaudhry_Mahmood_Bashir_Virk",566,0,0.484947202875758,0.0498930009049322,0.000241262968025694,4
"Chaudhry_Muhammad_Jamil_Johar_Advocate",566,0,0.484947202875758,0.0498930009049322,0.000241262968025693,4
"Chaudhry_Muhammad_Munir_Azhar",566,0,0.484947202875758,0.0498930009049321,0.000241262968025692,4
"Chaudhry_Naseer_Ahmed_Bhutta",566,0,0.484947202875758,0.0498930009049321,0.000241262968025691,4
"Chaudry_Armaghan_Subhani",566,0,0.484947202875758,0.0498930009049322,0.00024126296802569,4
"Choudhary_Iftikhar_Nazir",566,0,0.484947202875758,0.0498930009049321,0.000241262968025689,4
"Choudhary_Muhammad_Barjees_Tahir",566,0,0.484947202875758,0.0498930009049321,0.000241262968025689,4
"Choudhry_Muhammad_Shahbaz_Babar",566,0,0.484947202875758,0.0498930009049321,0.000241262968025688,4
"Choudhry_Muhammad_Tarique",566,0,0.484947202875758,0.0498930009049321,0.000241262968025687,4
"Chudhary_Bilal_Ahmed_Virk",566,0,0.484947202875758,0.0498930009049321,0.000241262968025686,4
"Chudhary_Hamid_Hameed",566,0,0.484947202875758,0.0498930009049321,0.000241262968025685,4
"Col_r__Mian_Muhammad_Akram_Advocate",566,0,0.484947202875758,0.0498930009049321,0.000241262968025684,4
"Daniyal_Ahmed",566,0,0.484947202875758,0.0498930009049321,0.000241262968025683,4
"Danyal_Choudhary",566,0,0.484947202875758,0.0498930009049321,0.000241262968025682,4
"Dewan_Ashiq_Hussain_Bukhari",566,0,0.484947202875758,0.0498930009049321,0.000241262968025681,4
"Dewan_Syed_Jaffar_Hussain",566,0,0.484947202875758,0.0498930009049321,0.00024126296802568,4
"Dilawar_Khan",566,0,0.484947202875758,0.0498930009049321,0.00024126296802568,4
"Doctor_Hafeez_Ur_Rehman_Khan_Drishak",566,0,0.484947202875758,0.049893000904932,0.000241262968025679,4
"Doctor_Liaquat_Ali_Khan",566,0,0.484947202875758,0.0498930009049321,0.000241262968025678,4
"Dr__Abu-Ul-Hassan_Ansari",566,0,0.484947202875758,0.0498930009049321,0.000241262968025677,4
"Dr__Azeem-Ud-Din_Zahid_Lakhvi",566,0,0.484947202875758,0.0498930009049321,0.000241262968025676,4
"Dr__Imtiaz_Ahmed",566,0,0.484947202875758,0.0498930009049321,0.000241262968025675,4
"Dr__Mian_Akhtar_Ali_Lalika",566,0,0.484947202875758,0.0498930009049321,0.000241262968025674,4
"Dr__Muhammad_Afzal_Khan_Dhandla",566,0,0.484947202875758,0.0498930009049321,0.000241262968025673,4
"Dr__Syed_Ali_Hyder_Shah",566,0,0.484947202875758,0.0498930009049321,0.000241262968025672,4
"Dr__Tariq_Fazal_Chudhary",566,0,0.484947202875758,0.0498930009049321,0.000241262968025671,4
"Dr__Zulfiqar_Ali_Bhatti",566,0,0.484947202875758,0.0498930009049321,0.00024126296802567,4
"Dr_hafiz_Shabbir_Ahmed",566,0,0.484947202875758,0.0498930009049321,0.00024126296802567,4
"Dr_Rahila_Gul_Magsi",566,0,0.484947202875758,0.0498930009049321,0.000241262968025669,4
"Dr_syed_Khawar_Ali_Shah",566,0,0.484947202875758,0.0498930009049321,0.000241262968025668,4
"Dr_tariq_Fazal_Chaudhry",566,0,0.484947202875758,0.0498930009049321,0.000241262968025667,4
"Ehsan-Ul-Haq_Idrees_Advocate",566,0,0.484947202875758,0.0498930009049321,0.000241262968025666,4
"Ehsan_Ul_Haq_Bajwa",566,0,0.484947202875758,0.0498930009049322,0.000241262968025665,4
"Engineer_Abdul_Munim_Khan",566,0,0.484947202875758,0.0498930009049321,0.000241262968025664,4
"Engineer_Iqbal_Zafar_Jhagra",566,0,0.484947202875758,0.049893000904932,0.000241262968025663,4
"Engineer_Khuram_Dastgir_Khan",566,0,0.484947202875758,0.0498930009049321,0.000241262968025662,4
"Engr_Khurram_Dastgir_Khan",566,0,0.484947202875758,0.0498930009049321,0.000241262968025661,4
"Faheem_Advocate",566,0,0.484947202875758,0.0498930009049321,0.00024126296802566,4
"Faiz_Muhammad_Khan",566,0,0.484947202875758,0.0498930009049321,0.000241262968025659,4
"Farah_Awan_Advocate",566,0,0.484947202875758,0.0498930009049321,0.000241262968025659,4
"Farah_Khan",566,0,0.484947202875758,0.0498930009049321,0.000241262968025658,4
"Farhat_Ullah_Khan",566,0,0.484947202875758,0.0498930009049321,0.000241262968025657,4
"Farid_Khan_Yousafzai",566,0,0.484947202875758,0.0498930009049321,0.000241262968025656,4
"Farkhanda_Amjad_Waraich",566,0,0.484947202875758,0.0498930009049321,0.000241262968025655,4
"Fida_Muhammad",568,8629.99999999999,0.485056179775281,0.0498931986840334,0.000290781898607119,4
"Furqan_Ali",566,0,0.484947202875758,0.0498930009049321,0.000241262968025653,4
"Ghalib_Khan",566,0,0.484947202875758,0.0498930009049321,0.000241262968025652,4
"Ghani_Ur_Rehman",566,0,0.484947202875758,0.0498930009049321,0.000241262968025651,4
"Ghulam_Hyder_Phulpoto",566,0,0.484947202875758,0.0498930009049321,0.00024126296802565,4
"Ghulam_Muhammad_Lali",566,0,0.484947202875758,0.0498930009049321,0.000241262968025649,4
"Ghulam_Rasool_Sahi",566,0,0.484947202875758,0.0498930009049321,0.000241262968025648,4
"Ghulam_Shoaib",566,0,0.484947202875758,0.0498930009049321,0.000241262968025648,4
"Hafeez_Ur_Rehman_Khan_Drishak",566,0,0.484947202875758,0.0498930009049321,0.000241262968025647,4
"Hafiz_Abdul_Kareem",566,0,0.484947202875758,0.0498930009049322,0.000241262968025646,4
"Hafiz_Abdul_Karim",566,0,0.484947202875758,0.0498930009049321,0.000241262968025645,4
"Hafiz_Masroor_Lateef",566,0,0.484947202875758,0.0498930009049321,0.000241262968025644,4
"Haji_Arz_Muhammad_Barech",566,0,0.484947202875758,0.0498930009049321,0.000241262968025643,4
"Haji_Jamal_Shah_Kakar",566,0,0.484947202875758,0.0498930009049321,0.000241262968025642,4
"Haji_Javed_Iqbal_Jat",566,0,0.484947202875758,0.0498930009049321,0.000241262968025641,4
"Haji_Muhammad_Akram_Ansari",566,0,0.484947202875758,0.0498930009049321,0.00024126296802564,4
"Haji_Muzaffar_Ali_Shajra",566,0,0.484947202875758,0.0498930009049321,0.000241262968025639,4
"Haji_Waris_Khan_Achakzai",566,0,0.484947202875758,0.049893000904932,0.000241262968025638,4
"Haji_Zar_Khan_Safi",566,0,0.484947202875758,0.0498930009049321,0.000241262968025637,4
"Hameer_Imdad_Unar",566,0,0.484947202875758,0.0498930009049321,0.000241262968025636,4
"Hammad_Nawaz_Khan",566,0,0.484947202875758,0.0498930009049321,0.000241262968025636,4
"Hamza",707,37505.8405358817,0.513745091038915,0.0524331837688638,0.000392979581420173,4
"Hamza_Shahbaz_Sharif",566,0,0.484947202875758,0.0498930009049321,0.000241262968025634,4
"Hizbullah_Gandapur",566,0,0.484947202875758,0.0498930009049321,0.000241262968025633,4
"Humair_Hayat_Khan_Rokhari",566,0,0.484947202875758,0.0498930009049321,0.000241262968025632,4
"Husnain_Rashid",566,0,0.484947202875758,0.0498930009049321,0.000241262968025631,4
"Ibadullah",566,0,0.484947202875758,0.0498930009049321,0.00024126296802563,4
"Iftikhar_Uddin",566,0,0.484947202875758,0.0498930009049321,0.000241262968025629,4
"Ihasn_Kareem_Qureshi",566,0,0.484947202875758,0.0498930009049321,0.000241262968025628,4
"Ijaz_Ahmed_Chaudhary",566,0,0.484947202875758,0.0498930009049321,0.000241262968025627,4
"Illah_Bukhsh_Soomro",566,0,0.484947202875758,0.0498930009049321,0.000241262968025626,4
"Illahi_Bux_Soomro",566,0,0.484947202875758,0.0498930009049321,0.000241262968025625,4
"Imtiaz_Ahmad_Gondal",566,0,0.484947202875758,0.0498930009049321,0.000241262968025624,4
"Inamullah_Khan_Niazi",566,0,0.484947202875758,0.0498930009049321,0.000241262968025623,4
"Iqbal_Zaffar_Jhagra",566,0,0.484947202875758,0.0498930009049321,0.000241262968025622,4
"Irfan_Aziz_Kurd",566,0,0.484947202875758,0.0498930009049321,0.000241262968025622,4
"Ishtiaq_Ahmed_Advocate",566,0,0.484947202875758,0.0498930009049321,0.000241262968025621,4
"Jalal_Khan_Khattak",1269,70849.6127114458,0.55317785750897,0.986244013590595,0.000460443146427739,4
"Jam_Kamal_Khan",566,0,0.484947202875758,0.0498930009049321,0.000241262968025619,4
"Jamil_Ahmad_Khan",566,0,0.484947202875758,0.0498930009049321,0.000241262968025618,4
"Javaid_Ibrahim_Paracha",566,0,0.484947202875758,0.049893000904932,0.000241262968025617,4
"Javed_Akhter",566,0,0.484947202875758,0.0498930009049321,0.000241262968025616,4
"Jehanzeb_Khan",566,0,0.484947202875758,0.049893000904932,0.000241262968025615,4
"Justice_r__Iftikhar_Ahmad_Cheema",566,0,0.484947202875758,0.0498930009049321,0.000241262968025614,4
"Justice_r_Iftikhar_Ahmad_Cheema",566,0,0.484947202875758,0.0498930009049321,0.000241262968025613,4
"Kaleem_Akbar_Durrani",566,0,0.484947202875758,0.0498930009049321,0.000241262968025612,4
"Kalim_Akbar",566,0,0.484947202875758,0.0498930009049321,0.000241262968025611,4
"Khalid_Aziz",566,0,0.484947202875758,0.0498930009049321,0.00024126296802561,4
"Khawaja_Ahmad_Hassan",566,0,0.484947202875758,0.0498930009049321,0.000241262968025609,4
"Khawaja_Muhammad_Asif",566,0,0.484947202875758,0.0498930009049321,0.000241262968025608,4
"Khawaja_Muhammad_Asif_",566,0,0.484947202875758,0.0498930009049321,0.000241262968025607,4
"Khawaja_Saad_Rafique",566,0,0.484947202875758,0.0498930009049321,0.000241262968025607,4
"Khudai_Noor",566,0,0.484947202875758,0.0498930009049321,0.000241262968025606,4
"Khurram_Dastagir_Khan",566,0,0.484947202875758,0.0498930009049321,0.000241262968025605,4
"Liaqat_Ahmed_Khan",566,0,0.484947202875758,0.0498930009049321,0.000241262968025604,4
"Liaquat_Ali_Jamali",566,0,0.484947202875758,0.0498930009049321,0.000241262968025603,4
"Lt_Gen_r__Salah-Ud-Din_Trimzi",566,0,0.484947202875758,0.049893000904932,0.000241262968025602,4
"Lt_gen_r_Abdul_Qadir_Baloch",566,0,0.484947202875758,0.0498930009049321,0.000241262968025601,4
"m_Aslam_Buledi",566,0,0.484947202875758,0.0498930009049321,0.0002412629680256,4
"m_Junaid_Anwar_Chaudhary",566,0,0.484947202875758,0.0498930009049322,0.000241262968025599,4
"Mailk_Sohail_Khan",566,0,0.484947202875758,0.0498930009049321,0.000241262968025598,4
"Major_r_Amir_Aziz_Kurd",566,0,0.484947202875758,0.0498930009049322,0.000241262968025597,4
"Major_Rtd_Tahir_Iqbal",566,0,0.484947202875758,0.0498930009049321,0.000241262968025596,4
"Makdum_Syed_Ahmad_Alam_Anwer",566,0,0.484947202875758,0.0498930009049321,0.000241262968025595,4
"Makhadom_Jamil_Ahmed_Hussain_Bukhari",566,0,0.484947202875758,0.0498930009049321,0.000241262968025594,4
"Makhdoom_Faisal_Saleh_Hayat",566,0,0.484947202875758,0.0498930009049321,0.000241262968025593,4
"Makhdoom_Moeen_Uddin_Ali",566,0,0.484947202875758,0.0498930009049321,0.000241262968025592,4
"Makhdoom_Moin_Ud_Din_Ali_Hashmi",566,0,0.484947202875758,0.0498930009049321,0.000241262968025591,4
"Makhdoom_Muhammad_Javed_Hashmi",566,0,0.484947202875758,0.0498930009049321,0.00024126296802559,4
"Makhdoom_Syed_Ali_Hassan_Gillani",566,0,0.484947202875758,0.0498930009049321,0.000241262968025589,4
"Makhdoom_Syed_Sami_Ul_Hassan_Gilani",566,0,0.484947202875758,0.049893000904932,0.000241262968025588,4
"Makhdoomzada_s_b_a_Sultan",566,0,0.484947202875758,0.0498930009049321,0.000241262968025587,4
"Malak_Muhammad_Zeb_Khan",566,0,0.484947202875758,0.0498930009049322,0.000241262968025587,4
"Malak_Syed_Ahmad",566,0,0.484947202875758,0.0498930009049321,0.000241262968025586,4
"Malik_Abdul_Ghaffar_Dogar",566,0,0.484947202875758,0.0498930009049321,0.000241262968025585,4
"Malik_Abrar_Ahmad",566,0,0.484947202875758,0.0498930009049321,0.000241262968025584,4
"Malik_Akhtar_Hussain_Awan",566,0,0.484947202875758,0.0498930009049321,0.000241262968025583,4
"Malik_Ghulam_Qasim_Hanjra",566,0,0.484947202875758,0.0498930009049321,0.000241262968025582,4
"Malik_Ibrar_Ahmed",566,0,0.484947202875758,0.0498930009049321,0.000241262968025581,4
"Malik_Ihtebar_Khan",566,0,0.484947202875758,0.049893000904932,0.00024126296802558,4
"Malik_Iqbal_Mehdi_Khan",566,0,0.484947202875758,0.0498930009049321,0.000241262968025579,4
"Malik_Khalid_Naeem",566,0,0.484947202875758,0.049893000904932,0.000241262968025578,4
"Malik_Majid_Bucha",566,0,0.484947202875758,0.049893000904932,0.000241262968025577,4
"Malik_Maula_Dad_Khan_Sherani_",566,0,0.484947202875758,0.0498930009049321,0.000241262968025576,4
"Malik_Muhammad_Afzal_Khokhar",566,0,0.484947202875758,0.049893000904932,0.000241262968025575,4
"Malik_Muhammad_Asad_Khan",566,0,0.484947202875758,0.0498930009049321,0.000241262968025574,4
"Malik_Muhammad_Basit_Khar",566,0,0.484947202875758,0.0498930009049321,0.000241262968025573,4
"Malik_Muhammad_Iqbal_Chanar",566,0,0.484947202875758,0.049893000904932,0.000241262968025572,4
"Malik_Saif_Ul_Malook_Khokar",566,0,0.484947202875758,0.0498930009049321,0.000241262968025571,4
"Malik_Shakeel_Ahmed_Awan",566,0,0.484947202875758,0.049893000904932,0.00024126296802557,4
"Malik_Shakir_Bashir_Awan",566,0,0.484947202875758,0.0498930009049321,0.000241262968025569,4
"Malik_Sohail_Khan",1050,78751.8178312118,0.531846741406924,0.113801599110791,0.000439843972203218,4
"Malik_Sultan_Mehmood",566,0,0.484947202875758,0.0498930009049321,0.000241262968025567,4
"Mansoor_Kamal_Marwat",566,0,0.484947202875758,0.0498930009049321,0.000241262968025566,4
"Maryam_Nawaz_Sharif",566,0,0.484947202875758,0.0498930009049321,0.000241262968025565,4
"Mehar_Ishtiaq_Ahmad",566,0,0.484947202875758,0.0498930009049321,0.000241262968025564,4
"Mian_Abdul_Manan",566,0,0.484947202875758,0.0498930009049321,0.000241262968025563,4
"Mian_Abdul_Mannan_",566,0,0.484947202875758,0.0498930009049321,0.000241262968025562,4
"Mian_Abdul_Rasheed",566,0,0.484947202875758,0.049893000904932,0.000241262968025562,4
"Mian_Faiz-Ul-Hassan",566,0,0.484947202875758,0.0498930009049321,0.000241262968025561,4
"Mian_Imtiaz_Ahmad",566,0,0.484947202875758,0.0498930009049321,0.00024126296802556,4
"Mian_Imtiaz_Ahmed",566,0,0.484947202875758,0.0498930009049321,0.000241262968025559,4
"Mian_Javed_Latif",566,0,0.484947202875758,0.0498930009049321,0.000241262968025558,4
"Mian_Manzoor_Hussain",566,0,0.484947202875758,0.0498930009049321,0.000241262968025557,4
"Mian_Margoob_Ahmad",566,0,0.484947202875758,0.0498930009049321,0.000241262968025556,4
"Mian_Muhammad_Arshad_Abbas_Qureshi",566,0,0.484947202875758,0.0498930009049321,0.000241262968025555,4
"Mian_Muhammad_Farooq",566,0,0.484947202875758,0.0498930009049321,0.000241262968025554,4
"Mian_Muhammad_Ilyas_Rasheed",566,0,0.484947202875758,0.0498930009049321,0.000241262968025553,4
"Mian_Muhammad_Nawaz_Sharif",566,0,0.484947202875758,0.0498930009049321,0.000241262968025552,4
"Mian_Muhammad_Qasim_Farooq_",566,0,0.484947202875758,0.0498930009049322,0.000241262968025551,4
"Mian_Muhammad_Rasheed",582,22310.8933760058,0.485820391627279,0.0499914286818805,0.00032866425069705,4
"Mian_Muhammad_Shahbaz_Sharif",566,0,0.484947202875758,0.0498930009049322,0.000241262968025549,4
"Mian_Muhammad_Sharif_Zafar_Joia",566,0,0.484947202875758,0.0498930009049321,0.000241262968025548,4
"Mian_Najibuddin_Awaisi",566,0,0.484947202875758,0.0498930009049321,0.000241262968025547,4
"Mian_Riaz_Hussain_Peerzada",566,0,0.484947202875758,0.0498930009049321,0.000241262968025546,4
"Mian_Shahid_Hussain_Khan",566,0,0.484947202875758,0.0498930009049321,0.000241262968025545,4
"Mian_Shahid_Hussain_Khan_Bhatti",566,0,0.484947202875758,0.0498930009049321,0.000241262968025544,4
"Mian_Yawar_Zaman",566,0,0.484947202875758,0.0498930009049321,0.000241262968025543,4
"Mir_Amanullah_Talpur",566,0,0.484947202875758,0.0498930009049321,0.000241262968025542,4
"Mir_Atta_Ullah",566,0,0.484947202875758,0.0498930009049321,0.000241262968025541,4
"Mir_Dosteen_Khan_Domki",566,0,0.484947202875758,0.0498930009049322,0.00024126296802554,4
"Mir_Khan_Muhammad_Jamali",566,0,0.484947202875758,0.0498930009049321,0.000241262968025539,4
"Mir_Mehrullah_Khan_Umrani",566,0,0.484947202875758,0.0498930009049321,0.000241262968025538,4
"Mohammad_Riyaz",566,0,0.484947202875758,0.0498930009049321,0.000241262968025537,4
"Mohmmad-Ul-Mulk__Akhon_Zada_",566,0,0.484947202875758,0.0498930009049321,0.000241262968025536,4
"Mohsin_Shah_Nawaz_Ranjah",566,0,0.484947202875758,0.0498930009049321,0.000241262968025535,4
"Mohsin_Shah_Nawaz_Ranjha",566,0,0.484947202875758,0.0498930009049322,0.000241262968025534,4
"Mohsin_Shahnawaz_Ranjha",566,0,0.484947202875758,0.0498930009049321,0.000241262968025533,4
"Mohtarmatehmina_Doultana",566,0,0.484947202875758,0.0498930009049321,0.000241262968025532,4
"Moin_Khan",566,0,0.484947202875758,0.0498930009049321,0.000241262968025531,4
"Molana_Asif_Muawia",566,0,0.484947202875758,0.0498930009049321,0.00024126296802553,4
"Mr__Makhdoom_Shah_Nawaz_Qureshi",566,0,0.484947202875758,0.0498930009049321,0.000241262968025529,4
"Mr_babu_Sarfraz_Khan_Jatoi",566,0,0.484947202875758,0.0498930009049321,0.000241262968025528,4
"Mr_liaquat_Ali_Jatoi",566,0,0.484947202875758,0.0498930009049322,0.000241262968025527,4
"Mrs_Amjad_Ali_Warraich",566,0,0.484947202875758,0.0498930009049321,0.000241262968025526,4
"Muhabbat_Khan",566,0,0.484947202875758,0.049893000904932,0.000241262968025525,4
"Muhammad_Abad",566,0,0.484947202875758,0.0498930009049321,0.000241262968025524,4
"Muhammad_Abdul_Ghaffar_Watto",566,0,0.484947202875758,0.0498930009049322,0.000241262968025523,4
"Muhammad_Afzal_Khokhar",566,0,0.484947202875758,0.0498930009049321,0.000241262968025522,4
"Muhammad_Akbar_Khan",566,0,0.484947202875758,0.0498930009049321,0.000241262968025521,4
"Muhammad_Akhtar_Khan_Kanjoo",566,0,0.484947202875758,0.0498930009049321,0.00024126296802552,4
"Muhammad_Akhtar_Khan_Kanju",566,0,0.484947202875758,0.0498930009049322,0.000241262968025519,4
"Muhammad_Akhter_Khadam_Alias_Khadam_Hussain",566,0,0.484947202875758,0.0498930009049321,0.000241262968025518,4
"Muhammad_Akram_Mughal",566,0,0.484947202875758,0.0498930009049321,0.000241262968025517,4
"Muhammad_Amjad_Farooq_Khan_Khosa",566,0,0.484947202875758,0.0498930009049322,0.000241262968025516,4
"Muhammad_Arif_Ch",566,0,0.484947202875758,0.0498930009049321,0.000241262968025515,4
"Muhammad_Arshad_Khan_Laghari",566,0,0.484947202875758,0.0498930009049321,0.000241262968025514,4
"Muhammad_Asad_Ali_Khan_Junejo",566,0,0.484947202875758,0.0498930009049321,0.000241262968025513,4
"Muhammad_Asim_Nazeer",566,0,0.484947202875758,0.0498930009049322,0.000241262968025512,4
"Muhammad_Aslam_Khan_Khattak",566,0,0.484947202875758,0.0498930009049321,0.000241262968025511,4
"Muhammad_Azhar_Khan_Laghari",566,0,0.484947202875758,0.0498930009049321,0.00024126296802551,4
"Muhammad_Baleegh-Ur-Rehman",566,0,0.484947202875758,0.0498930009049322,0.000241262968025509,4
"Muhammad_Baligh_Ur_Rehman",566,0,0.484947202875758,0.0498930009049321,0.000241262968025508,4
"Muhammad_Barjees_Tahir",566,0,0.484947202875758,0.0498930009049321,0.000241262968025507,4
"Muhammad_Faiz_Tamman",566,0,0.484947202875758,0.0498930009049321,0.000241262968025506,4
"Muhammad_Farooq_Baha-Ul-Haq_Shah",566,0,0.484947202875758,0.0498930009049321,0.000241262968025505,4
"Muhammad_Hamid_Hameed",566,0,0.484947202875758,0.0498930009049321,0.000241262968025504,4
"Muhammad_Hamza_Shehbaz_Sharif",566,0,0.484947202875758,0.0498930009049321,0.000241262968025503,4
"Muhammad_Hanif_Abbasi",566,0,0.484947202875758,0.0498930009049322,0.000241262968025502,4
"Muhammad_Humair_Hayat_Khan_Niazi",566,0,0.484947202875758,0.0498930009049321,0.000241262968025501,4
"Muhammad_Israr",566,0,0.484947202875758,0.0498930009049321,0.0002412629680255,4
"Muhammad_Jamil_Malik",566,0,0.484947202875758,0.0498930009049321,0.000241262968025499,4
"Muhammad_Junaid_Anwaar_Chaudhry",566,0,0.484947202875758,0.0498930009049321,0.000241262968025498,4
"Muhammad_Junaid_Anwaar_Chudhary",566,0,0.484947202875758,0.0498930009049321,0.000241262968025497,4
"Muhammad_Khan_Daha",566,0,0.484947202875758,0.0498930009049321,0.000241262968025496,4
"Muhammad_Moeen_Wattoo",566,0,0.484947202875758,0.0498930009049321,0.000241262968025495,4
"Muhammad_Mueen_Watto",566,0,0.484947202875758,0.0498930009049322,0.000241262968025494,4
"Muhammad_Nawaz_Sharif",566,0,0.484947202875758,0.0498930009049321,0.000241262968025493,4
"Muhammad_Nazir_Khan",566,0,0.484947202875758,0.0498930009049321,0.000241262968025492,4
"Muhammad_Nisar_Khan",566,0,0.484947202875758,0.0498930009049321,0.000241262968025491,4
"Muhammad_Numan",566,0,0.484947202875758,0.0498930009049321,0.00024126296802549,4
"Muhammad_Pervaiz_Malik",566,0,0.484947202875758,0.0498930009049321,0.000241262968025489,4
"Muhammad_Qasim_Farooq",566,0,0.484947202875758,0.0498930009049321,0.000241262968025488,4
"Muhammad_Riaz_Malik",566,0,0.484947202875758,0.0498930009049321,0.000241262968025487,4
"Muhammad_Sana_Ullah_Khan_Masti_Khel",566,0,0.484947202875758,0.0498930009049322,0.000241262968025486,4
"Muhammad_Shahbaz_Sharif",566,0,0.484947202875758,0.0498930009049321,0.000241262968025485,4
"Muhammad_Shoaib_Khan",566,0,0.484947202875758,0.0498930009049321,0.000241262968025484,4
"Muhammad_Tahir_Ameer_Ghroi",566,0,0.484947202875758,0.0498930009049321,0.000241262968025483,4
"Muhammad_Talal_Chaudhry_",566,0,0.484947202875758,0.0498930009049321,0.000241262968025482,4
"Muhammad_Tallal_Choudhary",566,0,0.484947202875758,0.0498930009049321,0.000241262968025481,4
"Muhammad_Ullah",566,0,0.484947202875758,0.0498930009049321,0.00024126296802548,4
"Muhammad_Usman_Awaisi",566,0,0.484947202875758,0.0498930009049321,0.000241262968025479,4
"Muhammad_Uzair_Khan",566,0,0.484947202875758,0.0498930009049321,0.000241262968025478,4
"Muhammad_Yaqub_Sheikh",566,0,0.484947202875758,0.0498930009049321,0.000241262968025477,4
"Muhammad_Yar_Khan_Kamoka",566,0,0.484947202875758,0.0498930009049321,0.000241262968025476,4
"Muhammad_Yousaf_Kakar",566,0,0.484947202875758,0.0498930009049321,0.000241262968025475,4
"Mukhdoom_Syed_Asad_Murtaza_Geelani",566,0,0.484947202875758,0.0498930009049321,0.000241262968025474,4
"Mukhtar_Ahmed_Malik",566,0,0.484947202875758,0.0498930009049321,0.000241262968025473,4
"Mumtaz_Ahmad_Tarar",566,0,0.484947202875758,0.0498930009049321,0.000241262968025472,4
"Munawar_Hayat_Abbasi",566,0,0.484947202875758,0.0498930009049321,0.000241262968025471,4
"Murtaza_Javed_Abbasi",566,0,0.484947202875758,0.0498930009049321,0.00024126296802547,4
"Mushahid_Raza",566,0,0.484947202875758,0.0498930009049321,0.000241262968025469,4
"Mushahidullah_Khan",566,0,0.484947202875758,0.0498930009049321,0.000241262968025468,4
"Nadeem_Abbas",566,0,0.484947202875758,0.0498930009049321,0.000241262968025467,4
"Naheed_Parveen",566,0,0.484947202875758,0.0498930009049322,0.000241262968025466,4
"Naik_Amal_Khan",566,0,0.484947202875758,0.0498930009049321,0.000241262968025465,4
"Najeeb_Ullah_Khan_Niazi",566,0,0.484947202875758,0.0498930009049321,0.000241262968025464,4
"Nasar_Iqbal_Bosal",566,0,0.484947202875758,0.0498930009049321,0.000241262968025463,4
"Nasir_Iqbal_Bosal",566,0,0.484947202875758,0.0498930009049321,0.000241262968025462,4
"Nasir_Khan_Mosazai",566,0,0.484947202875758,0.0498930009049321,0.000241262968025461,4
"Nawab_Arshad_Ali_Talpur",566,0,0.484947202875758,0.0498930009049321,0.00024126296802546,4
"Nawab_Salman_Khan_Khilji",566,0,0.484947202875758,0.0498930009049321,0.000241262968025459,4
"Nawab_Sher",566,0,0.484947202875758,0.0498930009049321,0.000241262968025458,4
"Nawab_Zada",566,0,0.484947202875758,0.0498930009049322,0.000241262968025457,4
"Nawabzada_Jangaiz_Khan_Marri",566,0,0.484947202875758,0.0498930009049321,0.000241262968025456,4
"Nawabzada_Khawaja_Muhammad_Khan_Hoti",566,0,0.484947202875758,0.0498930009049321,0.000241262968025455,4
"Nawabzada_Mazher_Ali",566,0,0.484947202875758,0.0498930009049322,0.000241262968025454,4
"Niaz_Muhammad_Khan",566,0,0.484947202875758,0.0498930009049321,0.000241262968025453,4
"Nisar_Ahmed_Cheema",566,0,0.484947202875758,0.0498930009049321,0.000241262968025452,4
"Nisar_Akbar_Khan_",566,0,0.484947202875758,0.0498930009049321,0.000241262968025451,4
"Noor_Ul_Hassan_Tanveer",566,0,0.484947202875758,0.0498930009049322,0.000241262968025449,4
"Obaid_Ullah_Khan_Shadi_Khel",566,0,0.484947202875758,0.0498930009049322,0.000241262968025448,4
"Obaid_Ullah_Shadi_Khel",566,0,0.484947202875758,0.0498930009049321,0.000241262968025447,4
"Omar_Ayub_Khan",1050,78751.8178312118,0.531846741406924,0.11380159911079,0.000439843972203096,4
"Parveen_Bashir",566,0,0.484947202875758,0.0498930009049322,0.000241262968025445,4
"Pir_Muhammad_Amin_Ul_Hasnat_Shah",566,0,0.484947202875758,0.0498930009049321,0.000241262968025444,4
"Pir_Muhammad_Aslam_Bodla",566,0,0.484947202875758,0.0498930009049321,0.000241262968025443,4
"Pirzada_Muhammad_Ashraf_Zia",566,0,0.484947202875758,0.0498930009049321,0.000241262968025442,4
"Professor_Doctor_Noor_Muhammad_Ghafari",566,0,0.484947202875758,0.0498930009049321,0.000241262968025441,4
"Qadir_Bux",566,0,0.484947202875758,0.0498930009049321,0.00024126296802544,4
"Qaiser_Ahmad_Sheikh",566,0,0.484947202875758,0.0498930009049322,0.000241262968025439,4
"Qaiser_Ahmed_Sheikh",566,0,0.484947202875758,0.049893000904932,0.000241262968025438,4
"Raees_Khan",566,0,0.484947202875758,0.0498930009049321,0.000241262968025437,4
"Rahim_Bux",566,0,0.484947202875758,0.0498930009049321,0.000241262968025436,4
"Rai_Mansab_Ali_Khan",566,0,0.484947202875758,0.0498930009049321,0.000241262968025435,4
"Rai_Muhammad_Saleem_Raza_Kharral_Advocate",566,0,0.484947202875758,0.0498930009049321,0.000241262968025434,4
"Rai_Salah-Ud-Din",566,0,0.484947202875758,0.0498930009049321,0.000241262968025433,4
"Raja_Javed_Ikhlas",566,0,0.484947202875758,0.0498930009049321,0.000241262968025432,4
"Raja_Muhammad_Asad_Khan",566,0,0.484947202875758,0.0498930009049321,0.000241262968025431,4
"Raja_Muhammad_Javed_Ikhlas",566,0,0.484947202875758,0.0498930009049321,0.00024126296802543,4
"Raja_Muhammad_Safdar",566,0,0.484947202875758,0.0498930009049321,0.000241262968025429,4
"Raja_Osama_Sarwar",566,0,0.484947202875758,0.0498930009049321,0.000241262968025428,4
"Raja_Qamar_Ul_Islam",566,0,0.484947202875758,0.0498930009049321,0.000241262968025427,4
"Rajab_Ali_Khan_Baloch",566,0,0.484947202875758,0.0498930009049321,0.000241262968025426,4
"Rana_Abdul_Sattar_Bin_Rana_Shamim_Ahmed_Khan",566,0,0.484947202875758,0.0498930009049321,0.000241262968025425,4
"Rana_Afzaal_Hussain",566,0,0.484947202875758,0.049893000904932,0.000241262968025424,4
"Rana_Iradat_Sharif_Khan",566,0,0.484947202875758,0.0498930009049321,0.000241262968025423,4
"Rana_Mahmood-Ul-Hassan",566,0,0.484947202875758,0.0498930009049321,0.000241262968025421,4
"Rana_Mehmood_Ul_Hassan",566,0,0.484947202875758,0.0498930009049321,0.00024126296802542,4
"Rana_Mubasshir_Iqbal",566,0,0.484947202875758,0.0498930009049321,0.000241262968025419,4
"Rana_Muhammad_Afzal_Khan",566,0,0.484947202875758,0.0498930009049321,0.000241262968025418,4
"Rana_Muhammad_Hayat_Khan",566,0,0.484947202875758,0.0498930009049321,0.000241262968025417,4
"Rana_Muhammad_Ishaq_Khan",566,0,0.484947202875758,0.0498930009049321,0.000241262968025416,4
"Rana_Nazir_Ahmad_Khan",566,0,0.484947202875758,0.0498930009049321,0.000241262968025415,4
"Rana_Qasim_Noon",566,0,0.484947202875758,0.049893000904932,0.000241262968025414,4
"Rana_Sana_Ullah_Khan",566,0,0.484947202875758,0.049893000904932,0.000241262968025413,4
"Rana_Shamim_Ahmed_Khan",566,0,0.484947202875758,0.0498930009049321,0.000241262968025412,4
"Rana_Tanveer_Hussain",566,0,0.484947202875758,0.0498930009049321,0.000241262968025411,4
"Rana_Umer_Nazir_Khan",566,0,0.484947202875758,0.0498930009049321,0.00024126296802541,4
"Rana_Zahid_Hussain_Khan",566,0,0.484947202875758,0.0498930009049321,0.000241262968025409,4
"Rao_Abid_Rizwan_Shoukat",566,0,0.484947202875758,0.0498930009049321,0.000241262968025408,4
"Rao_Mazhar_Hayyat_Khan",566,0,0.484947202875758,0.0498930009049321,0.000241262968025407,4
"Rao_Muhammad_Mohsin_Ali_Khan",566,0,0.484947202875758,0.0498930009049321,0.000241262968025406,4
"Rasheed_Ahmad_Khan",566,0,0.484947202875758,0.0498930009049321,0.000241262968025405,4
"Rasool_Bux_Jakhro",566,0,0.484947202875758,0.0498930009049321,0.000241262968025404,4
"Rehan_Malik_Advocate",566,0,0.484947202875758,0.0498930009049321,0.000241262968025402,4
"Rehan_Qaiser_Sheikh",566,0,0.484947202875758,0.0498930009049321,0.000241262968025401,4
"Rehmat_Salam_Khattak",566,0,0.484947202875758,0.0498930009049321,0.0002412629680254,4
"Riaz_Ahmad_Khan",566,0,0.484947202875758,0.0498930009049321,0.000241262968025399,4
"Riaz_Ul_Haq",566,0,0.484947202875758,0.0498930009049321,0.000241262968025398,4
"Rooh_Ullah_Khan",566,0,0.484947202875758,0.0498930009049321,0.000241262968025397,4
"Rozina",566,0,0.484947202875758,0.0498930009049321,0.000241262968025396,4
"Saad_Ullah_Tareen",566,0,0.484947202875758,0.0498930009049321,0.000241262968025395,4
"Saad_Waseem",566,0,0.484947202875758,0.0498930009049321,0.000241262968025394,4
"Saboohuddin_Malik",566,0,0.484947202875758,0.0498930009049322,0.000241262968025393,4
"Saddique_Khan_Baloch",566,0,0.484947202875758,0.0498930009049322,0.000241262968025392,4
"Sadia_Shabir",566,0,0.484947202875758,0.0498930009049321,0.000241262968025391,4
"Saeed_Ahmed_Khan_Manais",566,0,0.484947202875758,0.0498930009049322,0.00024126296802539,4
"Saeed_Ahmed_Manais",566,0,0.484947202875758,0.0498930009049321,0.000241262968025389,4
"Sahabzada_Syed_Murtaza_Amin",566,0,0.484947202875758,0.0498930009049322,0.000241262968025388,4
"Sahibzada-Faizul-Hassan",566,0,0.484947202875758,0.0498930009049321,0.000241262968025387,4
"Sahibzada_Faiz_Ul_Hassan",566,0,0.484947202875758,0.0498930009049321,0.000241262968025385,4
"Sahibzada_Haji_Muhammad_Fazal-e-Kareem_",566,0,0.484947202875758,0.0498930009049321,0.000241262968025384,4
"Sahibzada_Muhammad_Tahir_Sultan",566,0,0.484947202875758,0.0498930009049321,0.000241262968025383,4
"Sahibzada_Shabbir_Hassan_Ansari",566,0,0.484947202875758,0.0498930009049321,0.000241262968025382,4
"Saima_Akhtar_Bharwana",566,0,0.484947202875758,0.0498930009049321,0.000241262968025381,4
"Saira_Afzal_Tarar",566,0,0.484947202875758,0.0498930009049322,0.00024126296802538,4
"Saira_Tarar",566,0,0.484947202875758,0.0498930009049321,0.000241262968025379,4
"Sajid_Mehdi",566,0,0.484947202875758,0.0498930009049321,0.000241262968025378,4
"Sajjad_Ahmed_Sohal",566,0,0.484947202875758,0.0498930009049321,0.000241262968025377,4
"Sajjad_Ali",566,0,0.484947202875758,0.0498930009049321,0.000241262968025376,4
"Sajjad_Anwar_Khan",566,0,0.484947202875758,0.0498930009049321,0.000241262968025375,4
"Sakina_Anwer",566,0,0.484947202875758,0.0498930009049321,0.000241262968025374,4
"Salar_Khan",566,0,0.484947202875758,0.0498930009049321,0.000241262968025373,4
"Saleem_Zia",566,0,0.484947202875758,0.0498930009049322,0.000241262968025372,4
"Salman_Hanif",566,0,0.484947202875758,0.0498930009049321,0.00024126296802537,4
"Sardar_Adil_Umar",566,0,0.484947202875758,0.0498930009049321,0.000241262968025369,4
"Sardar_Ayaz_Sadiq",566,0,0.484947202875758,0.0498930009049322,0.000241262968025368,4
"Sardar_Fateh_Muhammad_Hasni",566,0,0.484947202875758,0.0498930009049321,0.000241262968025367,4
"Sardar_Ghulam_Abbas",566,0,0.484947202875758,0.0498930009049321,0.000241262968025366,4
"Sardar_m_Yaqoob_Nasir",566,0,0.484947202875758,0.0498930009049321,0.000241262968025365,4
"Sardar_Mansab_Ali_Dogar",566,0,0.484947202875758,0.0498930009049321,0.000241262968025364,4
"Sardar_Mansab_Ali_Doggar",566,0,0.484947202875758,0.0498930009049321,0.000241262968025363,4
"Sardar_Mehtab_Ahmed_Khan",566,0,0.484947202875758,0.0498930009049321,0.000241262968025362,4
"Sardar_Muhammad_Amjad_Farooq_Khan_Khosa",566,0,0.484947202875758,0.0498930009049321,0.000241262968025361,4
"Sardar_Muhammad_Arshad_Khan_Laghari",566,0,0.484947202875758,0.0498930009049321,0.00024126296802536,4
"Sardar_Muhammad_Irfan_Dogar",566,0,0.484947202875758,0.0498930009049321,0.000241262968025359,4
"Sardar_Muhammad_Jaffar_Khan_Leghari",566,0,0.484947202875758,0.0498930009049321,0.000241262968025357,4
"Sardar_Muhammad_Mushtaq_Khan",1269,70849.6127114458,0.55317785750897,0.986244013590595,0.000460443146427476,4
"Sardar_Muhammad_Saif-Ul-Din_Khan_Khosa",566,0,0.484947202875758,0.0498930009049321,0.000241262968025355,4
"Sardar_Muhammad_Shafqat_Hayat_Khan",566,0,0.484947202875758,0.0498930009049321,0.000241262968025354,4
"Sardar_Muhammad_Yaqoob_Khan_Nasir",566,0,0.484947202875758,0.0498930009049321,0.000241262968025353,4
"Sardar_Muhammad_Yousaf",566,0,0.484947202875758,0.0498930009049321,0.000241262968025352,4
"Sardar_Muhammad_Yousaf_Zaman",566,0,0.484947202875758,0.0498930009049321,0.000241262968025351,4
"Sardar_Mumtaz_Khan",566,0,0.484947202875758,0.0498930009049321,0.00024126296802535,4
"Sardar_Noor_Ahmed_Khan_Malaizai",566,0,0.484947202875758,0.0498930009049321,0.000241262968025349,4
"Sardar_Riaz_Mahmood_Khan_Mazari",566,0,0.484947202875758,0.0498930009049322,0.000241262968025348,4
"Sardar_Sanaullah_Zehri",566,0,0.484947202875758,0.0498930009049321,0.000241262968025347,4
"Sarzamin_Khan",566,0,0.484947202875758,0.0498930009049321,0.000241262968025346,4
"Saud_Majeed",566,0,0.484947202875758,0.0498930009049321,0.000241262968025345,4
"Shabbir_Ahmed_Hyderi",566,0,0.484947202875758,0.0498930009049321,0.000241262968025343,4
"Shah_Jee_Gul_Afridi",566,0,0.484947202875758,0.0498930009049322,0.000241262968025342,4
"Shahab_Ud_Din_Khan",566,0,0.484947202875758,0.0498930009049321,0.000241262968025341,4
"Shahibzada_Faiz_Ul_Hassan",566,0,0.484947202875758,0.0498930009049321,0.00024126296802534,4
"Shahid_Khaqan_Abbasi",566,0,0.484947202875758,0.0498930009049321,0.000241262968025339,4
"Shahid_Khaqan_Abbassi",566,0,0.484947202875758,0.0498930009049321,0.000241262968025338,4
"Shahid_Usman",566,0,0.484947202875758,0.0498930009049321,0.000241262968025337,4
"Shaikh_Maqsood_Ahmed",566,0,0.484947202875758,0.0498930009049321,0.000241262968025336,4
"Shaikh_Rohale_Asghar",566,0,0.484947202875758,0.0498930009049321,0.000241262968025335,4
"Shams_Ur_Rehman_Khattak",566,0,0.484947202875758,0.0498930009049321,0.000241262968025334,4
"Sharafat_Khan",566,0,0.484947202875758,0.0498930009049321,0.000241262968025333,4
"Shazia_Mubashar",566,0,0.484947202875758,0.0498930009049321,0.000241262968025331,4
"Shehzad_Asghar_Khan_Rind__Advocate",566,0,0.484947202875758,0.0498930009049321,0.00024126296802533,4
"Sheikh_Abdul_Sattar_Mandokhel",566,0,0.484947202875758,0.0498930009049321,0.000241262968025329,4
"Sheikh_Aftab_Ahmad",566,0,0.484947202875758,0.0498930009049321,0.000241262968025328,4
"Sheikh_Aftab_Ahmed",566,0,0.484947202875758,0.0498930009049321,0.000241262968025327,4
"Sheikh_Fayyaz_Ud_Din",566,0,0.484947202875758,0.0498930009049321,0.000241262968025326,4
"Sheikh_Muhammad_Akram",566,0,0.484947202875758,0.0498930009049321,0.000241262968025325,4
"Sheikh_Muhammad_Tariq_Rasheed",566,0,0.484947202875758,0.0498930009049321,0.000241262968025324,4
"Sheikh_Rohale_Asghar",566,0,0.484947202875758,0.0498930009049321,0.000241262968025323,4
"Sheikh_Roheel_Asghar",566,0,0.484947202875758,0.0498930009049321,0.000241262968025322,4
"Sher_Afghan_Khan",566,0,0.484947202875758,0.0498930009049321,0.00024126296802532,4
"Sher_Rehman",566,0,0.484947202875758,0.0498930009049321,0.000241262968025319,4
"Shezra_Mansab_Ali_Khan_Kharal",566,0,0.484947202875758,0.0498930009049322,0.000241262968025318,4
"Sidra_Tel_Muntaha",566,0,0.484947202875758,0.0498930009049321,0.000241262968025317,4
"Sikander_Ali_Mirani",566,0,0.484947202875758,0.0498930009049321,0.000241262968025316,4
"Skindar_Hayyat_Khan_Bosan",566,0,0.484947202875758,0.0498930009049321,0.000241262968025315,4
"Sobia_Shahid",566,0,0.484947202875758,0.0498930009049321,0.000241262968025314,4
"Sohail_Ahmad",707,37505.8405358817,0.513745091038915,0.0524331837688639,0.000392979581419851,4
"Sohail_Shoukat_Butt",566,0,0.484947202875758,0.0498930009049322,0.000241262968025312,4
"Speen_Gul",566,0,0.484947202875758,0.0498930009049321,0.000241262968025311,4
"Sumaira_Naz",566,0,0.484947202875758,0.0498930009049321,0.000241262968025309,4
"Syed_Ansub_Raza_Fatmi",566,0,0.484947202875758,0.0498930009049321,0.000241262968025308,4
"Syed_Attaullah_Shah_Bukhari",566,0,0.484947202875758,0.0498930009049321,0.000241262968025307,4
"Syed_Basit_Sultan_Bukhari",566,0,0.484947202875758,0.0498930009049322,0.000241262968025306,4
"Syed_Faisal_Abbas",566,0,0.484947202875758,0.0498930009049321,0.000241262968025305,4
"Syed_Fakhar_Imam",1269,70849.6127114458,0.55317785750897,0.986244013590595,0.000460443146427423,4
"Syed_Ghulam_Mustafa_Shah_s_o_Syed_Asadullah_Shah",566,0,0.484947202875758,0.0498930009049321,0.000241262968025303,4
"Syed_Hafeezuddin",566,0,0.484947202875758,0.0498930009049321,0.000241262968025302,4
"Syed_Iftikhar_Ul_Hassan",566,0,0.484947202875758,0.0498930009049321,0.000241262968025301,4
"Syed_Imran_Ahmad_Shah",566,0,0.484947202875758,0.0498930009049321,0.0002412629680253,4
"Syed_Imran_Ahmed_Shah",566,0,0.484947202875758,0.0498930009049321,0.000241262968025298,4
"Syed_Javed_Hassan",566,0,0.484947202875758,0.0498930009049321,0.000241262968025297,4
"Syed_Javed_Hassnain",566,0,0.484947202875758,0.0498930009049321,0.000241262968025296,4
"Syed_Javed_Hassnain_Shah",566,0,0.484947202875758,0.0498930009049321,0.000241262968025295,4
"Syed_Mobeen_Ahmed",566,0,0.484947202875758,0.0498930009049321,0.000241262968025294,4
"Syed_Muhammad_Abdullah_Shah",566,0,0.484947202875758,0.0498930009049321,0.000241262968025293,4
"Syed_Muhammad_Ali_Shah_Bacha_Lala",566,0,0.484947202875758,0.0498930009049321,0.000241262968025292,4
"Syed_Muhammad_Ashiq_Hussain_Shah",566,0,0.484947202875758,0.0498930009049321,0.000241262968025291,4
"Syed_Muhammad_Athar_Hussain_Shah_Gillani",566,0,0.484947202875758,0.0498930009049321,0.000241262968025289,4
"Syed_Muhammad_Iqbal_Shah",566,0,0.484947202875758,0.0498930009049321,0.000241262968025288,4
"Syed_Muhammad_Nihal_Hashmi",566,0,0.484947202875758,0.0498930009049321,0.000241262968025287,4
"Syed_Muhammad_Rafi_Ud_Din_Bukhari",566,0,0.484947202875758,0.0498930009049321,0.000241262968025286,4
"Syed_Muhammad_Raza_Bukhari",566,0,0.484947202875758,0.0498930009049321,0.000241262968025285,4
"Syed_Muhammad_Saleem_Ashrafi",566,0,0.484947202875758,0.0498930009049321,0.000241262968025284,4
"Syed_Muhammad_Salman_Mohsin_Gillani",566,0,0.484947202875758,0.0498930009049321,0.000241262968025283,4
"Syed_Muhammad_Saqlain_Bukhari",566,0,0.484947202875758,0.0498930009049321,0.000241262968025282,4
"Syed_Raza_Ali_Bukhari",566,0,0.484947202875758,0.0498930009049321,0.00024126296802528,4
"Syed_Riaz_Hussain_Shah_Sherazi",566,0,0.484947202875758,0.0498930009049321,0.000241262968025279,4
"Syed_Sajid_Mehdi",566,0,0.484947202875758,0.0498930009049321,0.000241262968025278,4
"Syed_Zahoor_Shah",566,0,0.484947202875758,0.0498930009049321,0.000241262968025277,4
"Syed_Zulfiqar_Ali_Shah",566,0,0.484947202875758,0.0498930009049321,0.000241262968025276,4
"Syeda_Nosheen_Iftikhar",566,0,0.484947202875758,0.0498930009049321,0.000241262968025275,4
"Syeda_Shehr_Bano_Bukhari",566,0,0.484947202875758,0.0498930009049321,0.000241262968025274,4
"Tariq_Fazal_Chaudhry",566,0,0.484947202875758,0.0498930009049321,0.000241262968025273,4
"Tehmina_Daultana",566,0,0.484947202875758,0.0498930009049321,0.000241262968025271,4
"Toor_Gul_Khan_Jogezai",566,0,0.484947202875758,0.0498930009049321,0.00024126296802527,4
"Umer_Sohail_Zia_Butt",566,0,0.484947202875758,0.0498930009049321,0.000241262968025269,4
"Usman_Ibrahim",566,0,0.484947202875758,0.0498930009049321,0.000241262968025268,4
"Uzair_Tariq",566,0,0.484947202875758,0.0498930009049321,0.000241262968025267,4
"Waheed_Alam_Khan",566,0,0.484947202875758,0.0498930009049321,0.000241262968025266,4
"Wajid_Ali_Khan",566,0,0.484947202875758,0.0498930009049321,0.000241262968025265,4
"Waseem_Akhtar_Shaikh",566,0,0.484947202875758,0.0498930009049321,0.000241262968025263,4
"Waseem_Akhtar_Sheikh",566,0,0.484947202875758,0.0498930009049321,0.000241262968025262,4
"Wazeer_Ahmed_Afridi",566,0,0.484947202875758,0.0498930009049321,0.000241262968025261,4
"Yasir_Khan",566,0,0.484947202875758,0.0498930009049321,0.00024126296802526,4
"Zahid_Hamid",566,0,0.484947202875758,0.0498930009049321,0.000241262968025259,4
"Zahid_Khan_Afridi",566,0,0.484947202875758,0.0498930009049321,0.000241262968025258,4
"Zaib_Jafar",566,0,0.484947202875758,0.0498930009049321,0.000241262968025257,4
"Zain-Ul-Abideen_Ansari",566,0,0.484947202875758,0.0498930009049321,0.000241262968025256,4
"Zain_Ansari",566,0,0.484947202875758,0.049893000904932,0.000241262968025254,4
"Zain_Ul_Abdin_Ansari",566,0,0.484947202875758,0.0498930009049321,0.000241262968025253,4
"Zakir_Hussain_Mari",566,0,0.484947202875758,0.0498930009049321,0.000241262968025252,4
"Zameer_Hussain_Leghari",566,0,0.484947202875758,0.0498930009049322,0.000241262968025251,4
"Zar_Khan",566,0,0.484947202875758,0.0498930009049322,0.00024126296802525,4
"Zobaida_Jalal",566,0,0.484947202875758,0.0498930009049321,0.000241262968025249,4
"Zulifqar_Ali_Bhindar",566,0,0.484947202875758,0.0498930009049321,0.000241262968025248,4
"Syed_Faqir_Hussain_Shah_Bukhari",0,0,NA,0,3.3112217304612e-05,0
"Zahid_Parvez",0,0,NA,0,3.3112217304612e-05,0
"Abrar_Hussain",212,0,0.45789138735681,0.0182487258529226,0.000196888445434261,5
"Abdul_Rehman_Jameel",5,0,0.233768343531705,1.53816767687102e-08,0.000186175499934315,6
"Ahmad_Deen_Malik",5,0,0.233768343531705,1.538167676665e-08,0.000186175499934314,6
"Arshad_Ali_Khan",5,0,0.233768343531705,1.53816767680235e-08,0.000186175499934313,6
"Muhammad_Allah_Dad_Cheema",5,0,0.233768343531705,1.538167676665e-08,0.000186175499934312,6
"Muhammad_Anwar_Ulhaq",5,0,0.233768343531705,1.53816767707703e-08,0.00018617549993431,6
"Aasim_Nisar",144,0,0.465997409326425,0.0028595445632537,0.000185913592926104,5
"Abdul_Azeem",144,0,0.465997409326425,0.00285954456325374,0.000185913592926103,5
"Abdul_Azeem_Khan",144,0,0.465997409326425,0.00285954456325372,0.000185913592926102,5
"Abdul_Aziz_Aziz",144,0,0.465997409326425,0.0028595445632537,0.000185913592926101,5
"Abdul_Mateen",144,0,0.465997409326425,0.00285954456325365,0.000185913592926101,5
"Abdul_Nisar",144,0,0.465997409326425,0.00285954456325367,0.0001859135929261,5
"Abdul_Raheem",144,0,0.465997409326425,0.0028595445632537,0.000185913592926099,5
"Abdul_Rahim",144,0,0.465997409326425,0.0028595445632537,0.000185913592926098,5
"Abdul_Rehman_Muslim",144,0,0.465997409326425,0.00285954456325365,0.000185913592926097,5
"Abdul_Waheed_Abid",144,0,0.465997409326425,0.0028595445632537,0.000185913592926096,5
"Abdul_Wajid",354,17371.2546165338,0.484674974738969,0.0209732561152493,0.000348402525735997,5
"Abu_Zar",144,0,0.465997409326425,0.00285954456325367,0.000185913592926093,5
"Adil_Hussain",144,0,0.465997409326425,0.0028595445632537,0.000185913592926092,5
"Ahmad_Bakhsh",144,0,0.465997409326425,0.00285954456325367,0.000185913592926091,5
"Ahmad_Sher",144,0,0.465997409326425,0.00285954456325365,0.00018591359292609,5
"Aisha",144,0,0.465997409326425,0.00285954456325367,0.00018591359292609,5
"Akhtari_Bibi",144,0,0.465997409326425,0.00285954456325367,0.000185913592926089,5
"Amir_Zeb",144,0,0.465997409326425,0.00285954456325367,0.000185913592926088,5
"Amjad_Islam_Amjad",144,0,0.465997409326425,0.00285954456325376,0.000185913592926087,5
"Ansar_Javed_Tarar",144,0,0.465997409326425,0.00285954456325367,0.000185913592926086,5
"Arshad_Nawab",144,0,0.465997409326425,0.00285954456325372,0.000185913592926085,5
"Asad_Munawar",144,0,0.465997409326425,0.00285954456325365,0.000185913592926084,5
"Asmat_Bibi",144,0,0.465997409326425,0.00285954456325367,0.000185913592926083,5
"Azmat_Ali_Kiyani",144,0,0.465997409326425,0.00285954456325372,0.000185913592926082,5
"Babar_Ijaz_Virk",144,0,0.465997409326425,0.00285954456325367,0.000185913592926081,5
"Balquees_Begum",144,0,0.465997409326425,0.00285954456325365,0.00018591359292608,5
"Basmeeda",144,0,0.465997409326425,0.00285954456325365,0.000185913592926079,5
"Chaudhry_Zulfiqar_Ali_Aulakh",144,0,0.465997409326425,0.00285954456325365,0.000185913592926078,5
"Choudhary_Muhammad_Yaqoob_Chahal",144,0,0.465997409326425,0.0028595445632537,0.000185913592926077,5
"Danish_Anam",144,0,0.465997409326425,0.0028595445632537,0.000185913592926076,5
"Faisal_Ahmad_Cheema",144,0,0.465997409326425,0.0028595445632537,0.000185913592926075,5
"Faisal_Nadeem_Shaikh",144,0,0.465997409326425,0.0028595445632537,0.000185913592926075,5
"Fazal_Rahim",144,0,0.465997409326425,0.0028595445632537,0.000185913592926074,5
"Fiaz_Ahmad",144,0,0.465997409326425,0.00285954456325367,0.000185913592926073,5
"Ghulam_Ali_Shakar_Toor",144,0,0.465997409326425,0.0028595445632537,0.000185913592926072,5
"Hafeez_Ullah_Rehman",144,0,0.465997409326425,0.0028595445632537,0.000185913592926071,5
"Hafiz_Ameer_Hamza",144,0,0.465997409326425,0.00285954456325365,0.00018591359292607,5
"Hafiz_Muhammad_Masood",144,0,0.465997409326425,0.00285954456325372,0.000185913592926069,5
"Hafiz_Muhammad_Rizwan",144,0,0.465997409326425,0.0028595445632537,0.000185913592926068,5
"Hafiz_Safi_Ur_Rehman",144,0,0.465997409326425,0.00285954456325367,0.000185913592926067,5
"Hafiz_Talha_Saeed",144,0,0.465997409326425,0.00285954456325372,0.000185913592926066,5
"Haq_Nawaz",144,0,0.465997409326425,0.00285954456325372,0.000185913592926065,5
"Imran_Liaquat",144,0,0.465997409326425,0.0028595445632537,0.000185913592926064,5
"Jahanzaib_Zahid",144,0,0.465997409326425,0.0028595445632537,0.000185913592926063,5
"Jamil_Badshah",144,0,0.465997409326425,0.00285954456325367,0.000185913592926062,5
"Kashif_Altaf",144,0,0.465997409326425,0.00285954456325372,0.000185913592926061,5
"Khalid_Mahmood_Cheema",144,0,0.465997409326425,0.0028595445632537,0.00018591359292606,5
"Khalid_Masood_Sandhu",144,0,0.465997409326425,0.00285954456325372,0.000185913592926059,5
"Mahar_Muhammad_Mujahid",144,0,0.465997409326425,0.0028595445632537,0.000185913592926058,5
"Maqbool_Bibi",144,0,0.465997409326425,0.00285954456325372,0.000185913592926057,5
"Mehak_Rafiq",144,0,0.465997409326425,0.0028595445632537,0.000185913592926056,5
"Mehdi_Ishaq",144,0,0.465997409326425,0.00285954456325367,0.000185913592926055,5
"Mir_Hazoor_Bakhsh",144,0,0.465997409326425,0.0028595445632537,0.000185913592926054,5
"Mudassir_Yaqoob",144,0,0.465997409326425,0.00285954456325367,0.000185913592926053,5
"Muhamamd_Ehsan",144,0,0.465997409326425,0.0028595445632537,0.000185913592926052,5
"Muhamamd_Saif_Ullah_Saif",144,0,0.465997409326425,0.00285954456325372,0.000185913592926051,5
"Muhamamd_Shahid_Siddique",144,0,0.465997409326425,0.00285954456325372,0.00018591359292605,5
"Muhammad_Abid",144,0,0.465997409326425,0.0028595445632537,0.000185913592926049,5
"Muhammad_Ajmal_Khan",144,0,0.465997409326425,0.0028595445632537,0.000185913592926048,5
"Muhammad_Akmal_Javed",144,0,0.465997409326425,0.00285954456325367,0.000185913592926047,5
"Muhammad_Ameen",144,0,0.465997409326425,0.00285954456325372,0.000185913592926046,5
"Muhammad_Arshad_Bhatti",144,0,0.465997409326425,0.0028595445632537,0.000185913592926045,5
"Muhammad_Ashfaq",144,0,0.465997409326425,0.00285954456325372,0.000185913592926044,5
"Muhammad_Asif",631,43809.2710469649,0.512099644128114,0.0671179151051851,0.000434536048118661,4
"Muhammad_Bilal_Haider",144,0,0.465997409326425,0.0028595445632537,0.000185913592926043,5
"Muhammad_Ghalib",144,0,0.465997409326425,0.0028595445632537,0.000185913592926042,5
"Muhammad_Haris",629,35179.2710469649,0.511856770215793,0.0671176490464584,0.000384787619861052,4
"Muhammad_Haroon_Rafiq",144,0,0.465997409326425,0.00285954456325372,0.00018591359292604,5
"Muhammad_Hussain_Amir",144,0,0.465997409326425,0.00285954456325367,0.000185913592926039,5
"Muhammad_Ijaz_Malik",144,0,0.465997409326425,0.00285954456325363,0.000185913592926038,5
"Muhammad_Imran",160,13773.3131360278,0.466803633217993,0.00302400212381203,0.000272118716005738,5
"Muhammad_Iqbal",354,17371.2546165338,0.484674974738969,0.0209732561152493,0.000348402525735995,5
"Muhammad_Irfan",154,5813.08121067733,0.469137144099109,0.00555641740927075,0.000236682916058691,5
"Muhammad_Irfan_Ashraf",144,0,0.465997409326425,0.00285954456325363,0.000185913592926035,5
"Muhammad_Mansha",144,0,0.465997409326425,0.0028595445632537,0.000185913592926034,5
"Muhammad_Munawar",144,0,0.465997409326425,0.0028595445632537,0.000185913592926033,5
"Muhammad_Nadeem_Tabasum",144,0,0.465997409326425,0.0028595445632537,0.000185913592926032,5
"Muhammad_Rizwan_Sarwar",144,0,0.465997409326425,0.00285954456325365,0.00018591359292603,5
"Muhammad_Sajjad",144,0,0.465997409326425,0.0028595445632537,0.000185913592926029,5
"Muhammad_Shafiq_Ur_Rahman",144,0,0.465997409326425,0.0028595445632537,0.000185913592926028,5
"Muhammad_Shamshad",144,0,0.465997409326425,0.00285954456325365,0.000185913592926027,5
"Muhammad_Shoaib",144,0,0.465997409326425,0.00285954456325363,0.000185913592926026,5
"Muhammad_Shoaib_Ahmad",144,0,0.465997409326425,0.00285954456325365,0.000185913592926025,5
"Muhammad_Siraj",144,0,0.465997409326425,0.00285954456325372,0.000185913592926024,5
"Muhammad_Usaman",144,0,0.465997409326425,0.00285954456325365,0.000185913592926023,5
"Muhammad_Zafar_Iqbal",144,0,0.465997409326425,0.00285954456325367,0.000185913592926022,5
"Muzamil_Iqbal_Hashmi",144,0,0.465997409326425,0.0028595445632537,0.000185913592926021,5
"Nabi_Ahmad_Virk",144,0,0.465997409326425,0.00285954456325365,0.00018591359292602,5
"Nighat_Fardoos",144,0,0.465997409326425,0.0028595445632537,0.000185913592926019,5
"Noreen_Kamran",144,0,0.465997409326425,0.00285954456325365,0.000185913592926018,5
"Qaisar_Haroon_Toor",144,0,0.465997409326425,0.0028595445632537,0.000185913592926017,5
"Qaisar_Mustafa_Jajja",144,0,0.465997409326425,0.00285954456325367,0.000185913592926015,5
"Qaisar_Sardar",144,0,0.465997409326425,0.00285954456325372,0.000185913592926014,5
"Qaiser_Mustafa_Jajja",144,0,0.465997409326425,0.0028595445632537,0.000185913592926013,5
"Qasim_Ali_Khan",144,0,0.465997409326425,0.00285954456325367,0.000185913592926012,5
"Rahila_Khanum",144,0,0.465997409326425,0.0028595445632537,0.000185913592926011,5
"Rana_Abu_Khubaib_Rehman_Khan",144,0,0.465997409326425,0.0028595445632537,0.00018591359292601,5
"Rana_Shahid_Iqbal_Chachar",144,0,0.465997409326425,0.00285954456325372,0.000185913592926009,5
"Rana_Tariq_Jamal",144,0,0.465997409326425,0.00285954456325367,0.000185913592926008,5
"Rashid_Mahmood",144,0,0.465997409326425,0.00285954456325365,0.000185913592926007,5
"Raza_Ullah_Khan",144,0,0.465997409326425,0.00285954456325365,0.000185913592926006,5
"Ruqia_Bibi",144,0,0.465997409326425,0.00285954456325374,0.000185913592926005,5
"s_m_Yousuf_Ali_Bhatti",144,0,0.465997409326425,0.00285954456325367,0.000185913592926003,5
"Saeed_Ahmed_Khalid",144,0,0.465997409326425,0.0028595445632537,0.000185913592926002,5
"Saeeda_Zafar",144,0,0.465997409326425,0.00285954456325372,0.000185913592926001,5
"Sajid_Bashir",144,0,0.465997409326425,0.0028595445632537,0.000185913592926,5
"Sajid_Iqbal",144,0,0.465997409326425,0.00285954456325367,0.000185913592925999,5
"Sajjad_Ahmed_Khan",144,0,0.465997409326425,0.00285954456325372,0.000185913592925998,5
"Salma_Bibi",144,0,0.465997409326425,0.00285954456325367,0.000185913592925997,5
"Sardar_Abdul_Sattar_Khan",144,0,0.465997409326425,0.00285954456325365,0.000185913592925996,5
"Shaban_Akhtar",144,0,0.465997409326425,0.00285954456325367,0.000185913592925994,5
"Shahbaz",144,0,0.465997409326425,0.00285954456325367,0.000185913592925993,5
"Shahbaz_Hussain_Sidhu",144,0,0.465997409326425,0.00285954456325372,0.000185913592925992,5
"Shakeela_Yasmeen",144,0,0.465997409326425,0.00285954456325367,0.000185913592925991,5
"Sohail_Qaiser",144,0,0.465997409326425,0.00285954456325367,0.00018591359292599,5
"Syed_Rabab_Haider",144,0,0.465997409326425,0.0028595445632537,0.000185913592925989,5
"Tahir_Javed_Khan",144,0,0.465997409326425,0.0028595445632537,0.000185913592925988,5
"Taj_Mehal",144,0,0.465997409326425,0.00285954456325365,0.000185913592925986,5
"Taj_Mehmood",144,0,0.465997409326425,0.0028595445632537,0.000185913592925985,5
"Tasneem_Gul",144,0,0.465997409326425,0.0028595445632537,0.000185913592925984,5
"Waqar_Murtaza",144,0,0.465997409326425,0.0028595445632537,0.000185913592925983,5
"Wasim_Shaukat",144,0,0.465997409326425,0.00285954456325367,0.000185913592925982,5
"Yasira_Bibi",144,0,0.465997409326425,0.0028595445632537,0.000185913592925981,5
"Yawar_Aftab",144,0,0.465997409326425,0.00285954456325367,0.00018591359292598,5
"Zain_Ullah",144,0,0.465997409326425,0.00285954456325365,0.000185913592925978,5
"Hafiz_Abdul_Rauf",0,0,NA,0,3.3112217304612e-05,0
"Asadullah_Khan",9,0,0.26932434961632,2.49757125199647e-07,0.00016216727514997,6
"Khushal_Khan_Kakar",9,0,0.26932434961632,2.49757125187286e-07,0.000162167275149969,6
"Malik_Zada",9,0,0.26932434961632,2.497571251969e-07,0.000162167275149969,6
"Mehar_Ullah",9,0,0.26932434961632,2.49757125191406e-07,0.000162167275149968,6
"Muhammad_Essa_Achakzai",9,0,0.26932434961632,2.49757125187286e-07,0.000162167275149967,6
"Muhammad_Mukhtar",9,0,0.26932434961632,2.49757125192779e-07,0.000162167275149966,6
"Nasrullah_Khan_Barech",9,0,0.26932434961632,2.49757125198273e-07,0.000162167275149965,6
"Noor_Gul_Khan",9,0,0.26932434961632,2.49757125190033e-07,0.000162167275149964,6
"Parveen_Usman",9,0,0.26932434961632,2.49757125190033e-07,0.000162167275149963,6
"Aamir_Khan",13,0,1,0,0.000220748115362949,1
"Abdullah_Abbasi",13,0,1,0,0.000220748115362923,1
"Afzal_Hayat",13,0,1,0,0.000220748115362897,1
"Fateh_Ali_Muawiya",13,0,1,0,0.00022074811536287,1
"Fehmeed_Nawaz",13,0,1,0,0.000220748115362842,1
"Hafiz_Allah_Ditta",13,0,1,0,0.000220748115362813,1
"Khurram_Shehzad",13,0,1,0,0.000220748115362784,1
"Luqman_Khan",13,0,1,0,0.000220748115362754,1
"Muhammad_Arsalan_Khalid",13,0,1,0,0.000220748115362724,1
"Muhammad_Aslam_Iqbal",13,0,1,0,0.000220748115362693,1
"Muhammad_Muzammal_Nazir",13,0,1,0,0.000220748115362661,1
"Rustam_Khan",13,0,1,0,0.000220748115362628,1
"Wajid_Kiyani",13,0,1,0,0.000220748115362595,1
"Waqas_Qudoos",13,0,1,0,0.000220748115362561,1
"Waseem_Ahmad",0,0,NA,0,3.3112217304612e-05,0
"Aarif_Aziz_Sheikh",709,0,0.509080188679245,0.946057125251969,0.000254148879097091,4
"Abdul_Akbar_Khan",709,0,0.509080188679245,0.946057125251969,0.00025414887909709,4
"Abdul_Aziz_Memon",709,0,0.509080188679245,0.946057125251968,0.000254148879097089,4
"Abdul_Berr",709,0,0.509080188679245,0.946057125251969,0.000254148879097088,4
"Abdul_Ghafoor_Chaudhary",709,0,0.509080188679245,0.946057125251969,0.000254148879097087,4
"Abdul_Habib_Memon",709,0,0.509080188679245,0.946057125251969,0.000254148879097086,4
"Abdul_Qadir_Patel",709,0,0.509080188679245,0.946057125251969,0.000254148879097085,4
"Abdul_Qayyum_Khan_Jatoi",1182,28755.3272941489,0.544525731584258,0.98971498365843,0.000449031886201064,4
"Abdul_Qudoos_Awan",709,0,0.509080188679245,0.946057125251969,0.000254148879097083,4
"Abdul_Rauf_Advocate",709,0,0.509080188679245,0.946057125251969,0.000254148879097082,4
"Abdul_Razzaq_Raja",709,0,0.509080188679245,0.946057125251969,0.000254148879097081,4
"Abdul_Sattar_Bachani",709,0,0.509080188679245,0.946057125251969,0.00025414887909708,4
"Abdul_Wahab",913,24097.8735206369,0.525118598710619,0.952184298974912,0.000414618017105907,4
"Abdul_Wahab_Barakzai",709,0,0.509080188679245,0.946057125251969,0.000254148879097078,4
"Abdul_Waheed",709,0,0.509080188679245,0.946057125251969,0.000254148879097078,4
"Abdullah_Bloch",709,0,0.509080188679245,0.946057125251969,0.000254148879097077,4
"Abid_Hussain_Sathi",709,0,0.509080188679245,0.946057125251969,0.000254148879097076,4
"Abid_Ullah_Yousafzai",709,0,0.509080188679245,0.946057125251969,0.000254148879097075,4
"Abrar_Azam",709,0,0.509080188679245,0.946057125251969,0.000254148879097074,4
"Adeel_Ghulam_Mohy_Ud_Din",709,0,0.509080188679245,0.946057125251969,0.000254148879097073,4
"Aezid_Mahmood_Khan_",709,0,0.509080188679245,0.946057125251968,0.000254148879097072,4
"Aftab_Ahmad_Khan_Sherpao",721,23502.0108333736,0.510223377851318,0.946189860765013,0.000364774108235687,4
"Aftab_Alam",709,0,0.509080188679245,0.946057125251969,0.000254148879097071,4
"Aftab_Shahban_Mirani",709,0,0.509080188679245,0.946057125251969,0.00025414887909707,4
"Agha_Shafqatullah",709,0,0.509080188679245,0.946057125251968,0.00025414887909707,4
"Ahmad_Hassan",709,0,0.509080188679245,0.946057125251969,0.000254148879097069,4
"Ahmad_Mustafa",709,0,0.509080188679245,0.946057125251968,0.000254148879097068,4
"Ahmad_Shah_Khan",709,0,0.509080188679245,0.946057125251969,0.000254148879097067,4
"Ahmed_Ali_Khosa",709,0,0.509080188679245,0.946057125251969,0.000254148879097066,4
"Ahmed_Jan",709,0,0.509080188679245,0.946057125251969,0.000254148879097065,4
"Aijaz_Ahmed_Halepoto",709,0,0.509080188679245,0.946057125251969,0.000254148879097064,4
"Aijaz_Hussain_Jakhrani",709,0,0.509080188679245,0.946057125251969,0.000254148879097063,4
"Aitzaz_Rasheed",709,0,0.509080188679245,0.946057125251969,0.000254148879097062,4
"Ajmal_Khan",709,0,0.509080188679245,0.946057125251969,0.000254148879097062,4
"Akhtar_Javid_Khan",709,0,0.509080188679245,0.946057125251969,0.000254148879097061,4
"Alam_Zaib_Khan",709,0,0.509080188679245,0.946057125251969,0.00025414887909706,4
"Alamzaib_Umerzai",709,0,0.509080188679245,0.946057125251969,0.000254148879097059,4
"Alhaj_Muhammad_Asad_Bhatti",709,0,0.509080188679245,0.946057125251969,0.000254148879097058,4
"Ali-Uz-Zaman",709,0,0.509080188679245,0.946057125251969,0.000254148879097057,4
"Ali_Ahmed",709,0,0.509080188679245,0.946057125251969,0.000254148879097056,4
"Ali_Gohar_Khan_Mahar",709,0,0.509080188679245,0.946057125251969,0.000254148879097055,4
"Ali_Jan_Mazari",709,0,0.509080188679245,0.946057125251969,0.000254148879097054,4
"Ali_Javed",709,0,0.509080188679245,0.946057125251969,0.000254148879097054,4
"Ali_Muhammad_Khan_Mahar",709,0,0.509080188679245,0.946057125251969,0.000254148879097053,4
"Ali_Muhammad_Sahito",709,0,0.509080188679245,0.946057125251969,0.000254148879097052,4
"Ali_Muhammad_Sehto",709,0,0.509080188679245,0.946057125251969,0.000254148879097051,4
"Ali_Musa_Gilani",709,0,0.509080188679245,0.946057125251968,0.00025414887909705,4
"Allah_Yar",709,0,0.509080188679245,0.946057125251969,0.000254148879097049,4
"Altaf_Hussain_Virk",709,0,0.509080188679245,0.946057125251969,0.000254148879097048,4
"Aman_Ullah_Wald_Gul_Azad",709,0,0.509080188679245,0.946057125251969,0.000254148879097047,4
"Amanullah",1182,28755.3272941489,0.544525731584258,0.98971498365843,0.000449031886201024,4
"Amjad_Ali_Jutt",709,0,0.509080188679245,0.946057125251969,0.000254148879097046,4
"Amjad_Yaqoub",709,0,0.509080188679245,0.946057125251969,0.000254148879097045,4
"Anwar-Ul-Haq_Ramay",709,0,0.509080188679245,0.946057125251969,0.000254148879097044,4
"Anwar_Saifullah_Khan",709,0,0.509080188679245,0.946057125251969,0.000254148879097043,4
"Arbab_Alamgir_Khan",709,0,0.509080188679245,0.946057125251969,0.000254148879097042,4
"Arbab_Wazir_Ahmed_Memon",709,0,0.509080188679245,0.946057125251969,0.000254148879097041,4
"Arif_Aziz_Shaikh",709,0,0.509080188679245,0.946057125251969,0.00025414887909704,4
"Asad_Alam_Niazi",709,0,0.509080188679245,0.946057125251969,0.000254148879097039,4
"Asad_Ullah_Khan",709,0,0.509080188679245,0.946057125251969,0.000254148879097038,4
"Asghar_Ali_Jara",709,0,0.509080188679245,0.946057125251969,0.000254148879097038,4
"Asif_Ali_Zardari",709,0,0.509080188679245,0.946057125251969,0.000254148879097037,4
"Asif_Bashir",709,0,0.509080188679245,0.946057125251969,0.000254148879097036,4
"Asma_Shahnawaz_Cheema",709,0,0.509080188679245,0.946057125251969,0.000254148879097035,4
"Athar_Hassan_Khan_Gorchani",709,0,0.509080188679245,0.946057125251969,0.000254148879097034,4
"Aurangzeb_Shaafi_Burki",709,0,0.509080188679245,0.946057125251969,0.000254148879097033,4
"Aurangzeb_Shafi_Barki",709,0,0.509080188679245,0.946057125251968,0.000254148879097032,4
"Ayatullah_Durrani",709,0,0.509080188679245,0.946057125251969,0.000254148879097031,4
"Ayaz_Imran",709,0,0.509080188679245,0.946057125251969,0.00025414887909703,4
"Ayub_Shah",709,0,0.509080188679245,0.946057125251969,0.000254148879097029,4
"Azeem_Daultana",709,0,0.509080188679245,0.946057125251969,0.000254148879097029,4
"Baber_Sultan_Jadoon",709,0,0.509080188679245,0.946057125251969,0.000254148879097028,4
"Babu_Nafees_Ahmad_Ansari",709,0,0.509080188679245,0.946057125251969,0.000254148879097027,4
"Bari_Khan",709,0,0.509080188679245,0.946057125251968,0.000254148879097026,4
"Barrister_Gohar_Ali_Khan",1182,28755.3272941489,0.544525731584258,0.98971498365843,0.000449031886201002,4
"Barrister_Mian_Amir_Hassan",709,0,0.509080188679245,0.946057125251969,0.000254148879097024,4
"Basharat_Ali_Wald_Faqir_Muhammad",709,0,0.509080188679245,0.946057125251969,0.000254148879097023,4
"Begum_Shahnaz_Javed",709,0,0.509080188679245,0.946057125251969,0.000254148879097022,4
"Bilawal_Bhutto_Zardari",709,0,0.509080188679245,0.946057125251969,0.000254148879097021,4
"Bushra_Aitzaz_Ahsan",709,0,0.509080188679245,0.946057125251969,0.00025414887909702,4
"Capt__Rtd__Rai_Ghulam_Mujtaba_Kharral",709,0,0.509080188679245,0.946057125251969,0.000254148879097019,4
"Captain_Retired_Asad_Gill",709,0,0.509080188679245,0.946057125251969,0.000254148879097019,4
"Ch__Ahmad_Mukhtar",709,0,0.509080188679245,0.946057125251969,0.000254148879097018,4
"Ch__Ahmed_Mukhtar",709,0,0.509080188679245,0.946057125251969,0.000254148879097017,4
"Ch__Hammad_Muhammad_Khan",709,0,0.509080188679245,0.946057125251969,0.000254148879097016,4
"Ch__Iftikhar_Nazir",709,0,0.509080188679245,0.946057125251969,0.000254148879097015,4
"Ch__Manzoor_Ahmad",709,0,0.509080188679245,0.946057125251969,0.000254148879097014,4
"Ch__Muhammad_Abdullah_Virk",709,0,0.509080188679245,0.946057125251969,0.000254148879097013,4
"Ch__Zeshan_Ilyas",709,0,0.509080188679245,0.946057125251969,0.000254148879097012,4
"Ch_Ejaz_Ahmed_Cheema",709,0,0.509080188679245,0.946057125251969,0.000254148879097011,4
"Ch_Iftikhar_Ahmed",709,0,0.509080188679245,0.946057125251969,0.000254148879097011,4
"Ch_Muhammad_Saddique",709,0,0.509080188679245,0.946057125251969,0.00025414887909701,4
"Ch_Muhammad_Saeed_Gujar",709,0,0.509080188679245,0.946057125251969,0.000254148879097009,4
"Ch_mushtaq_Ahmad_",709,0,0.509080188679245,0.946057125251969,0.000254148879097008,4
"Ch_tawakkal-Ullah_Virk",709,0,0.509080188679245,0.946057125251969,0.000254148879097007,4
"Ch_zahid_Iqbal",709,0,0.509080188679245,0.946057125251969,0.000254148879097006,4
"Ch_Zulifqar_Bhindar",709,0,0.509080188679245,0.946057125251969,0.000254148879097005,4
"Chaudhary_Ijaz_Ahmad_Cheema",709,0,0.509080188679245,0.946057125251969,0.000254148879097004,4
"Chaudhary_Shoukat_Ali",709,0,0.509080188679245,0.946057125251969,0.000254148879097003,4
"Chaudhary_Sohail_Zafar",709,0,0.509080188679245,0.946057125251969,0.000254148879097002,4
"Chaudhary_Tasneem_Nasir",709,0,0.509080188679245,0.946057125251969,0.000254148879097001,4
"Chaudhry_Abdul_Ghafoor_Khan",709,0,0.509080188679245,0.946057125251969,0.000254148879097,4
"Chaudhry_Asad_Parvez",709,0,0.509080188679245,0.946057125251969,0.000254148879097,4
"Chaudhry_Manzoor_Ahmad",709,0,0.509080188679245,0.946057125251969,0.000254148879096999,4
"Chaudry_Atif_Rafique",709,0,0.509080188679245,0.946057125251969,0.000254148879096998,4
"Chohadry_Manzoor_Ahmad",709,0,0.509080188679245,0.946057125251969,0.000254148879096997,4
"Choudhary_Altaf_Hussain",709,0,0.509080188679245,0.946057125251969,0.000254148879096996,4
"Choudhary_Sharaqat_Rasool_Ghumman",709,0,0.509080188679245,0.946057125251969,0.000254148879096995,4
"Choudhary_Zafar_Iqbal_Warriach",709,0,0.509080188679245,0.946057125251969,0.000254148879096994,4
"Choudhri_Umar_Hayat_Sandhu",709,0,0.509080188679245,0.946057125251969,0.000254148879096993,4
"Col_Rtd_Rao_Abid_Ali_Khan",709,0,0.509080188679245,0.946057125251969,0.000254148879096992,4
"Comrade_Zahoor_Ahmed_Khosa",709,0,0.509080188679245,0.946057125251969,0.000254148879096991,4
"Dewan_Syed_Muhammad_Haider_Abbas_Bukhari",709,0,0.509080188679245,0.946057125251969,0.00025414887909699,4
"Doctor_Mian_Akhtar_Ali_Laleka",709,0,0.509080188679245,0.946057125251969,0.000254148879096989,4
"Doctor_Muhammad_Rashid_Malik",709,0,0.509080188679245,0.946057125251969,0.000254148879096989,4
"Doctor_Sultan_Zeb_Khan",709,0,0.509080188679245,0.946057125251969,0.000254148879096988,4
"Dost_Muhammad_Khan",1182,28755.3272941489,0.544525731584258,0.98971498365843,0.000449031886200964,4
"Dr__Abdul_Wahid_Soomro",709,0,0.509080188679245,0.946057125251969,0.000254148879096986,4
"Dr__Arbab_Alamgir_Khan",709,0,0.509080188679245,0.946057125251969,0.000254148879096985,4
"Dr__Ayatullah_Durrani",709,0,0.509080188679245,0.946057125251969,0.000254148879096984,4
"Dr__Azra_Fazal_Pecheho",709,0,0.509080188679245,0.946057125251968,0.000254148879096983,4
"Dr__Fardos_Ashiq_Awan_",709,0,0.509080188679245,0.946057125251969,0.000254148879096982,4
"Dr__Mirza_Ikhtiar_Baig",709,0,0.509080188679245,0.946057125251969,0.000254148879096981,4
"Dr__Muhammad_Haider_Baloch",709,0,0.509080188679245,0.946057125251968,0.00025414887909698,4
"Dr__Muhammad_Riaz",709,0,0.509080188679245,0.946057125251969,0.000254148879096979,4
"Dr__Muhammad_Shakir_Alam",709,0,0.509080188679245,0.946057125251969,0.000254148879096978,4
"Dr__Syed_Israr_Hussain",709,0,0.509080188679245,0.946057125251968,0.000254148879096977,4
"Dr__Zafar_Chaudhary",709,0,0.509080188679245,0.946057125251969,0.000254148879096977,4
"Dr_afsar_Ul_Mulk_Khan",709,0,0.509080188679245,0.946057125251969,0.000254148879096976,4
"Dr_Azra_Fazal_Pechuho",709,0,0.509080188679245,0.946057125251969,0.000254148879096975,4
"Dr_fahmida_Mirza",709,0,0.509080188679245,0.946057125251969,0.000254148879096974,4
"Dr_Farooq_Afzal",709,0,0.509080188679245,0.946057125251969,0.000254148879096973,4
"Dr_Fehmida_Mirza",709,0,0.509080188679245,0.946057125251969,0.000254148879096972,4
"Dr_Firdous_Ashiq_Awan",709,0,0.509080188679245,0.946057125251969,0.000254148879096971,4
"Dr_Mazhar_Iqbal_Choudhary",709,0,0.509080188679245,0.946057125251969,0.00025414887909697,4
"Dr_Saeed_Ahmad_Buzdar",709,0,0.509080188679245,0.946057125251969,0.000254148879096969,4
"Dr_zaheer-Ul-Hassan_Rizvi",709,0,0.509080188679245,0.946057125251969,0.000254148879096968,4
"Dr_zulfiqar_Ali_Bhatti",709,0,0.509080188679245,0.946057125251969,0.000254148879096967,4
"Ejaz_Ahmed_Samma",709,0,0.509080188679245,0.946057125251969,0.000254148879096966,4
"Ejaz_Ali_Khan_Shahani",709,0,0.509080188679245,0.946057125251969,0.000254148879096965,4
"Engineer_Hamid_Iqbal_Khan",709,0,0.509080188679245,0.946057125251969,0.000254148879096964,4
"Engineer_Muhammad_Tariq_Khattak",709,0,0.509080188679245,0.946057125251969,0.000254148879096964,4
"Engr_dawar_Khan_Kundi",709,0,0.509080188679245,0.946057125251969,0.000254148879096963,4
"Faisal_Karim_Kundi",709,0,0.509080188679245,0.946057125251969,0.000254148879096962,4
"Faisal_Sakhi_Butt",709,0,0.509080188679245,0.946057125251969,0.000254148879096961,4
"Faizullah_Chaichee",709,0,0.509080188679245,0.946057125251969,0.00025414887909696,4
"Fakhar_Umar_Hayat",709,0,0.509080188679245,0.946057125251969,0.000254148879096959,4
"Faqir_Sher_Muhammad_Bilalani",709,0,0.509080188679245,0.946057125251969,0.000254148879096958,4
"Faraz_Hashmi",709,0,0.509080188679245,0.946057125251969,0.000254148879096957,4
"Farhana",709,0,0.509080188679245,0.946057125251968,0.000254148879096956,4
"Farooq_Akbar_Kahloon",709,0,0.509080188679245,0.946057125251969,0.000254148879096955,4
"Faryal_Talpur",709,0,0.509080188679245,0.946057125251968,0.000254148879096954,4
"Farzana_Sherin",709,0,0.509080188679245,0.946057125251969,0.000254148879096953,4
"Fateh_Ullah_Khan",709,0,0.509080188679245,0.946057125251969,0.000254148879096952,4
"Fazal_e_Rabi",709,0,0.509080188679245,0.946057125251968,0.000254148879096951,4
"Fazal_Rahman",709,0,0.509080188679245,0.946057125251969,0.000254148879096951,4
"Fazal_Wadood",709,0,0.509080188679245,0.946057125251969,0.00025414887909695,4
"Fida_Hussain_Dero",709,0,0.509080188679245,0.946057125251969,0.000254148879096949,4
"Fozia_Behram",709,0,0.509080188679245,0.946057125251969,0.000254148879096948,4
"Ghanva_Bhutto",709,0,0.509080188679245,0.946057125251969,0.000254148879096947,4
"Ghanwa_Bhutto",709,0,0.509080188679245,0.946057125251969,0.000254148879096946,4
"Ghayas-Ud-Din_Khan",709,0,0.509080188679245,0.946057125251969,0.000254148879096945,4
"Ghinva_Bhutto",709,0,0.509080188679245,0.946057125251969,0.000254148879096944,4
"Ghinwa_Bhutto",709,0,0.509080188679245,0.946057125251969,0.000254148879096943,4
"Ghulam_Akbar_Lasi",709,0,0.509080188679245,0.946057125251969,0.000254148879096942,4
"Ghulam_Ali_Nizamani",709,0,0.509080188679245,0.946057125251969,0.000254148879096941,4
"Ghulam_Farid_Kathia",709,0,0.509080188679245,0.946057125251969,0.00025414887909694,4
"Ghulam_Muhammad_Junejo_Alias_Gul_Junejo",709,0,0.509080188679245,0.946057125251969,0.000254148879096939,4
"Ghulam_Murtaza_Satti",709,0,0.509080188679245,0.946057125251969,0.000254148879096938,4
"Ghulam_Rabbani_Khar",709,0,0.509080188679245,0.946057125251968,0.000254148879096937,4
"Ghulam_Sarwar_Khan_Khichi",709,0,0.509080188679245,0.946057125251969,0.000254148879096937,4
"Gulzar_Ahmed_Chaudhary",709,0,0.509080188679245,0.946057125251969,0.000254148879096936,4
"Hafeez-Ullah_Ishaq",709,0,0.509080188679245,0.946057125251969,0.000254148879096935,4
"Hafiz_Hussain_Ahmed_Madni",709,0,0.509080188679245,0.946057125251969,0.000254148879096934,4
"Haider_Ali_Khan_Kharal",709,0,0.509080188679245,0.946057125251969,0.000254148879096933,4
"Hajan_Allah_Rakhi",709,0,0.509080188679245,0.946057125251969,0.000254148879096932,4
"Haji_Misar_Khan",709,0,0.509080188679245,0.946057125251969,0.000254148879096931,4
"Haji_Muhammad_Ishaq",709,0,0.509080188679245,0.946057125251969,0.00025414887909693,4
"Haji_Nafees_Ahmed_Usmani_Advocate",709,0,0.509080188679245,0.946057125251969,0.000254148879096929,4
"Haji_Rasool_Bux_Chandio",709,0,0.509080188679245,0.946057125251969,0.000254148879096928,4
"Hamid_Ali_Bhatti",709,0,0.509080188679245,0.946057125251969,0.000254148879096927,4
"Hamid_Saeed_Kazmi",709,0,0.509080188679245,0.946057125251969,0.000254148879096926,4
"Haris_Meeran",709,0,0.509080188679245,0.946057125251969,0.000254148879096925,4
"Hasnain_Ijaz_Khan_Shahani",709,0,0.509080188679245,0.946057125251969,0.000254148879096924,4
"Hassan_Sardar",1182,28755.3272941489,0.544525731584258,0.98971498365843,0.0004490318862009,4
"Hayat_Ullah_Khan_Tareen",709,0,0.509080188679245,0.946057125251969,0.000254148879096922,4
"Hazrat_Wali",709,0,0.509080188679245,0.946057125251969,0.000254148879096921,4
"Hina_Rabbani_Khar",709,0,0.509080188679245,0.946057125251969,0.00025414887909692,4
"Ibne_Saeed_Ch_",709,0,0.509080188679245,0.946057125251969,0.000254148879096919,4
"Iftikhar_Ahmed_Cheema_Advocate",709,0,0.509080188679245,0.946057125251969,0.000254148879096919,4
"Iftikhar_Shahid",709,0,0.509080188679245,0.946057125251969,0.000254148879096918,4
"Ihsan_Ur_Rahman_Mazari",709,0,0.509080188679245,0.946057125251969,0.000254148879096917,4
"Imam_Ali_Samejo",709,0,0.509080188679245,0.946057125251969,0.000254148879096916,4
"Imdad_Ullah_Abbasi",709,0,0.509080188679245,0.946057125251969,0.000254148879096915,4
"Imran",709,0,0.509080188679245,0.946057125251969,0.000254148879096914,4
"Imtiaz_Safdar_Waraich",709,0,0.509080188679245,0.946057125251969,0.000254148879096913,4
"Imtiaz_Safdar_Warraich",709,0,0.509080188679245,0.946057125251969,0.000254148879096912,4
"Iqbal_Ahmad_Khan",709,0,0.509080188679245,0.946057125251969,0.000254148879096911,4
"Irfan_Ali_Leghari",709,0,0.509080188679245,0.946057125251969,0.00025414887909691,4
"Irfan_Qureshi",709,0,0.509080188679245,0.946057125251969,0.000254148879096909,4
"Israr_Ahmed_Khan",709,0,0.509080188679245,0.946057125251969,0.000254148879096908,4
"Jahangir_Badar",709,0,0.509080188679245,0.946057125251969,0.000254148879096907,4
"Jam_Abdul_Karim_Bijar",709,0,0.509080188679245,0.946057125251969,0.000254148879096906,4
"Jamshed_Ahmad_Khan_Dasti",709,0,0.509080188679245,0.946057125251969,0.000254148879096905,4
"Javaid_Saeed_Kazmi",709,0,0.509080188679245,0.946057125251969,0.000254148879096904,4
"Javed_Iqbal_Warraich",709,0,0.509080188679245,0.946057125251969,0.000254148879096903,4
"Javeed_Iqbal_Waraich",709,0,0.509080188679245,0.946057125251969,0.000254148879096902,4
"Jawad_Hussain",709,0,0.509080188679245,0.946057125251969,0.000254148879096901,4
"Jawaid_Sheikh",709,0,0.509080188679245,0.946057125251969,0.0002541488790969,4
"Kakagi_Muhammad_Zahoor",709,0,0.509080188679245,0.946057125251969,0.000254148879096899,4
"Kamal_Khan",709,0,0.509080188679245,0.946057125251969,0.000254148879096898,4
"Kamran_Yousaf_Ghumman",709,0,0.509080188679245,0.946057125251969,0.000254148879096897,4
"Khadeeja_Aamir",709,0,0.509080188679245,0.946057125251969,0.000254148879096897,4
"Khair_Muhammad_Khan_Tareen",709,0,0.509080188679245,0.946057125251969,0.000254148879096896,4
"Khalilu_Rehman",709,0,0.509080188679245,0.946057125251969,0.000254148879096895,4
"Khan_Daraz",709,0,0.509080188679245,0.946057125251969,0.000254148879096894,4
"Khanim_Ullah",709,0,0.509080188679245,0.946057125251969,0.000254148879096893,4
"Khanzada_Khan",709,0,0.509080188679245,0.946057125251969,0.000254148879096892,4
"Khawaja_Atta_Ullah_Khan_Tonsa_Sharif",709,0,0.509080188679245,0.946057125251969,0.000254148879096891,4
"Khawaja_Ghulam_Hussain",709,0,0.509080188679245,0.946057125251968,0.00025414887909689,4
"Khawaja_Kaleem-Ud-Din_Koreja_",709,0,0.509080188679245,0.946057125251969,0.000254148879096889,4
"Khawaja_Kaleem_Ud_Din_Koreja",709,0,0.509080188679245,0.946057125251969,0.000254148879096888,4
"Khawaja_Muhammad_Saleh",709,0,0.509080188679245,0.946057125251969,0.000254148879096887,4
"Khawaja_Sheeraz_Mehmood",709,0,0.509080188679245,0.946057125251969,0.000254148879096886,4
"Khawja_Mudassir_Mehmood",709,0,0.509080188679245,0.946057125251969,0.000254148879096885,4
"Khizarul_Islam",709,0,0.509080188679245,0.946057125251969,0.000254148879096884,4
"Khurram_Pervaiz_Raja",709,0,0.509080188679245,0.946057125251968,0.000254148879096883,4
"Khurram_Shahzad",913,24097.8735206369,0.525118598710619,0.952184298974912,0.00041461801710571,4
"Khuwaja_Ghulam_Hussain",709,0,0.509080188679245,0.946057125251969,0.000254148879096881,4
"Khwaja_Ghulam_Rasool_Koreja",709,0,0.509080188679245,0.946057125251969,0.00025414887909688,4
"Kiramatullah_Khan",709,0,0.509080188679245,0.946057125251969,0.000254148879096879,4
"Lal_Muhammad_Khan",709,0,0.509080188679245,0.946057125251969,0.000254148879096878,4
"Liaqat_Ali_Khan",709,0,0.509080188679245,0.946057125251969,0.000254148879096877,4
"Lt_col__r__Sultan_Sikandar_Ghumman_",709,0,0.509080188679245,0.946057125251969,0.000254148879096876,4
"m_Bilal_Khan_Sherpao",709,0,0.509080188679245,0.946057125251969,0.000254148879096875,4
"m_Israr_Tareen",709,0,0.509080188679245,0.946057125251969,0.000254148879096874,4
"Mahar_Khliq_Yar_Khan_Lak",709,0,0.509080188679245,0.946057125251969,0.000254148879096873,4
"Mahesh_Kumar_Malani",709,0,0.509080188679245,0.946057125251969,0.000254148879096872,4
"Mahesh_Kumar_Malhani",709,0,0.509080188679245,0.946057125251969,0.000254148879096871,4
"Mahmood_Akhtar_Ghuman",709,0,0.509080188679245,0.946057125251969,0.00025414887909687,4
"Mahr_Irshad_Ahmed_Siyal",709,0,0.509080188679245,0.946057125251969,0.00025414887909687,4
"Maj_Retd_Liaqat_Ali_Shah_Gailani",709,0,0.509080188679245,0.946057125251969,0.000254148879096869,4
"Makhddom_Syed_Murtaza_Mehmood",709,0,0.509080188679245,0.946057125251969,0.000254148879096868,4
"Makhdoom_Amad-Ud-Din",709,0,0.509080188679245,0.946057125251969,0.000254148879096867,4
"Makhdoom_Jamil_Uz_Zaman",709,0,0.509080188679245,0.946057125251968,0.000254148879096866,4
"Makhdoom_Muhammad_Ameen_Fahim",709,0,0.509080188679245,0.946057125251969,0.000254148879096865,4
"Makhdoom_Shah_Mehmood_Qureshi",1182,28755.3272941489,0.544525731584258,0.98971498365843,0.000449031886200841,4
"Makhdoom_Shahab-Ud-Din",709,0,0.509080188679245,0.946057125251969,0.000254148879096863,4
"Makhdoom_Shahab_Ud_Din",709,0,0.509080188679245,0.946057125251969,0.000254148879096862,4
"Makhdoom_Syed_Ali_Hassan_Gilani",709,0,0.509080188679245,0.946057125251969,0.000254148879096861,4
"Makhdoom_Syed_Mustafa_Mehmood",709,0,0.509080188679245,0.946057125251969,0.00025414887909686,4
"Makhdoom_Tahir_Rashid",709,0,0.509080188679245,0.946057125251969,0.000254148879096859,4
"Makhdum_Syed_Mustafa_Mahmud",709,0,0.509080188679245,0.946057125251969,0.000254148879096858,4
"Makhdum_Syed_Usman_Mahmud",709,0,0.509080188679245,0.946057125251969,0.000254148879096857,4
"Malak_Azmat_Khan",709,0,0.509080188679245,0.946057125251969,0.000254148879096856,4
"Malak_Syed_Noor_Akbar",709,0,0.509080188679245,0.946057125251969,0.000254148879096855,4
"Malik_Aamer_Fida_Paracha",709,0,0.509080188679245,0.946057125251969,0.000254148879096854,4
"Malik_Amjad_Aziz_Khan",709,0,0.509080188679245,0.946057125251969,0.000254148879096853,4
"Malik_Asad_Sikandar",709,0,0.509080188679245,0.946057125251969,0.000254148879096852,4
"Malik_Asghar_Ali_Qaisar",709,0,0.509080188679245,0.946057125251969,0.000254148879096851,4
"Malik_Irfan_Ahmad_Gheba",709,0,0.509080188679245,0.946057125251969,0.00025414887909685,4
"Malik_Karamat_Ali_Khokhar",1182,28755.3272941489,0.544525731584258,0.98971498365843,0.000449031886200826,4
"Malik_Khalid_Awan",709,0,0.509080188679245,0.946057125251969,0.000254148879096848,4
"Malik_Muhammad_Amir_Dogar",709,0,0.509080188679245,0.946057125251969,0.000254148879096847,4
"Malik_Mushtaq_Ahmad",709,0,0.509080188679245,0.946057125251969,0.000254148879096846,4
"Malik_Nawab_Sher_Waseer",709,0,0.509080188679245,0.946057125251969,0.000254148879096845,4
"Malik_Nawab_Sher_Wasseer",709,0,0.509080188679245,0.946057125251969,0.000254148879096844,4
"Malik_Niaz_Ahmad",709,0,0.509080188679245,0.946057125251969,0.000254148879096843,4
"Malik_Raza_Rabbani_Khar",709,0,0.509080188679245,0.946057125251969,0.000254148879096842,4
"Malik_Salah-Ud-Din_Dogar",709,0,0.509080188679245,0.946057125251969,0.000254148879096841,4
"Malik_Sardar_Muhammad_Tralay_Wala",709,0,0.509080188679245,0.946057125251969,0.00025414887909684,4
"Malik_Shah",709,0,0.509080188679245,0.946057125251969,0.000254148879096839,4
"Malik_Shoukat_Hayyat_Awan",709,0,0.509080188679245,0.946057125251969,0.000254148879096838,4
"Malik_Sohail",709,0,0.509080188679245,0.946057125251969,0.000254148879096837,4
"Malik_Sultan_Mehmood_Wadhal_Tiwana",709,0,0.509080188679245,0.946057125251969,0.000254148879096836,4
"Meer_Dost_Muhammad_Mazari",709,0,0.509080188679245,0.946057125251969,0.000254148879096835,4
"Mehar_Abdul_Rashid_",709,0,0.509080188679245,0.946057125251968,0.000254148879096834,4
"Mehboob_Ullah_Jan",709,0,0.509080188679245,0.946057125251969,0.000254148879096833,4
"Mehkumuddin",709,0,0.509080188679245,0.946057125251969,0.000254148879096832,4
"Mehmood_Hayat_Khan_Alias_Tochi_Khan",709,0,0.509080188679245,0.946057125251969,0.000254148879096831,4
"Mehmood_Hayat_Khan_Tochi",709,0,0.509080188679245,0.946057125251969,0.00025414887909683,4
"Mehmood_Hayyat_Khan_Alias_Tauchi_Khan",709,0,0.509080188679245,0.946057125251969,0.000254148879096829,4
"Mehr_Ghulam_Farid_Kathia",709,0,0.509080188679245,0.946057125251969,0.000254148879096828,4
"Mehr_Sultana",709,0,0.509080188679245,0.946057125251969,0.000254148879096827,4
"Mehreen_Anwar_Raja",709,0,0.509080188679245,0.946057125251969,0.000254148879096826,4
"Mian_Abdul_Haq_Alias_Mian_Mitho",709,0,0.509080188679245,0.946057125251969,0.000254148879096825,4
"Mian_Abdul_Sattar",709,0,0.509080188679245,0.946057125251969,0.000254148879096824,4
"Mian_Abdus_Sattar",709,0,0.509080188679245,0.946057125251969,0.000254148879096823,4
"Mian_Aziz_Ur_Rehman_Chann",709,0,0.509080188679245,0.946057125251969,0.000254148879096822,4
"Mian_Humayun_Sarwar_Bodla",709,0,0.509080188679245,0.946057125251969,0.000254148879096821,4
"Mian_Jamshed-Ud-Din",709,0,0.509080188679245,0.946057125251969,0.00025414887909682,4
"Mian_Manzoor_Ahmad_Khan_Wattoo",709,0,0.509080188679245,0.946057125251969,0.000254148879096819,4
"Mian_Muhammad_Aslam_Arain",709,0,0.509080188679245,0.946057125251969,0.000254148879096818,4
"Mian_Muzaffar_Shah",709,0,0.509080188679245,0.946057125251969,0.000254148879096817,4
"Mian_Nasim_Mahmood_Hotiana",709,0,0.509080188679245,0.946057125251969,0.000254148879096816,4
"Mian_Omer_Misbah-Ul-Rehman",709,0,0.509080188679245,0.946057125251969,0.000254148879096815,4
"Mian_Rehman_Aziz_Chan",709,0,0.509080188679245,0.946057125251969,0.000254148879096814,4
"Mian_Shamim_Haider",709,0,0.509080188679245,0.946057125251969,0.000254148879096814,4
"Mian_Tariq_Habib_",709,0,0.509080188679245,0.946057125251969,0.000254148879096812,4
"Mir_Aamir_Ali_Khan_Magsi",709,0,0.509080188679245,0.946057125251968,0.000254148879096812,4
"Mir_Aijaz_Hussain_Jakhrani",709,0,0.509080188679245,0.946057125251969,0.000254148879096811,4
"Mir_Amir_Ali_Khan_Magsi",709,0,0.509080188679245,0.946057125251969,0.00025414887909681,4
"Mir_Changez_Khan_Jamali",709,0,0.509080188679245,0.946057125251969,0.000254148879096809,4
"Mir_Ghulam_Ali_Talpur",709,0,0.509080188679245,0.946057125251969,0.000254148879096807,4
"Mir_Ghulam_Fareed_Raisani",709,0,0.509080188679245,0.946057125251969,0.000254148879096807,4
"Mir_Hazar_Khan_Bijarani_",709,0,0.509080188679245,0.946057125251969,0.000254148879096805,4
"Mir_Imam_Bakhsh_Zahri",709,0,0.509080188679245,0.946057125251968,0.000254148879096805,4
"Mir_Imran_Jattak",709,0,0.509080188679245,0.946057125251969,0.000254148879096803,4
"Mir_Jan_Muhammad_Masuri",709,0,0.509080188679245,0.946057125251969,0.000254148879096803,4
"Mir_Maqbool_Ahmed_Lehri",709,0,0.509080188679245,0.946057125251969,0.000254148879096801,4
"Mir_Munawar_Ali_Talpur",709,0,0.509080188679245,0.946057125251969,0.000254148879096801,4
"Mir_Shabbir_Ali_Bijarani",709,0,0.509080188679245,0.946057125251969,0.0002541488790968,4
"Mirza_Ikhtiar_Baig",709,0,0.509080188679245,0.946057125251969,0.000254148879096798,4
"Mirza_Maqbool_Ahmed",709,0,0.509080188679245,0.946057125251969,0.000254148879096798,4
"Mirza_Muhammad_Nasir_Bage",709,0,0.509080188679245,0.946057125251969,0.000254148879096796,4
"Mirza_Muhammad_Nasir_Baig",709,0,0.509080188679245,0.946057125251969,0.000254148879096796,4
"Misbah-Ud-Din",709,0,0.509080188679245,0.946057125251969,0.000254148879096795,4
"Misbah_Ud_Din",709,0,0.509080188679245,0.946057125251969,0.000254148879096794,4
"Mohammad_Ayaz_Soomro",709,0,0.509080188679245,0.946057125251969,0.000254148879096793,4
"Mohammad_Moazim_Ali_Khan",709,0,0.509080188679245,0.946057125251969,0.000254148879096792,4
"Mohammad_Sagheer",709,0,0.509080188679245,0.946057125251969,0.00025414887909679,4
"Mohammad_Sulleman",709,0,0.509080188679245,0.946057125251969,0.000254148879096789,4
"Mr__Makhdoom_Muhammad_Ameen_Faheem",709,0,0.509080188679245,0.946057125251969,0.000254148879096788,4
"Mr__Peeral_Majeedano",709,0,0.509080188679245,0.946057125251969,0.000254148879096787,4
"Mr__Shahid_Hussain_Bhutto",709,0,0.509080188679245,0.946057125251969,0.000254148879096786,4
"Mr_imran_Zafar_Leghari",709,0,0.509080188679245,0.946057125251969,0.000254148879096785,4
"Mrs_faryal_Talpur",709,0,0.509080188679245,0.946057125251969,0.000254148879096784,4
"Mubeen_Arshad",709,0,0.509080188679245,0.946057125251969,0.000254148879096783,4
"Muhammad_Abbas",913,24097.8735206369,0.525118598710619,0.952184298974912,0.000414618017105611,4
"Muhammad_Afaque_Khan_Alias_Shahid",709,0,0.509080188679245,0.946057125251969,0.000254148879096781,4
"Muhammad_Afzal_Sindhu",1182,28755.3272941489,0.544525731584258,0.98971498365843,0.000449031886200757,4
"Muhammad_Alam_Khan",709,0,0.509080188679245,0.946057125251969,0.000254148879096779,4
"Muhammad_Ali_Laleka",709,0,0.509080188679245,0.946057125251969,0.000254148879096778,4
"Muhammad_Ali_Sanul_Awan",709,0,0.509080188679245,0.946057125251969,0.000254148879096777,4
"Muhammad_Amjid_Abbas",709,0,0.509080188679245,0.946057125251969,0.000254148879096776,4
"Muhammad_Arshad_Abbas_Qureshi",709,0,0.509080188679245,0.946057125251969,0.000254148879096775,4
"Muhammad_Asghar_Lal",709,0,0.509080188679245,0.946057125251969,0.000254148879096774,4
"Muhammad_Ashraf_Bhatti",709,0,0.509080188679245,0.946057125251969,0.000254148879096773,4
"Muhammad_Asif_Khan",709,0,0.509080188679245,0.946057125251969,0.000254148879096772,4
"Muhammad_Azam_Afridi",709,0,0.509080188679245,0.946057125251969,0.000254148879096771,4
"Muhammad_Farooq_Azam_Malik",709,0,0.509080188679245,0.946057125251969,0.00025414887909677,4
"Muhammad_Haider_Shah",709,0,0.509080188679245,0.946057125251969,0.000254148879096769,4
"Muhammad_Hakeem_Khan",709,0,0.509080188679245,0.946057125251969,0.000254148879096768,4
"Muhammad_Hanif",718,10285.4545388397,0.509560906515581,0.946097519167438,0.000305483202867591,4
"Muhammad_Hassan_Khan",709,0,0.509080188679245,0.946057125251969,0.000254148879096767,4
"Muhammad_Hyder_Ali_Bukhari",709,0,0.509080188679245,0.946057125251969,0.000254148879096766,4
"Muhammad_Idrees_Khattak",709,0,0.509080188679245,0.946057125251969,0.000254148879096765,4
"Muhammad_Ijaz_Virk_Advocate_",709,0,0.509080188679245,0.946057125251969,0.000254148879096764,4
"Muhammad_Irshad_Khan",709,0,0.509080188679245,0.946057125251969,0.000254148879096763,4
"Muhammad_Jamshed",709,0,0.509080188679245,0.946057125251969,0.000254148879096762,4
"Muhammad_Kashif_Bhabha",709,0,0.509080188679245,0.946057125251969,0.000254148879096761,4
"Muhammad_Khalid_Bashir_Tarnsporter",709,0,0.509080188679245,0.946057125251969,0.00025414887909676,4
"Muhammad_Khan_Nadeem",709,0,0.509080188679245,0.946057125251969,0.000254148879096759,4
"Muhammad_Moazam_Ali_Khan_Jatoi",709,0,0.509080188679245,0.946057125251969,0.000254148879096758,4
"Muhammad_Mohsin_Ali_Qureshi",709,0,0.509080188679245,0.946057125251969,0.000254148879096757,4
"Muhammad_Murad_Baloch",709,0,0.509080188679245,0.946057125251969,0.000254148879096756,4
"Muhammad_Muzamil_Qureshi",709,0,0.509080188679245,0.946057125251969,0.000254148879096755,4
"Muhammad_Naveed_Ch_",709,0,0.509080188679245,0.946057125251969,0.000254148879096754,4
"Muhammad_Nawazish_Ali_Pirzada",709,0,0.509080188679245,0.946057125251969,0.000254148879096753,4
"Muhammad_Nisar_Ahmad_Khan",709,0,0.509080188679245,0.946057125251969,0.000254148879096752,4
"Muhammad_Rashid_Hussain_Rabani",709,0,0.509080188679245,0.946057125251969,0.000254148879096751,4
"Muhammad_Saif_Ullah_Khan_Sadozai_Advocate",709,0,0.509080188679245,0.946057125251969,0.00025414887909675,4
"Muhammad_Sardar_Bahadar_Babar_Khan",709,0,0.509080188679245,0.946057125251969,0.000254148879096749,4
"Muhammad_Shah_Jehan",709,0,0.509080188679245,0.946057125251969,0.000254148879096748,4
"Muhammad_Shahjahan_Khan",709,0,0.509080188679245,0.946057125251969,0.000254148879096747,4
"Muhammad_Shahryar_Khan_Mahar",709,0,0.509080188679245,0.946057125251969,0.000254148879096746,4
"Muhammad_Shakeel_Shah_Gilani",709,0,0.509080188679245,0.946057125251969,0.000254148879096745,4
"Muhammad_Shakeel_Ur_Rehman",709,0,0.509080188679245,0.946057125251969,0.000254148879096744,4
"Muhammad_Shuja_Khan",709,0,0.509080188679245,0.946057125251969,0.000254148879096743,4
"Muhammad_Tariq_Anees",709,0,0.509080188679245,0.946057125251969,0.000254148879096742,4
"Muhammad_Tariq_Khan_Niazi",709,0,0.509080188679245,0.946057125251969,0.000254148879096741,4
"Muhammad_Tariq_Tarar",709,0,0.509080188679245,0.946057125251969,0.00025414887909674,4
"Muhammad_Waqas",709,0,0.509080188679245,0.946057125251969,0.000254148879096739,4
"Muhammad_Yaqoob_Ziaratwal",709,0,0.509080188679245,0.946057125251969,0.000254148879096738,4
"Muhammad_Yasin",709,0,0.509080188679245,0.946057125251969,0.000254148879096737,4
"Muhammad_Yousuf_Ali_Ghallu",709,0,0.509080188679245,0.946057125251969,0.000254148879096736,4
"Muhammad_Zaki_Chaudhary",709,0,0.509080188679245,0.946057125251969,0.000254148879096734,4
"Muhammad_Zaki_Chaudhry",709,0,0.509080188679245,0.946057125251969,0.000254148879096733,4
"Muhammad_Zaman",775,70620.5703085451,0.518309520950894,0.946453468984034,0.000467280888985997,4
"Muhammad_Zulfiqar_Ali",709,0,0.509080188679245,0.946057125251969,0.000254148879096732,4
"Muhtarma_Ghanwa_Bhutto",709,0,0.509080188679245,0.946057125251969,0.000254148879096731,4
"Mukhtar_Abbas",709,0,0.509080188679245,0.946057125251969,0.00025414887909673,4
"Mullna_Abdul_Sattar",709,0,0.509080188679245,0.946057125251969,0.000254148879096729,4
"Mumtaz_Ali_Cheema",709,0,0.509080188679245,0.946057125251969,0.000254148879096728,4
"Munawar_Hayat_Abasi",709,0,0.509080188679245,0.946057125251969,0.000254148879096727,4
"Mushtaq_Ahmad_Mohal__Advocate_High_Court_",709,0,0.509080188679245,0.946057125251969,0.000254148879096726,4
"Nadeem_Afzal_Gondal",709,0,0.509080188679245,0.946057125251969,0.000254148879096725,4
"Nadeem_Ahmad_Awan",709,0,0.509080188679245,0.946057125251969,0.000254148879096724,4
"Naeem_Dastgir_Khan",709,0,0.509080188679245,0.946057125251969,0.000254148879096723,4
"Naeem_Mehmood_Rana",709,0,0.509080188679245,0.946057125251969,0.000254148879096722,4
"Nafisa_Shah",709,0,0.509080188679245,0.946057125251969,0.000254148879096721,4
"Najam_Ud_Din_Khan",709,0,0.509080188679245,0.946057125251969,0.00025414887909672,4
"Najam_Uddin_Khan",709,0,0.509080188679245,0.946057125251969,0.000254148879096719,4
"Najmuddin_Khan",709,0,0.509080188679245,0.946057125251969,0.000254148879096718,4
"Naseem_Khan",709,0,0.509080188679245,0.946057125251968,0.000254148879096717,4
"Naseer_Mohammad_Khan",709,0,0.509080188679245,0.946057125251969,0.000254148879096716,4
"Nasira_Arshad",709,0,0.509080188679245,0.946057125251969,0.000254148879096715,4
"Nasira_Meo",709,0,0.509080188679245,0.946057125251969,0.000254148879096714,4
"Nasrullah_Roonjha",709,0,0.509080188679245,0.946057125251969,0.000254148879096713,4
"Natasha_Daultana",709,0,0.509080188679245,0.946057125251969,0.000254148879096712,4
"Nauman_Islam_Shaikh",709,0,0.509080188679245,0.946057125251969,0.000254148879096711,4
"Nauman_Islam_Shaikh_",709,0,0.509080188679245,0.946057125251969,0.00025414887909671,4
"Nawab_Abdul_Ghani_Talpur",709,0,0.509080188679245,0.946057125251969,0.000254148879096709,4
"Nawab_Ali_Wassan",709,0,0.509080188679245,0.946057125251969,0.000254148879096707,4
"Nawab_Din",709,0,0.509080188679245,0.946057125251968,0.000254148879096706,4
"Nawab_Malik_Amir_Muhammad_Khan",709,0,0.509080188679245,0.946057125251969,0.000254148879096705,4
"Nawab_Mohammad_Yousif_Talpur",709,0,0.509080188679245,0.946057125251969,0.000254148879096704,4
"Nawab_Muhammad_Yousaf_Talpur",709,0,0.509080188679245,0.946057125251969,0.000254148879096703,4
"Nawab_Muhammad_Yousif_Talpur",709,0,0.509080188679245,0.946057125251969,0.000254148879096702,4
"Nawabzada_Abdul_Qadir_Khan",709,0,0.509080188679245,0.946057125251969,0.000254148879096701,4
"Nawabzada_Ghazanfar_Ali_Gul",709,0,0.509080188679245,0.946057125251969,0.0002541488790967,4
"Nawabzada_Iftikhar_Ahmad_Khan",709,0,0.509080188679245,0.946057125251969,0.000254148879096699,4
"Nawabzada_Iftikhar_Ahmed_Khan",709,0,0.509080188679245,0.946057125251969,0.000254148879096698,4
"Nawabzada_Mir_Amir_Ali_Khan_Magsi",709,0,0.509080188679245,0.946057125251969,0.000254148879096697,4
"Nawabzada_Mir_Jamal_Khan_Raisani",709,0,0.509080188679245,0.946057125251969,0.000254148879096696,4
"Nazar_Muhammad",709,0,0.509080188679245,0.946057125251969,0.000254148879096695,4
"Nazar_Muhammad_Gondal",709,0,0.509080188679245,0.946057125251969,0.000254148879096694,4
"Nazar_Muhammad_Kakar",709,0,0.509080188679245,0.946057125251969,0.000254148879096693,4
"Nazeer_Ahmad",709,0,0.509080188679245,0.946057125251969,0.000254148879096692,4
"Nazir_Ahmed_Bhugio",709,0,0.509080188679245,0.946057125251969,0.000254148879096691,4
"Nazir_Ahmed_Bughio",709,0,0.509080188679245,0.946057125251969,0.00025414887909669,4
"Neha_Javed",709,0,0.509080188679245,0.946057125251969,0.000254148879096689,4
"Nida_Asim",709,0,0.509080188679245,0.946057125251969,0.000254148879096688,4
"Nisar_Muhammad",709,0,0.509080188679245,0.946057125251969,0.000254148879096687,4
"Noor_Naeem_Khan",709,0,0.509080188679245,0.946057125251969,0.000254148879096686,4
"Noor_Ul_Ain",709,0,0.509080188679245,0.946057125251969,0.000254148879096684,4
"Noor_Ul_Ain_Rai_Saeed",709,0,0.509080188679245,0.946057125251969,0.000254148879096683,4
"Peer_Haider_Zaman_Quraishi",709,0,0.509080188679245,0.946057125251969,0.000254148879096682,4
"Peeral_Majeedano",709,0,0.509080188679245,0.946057125251969,0.000254148879096681,4
"Pir_Aftab_Hussain_Shah_Jilani",709,0,0.509080188679245,0.946057125251969,0.00025414887909668,4
"Pir_Aftab_Hussain_Shah_Jillani",709,0,0.509080188679245,0.946057125251969,0.000254148879096679,4
"Pir_Ameer_Ali_Shah_Jilani",709,0,0.509080188679245,0.946057125251969,0.000254148879096678,4
"Pir_Bux_Jamot",709,0,0.509080188679245,0.946057125251969,0.000254148879096677,4
"Pir_Haider_Zaman_Qureshi",709,0,0.509080188679245,0.946057125251969,0.000254148879096676,4
"Pir_Noor_Muhammad_Shah_Jeelani",709,0,0.509080188679245,0.946057125251969,0.000254148879096675,4
"Pir_Shafqat_Hussain_Shah_Jilani",709,0,0.509080188679245,0.946057125251969,0.000254148879096674,4
"Pir_Syed_Fazal_Ali_Shah_Jeelani",709,0,0.509080188679245,0.946057125251969,0.000254148879096673,4
"Pir_Syed_Fazal_Ali_Shah_Jillani",709,0,0.509080188679245,0.946057125251969,0.000254148879096672,4
"Qadir_Khan_Mando_Khail",709,0,0.509080188679245,0.946057125251969,0.000254148879096671,4
"Qamar_Abbas",709,0,0.509080188679245,0.946057125251969,0.00025414887909667,4
"Qamar_Zaman_Kaira",709,0,0.509080188679245,0.946057125251969,0.000254148879096669,4
"Qazi_Muhammad_Azhar_Advocate",709,0,0.509080188679245,0.946057125251969,0.000254148879096667,4
"Qazi_Muhammad_Bashir",709,0,0.509080188679245,0.946057125251969,0.000254148879096666,4
"Qurban_Ali_Kalwar",709,0,0.509080188679245,0.946057125251969,0.000254148879096665,4
"Quttab_Din",709,0,0.509080188679245,0.946057125251969,0.000254148879096664,4
"Rafiq_Ahmed_Jamali",709,0,0.509080188679245,0.946057125251969,0.000254148879096663,4
"Rafique_Ahmed_Jamali",709,0,0.509080188679245,0.946057125251969,0.000254148879096662,4
"Raheela_Perveen",709,0,0.509080188679245,0.946057125251969,0.000254148879096661,4
"Rai_Ghulam_Mujtaba_Kharal",709,0,0.509080188679245,0.946057125251969,0.00025414887909666,4
"Rai_Ijaz_Ahmad_Khan",709,0,0.509080188679245,0.946057125251969,0.000254148879096659,4
"Rais_Muhammad_Khalid_Chachar",709,0,0.509080188679245,0.946057125251969,0.000254148879096658,4
"Raja_Faiz_Akbar_Janjuha",709,0,0.509080188679245,0.946057125251969,0.000254148879096657,4
"Raja_Israr_Ahmed_Abbasi_Advocate",709,0,0.509080188679245,0.946057125251969,0.000254148879096656,4
"Raja_Masood_Ahmad",709,0,0.509080188679245,0.946057125251969,0.000254148879096655,4
"Raja_Muhammad_Afzal_Khan",709,0,0.509080188679245,0.946057125251969,0.000254148879096654,4
"Raja_Muhammad_Iftikhar_Kayani",709,0,0.509080188679245,0.946057125251969,0.000254148879096653,4
"Raja_Muhammad_Sana_Ul_Haq_Advocate",709,0,0.509080188679245,0.946057125251969,0.000254148879096651,4
"Raja_Parvaiz_Ashraf",709,0,0.509080188679245,0.946057125251969,0.00025414887909665,4
"Raja_Pervaiz_Ashraf",709,0,0.509080188679245,0.946057125251968,0.000254148879096649,4
"Rajib_Ali",709,0,0.509080188679245,0.946057125251969,0.000254148879096648,4
"Rameez_u_Din_Memon",709,0,0.509080188679245,0.946057125251969,0.000254148879096647,4
"Rana_Abdul_Rehman_Khan",709,0,0.509080188679245,0.946057125251969,0.000254148879096646,4
"Rana_Abdul_Shakoor_Khan",709,0,0.509080188679245,0.946057125251969,0.000254148879096645,4
"Rana_Mahmood_Ashraf",709,0,0.509080188679245,0.946057125251969,0.000254148879096644,4
"Rana_Mehmood_Ul_Hasan",709,0,0.509080188679245,0.946057125251969,0.000254148879096643,4
"Rana_Mubashir_Ali_Khan",709,0,0.509080188679245,0.946057125251969,0.000254148879096642,4
"Rana_Muhammad_Azhar_Uttra",709,0,0.509080188679245,0.946057125251969,0.000254148879096641,4
"Rana_Muhammad_Faraz_Noon",1182,28755.3272941489,0.544525731584258,0.98971498365843,0.000449031886200617,4
"Rana_Muhammad_Farooq_Saeed_Khan",709,0,0.509080188679245,0.946057125251969,0.000254148879096639,4
"Rana_Muhammad_Qasim_Noon",709,0,0.509080188679245,0.946057125251969,0.000254148879096638,4
"Rao_Abdul_Ghaffar",709,0,0.509080188679245,0.946057125251969,0.000254148879096637,4
"Rao_Muhammad_Jameel_Hashim_Khan",709,0,0.509080188679245,0.946057125251969,0.000254148879096635,4
"Rao_Najeeb_Ur_Rehman",709,0,0.509080188679245,0.946057125251969,0.000254148879096634,4
"Rashid_Ali",913,24097.8735206369,0.525118598710619,0.952184298974912,0.000414618017105461,4
"Riaz_Hussain_Lund_Balouch",709,0,0.509080188679245,0.946057125251969,0.000254148879096632,4
"Rizwan_Ahmad_Hans",709,0,0.509080188679245,0.946057125251969,0.000254148879096631,4
"Roshan_Din_Junejo",709,0,0.509080188679245,0.946057125251969,0.00025414887909663,4
"Rozi_Khan_Kakar",709,0,0.509080188679245,0.946057125251969,0.000254148879096629,4
"Saathi_Ishaque_Advocate",709,0,0.509080188679245,0.946057125251969,0.000254148879096628,4
"Sabar_Ali_Baloch",709,0,0.509080188679245,0.946057125251969,0.000254148879096627,4
"Sabir_Ali_Baloch",709,0,0.509080188679245,0.946057125251969,0.000254148879096626,4
"Sabir_Hussain",709,0,0.509080188679245,0.946057125251969,0.000254148879096625,4
"Sadiq_Ali_Memon",709,0,0.509080188679245,0.946057125251969,0.000254148879096624,4
"Saeed_Iqbal",709,0,0.509080188679245,0.946057125251969,0.000254148879096623,4
"Saeed_Iqbal_",709,0,0.509080188679245,0.946057125251969,0.000254148879096622,4
"Sajid_Ali_Bambhan",709,0,0.509080188679245,0.946057125251969,0.00025414887909662,4
"Sajid_Ali_Banbhan",709,0,0.509080188679245,0.946057125251969,0.000254148879096619,4
"Sajid_Hussain_Turi",709,0,0.509080188679245,0.946057125251969,0.000254148879096618,4
"Sajjad_Ahmad_Awan_",709,0,0.509080188679245,0.946057125251969,0.000254148879096617,4
"Sajjad_Ul_Hassan",709,0,0.509080188679245,0.946057125251969,0.000254148879096616,4
"Sakhawat_Masih",709,0,0.509080188679245,0.946057125251969,0.000254148879096615,4
"Salahuddin_Junejo",709,0,0.509080188679245,0.946057125251969,0.000254148879096614,4
"Saleem_Mandviwala",709,0,0.509080188679245,0.946057125251969,0.000254148879096613,4
"Saleem_Shah",709,0,0.509080188679245,0.946057125251969,0.000254148879096612,4
"Saleem_Ullah_Khan",709,0,0.509080188679245,0.946057125251969,0.000254148879096611,4
"Salim_Rehman",1182,28755.3272941489,0.544525731584258,0.98971498365843,0.000449031886200586,4
"Samina_Khalid_Ghurki",709,0,0.509080188679245,0.946057125251969,0.000254148879096609,4
"Sardar_Ahmed_Khan_Alias_Fayyaz_Ali_Khan",709,0,0.509080188679245,0.946057125251969,0.000254148879096607,4
"Sardar_Al-Haaj_Muhammad_Umar",709,0,0.509080188679245,0.946057125251969,0.000254148879096606,4
"Sardar_Al_Haaj_Muhammmad_Umer_Gorgaij",709,0,0.509080188679245,0.946057125251969,0.000254148879096605,4
"Sardar_Ali",709,0,0.509080188679245,0.946057125251969,0.000254148879096604,4
"Sardar_Ali_Abbas_Khan_Baloch",709,0,0.509080188679245,0.946057125251969,0.000254148879096603,4
"Sardar_Asif_Ahmad_Ali",709,0,0.509080188679245,0.946057125251969,0.000254148879096602,4
"Sardar_Azhar_Ali_Mekan",709,0,0.509080188679245,0.946057125251969,0.000254148879096601,4
"Sardar_Bahadur_Ahmad_Khan",709,0,0.509080188679245,0.946057125251969,0.0002541488790966,4
"Sardar_Bahadur_Ahmed_Khan",709,0,0.509080188679245,0.946057125251969,0.000254148879096599,4
"Sardar_Dost_Muhammad_Khan_Khosa",709,0,0.509080188679245,0.946057125251969,0.000254148879096598,4
"Sardar_Jahazeb_Khan_Drishak_Almarof_Chand_Khan",709,0,0.509080188679245,0.946057125251968,0.000254148879096597,4
"Sardar_Kamal_Khan_Chang",709,0,0.509080188679245,0.946057125251969,0.000254148879096596,4
"Sardar_Khurram_Latif_Khan_Khosa",709,0,0.509080188679245,0.946057125251969,0.000254148879096594,4
"Sardar_Khyzar_Hayat_Khan_Ladhu_Ka",709,0,0.509080188679245,0.946057125251969,0.000254148879096593,4
"Sardar_Mansoor_Hayat_Tamman",1182,28755.3272941489,0.544525731584258,0.98971498365843,0.000449031886200569,4
"Sardar_Mir_Baz_Muhammad_Kha_Khetran",709,0,0.509080188679245,0.946057125251969,0.000254148879096591,4
"Sardar_Mir_Baz_Muhammad_Khan_Khethran",709,0,0.509080188679245,0.946057125251969,0.00025414887909659,4
"Sardar_Muhammad_Gulzar_Abbasi",709,0,0.509080188679245,0.946057125251969,0.000254148879096589,4
"Sardar_Muhammad_Saif_Ud_Din_Khan_Khosa",709,0,0.509080188679245,0.946057125251969,0.000254148879096588,4
"Sardar_Mushtaq_Ahmed",709,0,0.509080188679245,0.946057125251969,0.000254148879096587,4
"Sardar_Nabil_Ahmed_Gabol",709,0,0.509080188679245,0.946057125251969,0.000254148879096586,4
"Sardar_Saleem_Haider",709,0,0.509080188679245,0.946057125251969,0.000254148879096585,4
"Sardar_Saleem_Haider_Khan",709,0,0.509080188679245,0.946057125251969,0.000254148879096583,4
"Sardar_Sana_Ullah_Zehri",709,0,0.509080188679245,0.946057125251969,0.000254148879096582,4
"Sardar_Shahnawaz_Khan",709,0,0.509080188679245,0.946057125251969,0.000254148879096581,4
"Sardar_Shaukat_Hayat_Khan_Advocate",709,0,0.509080188679245,0.946057125251969,0.00025414887909658,4
"Sardar_Shoaib_Mumtaz_Khan",709,0,0.509080188679245,0.946057125251969,0.000254148879096579,4
"Sardar_Usman_Nawaz",709,0,0.509080188679245,0.946057125251969,0.000254148879096578,4
"Sardar_Wahid_Bux_Bhayo",709,0,0.509080188679245,0.946057125251969,0.000254148879096577,4
"Sardar_Wazir_Ahmed_Jogezai",709,0,0.509080188679245,0.946057125251969,0.000254148879096576,4
"Sardar_Zafar_Ullah_Khan_Laghari",709,0,0.509080188679245,0.946057125251969,0.000254148879096575,4
"Sarfaraz_Rajar",709,0,0.509080188679245,0.946057125251969,0.000254148879096574,4
"Sarshar_Hassan_Cheema",709,0,0.509080188679245,0.946057125251969,0.000254148879096573,4
"Sayed_Akhun_Zada_Chattan",709,0,0.509080188679245,0.946057125251969,0.000254148879096571,4
"Shabbir_Ahmad_Khan_Leghari",709,0,0.509080188679245,0.946057125251969,0.00025414887909657,4
"Shabir_Ahmed",709,0,0.509080188679245,0.946057125251969,0.000254148879096569,4
"Shafeeqa_Baghum_Rao_Sikindar_Iqbal",709,0,0.509080188679245,0.946057125251969,0.000254148879096568,4
"Shah_Fahad_Ansari",709,0,0.509080188679245,0.946057125251969,0.000254148879096567,4
"Shah_Rehman",709,0,0.509080188679245,0.946057125251969,0.000254148879096566,4
"Shahadat_Ali_Khan_Baloch",709,0,0.509080188679245,0.946057125251969,0.000254148879096565,4
"Shaheem_Safdar",709,0,0.509080188679245,0.946057125251969,0.000254148879096564,4
"Shaheen_Zamir",709,0,0.509080188679245,0.946057125251969,0.000254148879096563,4
"Shaheryar_Khan",709,0,0.509080188679245,0.946057125251969,0.000254148879096561,4
"Shahid_Abbas",709,0,0.509080188679245,0.946057125251969,0.00025414887909656,4
"Shahid_Bashir",709,0,0.509080188679245,0.946057125251969,0.000254148879096559,4
"Shahjahan_Ahmad_Bhatti",709,0,0.509080188679245,0.946057125251969,0.000254148879096558,4
"Shahjahan_Baloch",709,0,0.509080188679245,0.946057125251969,0.000254148879096557,4
"Shahrukh_Malik",709,0,0.509080188679245,0.946057125251969,0.000254148879096556,4
"Shahzad_Majeed",709,0,0.509080188679245,0.946057125251969,0.000254148879096555,4
"Shahzada_Ghulam_Muhyuddin",709,0,0.509080188679245,0.946057125251969,0.000254148879096554,4
"Shakeel_Ahmed_",709,0,0.509080188679245,0.946057125251969,0.000254148879096553,4
"Shamas-Un-Nisa",709,0,0.509080188679245,0.946057125251969,0.000254148879096551,4
"Shams_Panhwar",709,0,0.509080188679245,0.946057125251969,0.00025414887909655,4
"Shamshad_Sattar_Bachani",709,0,0.509080188679245,0.946057125251969,0.000254148879096549,4
"Shamusddin_Panhwar",709,0,0.509080188679245,0.946057125251969,0.000254148879096548,4
"Shaukat_Ali_Bajwa",709,0,0.509080188679245,0.946057125251969,0.000254148879096547,4
"Shaukat_Pervez_Khan",709,0,0.509080188679245,0.946057125251969,0.000254148879096546,4
"Shazia_Aurangzeb_Khan",709,0,0.509080188679245,0.946057125251969,0.000254148879096545,4
"Shazia_Mari",709,0,0.509080188679245,0.946057125251969,0.000254148879096544,4
"Shazia_Marri",709,0,0.509080188679245,0.946057125251969,0.000254148879096543,4
"Shazia_Tehmas_Khan",709,0,0.509080188679245,0.946057125251969,0.000254148879096541,4
"Shehryar_Amir_Zeb",709,0,0.509080188679245,0.946057125251969,0.00025414887909654,4
"Sheikh_Kamran_Iqbal",709,0,0.509080188679245,0.946057125251969,0.000254148879096539,4
"Sheikh_Muhammad_Iqbal",709,0,0.509080188679245,0.946057125251969,0.000254148879096538,4
"Sheikh_Muhammad_Maghaz_Feroz",709,0,0.509080188679245,0.946057125251969,0.000254148879096537,4
"Sheikh_Waqar_Ahmed_Advocate",709,0,0.509080188679245,0.946057125251969,0.000254148879096536,4
"Sher_Muhammad_Balcoh",709,0,0.509080188679245,0.946057125251969,0.000254148879096535,4
"Sher_Qanoos_Advocate",709,0,0.509080188679245,0.946057125251969,0.000254148879096534,4
"Shiyam_Sundar_Advocate",709,0,0.509080188679245,0.946057125251968,0.000254148879096532,4
"Shoaib_Alam_Khan",709,0,0.509080188679245,0.946057125251969,0.000254148879096531,4
"Shoukat_Ali_Joya_Laleka",709,0,0.509080188679245,0.946057125251969,0.00025414887909653,4
"Siddique_Akber",709,0,0.509080188679245,0.946057125251969,0.000254148879096529,4
"Sidra_Saeed",709,0,0.509080188679245,0.946057125251969,0.000254148879096528,4
"Sohail_Ansari",709,0,0.509080188679245,0.946057125251969,0.000254148879096527,4
"Sohail_Shahzad",709,0,0.509080188679245,0.946057125251969,0.000254148879096526,4
"Sumaira_Gul",709,0,0.509080188679245,0.946057125251969,0.000254148879096525,4
"Sumaira_Mushtaq_Kharal",709,0,0.509080188679245,0.946057125251969,0.000254148879096523,4
"Syed_Abbas_Raza_Rizvi",709,0,0.509080188679245,0.946057125251969,0.000254148879096522,4
"Syed_Abdul_Qadir_Gillani",709,0,0.509080188679245,0.946057125251969,0.000254148879096521,4
"Syed_Abid_Ali_Shah",709,0,0.509080188679245,0.946057125251969,0.00025414887909652,4
"Syed_Abid_Hussain_Imam",709,0,0.509080188679245,0.946057125251969,0.000254148879096519,4
"Syed_Abrar_Ali_Shah",709,0,0.509080188679245,0.946057125251969,0.000254148879096518,4
"Syed_Ahmad_Ali_Shah",709,0,0.509080188679245,0.946057125251969,0.000254148879096517,4
"Syed_Ahmad_Mujtaba_Gillani",709,0,0.509080188679245,0.946057125251968,0.000254148879096516,4
"Syed_Akhunzada_Chattan",709,0,0.509080188679245,0.946057125251969,0.000254148879096514,4
"Syed_Ali_Musa_Gillani",709,0,0.509080188679245,0.946057125251969,0.000254148879096513,4
"Syed_Ali_Zawar_Naqvi",709,0,0.509080188679245,0.946057125251969,0.000254148879096512,4
"Syed_Allauddin",709,0,0.509080188679245,0.946057125251969,0.000254148879096511,4
"Syed_Ameer_Ali_Shah_Jamot",709,0,0.509080188679245,0.946057125251969,0.00025414887909651,4
"Syed_Amir_Ali_Shah_Jamote",709,0,0.509080188679245,0.946057125251969,0.000254148879096509,4
"Syed_Amir_Hamza_Peerzada",709,0,0.509080188679245,0.946057125251969,0.000254148879096508,4
"Syed_Amjad_Hussain_Zaidi",709,0,0.509080188679245,0.946057125251969,0.000254148879096507,4
"Syed_Anayat_Ali_Shah",709,0,0.509080188679245,0.946057125251969,0.000254148879096505,4
"Syed_Asghar_Hussain",709,0,0.509080188679245,0.946057125251969,0.000254148879096504,4
"Syed_Asif_Hashmi",709,0,0.509080188679245,0.946057125251969,0.000254148879096503,4
"Syed_Ayaz_Ali_Shah_Sherazi",709,0,0.509080188679245,0.946057125251969,0.000254148879096502,4
"Syed_Azmat_Ali_Bukhari_Advocate",709,0,0.509080188679245,0.946057125251969,0.000254148879096501,4
"Syed_Faisal_Raza_Abidi",709,0,0.509080188679245,0.946057125251969,0.0002541488790965,4
"Syed_Faqeer_Hussain_Shah",709,0,0.509080188679245,0.946057125251969,0.000254148879096499,4
"Syed_Gayoor_Abbas_Bukhari_",709,0,0.509080188679245,0.946057125251969,0.000254148879096497,4
"Syed_Ghayoor_Abbas_Bukhari",709,0,0.509080188679245,0.946057125251968,0.000254148879096496,4
"Syed_Ghulam_Mustafa_Shah",709,0,0.509080188679245,0.946057125251969,0.000254148879096495,4
"Syed_Ghulam_Mustafa_Shah_s_o_Syed_Sabbir_Ahmed_Shah",709,0,0.509080188679245,0.946057125251969,0.000254148879096494,4
"Syed_Hamid_Saeed_Kazmi",709,0,0.509080188679245,0.946057125251969,0.000254148879096493,4
"Syed_Hasnat_Ahmed",709,0,0.509080188679245,0.946057125251969,0.000254148879096492,4
"Syed_Hussain_Tariq",709,0,0.509080188679245,0.946057125251969,0.000254148879096491,4
"Syed_Ibne_Ali",709,0,0.509080188679245,0.946057125251969,0.000254148879096489,4
"Syed_Intikhab_Hussain_Shah",709,0,0.509080188679245,0.946057125251969,0.000254148879096488,4
"Syed_Irfan_Gardezi",709,0,0.509080188679245,0.946057125251969,0.000254148879096487,4
"Syed_Ishtiaq_Ul_Hassan_Gilani",709,0,0.509080188679245,0.946057125251969,0.000254148879096486,4
"Syed_Javed_Ali_Shah_Jillani",709,0,0.509080188679245,0.946057125251969,0.000254148879096485,4
"Syed_Khursheed_Ahmed_Shah",709,0,0.509080188679245,0.946057125251969,0.000254148879096484,4
"Syed_Manzoor_Abbas",709,0,0.509080188679245,0.946057125251969,0.000254148879096483,4
"Syed_Mumtaz_Alam_Gillani",709,0,0.509080188679245,0.946057125251969,0.000254148879096482,4
"Syed_Murtza_Mehmud",709,0,0.509080188679245,0.946057125251969,0.00025414887909648,4
"Syed_Nasir_Ali_Shah_Alias_Syed_Abbas",709,0,0.509080188679245,0.946057125251969,0.000254148879096479,4
"Syed_Naveed_Qamar",709,0,0.509080188679245,0.946057125251969,0.000254148879096478,4
"Syed_Nayyer_Hussain_Bukhari",709,0,0.509080188679245,0.946057125251969,0.000254148879096477,4
"Syed_Qutab_Ali_Shah_Alias_Ali_Baba",709,0,0.509080188679245,0.946057125251969,0.000254148879096476,4
"Syed_Rafiullah",709,0,0.509080188679245,0.946057125251969,0.000254148879096475,4
"Syed_Raza_Abbas",709,0,0.509080188679245,0.946057125251969,0.000254148879096473,4
"Syed_Sabtul_Haider_Bukhari",709,0,0.509080188679245,0.946057125251969,0.000254148879096472,4
"Syed_Sohail_Abidi",709,0,0.509080188679245,0.946057125251969,0.000254148879096471,4
"Syed_Sohail_Abrar",709,0,0.509080188679245,0.946057125251969,0.00025414887909647,4
"Syed_Sumsam_Ali_Shah_Bukhari",709,0,0.509080188679245,0.946057125251969,0.000254148879096469,4
"Syed_Sumsan_Ali_Shah_Bukhari",709,0,0.509080188679245,0.946057125251968,0.000254148879096468,4
"Syed_Tariq_Gilani",709,0,0.509080188679245,0.946057125251969,0.000254148879096467,4
"Syed_Tariq_Raza",709,0,0.509080188679245,0.946057125251969,0.000254148879096465,4
"Syed_Waseem_Ul_Hassan_Naqvi",709,0,0.509080188679245,0.946057125251969,0.000254148879096464,4
"Syed_Yousaf_Raza_Gillani",709,0,0.509080188679245,0.946057125251968,0.000254148879096463,4
"Syed_Zaffar_Ali_Shah",709,0,0.509080188679245,0.946057125251969,0.000254148879096462,4
"Syed_Zahid_Bukhari",709,0,0.509080188679245,0.946057125251969,0.000254148879096461,4
"Syeda_Abida_Hussain",709,0,0.509080188679245,0.946057125251969,0.00025414887909646,4
"Syeda_Sughra_Imam",709,0,0.509080188679245,0.946057125251969,0.000254148879096459,4
"Taimoor_Tahir",709,0,0.509080188679245,0.946057125251969,0.000254148879096457,4
"Taj_Muhammad_Jamali",709,0,0.509080188679245,0.946057125251969,0.000254148879096456,4
"Talat_Iqbal_Mahessar",709,0,0.509080188679245,0.946057125251969,0.000254148879096455,4
"Tariq_Ashrif_Kahloon",709,0,0.509080188679245,0.946057125251969,0.000254148879096454,4
"Tariq_Hakam_Ali",709,0,0.509080188679245,0.946057125251969,0.000254148879096453,4
"Tariq_Javed_Manzoor",709,0,0.509080188679245,0.946057125251969,0.000254148879096452,4
"Tariq_Mahmood",709,0,0.509080188679245,0.946057125251969,0.00025414887909645,4
"Tariq_Mahmood_Bajwa",709,0,0.509080188679245,0.946057125251969,0.000254148879096449,4
"Tariq_Mehmood_Bajwa",709,0,0.509080188679245,0.946057125251969,0.000254148879096448,4
"Tariq_Shabbir_Advocate",709,0,0.509080188679245,0.946057125251969,0.000254148879096447,4
"Tariq_Yaqoob_Fateh_Muhammad",709,0,0.509080188679245,0.946057125251969,0.000254148879096446,4
"Tasneem_Ahmad_Qureshi",709,0,0.509080188679245,0.946057125251969,0.000254148879096445,4
"Tasneem_Ahmed_Qureshi",709,0,0.509080188679245,0.946057125251969,0.000254148879096443,4
"Tussadiq_Masood_Khan",709,0,0.509080188679245,0.946057125251969,0.000254148879096442,4
"Umar_Aftab",709,0,0.509080188679245,0.946057125251969,0.000254148879096441,4
"Umar_Farooq_Khan_Shawa",709,0,0.509080188679245,0.946057125251969,0.00025414887909644,4
"Usman_Khan_Tarakai",709,0,0.509080188679245,0.946057125251969,0.000254148879096439,4
"Waqar_Ahmad_Khan",709,0,0.509080188679245,0.946057125251969,0.000254148879096438,4
"Waseef_Ullah_Khan",709,0,0.509080188679245,0.946057125251969,0.000254148879096436,4
"Waseem_Akhtar",709,0,0.509080188679245,0.946057125251969,0.000254148879096435,4
"Waseem_Khan_Rajput",709,0,0.509080188679245,0.946057125251969,0.000254148879096434,4
"Yousaf_Ali",709,0,0.509080188679245,0.946057125251969,0.000254148879096433,4
"Zafar_Ahmed_Siddiqui_Advocate",709,0,0.509080188679245,0.946057125251969,0.000254148879096432,4
"Zafar_Iqbal_Ch_",709,0,0.509080188679245,0.946057125251969,0.000254148879096431,4
"Zafar_Jhandeer",709,0,0.509080188679245,0.946057125251969,0.000254148879096429,4
"Zahid_Pervaiz_Alias_Zahid_Bashir_",709,0,0.509080188679245,0.946057125251969,0.000254148879096428,4
"Zaka_Ullah",913,24097.8735206369,0.525118598710619,0.952184298974912,0.000414618017105255,4
"Zar_Gul_Khan",709,0,0.509080188679245,0.946057125251969,0.000254148879096426,4
"Zubair_Kardar",709,0,0.509080188679245,0.946057125251969,0.000254148879096425,4
"Zulfaqar_Ali_Qaim_Khani",709,0,0.509080188679245,0.946057125251969,0.000254148879096424,4
"Zulfiqar_Ali_Behan",709,0,0.509080188679245,0.946057125251969,0.000254148879096422,4
"Zulfiqar_Ali_Khan",709,0,0.509080188679245,0.946057125251969,0.000254148879096421,4
"Zulfiqar_Bachani",709,0,0.509080188679245,0.946057125251969,0.00025414887909642,4
"Zumarad_Khan",709,0,0.509080188679245,0.946057125251969,0.000254148879096419,4
"Zumurrad_Khan",709,0,0.509080188679245,0.946057125251969,0.000254148879096418,4
"Abdul_Ahad",37,0,0.416658623684972,0.00298003491349612,0.000130239107829518,5
"Abdul_Khaliq_s_o_Haji_Fazal_m",37,0,0.416658623684972,0.00298003491349612,0.000130239107829517,5
"Abdul_u_Haq_Malik",37,0,0.416658623684972,0.00298003491349611,0.000130239107829517,5
"Ali_Nawaz",37,0,0.416658623684972,0.00298003491349609,0.000130239107829516,5
"Asgher_Ali",37,0,0.416658623684972,0.00298003491349611,0.000130239107829515,5
"Ata_Muhammad",37,0,0.416658623684972,0.00298003491349612,0.000130239107829514,5
"Eid_Nazar",37,0,0.416658623684972,0.00298003491349611,0.000130239107829513,5
"Ghulam_Shabbir",37,0,0.416658623684972,0.00298003491349611,0.000130239107829512,5
"Gul_Faraz",37,0,0.416658623684972,0.00298003491349611,0.000130239107829511,5
"Hafiz_Aurangzaib_Farooqui",37,0,0.416658623684972,0.00298003491349612,0.00013023910782951,5
"Hamza_Tariq",37,0,0.416658623684972,0.00298003491349612,0.000130239107829509,5
"Iftikhar_Ahmed_Farooqi",37,0,0.416658623684972,0.00298003491349609,0.000130239107829508,5
"Kamran_Khalid_Butt",37,0,0.416658623684972,0.0029800349134961,0.000130239107829507,5
"Khuda_Nazar",37,0,0.416658623684972,0.00298003491349611,0.000130239107829506,5
"Muhammad_Abu_Bakar_Saddique",37,0,0.416658623684972,0.00298003491349612,0.000130239107829505,5
"Muhammad_Ahmad_Khan",37,0,0.416658623684972,0.0029800349134961,0.000130239107829504,5
"Muhammad_Ishaque",37,0,0.416658623684972,0.0029800349134961,0.000130239107829503,5
"Muhammad_Ishfaq",37,0,0.416658623684972,0.00298003491349611,0.000130239107829502,5
"Muhammad_Safder_Hashmi",37,0,0.416658623684972,0.0029800349134961,0.000130239107829501,5
"Muhammad_Sikandar",37,0,0.416658623684972,0.00298003491349611,0.0001302391078295,5
"Naimatullah",37,0,0.416658623684972,0.00298003491349611,0.000130239107829499,5
"Saeed_Khan",37,0,0.416658623684972,0.00298003491349611,0.000130239107829498,5
"Shakil_Ahmed",37,0,0.416658623684972,0.00298003491349609,0.000130239107829497,5
"Syed_Abdul_Rafay",37,0,0.416658623684972,0.00298003491349611,0.000130239107829496,5
"Syed_Kaleem_Ullah",37,0,0.416658623684972,0.00298003491349611,0.000130239107829495,5
"Tariq_Aziz",37,0,0.416658623684972,0.00298003491349609,0.000130239107829494,5
"Ubaid_Ullah_Khan",37,0,0.416658623684972,0.00298003491349611,0.000130239107829493,5
"Waqas_Ahmed",37,0,0.416658623684972,0.00298003491349609,0.000130239107829492,5
"Muhammad_Majeed",0,0,NA,0,3.3112217304612e-05,0
"Abdul_Razaq_Shahid",0,0,NA,0,3.3112217304612e-05,0
"Atif_Atta",4,0,0.366406382617552,0.000161518266946241,5.99931643638438e-05,5
"Aziz_Ul_Islam",4,0,0.366406382617552,0.00016151826694624,5.9993164363843e-05,5
"Javed_Sharif",4,0,0.366406382617552,0.00016151826694624,5.99931643638422e-05,5
"Aamer_Masood_Mughal",487,0,0.486861396188113,0.064548556194994,0.000232705062876443,4
"Abdul_Hakeem_Chandio",487,0,0.486861396188113,0.064548556194994,0.000232705062876442,4
"Abdul_Qayum",487,0,0.486861396188113,0.064548556194994,0.000232705062876441,4
"Abdul_Sattar_Samoon",487,0,0.486861396188113,0.0645485561949941,0.00023270506287644,4
"Abdur_Raoof_Dolla",487,0,0.486861396188113,0.0645485561949941,0.000232705062876439,4
"Abid_Javed_Virk",487,0,0.486861396188113,0.064548556194994,0.000232705062876438,4
"Abid_Mahmood",487,0,0.486861396188113,0.0645485561949941,0.000232705062876437,4
"Abid_Mahmood_Khagga",487,0,0.486861396188113,0.0645485561949941,0.000232705062876437,4
"Abrar_Ul_Haq",487,0,0.486861396188113,0.0645485561949941,0.000232705062876436,4
"Abu_Bakar_Virk",487,0,0.486861396188113,0.0645485561949941,0.000232705062876435,4
"Adil_Khan_Bazai",487,0,0.486861396188113,0.0645485561949941,0.000232705062876434,4
"Adv_Shujaat_Ali",487,0,0.486861396188113,0.064548556194994,0.000232705062876433,4
"Advocate_Zahoor_Mehsud",487,0,0.486861396188113,0.0645485561949941,0.000232705062876432,4
"Aftab_Ahmad",487,0,0.486861396188113,0.064548556194994,0.000232705062876431,4
"Aftab_Ahmad_Khan_Khichi",487,0,0.486861396188113,0.0645485561949941,0.00023270506287643,4
"Aftab_Ahmed_Soomro",487,0,0.486861396188113,0.0645485561949941,0.000232705062876429,4
"Aftab_Irshad_Cheema",487,0,0.486861396188113,0.0645485561949941,0.000232705062876428,4
"Aftab_Jahangir",487,0,0.486861396188113,0.0645485561949942,0.000232705062876427,4
"Afzaal_Azeem_Pahat_Advocate",487,0,0.486861396188113,0.0645485561949941,0.000232705062876426,4
"Ahsan_Ulla_Virk",487,0,0.486861396188113,0.0645485561949942,0.000232705062876425,4
"Ajab_Gul",487,0,0.486861396188113,0.064548556194994,0.000232705062876424,4
"Akeel_Aslam",487,0,0.486861396188113,0.0645485561949941,0.000232705062876423,4
"Akhtar_Iqbal_Dar",487,0,0.486861396188113,0.0645485561949941,0.000232705062876422,4
"Akram_Khan",487,0,0.486861396188113,0.064548556194994,0.000232705062876422,4
"Akram_Niazi",487,0,0.486861396188113,0.064548556194994,0.000232705062876421,4
"Aleem_Adil_Sheikh_",487,0,0.486861396188113,0.0645485561949942,0.00023270506287642,4
"Ali_Afzal_Sahi",487,0,0.486861396188113,0.0645485561949941,0.000232705062876419,4
"Ali_Amin_Gandapur",487,0,0.486861396188113,0.064548556194994,0.000232705062876418,4
"Ali_Asghar_Khan",487,0,0.486861396188113,0.0645485561949941,0.000232705062876417,4
"Ali_Ashraf",487,0,0.486861396188113,0.0645485561949941,0.000232705062876416,4
"Ali_Asjid_Malhi",487,0,0.486861396188113,0.0645485561949941,0.000232705062876415,4
"Ali_Bukhari",487,0,0.486861396188113,0.0645485561949941,0.000232705062876414,4
"Ali_Ijaz_Buttar",487,0,0.486861396188113,0.0645485561949941,0.000232705062876413,4
"Ali_Khan_Jadoon",487,0,0.486861396188113,0.0645485561949941,0.000232705062876412,4
"Ali_Muhammad_Khalul",487,0,0.486861396188113,0.064548556194994,0.000232705062876411,4
"Ali_Muhammad_Khan",487,0,0.486861396188113,0.064548556194994,0.00023270506287641,4
"Aliya_Hamza",487,0,0.486861396188113,0.064548556194994,0.000232705062876409,4
"Amber_Majeed_Niazi",487,0,0.486861396188113,0.0645485561949942,0.000232705062876408,4
"Ambreen_Malik",487,0,0.486861396188113,0.0645485561949941,0.000232705062876407,4
"Amir_Sharjeel",487,0,0.486861396188113,0.0645485561949941,0.000232705062876406,4
"Amirullah",487,0,0.486861396188113,0.0645485561949942,0.000232705062876405,4
"Amjad_Ali_Bajwa",487,0,0.486861396188113,0.0645485561949941,0.000232705062876404,4
"Amjid_Ali_Khan",487,0,0.486861396188113,0.0645485561949942,0.000232705062876404,4
"Aniqa_Mehdi",487,0,0.486861396188113,0.0645485561949941,0.000232705062876403,4
"Anwar_Haqdad",487,0,0.486861396188113,0.0645485561949941,0.000232705062876402,4
"Anwar_Taj",487,0,0.486861396188113,0.0645485561949941,0.000232705062876401,4
"Aqibullah",487,0,0.486861396188113,0.0645485561949941,0.0002327050628764,4
"Arbab_Amir_Ayub",487,0,0.486861396188113,0.064548556194994,0.000232705062876399,4
"Arbab_Muhammad_Haleem",487,0,0.486861396188113,0.0645485561949941,0.000232705062876398,4
"Arif_Murad",487,0,0.486861396188113,0.0645485561949941,0.000232705062876397,4
"Arif_Ur_Rehman_Alvi",487,0,0.486861396188113,0.0645485561949941,0.000232705062876396,4
"Arshad_Ali_Mayo",487,0,0.486861396188113,0.064548556194994,0.000232705062876395,4
"Arshad_Mahmood_Chaudhry",487,0,0.486861396188113,0.0645485561949941,0.000232705062876394,4
"Arslan_Khalid",487,0,0.486861396188113,0.0645485561949941,0.000232705062876393,4
"Asad_Qaiser",487,0,0.486861396188113,0.0645485561949941,0.000232705062876392,4
"Asad_Umar",487,0,0.486861396188113,0.064548556194994,0.000232705062876391,4
"Asif_Khan",487,0,0.486861396188113,0.0645485561949942,0.00023270506287639,4
"Asiya_Asad",487,0,0.486861396188113,0.0645485561949941,0.000232705062876389,4
"Ataullah_Khan",487,0,0.486861396188113,0.0645485561949942,0.000232705062876388,4
"Atif_Ali_Khan_Dreshak",487,0,0.486861396188113,0.0645485561949942,0.000232705062876387,4
"Atif_Choudhry",487,0,0.486861396188113,0.0645485561949941,0.000232705062876386,4
"Aurangzeb_Khichi",487,0,0.486861396188113,0.0645485561949941,0.000232705062876385,4
"Awais_Haider_Jakhar",487,0,0.486861396188113,0.064548556194994,0.000232705062876384,4
"Ayaz_Sarfraz_Malik",487,0,0.486861396188113,0.0645485561949942,0.000232705062876383,4
"Ayesha_Nazir_Jatt",487,0,0.486861396188113,0.0645485561949941,0.000232705062876382,4
"Azizullah_Dero",487,0,0.486861396188113,0.064548556194994,0.000232705062876381,4
"Azra_Masood",487,0,0.486861396188113,0.0645485561949941,0.00023270506287638,4
"Babar_Marghazani",487,0,0.486861396188113,0.0645485561949941,0.000232705062876379,4
"Bakht_Jamal_Chandio",487,0,0.486861396188113,0.0645485561949942,0.000232705062876378,4
"Barrister_Abdullah_Mumtaz_Kahloon",487,0,0.486861396188113,0.0645485561949941,0.000232705062876378,4
"Barrister_Hammad_Azhar",487,0,0.486861396188113,0.0645485561949941,0.000232705062876377,4
"Barrister_Nabeel_Dhar",487,0,0.486861396188113,0.0645485561949941,0.000232705062876376,4
"Barrister_Taimur_Malik",487,0,0.486861396188113,0.064548556194994,0.000232705062876375,4
"Basharat_Ali_Randhawa",487,0,0.486861396188113,0.0645485561949941,0.000232705062876374,4
"Basharat_Raja",487,0,0.486861396188113,0.0645485561949941,0.000232705062876373,4
"Bilal_Ejaz",487,0,0.486861396188113,0.0645485561949941,0.000232705062876372,4
"Brig_Ejaz_Shah",487,0,0.486861396188113,0.0645485561949941,0.000232705062876371,4
"Brigadier_Mumtaz_Iqbal_Kahlon",487,0,0.486861396188113,0.0645485561949941,0.00023270506287637,4
"Ch__Muhammad_Ilyas",487,0,0.486861396188113,0.0645485561949941,0.000232705062876369,4
"Ch_Khalil_Arain",487,0,0.486861396188113,0.064548556194994,0.000232705062876368,4
"Ch_Muhammad_Shahnawaz_Cheema",487,0,0.486861396188113,0.0645485561949942,0.000232705062876367,4
"Ch_Usman_Ali_Tariq",487,0,0.486861396188113,0.0645485561949942,0.000232705062876366,4
"Changez_Khan_Kakar",487,0,0.486861396188113,0.064548556194994,0.000232705062876365,4
"Chaudhary_Abdul_Ilyas",487,0,0.486861396188113,0.0645485561949941,0.000232705062876364,4
"Chaudhary_Javed_Iqbal_Waraich",487,0,0.486861396188113,0.064548556194994,0.000232705062876363,4
"Chaudhry_Muhammad_Ashfaq",487,0,0.486861396188113,0.0645485561949941,0.000232705062876362,4
"Choudary_Shokat_Ali_Bhatti",487,0,0.486861396188113,0.064548556194994,0.000232705062876361,4
"Choudhry_Muhammad_Saqlain",487,0,0.486861396188113,0.0645485561949942,0.00023270506287636,4
"Choudhry_Naeem_Ul_Din_Waraich",487,0,0.486861396188113,0.064548556194994,0.000232705062876359,4
"Chudhary_Ilyas_Meharban",487,0,0.486861396188113,0.0645485561949941,0.000232705062876358,4
"Chudhary_Muhammed_Yaqoob",487,0,0.486861396188113,0.064548556194994,0.000232705062876357,4
"Col_Ajmal_Sabir_Raja",487,0,0.486861396188113,0.0645485561949941,0.000232705062876356,4
"Colnel_Ejaz_Hussain_Minhas",487,0,0.486861396188113,0.064548556194994,0.000232705062876355,4
"Dawar_Khan_Kundi",487,0,0.486861396188113,0.0645485561949941,0.000232705062876354,4
"Dawood_Shah",487,0,0.486861396188113,0.064548556194994,0.000232705062876353,4
"Dawood_Ullah",487,0,0.486861396188113,0.0645485561949941,0.000232705062876352,4
"Doctor_Saeed_Ahmed_Afridi",487,0,0.486861396188113,0.064548556194994,0.000232705062876351,4
"Doctor_Yasmin_Rashid",487,0,0.486861396188113,0.0645485561949941,0.00023270506287635,4
"Dr__Amjad",487,0,0.486861396188113,0.064548556194994,0.000232705062876349,4
"Dr__Nisar_Jutt",487,0,0.486861396188113,0.0645485561949941,0.000232705062876348,4
"Dr__Riaz_Lang",487,0,0.486861396188113,0.0645485561949941,0.000232705062876347,4
"Dr__Tahir_Ali_Javed",487,0,0.486861396188113,0.0645485561949941,0.000232705062876346,4
"Dr_Azeem_Zahid_Lakhvi",487,0,0.486861396188113,0.0645485561949941,0.000232705062876345,4
"Dr_Muhammad_Azhar_Khan_Jadoon",487,0,0.486861396188113,0.064548556194994,0.000232705062876344,4
"Ejaz_Ahmad_Gaddan",487,0,0.486861396188113,0.064548556194994,0.000232705062876343,4
"Eman_Tahir",487,0,0.486861396188113,0.0645485561949939,0.000232705062876342,4
"Engineer_Dawar_Khan_Kundi",487,0,0.486861396188113,0.0645485561949941,0.000232705062876341,4
"Faheem_Khan",487,0,0.486861396188113,0.0645485561949941,0.00023270506287634,4
"Faisal_Mughal",487,0,0.486861396188113,0.0645485561949942,0.000232705062876339,4
"Faiz_Ullah_Kamoka",487,0,0.486861396188113,0.064548556194994,0.000232705062876338,4
"Falak_Niaz",487,0,0.486861396188113,0.0645485561949941,0.000232705062876337,4
"Falak_Sheer_Sikandar",487,0,0.486861396188113,0.0645485561949941,0.000232705062876336,4
"Farhat_Faheem_Bhatti",487,0,0.486861396188113,0.0645485561949941,0.000232705062876335,4
"Farrukh_Habib",487,0,0.486861396188113,0.064548556194994,0.000232705062876334,4
"Fawad_Ahmad_Cheema",487,0,0.486861396188113,0.0645485561949941,0.000232705062876333,4
"Fayaz_Ahmed",487,0,0.486861396188113,0.0645485561949941,0.000232705062876332,4
"Fazal_Muhammad_Khan",487,0,0.486861396188113,0.0645485561949941,0.000232705062876331,4
"Ghulam_Zahid",487,0,0.486861396188113,0.0645485561949942,0.00023270506287633,4
"Gohar_Ali_Khoso",487,0,0.486861396188113,0.0645485561949941,0.000232705062876329,4
"Gul_Badshah",487,0,0.486861396188113,0.0645485561949941,0.000232705062876328,4
"Gul_Dad_Khan",487,0,0.486861396188113,0.0645485561949941,0.000232705062876327,4
"Gul_Muhammad_Keerio",487,0,0.486861396188113,0.0645485561949941,0.000232705062876326,4
"Gul_Muhammad_Rind",487,0,0.486861396188113,0.0645485561949942,0.000232705062876325,4
"Gul_Zafar_Khan",487,0,0.486861396188113,0.0645485561949941,0.000232705062876324,4
"Gulzar_Khan",487,0,0.486861396188113,0.064548556194994,0.000232705062876323,4
"Hafeezullah",487,0,0.486861396188113,0.064548556194994,0.000232705062876322,4
"Hafiz_Hamid_Raza",487,0,0.486861396188113,0.0645485561949942,0.000232705062876321,4
"Haji_Akhtar_Mohammad_Mandokhel",487,0,0.486861396188113,0.0645485561949941,0.00023270506287632,4
"Haji_Imtiaz_Ahmed_Choudhry",487,0,0.486861396188113,0.064548556194994,0.000232705062876319,4
"Haji_Khalid_Mehmood_Chatha",487,0,0.486861396188113,0.064548556194994,0.000232705062876318,4
"Haleem_Adil_Sheikh",487,0,0.486861396188113,0.064548556194994,0.000232705062876317,4
"Hamid_Khan",487,0,0.486861396188113,0.0645485561949941,0.000232705062876316,4
"Hamid_Ul_Haq",487,0,0.486861396188113,0.0645485561949941,0.000232705062876315,4
"Hamid_Zaman",487,0,0.486861396188113,0.0645485561949941,0.000232705062876314,4
"Hamida_Masood_Shah",487,0,0.486861396188113,0.064548556194994,0.000232705062876313,4
"Hamza_Khan",487,0,0.486861396188113,0.0645485561949941,0.000232705062876312,4
"Haroon_Ihsaan_Paracha",487,0,0.486861396188113,0.0645485561949941,0.000232705062876311,4
"Hassan_Adeel",487,0,0.486861396188113,0.0645485561949942,0.00023270506287631,4
"Hassan_Ali_Khan",487,0,0.486861396188113,0.0645485561949941,0.000232705062876309,4
"Hina_Manzoor",487,0,0.486861396188113,0.064548556194994,0.000232705062876308,4
"Iffat_Soomro",487,0,0.486861396188113,0.0645485561949942,0.000232705062876307,4
"Iftikhar_Ali_Khitran",487,0,0.486861396188113,0.0645485561949942,0.000232705062876306,4
"Iftikhar_Soomro",487,0,0.486861396188113,0.0645485561949942,0.000232705062876305,4
"Imran_Ahmed_Khan_Niazi",487,0,0.486861396188113,0.0645485561949942,0.000232705062876304,4
"Imran_Khattak",487,0,0.486861396188113,0.0645485561949941,0.000232705062876303,4
"Imran_Qaisar_Abbbas",487,0,0.486861396188113,0.0645485561949941,0.000232705062876302,4
"Iqra_Mubarik",487,0,0.486861396188113,0.064548556194994,0.000232705062876301,4
"Jahanzaib_Imtiaz_Gill",487,0,0.486861396188113,0.064548556194994,0.0002327050628763,4
"Jameel_Ahmed_Lund_Baloch",487,0,0.486861396188113,0.0645485561949941,0.000232705062876299,4
"Jamshaid_Dasti",487,0,0.486861396188113,0.064548556194994,0.000232705062876298,4
"Javaid_Safdar_Kahlon",487,0,0.486861396188113,0.0645485561949941,0.000232705062876297,4
"Javed_Ali_Bozdar",487,0,0.486861396188113,0.0645485561949942,0.000232705062876296,4
"Jehanzeb_Khan_Dhakki",487,0,0.486861396188113,0.0645485561949942,0.000232705062876295,4
"Junaid_Akbar",487,0,0.486861396188113,0.0645485561949941,0.000232705062876294,4
"Kanwal_Shauzab",487,0,0.486861396188113,0.0645485561949941,0.000232705062876293,4
"Karim_Dad",487,0,0.486861396188113,0.0645485561949941,0.000232705062876292,4
"Khalid_Abdullah_Ghazi",487,0,0.486861396188113,0.0645485561949942,0.000232705062876291,4
"Khalid_Masood_Khan",487,0,0.486861396188113,0.0645485561949941,0.00023270506287629,4
"Khalid_Mehmood_Ali",487,0,0.486861396188113,0.0645485561949941,0.000232705062876289,4
"Khalid_Nawaz",487,0,0.486861396188113,0.0645485561949941,0.000232705062876287,4
"Khan_Shaid_Afridi",487,0,0.486861396188113,0.064548556194994,0.000232705062876286,4
"Khawaja_Mudasar_Mehmood",487,0,0.486861396188113,0.064548556194994,0.000232705062876285,4
"Khawaja_Sharif_Muhammad_Koreja",487,0,0.486861396188113,0.0645485561949941,0.000232705062876284,4
"Khawaja_Sheraz_Mehmood",487,0,0.486861396188113,0.064548556194994,0.000232705062876283,4
"Khial_Zaman_Aurak_Zai",487,0,0.486861396188113,0.0645485561949941,0.000232705062876282,4
"Khudada_Kalyar_Advocate",487,0,0.486861396188113,0.0645485561949941,0.000232705062876281,4
"Khurram_Munawar_Munj",487,0,0.486861396188113,0.0645485561949941,0.00023270506287628,4
"Khurram_Shahzad_Virk",487,0,0.486861396188113,0.0645485561949942,0.000232705062876279,4
"Khurram_Sher_Zaman",487,0,0.486861396188113,0.0645485561949941,0.000232705062876278,4
"Khursheed_Mehmood_Kasuri",487,0,0.486861396188113,0.0645485561949941,0.000232705062876277,4
"Kousar_Parveen",487,0,0.486861396188113,0.0645485561949941,0.000232705062876276,4
"Lal_Chand_Malhi",487,0,0.486861396188113,0.0645485561949942,0.000232705062876275,4
"Lala_Asad_Ullah",487,0,0.486861396188113,0.0645485561949942,0.000232705062876274,4
"Latif_Khosa",487,0,0.486861396188113,0.064548556194994,0.000232705062876273,4
"Lt_Col_r_Ajmal_Sabir_Raja",487,0,0.486861396188113,0.0645485561949941,0.000232705062876272,4
"Mahar_Sajjad_Hussain_Cheena",487,0,0.486861396188113,0.0645485561949942,0.000232705062876271,4
"Maher_Naveed_Ahmad_Kherha",487,0,0.486861396188113,0.064548556194994,0.00023270506287627,4
"Mahmood_Khan",487,0,0.486861396188113,0.0645485561949941,0.000232705062876269,4
"Maj_Latasab_Satti",487,0,0.486861396188113,0.0645485561949942,0.000232705062876268,4
"Makhdoom_Imad_Ud_Din_Hashmi",487,0,0.486861396188113,0.064548556194994,0.000232705062876267,4
"Makhdoom_Javaid_Hussain_Hashmi",487,0,0.486861396188113,0.0645485561949941,0.000232705062876266,4
"Makhdoom_Shah_Mahmood_Hussain_Qureshi",487,0,0.486861396188113,0.0645485561949941,0.000232705062876265,4
"Makhdoom_Shah_Mahmood_Qureshi",487,0,0.486861396188113,0.0645485561949942,0.000232705062876264,4
"Makhdoom_Shah_Mehmood_Hussain_Qureshi",487,0,0.486861396188113,0.0645485561949941,0.000232705062876263,4
"Malik_Ameen_Aslam_Khan",487,0,0.486861396188113,0.0645485561949941,0.000232705062876262,4
"Malik_Amir_Dogar",487,0,0.486861396188113,0.0645485561949941,0.000232705062876261,4
"Malik_Arif_Awan",487,0,0.486861396188113,0.0645485561949941,0.000232705062876259,4
"Malik_Atiq_Ur_Rehman_Orakzai",487,0,0.486861396188113,0.0645485561949941,0.000232705062876258,4
"Malik_Ghulam_Murtaza_Metla",487,0,0.486861396188113,0.0645485561949941,0.000232705062876257,4
"Malik_Mehboob_Ahmed",487,0,0.486861396188113,0.0645485561949942,0.000232705062876256,4
"Malik_Muhammad_Akram_Bhatti",487,0,0.486861396188113,0.0645485561949941,0.000232705062876255,4
"Malik_Muhammad_Ali_Khan_Tiwana",487,0,0.486861396188113,0.0645485561949941,0.000232705062876254,4
"Malik_Muhammad_Faisal_Dehwar",487,0,0.486861396188113,0.064548556194994,0.000232705062876253,4
"Malik_Muhammad_Muzaffar_Khan",487,0,0.486861396188113,0.0645485561949941,0.000232705062876252,4
"Malik_Muhammad_Yar_Dhakoo",487,0,0.486861396188113,0.0645485561949941,0.000232705062876251,4
"Malik_Nazir_Ahmed_Sobhi",487,0,0.486861396188113,0.0645485561949941,0.00023270506287625,4
"Malik_Touqeer_Abbas_Khokhar",487,0,0.486861396188113,0.0645485561949941,0.000232705062876249,4
"Malik_Umar_Farooq",487,0,0.486861396188113,0.0645485561949941,0.000232705062876248,4
"Malik_Waheed_Khan",487,0,0.486861396188113,0.0645485561949941,0.000232705062876247,4
"Malik_Waqar_Ahmad",487,0,0.486861396188113,0.0645485561949941,0.000232705062876246,4
"Malik_Zaheer_Abbas",487,0,0.486861396188113,0.0645485561949941,0.000232705062876245,4
"Manochaher",487,0,0.486861396188113,0.0645485561949941,0.000232705062876244,4
"Mansoor_Sarwar_Khan",487,0,0.486861396188113,0.0645485561949942,0.000232705062876243,4
"Maqsood_Ahmed_Ansari",487,0,0.486861396188113,0.064548556194994,0.000232705062876242,4
"Maqsood_Ali",487,0,0.486861396188113,0.0645485561949941,0.00023270506287624,4
"Maryam_Batool",487,0,0.486861396188113,0.064548556194994,0.000232705062876239,4
"Masroor_Ali",487,0,0.486861396188113,0.0645485561949941,0.000232705062876238,4
"Matiullah_Khan",487,0,0.486861396188113,0.0645485561949942,0.000232705062876237,4
"Mehar_Un_Nisa_Baloch",487,0,0.486861396188113,0.0645485561949941,0.000232705062876236,4
"Mehboob_Shah",487,0,0.486861396188113,0.0645485561949941,0.000232705062876235,4
"Mehr_Bano_Qureshi",487,0,0.486861396188113,0.0645485561949942,0.000232705062876234,4
"Mian_Azhar",487,0,0.486861396188113,0.064548556194994,0.000232705062876233,4
"Mian_Ghous_Muhammad",487,0,0.486861396188113,0.0645485561949942,0.000232705062876232,4
"Mian_Moin_Uddin",487,0,0.486861396188113,0.0645485561949941,0.000232705062876231,4
"Mian_Muhammad_Afzal_Hayat",487,0,0.486861396188113,0.0645485561949941,0.00023270506287623,4
"Mian_Muhammad_Amjad_Joyia",487,0,0.486861396188113,0.0645485561949941,0.000232705062876229,4
"Mian_Muhammad_Naeem",487,0,0.486861396188113,0.0645485561949941,0.000232705062876228,4
"Mian_Mumtaz_Ahmad_Matyana",487,0,0.486861396188113,0.0645485561949941,0.000232705062876227,4
"Mian_Nazir_Rahman",487,0,0.486861396188113,0.0645485561949941,0.000232705062876226,4
"Mian_Salman_Ali_Qureshi",487,0,0.486861396188113,0.0645485561949941,0.000232705062876224,4
"Mian_Shahid_Mustafa_Qureshi",487,0,0.486861396188113,0.0645485561949941,0.000232705062876223,4
"Mir_Ali_Ahmed_Zehri",487,0,0.486861396188113,0.0645485561949942,0.000232705062876222,4
"Mir_Mohammad_Azam_Sumalani",487,0,0.486861396188113,0.0645485561949942,0.000232705062876221,4
"Mirza_Abdul_Qayyum",487,0,0.486861396188113,0.0645485561949941,0.00023270506287622,4
"Mirza_Saeed_Mehmood_Baig",487,0,0.486861396188113,0.0645485561949941,0.000232705062876219,4
"Moazam_Jatoi",487,0,0.486861396188113,0.0645485561949941,0.000232705062876218,4
"Mohammad_Imran",487,0,0.486861396188113,0.0645485561949942,0.000232705062876217,4
"Mohtarma_Zartaj_Gul_Akhwand",487,0,0.486861396188113,0.064548556194994,0.000232705062876216,4
"Mubeen_Arif_Jatt",487,0,0.486861396188113,0.0645485561949942,0.000232705062876215,4
"Muhammad_Afzal_Gondal",487,0,0.486861396188113,0.0645485561949942,0.000232705062876214,4
"Muhammad_Ahmad_Chattha",487,0,0.486861396188113,0.0645485561949941,0.000232705062876213,4
"Muhammad_Ajmal_Cheema",487,0,0.486861396188113,0.0645485561949941,0.000232705062876212,4
"Muhammad_Alamgir_Khan",487,0,0.486861396188113,0.0645485561949942,0.00023270506287621,4
"Muhammad_Ali_Sarfaraz",487,0,0.486861396188113,0.0645485561949941,0.000232705062876209,4
"Muhammad_Ali_Shakoor",487,0,0.486861396188113,0.064548556194994,0.000232705062876208,4
"Muhammad_Ameer_Sultan",487,0,0.486861396188113,0.0645485561949941,0.000232705062876207,4
"Muhammad_Arshad_Sahi",487,0,0.486861396188113,0.0645485561949941,0.000232705062876206,4
"Muhammad_Ashraf_Jabbar_Qureshi",487,0,0.486861396188113,0.0645485561949941,0.000232705062876205,4
"Muhammad_Aslam_Ghumman",487,0,0.486861396188113,0.0645485561949941,0.000232705062876204,4
"Muhammad_Atif",487,0,0.486861396188113,0.0645485561949941,0.000232705062876203,4
"Muhammad_Aurangzaib_Khan_Khichi",487,0,0.486861396188113,0.0645485561949942,0.000232705062876202,4
"Muhammad_Azam_Khan_Swati",487,0,0.486861396188113,0.0645485561949941,0.000232705062876201,4
"Muhammad_Bashir_Khan",487,0,0.486861396188113,0.0645485561949942,0.0002327050628762,4
"Muhammad_Daood",487,0,0.486861396188113,0.0645485561949942,0.000232705062876199,4
"Muhammad_Dawood_Khan",487,0,0.486861396188113,0.0645485561949942,0.000232705062876197,4
"Muhammad_Ibraheem_Khan",487,0,0.486861396188113,0.0645485561949942,0.000232705062876196,4
"Muhammad_Imran_Shaukat_Khan",487,0,0.486861396188113,0.0645485561949941,0.000232705062876195,4
"Muhammad_Ishaq_Khan_Khakwani",487,0,0.486861396188113,0.0645485561949941,0.000232705062876194,4
"Muhammad_Jamal_Ahsan_Khan",487,0,0.486861396188113,0.064548556194994,0.000232705062876193,4
"Muhammad_Madni",487,0,0.486861396188113,0.0645485561949941,0.000232705062876192,4
"Muhammad_Mansha_Sindhu",487,0,0.486861396188113,0.064548556194994,0.000232705062876191,4
"Muhammad_Miqdad_Ali_Khan",487,0,0.486861396188113,0.0645485561949942,0.00023270506287619,4
"Muhammad_Naem",487,0,0.486861396188113,0.0645485561949941,0.000232705062876189,4
"Muhammad_Nawaz_Gondal",487,0,0.486861396188113,0.0645485561949941,0.000232705062876188,4
"Muhammad_Qasim_Khan_Suri",487,0,0.486861396188113,0.0645485561949942,0.000232705062876187,4
"Muhammad_Riaz_Haider",487,0,0.486861396188113,0.0645485561949942,0.000232705062876185,4
"Muhammad_Roman_Ahmed",487,0,0.486861396188113,0.064548556194994,0.000232705062876184,4
"Muhammad_Sajid_Naeem_Qureshi",487,0,0.486861396188113,0.0645485561949941,0.000232705062876183,4
"Muhammad_Saleem_Akhtar_Durrani",487,0,0.486861396188113,0.0645485561949941,0.000232705062876182,4
"Muhammad_Saleem_Imran",487,0,0.486861396188113,0.0645485561949941,0.000232705062876181,4
"Muhammad_Sana_Ullah_Khan_Mastikhel",487,0,0.486861396188113,0.0645485561949941,0.00023270506287618,4
"Muhammad_Shoaib_Shaheen",487,0,0.486861396188113,0.0645485561949942,0.000232705062876179,4
"Muhammad_Tuffail",487,0,0.486861396188113,0.0645485561949942,0.000232705062876178,4
"Muhammad_Usman_Dar",487,0,0.486861396188113,0.0645485561949942,0.000232705062876177,4
"Muhammad_Waqar_Wasi_Chaudhary",487,0,0.486861396188113,0.0645485561949941,0.000232705062876176,4
"Muhammad_Yasir",487,0,0.486861396188113,0.0645485561949941,0.000232705062876174,4
"Muhammad_Zeeshan",487,0,0.486861396188113,0.0645485561949942,0.000232705062876173,4
"Muhammad_Zubair_Khan",487,0,0.486861396188113,0.0645485561949941,0.000232705062876172,4
"Muhram_Khan",487,0,0.486861396188113,0.0645485561949941,0.000232705062876171,4
"Mujahid_Ali",487,0,0.486861396188113,0.0645485561949942,0.00023270506287617,4
"Mujahid_Khan",487,0,0.486861396188113,0.0645485561949941,0.000232705062876169,4
"Mumtaz_Ahmad",487,0,0.486861396188113,0.0645485561949941,0.000232705062876168,4
"Mumtaz_Ali_Jakhrani",487,0,0.486861396188113,0.0645485561949941,0.000232705062876167,4
"Mumtaz_Ali_Shah",487,0,0.486861396188113,0.0645485561949941,0.000232705062876166,4
"Mumtaz_Mustafa_Advocate",487,0,0.486861396188113,0.0645485561949941,0.000232705062876164,4
"Murad_Saeed",487,0,0.486861396188113,0.0645485561949939,0.000232705062876163,4
"Mustafa_Kundi",487,0,0.486861396188113,0.0645485561949941,0.000232705062876162,4
"Mustansir_Billah",487,0,0.486861396188113,0.0645485561949941,0.000232705062876161,4
"Nadeem_Abbasi",487,0,0.486861396188113,0.0645485561949941,0.00023270506287616,4
"Naiz_Muhammad_Gujjar",487,0,0.486861396188113,0.064548556194994,0.000232705062876159,4
"Naseem_Hashim_Khan",487,0,0.486861396188113,0.0645485561949942,0.000232705062876158,4
"Nasim_Ali_Shah",487,0,0.486861396188113,0.0645485561949941,0.000232705062876157,4
"Nasir_Khan_Khattak",487,0,0.486861396188113,0.0645485561949942,0.000232705062876156,4
"Nasrullah_Mughal",487,0,0.486861396188113,0.0645485561949941,0.000232705062876154,4
"Naveed_Hameed",487,0,0.486861396188113,0.0645485561949939,0.000232705062876153,4
"Nawab_Aman_Ullah_Khan",487,0,0.486861396188113,0.0645485561949942,0.000232705062876152,4
"Nawab_Khan_Dumer",487,0,0.486861396188113,0.0645485561949942,0.000232705062876151,4
"Nawab_Muhammad_Ahmad_Khan",487,0,0.486861396188113,0.0645485561949942,0.00023270506287615,4
"Nawabzada_Salahuddin_Saeed",487,0,0.486861396188113,0.0645485561949941,0.000232705062876149,4
"Nawaz_Mehmood_Khan",487,0,0.486861396188113,0.064548556194994,0.000232705062876148,4
"Naz_Baloch",487,0,0.486861396188113,0.0645485561949941,0.000232705062876147,4
"Nazish_Bhatti",487,0,0.486861396188113,0.0645485561949942,0.000232705062876145,4
"Nek_Mohammad",487,0,0.486861396188113,0.0645485561949941,0.000232705062876144,4
"Niaz_Mohammad_Khan",487,0,0.486861396188113,0.0645485561949941,0.000232705062876143,4
"Nisar_Akbar_Khan",487,0,0.486861396188113,0.0645485561949941,0.000232705062876142,4
"Nisaraslam_Khan",487,0,0.486861396188113,0.0645485561949941,0.000232705062876141,4
"Noor_Muhammad_Ghaffari",487,0,0.486861396188113,0.0645485561949942,0.00023270506287614,4
"Peer_Zahoor_Hussain_Quraishi",487,0,0.486861396188113,0.0645485561949941,0.000232705062876139,4
"Pervez_Khattak",487,0,0.486861396188113,0.0645485561949941,0.000232705062876138,4
"Pir_Bux_Jamood",487,0,0.486861396188113,0.0645485561949942,0.000232705062876136,4
"Qaisar_Jamal",490,3615.69399243873,0.487686398553999,0.0658827817476296,0.000259968656109379,4
"Qaisara_Elahi",487,0,0.486861396188113,0.0645485561949941,0.000232705062876134,4
"Qurban_Ali",487,0,0.486861396188113,0.0645485561949942,0.000232705062876133,4
"Rab_Nawaz_Kalwar",487,0,0.486861396188113,0.0645485561949941,0.000232705062876132,4
"Raees_Nawaz_Ali_Burfat",487,0,0.486861396188113,0.0645485561949941,0.000232705062876131,4
"Rafique_Ahmad_Khan_Niazi",487,0,0.486861396188113,0.0645485561949942,0.00023270506287613,4
"Rahat_Aman_Ullah_Bhatti",487,0,0.486861396188113,0.0645485561949942,0.000232705062876129,4
"Rahat_Amanullah_Bhatti",487,0,0.486861396188113,0.0645485561949941,0.000232705062876127,4
"Rai_Haider_Ali_Khan",487,0,0.486861396188113,0.0645485561949941,0.000232705062876126,4
"Rai_Hasan_Nawaz_Khan",487,0,0.486861396188113,0.0645485561949941,0.000232705062876125,4
"Rai_Hassan_Nawaz_Khan",487,0,0.486861396188113,0.0645485561949942,0.000232705062876124,4
"Rai_Muhammad_Akram_Khan_Bhatti",487,0,0.486861396188113,0.0645485561949941,0.000232705062876123,4
"Rai_Naeem_Asad_Kharal",487,0,0.486861396188113,0.064548556194994,0.000232705062876122,4
"Raja_Aamer_Zaman",487,0,0.486861396188113,0.0645485561949941,0.000232705062876121,4
"Raja_Abdul_Haque",487,0,0.486861396188113,0.0645485561949941,0.00023270506287612,4
"Raja_Azhar_Khan",487,0,0.486861396188113,0.0645485561949941,0.000232705062876118,4
"Raja_Muhammad_Saleem",487,0,0.486861396188113,0.0645485561949942,0.000232705062876117,4
"Raja_Taila_Saeed",487,0,0.486861396188113,0.0645485561949941,0.000232705062876116,4
"Raja_Yassir_Humayun_Sarfraz",487,0,0.486861396188113,0.0645485561949942,0.000232705062876115,4
"Rana_Aamir_Shahzad_Tahir",487,0,0.486861396188113,0.0645485561949942,0.000232705062876114,4
"Rana_Atif",487,0,0.486861396188113,0.0645485561949939,0.000232705062876113,4
"Rana_Javed_Umar",487,0,0.486861396188113,0.0645485561949941,0.000232705062876112,4
"Rana_Naeem_Ur_Rehman_Khan",487,0,0.486861396188113,0.0645485561949941,0.00023270506287611,4
"Rana_Shehzad_Hafeez",487,0,0.486861396188113,0.0645485561949942,0.000232705062876109,4
"Rana_Tanveer_Riaz_Khan",487,0,0.486861396188113,0.0645485561949942,0.000232705062876108,4
"Rao_Hassan_Skindar",487,0,0.486861396188113,0.0645485561949941,0.000232705062876107,4
"Rao_Khalid_Khan",487,0,0.486861396188113,0.0645485561949942,0.000232705062876106,4
"Rao_Umer_Hashim_Khan",487,0,0.486861396188113,0.0645485561949941,0.000232705062876105,4
"Rashid_Siddiqui",487,0,0.486861396188113,0.0645485561949941,0.000232705062876103,4
"Rashida_Tariq",487,0,0.486861396188113,0.0645485561949941,0.000232705062876102,4
"Rehana_Imtiaz_Dar",487,0,0.486861396188113,0.0645485561949941,0.000232705062876101,4
"Riasat_Ali_Bhatti",487,0,0.486861396188113,0.064548556194994,0.0002327050628761,4
"Riaz_Ahmad_Tarar",487,0,0.486861396188113,0.0645485561949941,0.000232705062876099,4
"Riaz_Hyder",487,0,0.486861396188113,0.0645485561949941,0.000232705062876098,4
"Riyaz_Fatyana",487,0,0.486861396188113,0.0645485561949942,0.000232705062876097,4
"Rozina_Bhutto",487,0,0.486861396188113,0.0645485561949941,0.000232705062876095,4
"s_a_Hameed",487,0,0.486861396188113,0.0645485561949941,0.000232705062876094,4
"Saadullah_Baloch",487,0,0.486861396188113,0.0645485561949942,0.000232705062876093,4
"Saadullah_Mehmood_Urf_Muhammad_Yasir_Baloch",487,0,0.486861396188113,0.0645485561949941,0.000232705062876092,4
"Sabeen_Safdar_Bandesha",487,0,0.486861396188113,0.0645485561949941,0.000232705062876091,4
"Sadaqat_Ali_Abbasi",487,0,0.486861396188113,0.0645485561949941,0.00023270506287609,4
"Saddam_Tareen",487,0,0.486861396188113,0.0645485561949941,0.000232705062876088,4
"Saeed_Khursheed_Ahmad",487,0,0.486861396188113,0.064548556194994,0.000232705062876087,4
"Saeed_Mushtaq",487,0,0.486861396188113,0.0645485561949941,0.000232705062876086,4
"Sahibzada_Mehboob_Sultan",487,0,0.486861396188113,0.0645485561949941,0.000232705062876085,4
"Sahibzada_Muhammad_Hamid_Raza",503,24750.3943881212,0.487741498135804,0.0646264091892292,0.0003200285918555,4
"Sajid_Khan",487,0,0.486861396188113,0.0645485561949942,0.000232705062876083,4
"Sajid_Khan_Wald_Taj_Gul",487,0,0.486861396188113,0.0645485561949941,0.000232705062876082,4
"Sajid_Nawaz",487,0,0.486861396188113,0.064548556194994,0.00023270506287608,4
"Sajid_Nawaz_Khan",487,0,0.486861396188113,0.0645485561949942,0.000232705062876079,4
"Sajid_Yousaf",487,0,0.486861396188113,0.0645485561949941,0.000232705062876078,4
"Salar_Khan_Kakar",487,0,0.486861396188113,0.0645485561949942,0.000232705062876077,4
"Saleem_Mahmood_Kamlana_Sial",487,0,0.486861396188113,0.064548556194994,0.000232705062876076,4
"Saleem_Ur_Rehman",487,0,0.486861396188113,0.0645485561949941,0.000232705062876075,4
"Salman_Akram_Raja",487,0,0.486861396188113,0.0645485561949941,0.000232705062876073,4
"Salman_Saif_Cheema",487,0,0.486861396188113,0.0645485561949942,0.000232705062876072,4
"Sami_Ullah_Chaudhry",487,0,0.486861396188113,0.064548556194994,0.000232705062876071,4
"Sardar_Ahsan_Raza_Advocate",487,0,0.486861396188113,0.0645485561949941,0.00023270506287607,4
"Sardar_Muhammad_Ahmed_Dreshak",487,0,0.486861396188113,0.0645485561949941,0.000232705062876069,4
"Sardar_Muhammad_Ali_Khan",487,0,0.486861396188113,0.0645485561949942,0.000232705062876068,4
"Sardar_Muhammad_Hussain_Dogar",487,0,0.486861396188113,0.064548556194994,0.000232705062876066,4
"Sardar_Rafique_Haider_Khan_Laghari",487,0,0.486861396188113,0.0645485561949941,0.000232705062876065,4
"Sardar_Sher_Muhammad_Rind_Baloch",487,0,0.486861396188113,0.0645485561949942,0.000232705062876064,4
"Seemabia_Tahir",487,0,0.486861396188113,0.064548556194994,0.000232705062876063,4
"Shabana_Nawab",487,0,0.486861396188113,0.0645485561949942,0.000232705062876062,4
"Shabbir_Ali_Quereshi",487,0,0.486861396188113,0.064548556194994,0.000232705062876061,4
"Shafqat_Abbas",487,0,0.486861396188113,0.0645485561949941,0.000232705062876059,4
"Shafqat_Ali",487,0,0.486861396188113,0.0645485561949941,0.000232705062876058,4
"Shafqat_Mehmood",487,0,0.486861396188113,0.0645485561949942,0.000232705062876057,4
"Shahbaz_Ahmad_Khan_Sial",487,0,0.486861396188113,0.0645485561949941,0.000232705062876056,4
"Shahid_Ahmad_Khattak",487,0,0.486861396188113,0.0645485561949941,0.000232705062876055,4
"Shahid_Amin",487,0,0.486861396188113,0.064548556194994,0.000232705062876053,4
"Shahid_Talib",487,0,0.486861396188113,0.064548556194994,0.000232705062876052,4
"Shahnawaz",487,0,0.486861396188113,0.064548556194994,0.000232705062876051,4
"Shahram_Tarakai",487,0,0.486861396188113,0.0645485561949942,0.00023270506287605,4
"Shamraiz_Khan",487,0,0.486861396188113,0.0645485561949942,0.000232705062876049,4
"Shandana_Gulzar_Khan",487,0,0.486861396188113,0.0645485561949941,0.000232705062876047,4
"Shaukat_Iqbal_Mirza",487,0,0.486861396188113,0.0645485561949941,0.000232705062876046,4
"Shehryar_Afridi",487,0,0.486861396188113,0.0645485561949942,0.000232705062876045,4
"Shehryar_Riaz",487,0,0.486861396188113,0.0645485561949941,0.000232705062876044,4
"Shehzad_Farooq",487,0,0.486861396188113,0.0645485561949941,0.000232705062876043,4
"Shehzada_Muhammad_Gushtasap_Khan",487,0,0.486861396188113,0.064548556194994,0.000232705062876041,4
"Sheikh_Waqar_Ahmad_Advocate",487,0,0.486861396188113,0.0645485561949942,0.00023270506287604,4
"Sher_Afzal_Marwat",487,0,0.486861396188113,0.0645485561949942,0.000232705062876039,4
"Sher_Ali_Arbab",487,0,0.486861396188113,0.0645485561949942,0.000232705062876038,4
"Shoaib_Nasir",487,0,0.486861396188113,0.064548556194994,0.000232705062876037,4
"Shoukat_Basra",487,0,0.486861396188113,0.0645485561949941,0.000232705062876036,4
"Sibghatullah",487,0,0.486861396188113,0.0645485561949941,0.000232705062876034,4
"Sidra_Faisal",487,0,0.486861396188113,0.0645485561949941,0.000232705062876033,4
"Siraj_Muhammad_Khan",487,0,0.486861396188113,0.0645485561949942,0.000232705062876032,4
"Sohail_Sultan",487,0,0.486861396188113,0.0645485561949941,0.000232705062876031,4
"Subhan_Ali",487,0,0.486861396188113,0.064548556194994,0.00023270506287603,4
"Subhan_Ali_Sahil",487,0,0.486861396188113,0.064548556194994,0.000232705062876028,4
"Syed_Ahmed_Rasheed",487,0,0.486861396188113,0.064548556194994,0.000232705062876027,4
"Syed_Akhtar_Hussain_Rizvi",487,0,0.486861396188113,0.0645485561949941,0.000232705062876026,4
"Syed_Ali_Haider_Zaidi",487,0,0.486861396188113,0.0645485561949941,0.000232705062876025,4
"Syed_Ali_Husnain_Shah",487,0,0.486861396188113,0.0645485561949941,0.000232705062876024,4
"Syed_Ali_Hyder_Zaidi",487,0,0.486861396188113,0.064548556194994,0.000232705062876022,4
"Syed_Jameel_Ahmad_Hussain_Bokhari",487,0,0.486861396188113,0.0645485561949942,0.000232705062876021,4
"Syed_Jameel_Ahmed_Hussain_Bokhari",487,0,0.486861396188113,0.0645485561949941,0.00023270506287602,4
"Syed_Jamil_Ahmed_Shah_Bukhari",487,0,0.486861396188113,0.0645485561949941,0.000232705062876019,4
"Syed_Khawar_Ali_Shah",487,0,0.486861396188113,0.064548556194994,0.000232705062876018,4
"Syed_Muhammad_Jawad_Asghar_Shah",487,0,0.486861396188113,0.0645485561949942,0.000232705062876016,4
"Syed_Mumtaz_Ali_Shah",487,0,0.486861396188113,0.064548556194994,0.000232705062876015,4
"Syed_Niaz_Hussain_Shah_Jillani",487,0,0.486861396188113,0.064548556194994,0.000232705062876014,4
"Syed_Qaisar_Abbas_Shah",487,0,0.486861396188113,0.0645485561949941,0.000232705062876013,4
"Syed_Raza_Ali_Gillani",487,0,0.486861396188113,0.0645485561949942,0.000232705062876012,4
"Syed_Shah_Ahad_Ali_Shah",487,0,0.486861396188113,0.0645485561949942,0.00023270506287601,4
"Syed_Wajahat_Hasnain_Shah",487,0,0.486861396188113,0.064548556194994,0.000232705062876009,4
"Syed_Zahoor_Agha",487,0,0.486861396188113,0.0645485561949941,0.000232705062876008,4
"Tahir_Iqbal_Chuhdary",487,0,0.486861396188113,0.0645485561949941,0.000232705062876007,4
"Tahir_Sadiq",487,0,0.486861396188113,0.0645485561949942,0.000232705062876005,4
"Taj_Muhammad",488,4316,0.486916309496955,0.0645486839519627,0.000261188365506187,4
"Talib_Hussain_Sidhu",487,0,0.486861396188113,0.0645485561949942,0.000232705062876003,4
"Tariq_Aziz_Bhatti",487,0,0.486861396188113,0.0645485561949942,0.000232705062876002,4
"Tasawar_Abbas",487,0,0.486861396188113,0.064548556194994,0.000232705062876001,4
"Umair_Khan_Niazi",487,0,0.486861396188113,0.0645485561949941,0.000232705062875999,4
"Umar_Aslam_Khan",487,0,0.486861396188113,0.0645485561949942,0.000232705062875998,4
"Usama_Ahmed_Mela",487,0,0.486861396188113,0.0645485561949942,0.000232705062875997,4
"Usama_Hamza",487,0,0.486861396188113,0.0645485561949942,0.000232705062875996,4
"Usman_Hamza",487,0,0.486861396188113,0.0645485561949941,0.000232705062875995,4
"Wajiha_Akram",487,0,0.486861396188113,0.0645485561949942,0.000232705062875993,4
"Wali_Muhammad_Mugheri",487,0,0.486861396188113,0.064548556194994,0.000232705062875992,4
"Walid_Iqbal",487,0,0.486861396188113,0.0645485561949942,0.000232705062875991,4
"Waqas_Akram",487,0,0.486861396188113,0.064548556194994,0.00023270506287599,4
"Waseem_Abbas",487,0,0.486861396188113,0.0645485561949942,0.000232705062875988,4
"Wasim_Qadir",487,0,0.486861396188113,0.0645485561949941,0.000232705062875987,4
"Yasmin_Rashid",487,0,0.486861396188113,0.0645485561949941,0.000232705062875986,4
"Yousaf_Khan",487,0,0.486861396188113,0.0645485561949941,0.000232705062875985,4
"Zafar_Ullah_Tararr",487,0,0.486861396188113,0.064548556194994,0.000232705062875984,4
"Zaffar_Khan",487,0,0.486861396188113,0.0645485561949942,0.000232705062875982,4
"Zaheer_Abbas_Naqvi",487,0,0.486861396188113,0.0645485561949942,0.000232705062875981,4
"Zahid_Hussain_Hashmi",487,0,0.486861396188113,0.0645485561949941,0.00023270506287598,4
"Zahid_Mehmood_Mazari",487,0,0.486861396188113,0.0645485561949942,0.000232705062875979,4
"Zain_Qureshi",487,0,0.486861396188113,0.0645485561949941,0.000232705062875977,4
"Zain_Ul_Abidin_Khelji",487,0,0.486861396188113,0.064548556194994,0.000232705062875976,4
"Zameer_Jedhu_Advocate",487,0,0.486861396188113,0.064548556194994,0.000232705062875975,4
"Zartaj_Gul_Wazir",487,0,0.486861396188113,0.0645485561949942,0.000232705062875974,4
"Zubair_Khan",487,0,0.486861396188113,0.0645485561949941,0.000232705062875972,4
"Zulfiqar",487,0,0.486861396188113,0.0645485561949941,0.000232705062875971,4
"Zulfiqar_Ali_Mallah",487,0,0.486861396188113,0.0645485561949941,0.00023270506287597,4
"Zulqarnain_Als_Sakhi_Bhutto",487,0,0.486861396188113,0.0645485561949941,0.000232705062875969,4
"Muhammad_Hanif_Mughal",0,0,NA,0,3.3112217304612e-05,0
"Maazullah_Khan",1,0,1,0,0.000220748115363124,1
"Muhammad_Sherwan_Amirzada",1,0,1,0,0.000220748115362956,1
"Abdul_Qadir_Khan_Wadan",28,0,0.330323666692172,8.8564966599194e-06,0.000184912242351529,5
"Abdul_Rahim_Mandokhail",28,0,0.330323666692172,8.8564966599194e-06,0.000184912242351529,5
"Abdul_Razzaq_Achakzai",28,0,0.330323666692172,8.85649665992215e-06,0.000184912242351528,5
"Ahmed_Jan_Khan",28,0,0.330323666692172,8.8564966599194e-06,0.000184912242351527,5
"Akhtar_Shah_Kudezai",28,0,0.330323666692172,8.85649665993039e-06,0.000184912242351526,5
"Burhan_Ul_Din",28,0,0.330323666692172,8.85649665992764e-06,0.000184912242351525,5
"Dr__Abdullah_Khan",28,0,0.330323666692172,8.85649665992764e-06,0.000184912242351524,5
"Haji_Muhammad_Barki",28,0,0.330323666692172,8.8564966599249e-06,0.000184912242351524,5
"Ikram_Ul_Haq_Khan",28,0,0.330323666692172,8.85649665993039e-06,0.000184912242351523,5
"Jan_Dad_Khan",28,0,0.330323666692172,8.8564966599194e-06,0.000184912242351522,5
"Jehangir_Khan",86,32093.3820733415,0.39064338068953,0.00302963047427116,0.00031525663461896,5
"Khurshid_Ali",28,0,0.330323666692172,8.85649665993039e-06,0.00018491224235152,5
"Main_Asmatullah_Shah",28,0,0.330323666692172,8.85649665991666e-06,0.000184912242351519,5
"Malik_Khaliq_Dad",28,0,0.330323666692172,8.85649665991391e-06,0.000184912242351518,5
"Mohammad_Nawaz_Khan",28,0,0.330323666692172,8.85649665992764e-06,0.000184912242351517,5
"Mohammad_Usman",28,0,0.330323666692172,8.85649665993039e-06,0.000184912242351516,5
"Muhammad_Bakhsh_Mengal",28,0,0.330323666692172,8.85649665993039e-06,0.000184912242351515,5
"Muhammad_Essa_Roshan",28,0,0.330323666692172,8.85649665991116e-06,0.000184912242351514,5
"Muhammad_Mukhtiar",28,0,0.330323666692172,8.85649665993039e-06,0.000184912242351513,5
"Murad_Ali",28,0,0.330323666692172,8.85649665991666e-06,0.000184912242351512,5
"Noor_Ullah_Tareen",28,0,0.330323666692172,8.85649665993863e-06,0.000184912242351511,5
"Rafi_Ullah",28,0,0.330323666692172,8.85649665993863e-06,0.00018491224235151,5
"Raza_Mohammad_Raza",28,0,0.330323666692172,8.8564966599194e-06,0.000184912242351509,5
"Saleem_Khan_Kakar",28,0,0.330323666692172,8.8564966599194e-06,0.000184912242351508,5
"Syed_Muhammad_Yousuf_Agha",28,0,0.330323666692172,8.85649665991391e-06,0.000184912242351507,5
"Zameen_Dad_Shah",28,0,0.330323666692172,8.85649665991666e-06,0.000184912242351506,5
"Zia_Watan_Dost",28,0,0.330323666692172,8.85649665993863e-06,0.000184912242351505,5
"Khuwaja_Tariq_Sarfaraz",4,0,0.342945662535748,8.81445646697839e-05,9.28140631736421e-05,5
"Riaz_Shahid_Khan_Punian_Advocate",4,0,0.342945662535748,8.81445646697826e-05,9.28140631736413e-05,5
"Shahid_Naeem_Advocate",4,0,0.342945662535748,8.81445646697839e-05,9.28140631736405e-05,5
"Syed_Muhammad_Abbas",4,0,0.342945662535748,8.81445646697805e-05,9.28140631736396e-05,5
"Muhammad_Yaqub_Alvi",0,0,NA,0,3.3112217304612e-05,0
"Ibtsaam_Illahi_Zahir",1,0,1,0,0.000220748115363124,1
"Sardar_Rafiq_Ar_Sanjrani",1,0,1,0,0.000220748115362956,1
"Abdul_Ghaffar_Khan_Mohmand",13,0,0.324586466165414,1.35256473843399e-05,0.000163934363882822,5
"Ahmad_Raza",13,0,0.324586466165414,1.3525647384344e-05,0.000163934363882822,5
"Akbar_Khan",13,0,0.324586466165414,1.35256473843509e-05,0.000163934363882821,5
"Dr_Siraj_Ud_Din",13,0,0.324586466165414,1.35256473843467e-05,0.00016393436388282,5
"Farooq_Ahmad",13,0,0.324586466165414,1.35256473843413e-05,0.000163934363882819,5
"Haji_Muhammad_Umar",13,0,0.324586466165414,1.35256473843509e-05,0.000163934363882818,5
"Irshad_Alam_Khan",13,0,0.324586466165414,1.35256473843413e-05,0.000163934363882818,5
"Khalil_Saeed",13,0,0.324586466165414,1.3525647384344e-05,0.000163934363882817,5
"Masood_Ahmed_Saeed",13,0,0.324586466165414,1.35256473843481e-05,0.000163934363882816,5
"Muhamamd_Ibrar",13,0,0.324586466165414,1.35256473843481e-05,0.000163934363882815,5
"Muhammad_Khan",17,1299.03633390547,0.326575383917089,1.93198432590793e-05,0.000233288613055241,5
"Nasir_Mahmood_Chaudhry",13,0,0.324586466165414,1.35256473843467e-05,0.000163934363882814,5
"Sami_Ullah_Luni",13,0,0.324586466165414,1.35256473843481e-05,0.000163934363882813,5
"Amjad_Ali",10,0,0.342537491073554,0.00269689930957594,0.000108272816661164,5
"Bakhtiar_Ali",10,0,0.342537491073554,0.00269689930957594,0.000108272816661163,5
"Fida_Mohammad",10,0,0.342537491073554,0.00269689930957595,0.000108272816661162,5
"Malik_Haider_Khan",10,0,0.342537491073554,0.00269689930957595,0.000108272816661161,5
"Mian_Abdul_Latif",10,0,0.342537491073554,0.00269689930957594,0.00010827281666116,5
"Najeebullah_Durrani",10,0,0.342537491073554,0.00269689930957595,0.000108272816661159,5
"Sher_Wali",10,0,0.342537491073554,0.00269689930957595,0.000108272816661158,5
"Sikandar_Hayat_Khan",10,0,0.342537491073554,0.00269689930957594,0.000108272816661157,5
"Hajiani",0,0,NA,0,3.3112217304612e-05,0
"Faiza_Bibi_Rasheed",3,0,0.353562653562654,0.00142684774084581,4.7432403020336e-05,5
"Naseeb_Zaman",3,0,0.353562653562654,0.00142684774084581,4.74324030203351e-05,5
"Ameer_Ali_Pate_Wale",1,0,1,0,0.000220748115363124,1
"Muhammad_Aslam_Khan",1,0,1,0,0.000220748115362956,1
"Ghulam_Fareed_Koreja",2,0,1,6.86717622784926e-19,0.000220748115362919,1
"Khawja_Ghulam_Fareed_Koreja",2,0,1,0,0.000220748115362787,1
"Muhammad_Wazeer_Khan_Dundam_Advocate",2,0,1,0,0.000220748115362641,1
"Khalil_Ahmed",2,0,0.337925636007828,4.69539571105693e-05,6.6164089900467e-05,5
"Ahmad_Kamran_Thaeem_Ansari",1,0,1,0,0.000220748115363124,1
"Allah_Nawaz",1,0,1,0,0.000220748115362956,1
"Muhammad_Sardar_Bahadur_Khan",0,0,NA,0,3.3112217304612e-05,0
"Abul_Salam",4,0,0.279544130026549,5.82135693429192e-06,9.49084886200025e-05,6
"Eid_Muhammad",4,0,0.279544130026549,5.8213569342933e-06,9.49084886200018e-05,6
"Zia_Ul_Haq",4,0,0.279544130026549,5.82135693429398e-06,9.4908488620001e-05,6
"Allah_Rakha_Waseem",16,0,0.356541129831516,0.000168708894312458,0.000115001728300972,5
"Basharat_Ali_Khan_Advocate",16,0,0.356541129831516,0.000168708894312464,0.000115001728300971,5
"Haji_Rana_Sharafat_Ali_Qadri",16,0,0.356541129831516,0.000168708894312458,0.00011500172830097,5
"Hameed_Ghazi_Dogar",16,0,0.356541129831516,0.000168708894312466,0.000115001728300969,5
"Malik_Muhammad_Siddique_Khokhar",16,0,0.356541129831516,0.000168708894312453,0.000115001728300968,5
"Mofti_Mohammad_Hayat_Qadri",16,0,0.356541129831516,0.000168708894312458,0.000115001728300967,5
"Muhammad_Anwar_Ali",16,0,0.356541129831516,0.000168708894312461,0.000115001728300966,5
"Muhammad_Haseeb",16,0,0.356541129831516,0.000168708894312464,0.000115001728300964,5
"Muhammad_Sarfraz_Akbar",16,0,0.356541129831516,0.000168708894312458,0.000115001728300963,5
"Qari_Fateh_Khan",16,0,0.356541129831516,0.000168708894312464,0.000115001728300962,5
"Rana_Muhammad_Irfan",16,0,0.356541129831516,0.000168708894312458,0.000115001728300961,5
"Saeed_Ahmed_Zafar",16,0,0.356541129831516,0.000168708894312461,0.00011500172830096,5
"Sardar_Mulana_Muhammad_Wazeer_Ul_Qadri",16,0,0.356541129831516,0.000168708894312458,0.000115001728300958,5
"Tariq_Mehboob",16,0,0.356541129831516,0.000168708894312458,0.000115001728300957,5
"Allama_Haider_Alvi",10,0,0.357042428252419,0.00270468440960628,7.87067901394596e-05,5
"Hamid_Idrees",10,0,0.357042428252419,0.00270468440960628,7.87067901394587e-05,5
"Mian_Muhammad_Asif_Raza_",10,0,0.357042428252419,0.00270468440960628,7.87067901394578e-05,5
"Moulana_Nalay_Mitho_Shaikh",10,0,0.357042428252419,0.00270468440960628,7.87067901394568e-05,5
"Muhammad_Javed_Qadri",10,0,0.357042428252419,0.00270468440960628,7.87067901394558e-05,5
"Sikandar_Khan",10,0,0.357042428252419,0.00270468440960628,7.87067901394548e-05,5
"Sohail_Baig_Noori",10,0,0.357042428252419,0.00270468440960628,7.87067901394538e-05,5
"Muhammad_Asim",0,0,NA,0,3.3112217304612e-05,0
"Waleed_Ahmad",2,0,0.326674233825199,7.03407985114021e-05,5.83432456914727e-05,5
"Zahid_Iqbal",2,0,0.326674233825199,7.03407985114018e-05,5.8343245691472e-05,5
"Majeeda_Maria",3,0,1,1.03007643417739e-18,0.000220748115363154,1
"Malik_Muhammad_Tufail",3,0,1,1.37343524556985e-18,0.000220748115363077,1
"Syed_Ali_Raza",3,0,1,2.06015286835478e-18,0.000220748115362993,1
"Zawar_Hussain",3,0,1,6.86717622784926e-19,0.000220748115362902,1
"Himmat_Ali",1,0,0.327492034592626,9.08743859835509e-05,3.35671560560048e-05,5
"Ali_Afsar_Tanoli",6,0,1,6.18045860506434e-18,0.000220748115363035,1
"Fakhar_e_Alam_Urf_Hazrat",6,0,1,6.86717622784926e-18,0.000220748115362986,1
"Fida_Hussain",6,0,1,9.61404671898897e-18,0.000220748115362935,1
"Major_Rtd_Jameel_Ehsan_Kiyani",6,0,1,6.18045860506434e-18,0.000220748115362882,1
"Mohammad_Ashfaque",6,0,1,6.86717622784926e-18,0.000220748115362826,1
"Sardar_Haider_Zaman",6,0,1,5.49374098227941e-18,0.000220748115362768,1
"Sardar_Muhammad_Iqbal_Khan",6,0,1,4.80702335949449e-18,0.000220748115362706,1
"Abdul_Ali",58,0,0.380352422907489,0.00302503322405702,0.000161705201798344,5
"Abdul_Qayyum_Bajwa",58,0,0.380352422907489,0.00302503322405701,0.000161705201798344,5
"Adeel_Ahmad",58,0,0.380352422907489,0.003025033224057,0.000161705201798343,5
"Aman_Ullah_Khan",58,0,0.380352422907489,0.00302503322405701,0.000161705201798342,5
"Amir_Hamza_Dogar_Advocate",58,0,0.380352422907489,0.003025033224057,0.000161705201798341,5
"Amir_Muhammad",58,0,0.380352422907489,0.00302503322405699,0.00016170520179834,5
"Amjid_Pervaiz",58,0,0.380352422907489,0.00302503322405698,0.000161705201798339,5
"Aqeel_Shahzad",58,0,0.380352422907489,0.00302503322405702,0.000161705201798339,5
"Asif_Iqbal",58,0,0.380352422907489,0.00302503322405702,0.000161705201798338,5
"Ch_Tanveer_Ahmad_Kambo",58,0,0.380352422907489,0.00302503322405701,0.000161705201798337,5
"Doctor_Abdul_Rashid",58,0,0.380352422907489,0.003025033224057,0.000161705201798336,5
"Doctor_Nasir_Razzaq",58,0,0.380352422907489,0.00302503322405699,0.000161705201798335,5
"Dr__Rafique_Ahmed_Ghuncha",58,0,0.380352422907489,0.003025033224057,0.000161705201798334,5
"Ghulam_Abbass",58,0,0.380352422907489,0.003025033224057,0.000161705201798333,5
"Iftikhar_Ali",58,0,0.380352422907489,0.00302503322405701,0.000161705201798332,5
"Kamal_Azfar",58,0,0.380352422907489,0.00302503322405699,0.000161705201798331,5
"Khizar_Hayat",58,0,0.380352422907489,0.00302503322405701,0.000161705201798331,5
"Maki_Muhammad",58,0,0.380352422907489,0.00302503322405701,0.00016170520179833,5
"Malik_Gul_Zali_Khan_Zakheli",58,0,0.380352422907489,0.00302503322405699,0.000161705201798329,5
"Malik_Nazar_Fareed_Khokhar",58,0,0.380352422907489,0.00302503322405702,0.000161705201798328,5
"Malik_Zafar_Iqbal_Rajput_Panwar",58,0,0.380352422907489,0.00302503322405701,0.000161705201798327,5
"Mian_Abdul_Waheed",58,0,0.380352422907489,0.00302503322405698,0.000161705201798326,5
"Moin_Ud_Din",58,0,0.380352422907489,0.00302503322405699,0.000161705201798325,5
"Mr_mumtaz_Ali",58,0,0.380352422907489,0.00302503322405701,0.000161705201798324,5
"Muhammad_Abu_Bakar_Watto",58,0,0.380352422907489,0.003025033224057,0.000161705201798323,5
"Muhammad_Ahmad_Chaudhary",58,0,0.380352422907489,0.00302503322405701,0.000161705201798322,5
"Muhammad_Arshad_Taqi",58,0,0.380352422907489,0.00302503322405701,0.000161705201798321,5
"Muhammad_Irfan_Ud_Din",58,0,0.380352422907489,0.00302503322405701,0.00016170520179832,5
"Muhammad_Muzzammil",58,0,0.380352422907489,0.00302503322405701,0.000161705201798319,5
"Muhammad_Nawaz_Cheema",58,0,0.380352422907489,0.00302503322405701,0.000161705201798318,5
"Muhammad_Rafique_Advocate",58,0,0.380352422907489,0.003025033224057,0.000161705201798317,5
"Muhammad_Sharif",58,0,0.380352422907489,0.003025033224057,0.000161705201798316,5
"Naseer_Ahmed_Chandio",58,0,0.380352422907489,0.003025033224057,0.000161705201798315,5
"Nek_Daraz_Khan",58,0,0.380352422907489,0.00302503322405701,0.000161705201798314,5
"Peer_Abdul_Shakoor_Naqsh_Bandi",58,0,0.380352422907489,0.00302503322405699,0.000161705201798313,5
"Qazi_Aslam_Khan",58,0,0.380352422907489,0.00302503322405697,0.000161705201798312,5
"Rahimullah_Khan",58,0,0.380352422907489,0.00302503322405697,0.000161705201798311,5
"Raja_Izat_Ali",58,0,0.380352422907489,0.00302503322405699,0.00016170520179831,5
"Rana_Muhammad_Saeed_Khan",58,0,0.380352422907489,0.00302503322405701,0.000161705201798309,5
"Rana_Muhammad_Sharif",58,0,0.380352422907489,0.003025033224057,0.000161705201798308,5
"Rao_Muhammad_Akbar_Khan_Mayyo",58,0,0.380352422907489,0.00302503322405702,0.000161705201798307,5
"Rao_Wajid_Ali_Khan",58,0,0.380352422907489,0.00302503322405701,0.000161705201798306,5
"Saghir_Hussain",58,0,0.380352422907489,0.003025033224057,0.000161705201798305,5
"Sahahbaz_Yasir_Ali",58,0,0.380352422907489,0.003025033224057,0.000161705201798304,5
"Shamim_Khan",58,0,0.380352422907489,0.00302503322405701,0.000161705201798303,5
"Waheed_Ahmad_Khan",58,0,0.380352422907489,0.00302503322405701,0.000161705201798302,5
"Zaheer_Ahmad_Zia_Warraich",58,0,0.380352422907489,0.00302503322405702,0.000161705201798301,5
"Zahid_Sadique_Ansari",58,0,0.380352422907489,0.00302503322405702,0.0001617052017983,5
"Zaib_Ali",58,0,0.380352422907489,0.003025033224057,0.000161705201798299,5
"Manzoor_Ali_Bhatti",0,0,NA,0,3.3112217304612e-05,0
"Aftab_Khurram",7,0,0.332639852057328,2.94590832568943e-05,0.00012537542653271,5
"Malik_Abdul_Rasheed",7,0,0.332639852057328,2.94590832568964e-05,0.000125375426532709,5
"Malik_Jahanzaib_Waran",7,0,0.332639852057328,2.94590832568971e-05,0.000125375426532709,5
"Mirza_Asif_Baig",7,0,0.332639852057328,2.94590832568964e-05,0.000125375426532708,5
"Muhammad_Jan_Mohmand",7,0,0.332639852057328,2.94590832568971e-05,0.000125375426532707,5
"Muhammad_Sohail_Akhter",7,0,0.332639852057328,2.94590832568984e-05,0.000125375426532706,5
"Syed_Muhammad_Shakeel_Ali_Shah",7,0,0.332639852057328,2.94590832568936e-05,0.000125375426532705,5
"m_Raza",3,0,1,2.40351167974724e-18,0.000220748115363154,1
"Moulana_Abdul_Quddoos",3,0,1,1.03007643417739e-18,0.000220748115363077,1
"Mukhtar_Ali",3,0,1,1.71679405696232e-18,0.000220748115362993,1
"Nasar_Ullah_Khan",3,0,1,1.03007643417739e-18,0.000220748115362902,1
"Abdul_Rehman_Shar",212,0,0.45789138735681,0.0182487258529226,0.000196888445434254,5
"Abrar_Ahmad",212,0,0.45789138735681,0.0182487258529226,0.000196888445434253,5
"Aftab_Ahmad_Joiya",212,0,0.45789138735681,0.0182487258529226,0.000196888445434252,5
"Alaf_Khan",212,0,0.45789138735681,0.0182487258529226,0.000196888445434251,5
"Allah_Bachaya",212,0,0.45789138735681,0.0182487258529226,0.00019688844543425,5
"Allah_Bakhsh",212,0,0.45789138735681,0.0182487258529226,0.000196888445434249,5
"Allah_Baksh",212,0,0.45789138735681,0.0182487258529226,0.000196888445434248,5
"Ameen",212,0,0.45789138735681,0.0182487258529226,0.000196888445434247,5
"Amjad_Naeem",212,0,0.45789138735681,0.0182487258529226,0.000196888445434247,5
"Anbreen_aka_Hena",212,0,0.45789138735681,0.0182487258529226,0.000196888445434246,5
"Asad_Jawad_Khan_Sherwani",212,0,0.45789138735681,0.0182487258529226,0.000196888445434245,5
"Ashique_Hussain",212,0,0.45789138735681,0.0182487258529226,0.000196888445434244,5
"Asif_Mahmood",212,0,0.45789138735681,0.0182487258529226,0.000196888445434243,5
"Asim_Irshad_Khan",212,0,0.45789138735681,0.0182487258529226,0.000196888445434242,5
"Atiq_Ur_Rehman",212,0,0.45789138735681,0.0182487258529226,0.000196888445434241,5
"Azhar_Hussain",212,0,0.45789138735681,0.0182487258529226,0.00019688844543424,5
"Azhar_Mehmood",212,0,0.45789138735681,0.0182487258529226,0.000196888445434239,5
"Bilal_Liaqat",212,0,0.45789138735681,0.0182487258529226,0.000196888445434238,5
"Chaudhary_Zulfiqar_Ali_Gujjar",212,0,0.45789138735681,0.0182487258529226,0.000196888445434237,5
"Chaudhry_Abdul_Kraim",212,0,0.45789138735681,0.0182487258529226,0.000196888445434236,5
"Chaudhry_Alhamza_Hussain_Cheema",212,0,0.45789138735681,0.0182487258529226,0.000196888445434235,5
"Chuadhary_Muhammad_Riaz",212,0,0.45789138735681,0.0182487258529226,0.000196888445434234,5
"Faisal_Bashir",212,0,0.45789138735681,0.0182487258529226,0.000196888445434234,5
"Faisal_Hasan_Khan",212,0,0.45789138735681,0.0182487258529226,0.000196888445434233,5
"Faqeer_Hussain_Dogar",212,0,0.45789138735681,0.0182487258529226,0.000196888445434232,5
"Farzand_Nasim",212,0,0.45789138735681,0.0182487258529226,0.000196888445434231,5
"Ghulam_Farid",212,0,0.45789138735681,0.0182487258529226,0.00019688844543423,5
"Ghulam_Meeran_Shah_Gilani",212,0,0.45789138735681,0.0182487258529226,0.000196888445434229,5
"Ghulam_Mohyu_Din",212,0,0.45789138735681,0.0182487258529226,0.000196888445434228,5
"Ghulam_Murtaza",212,0,0.45789138735681,0.0182487258529226,0.000196888445434227,5
"Ghulam_Rasool_Kalwar",212,0,0.45789138735681,0.0182487258529226,0.000196888445434226,5
"Ghulam_Sarwar_Khatti",212,0,0.45789138735681,0.0182487258529226,0.000196888445434225,5
"Ghulam_Yaseen",212,0,0.45789138735681,0.0182487258529226,0.000196888445434224,5
"Habib_Ul_Maalik_Khan",212,0,0.45789138735681,0.0182487258529226,0.000196888445434223,5
"Hafiz_Abid_Hussain",212,0,0.45789138735681,0.0182487258529226,0.000196888445434222,5
"Hafiz_Farrukh_Saleem",212,0,0.45789138735681,0.0182487258529226,0.000196888445434221,5
"Hafiz_Imran_Siddiq",212,0,0.45789138735681,0.0182487258529226,0.00019688844543422,5
"Hafiz_Khawar_Ikhlas",212,0,0.45789138735681,0.0182487258529226,0.000196888445434219,5
"Hafiz_Muhammad_Abubakar",212,0,0.45789138735681,0.0182487258529226,0.000196888445434218,5
"Hafiz_Muhammad_Ahmad_Bukhari",212,0,0.45789138735681,0.0182487258529226,0.000196888445434217,5
"Hafiz_Muhammad_Hamid",212,0,0.45789138735681,0.0182487258529226,0.000196888445434216,5
"Hafiz_Muhammad_Hamid_Mehmood_Kagani",212,0,0.45789138735681,0.0182487258529226,0.000196888445434215,5
"Hafiz_Muhammad_Saad_Rizvi",212,0,0.45789138735681,0.0182487258529226,0.000196888445434214,5
"Hafiz_Muneeb_Ahmad",212,0,0.45789138735681,0.0182487258529226,0.000196888445434214,5
"Hafiz_Sher_Muhammad_Sialvi",212,0,0.45789138735681,0.0182487258529226,0.000196888445434213,5
"Hafiz_Shoukat_Ali_Jatoi",212,0,0.45789138735681,0.0182487258529226,0.000196888445434212,5
"Haji_Allah_Dad",212,0,0.45789138735681,0.0182487258529226,0.000196888445434211,5
"Hamid_Mehmood_Faizi",212,0,0.45789138735681,0.0182487258529225,0.00019688844543421,5
"Ikram_Ullah",212,0,0.45789138735681,0.0182487258529226,0.000196888445434209,5
"Imran_Haider",212,0,0.45789138735681,0.0182487258529226,0.000196888445434208,5
"Imtiaz_Dogar",212,0,0.45789138735681,0.0182487258529226,0.000196888445434207,5
"Irfan_Ali_Bhatti",212,0,0.45789138735681,0.0182487258529226,0.000196888445434206,5
"Irshad_Ali_Babar",212,0,0.45789138735681,0.0182487258529226,0.000196888445434205,5
"Israr_Ahmed",212,0,0.45789138735681,0.0182487258529227,0.000196888445434204,5
"Javed_Akhtar_Abbasi",212,0,0.45789138735681,0.0182487258529226,0.000196888445434203,5
"Kashif_Ullah",212,0,0.45789138735681,0.0182487258529226,0.000196888445434202,5
"m_Habib",212,0,0.45789138735681,0.0182487258529226,0.000196888445434201,5
"Majid_Hussain",212,0,0.45789138735681,0.0182487258529226,0.0001968884454342,5
"Malik_Azhar_Ahmad_Sandila",212,0,0.45789138735681,0.0182487258529226,0.000196888445434199,5
"Malik_Kamran_Rasheed",212,0,0.45789138735681,0.0182487258529225,0.000196888445434198,5
"Manzoor_Elahi",212,0,0.45789138735681,0.0182487258529226,0.000196888445434197,5
"Matloob_Ahmad",212,0,0.45789138735681,0.0182487258529226,0.000196888445434196,5
"Mehtab_Ahmad",212,0,0.45789138735681,0.0182487258529226,0.000196888445434195,5
"Mir_Muhammad_Aslam",212,0,0.45789138735681,0.0182487258529226,0.000196888445434194,5
"Mohammad_Zaheer_u_Din_Pechuho",212,0,0.45789138735681,0.0182487258529226,0.000196888445434193,5
"Mohsin_Raza",212,0,0.45789138735681,0.0182487258529226,0.000196888445434192,5
"Mudassar_Ali",212,0,0.45789138735681,0.0182487258529226,0.000196888445434191,5
"Muhamamd_Mazhar_Mahmood",212,0,0.45789138735681,0.0182487258529226,0.00019688844543419,5
"Muhamamd_Waseem",212,0,0.45789138735681,0.0182487258529226,0.000196888445434189,5
"Muhammad_Ahmad_Majeed",212,0,0.45789138735681,0.0182487258529226,0.000196888445434188,5
"Muhammad_Ahsan",212,0,0.45789138735681,0.0182487258529226,0.000196888445434187,5
"Muhammad_Akbar",212,0,0.45789138735681,0.0182487258529226,0.000196888445434186,5
"Muhammad_Akhtar_Abbasi",212,0,0.45789138735681,0.0182487258529226,0.000196888445434185,5
"Muhammad_Akram",212,0,0.45789138735681,0.0182487258529226,0.000196888445434184,5
"Muhammad_Akram_Tahir",212,0,0.45789138735681,0.0182487258529226,0.000196888445434183,5
"Muhammad_Ali",212,0,0.45789138735681,0.0182487258529226,0.000196888445434182,5
"Muhammad_Ali_Langrial",212,0,0.45789138735681,0.0182487258529226,0.000196888445434181,5
"Muhammad_Amad_Khan_Wajid",212,0,0.45789138735681,0.0182487258529226,0.00019688844543418,5
"Muhammad_Amin_Uddin_Sialvi",212,0,0.45789138735681,0.0182487258529226,0.000196888445434179,5
"Muhammad_Amjad_Ali",212,0,0.45789138735681,0.0182487258529226,0.000196888445434178,5
"Muhammad_Amjad_Jameel",212,0,0.45789138735681,0.0182487258529226,0.000196888445434177,5
"Muhammad_Arif",212,0,0.45789138735681,0.0182487258529226,0.000196888445434176,5
"Muhammad_Asad_Iqbal",212,0,0.45789138735681,0.0182487258529226,0.000196888445434175,5
"Muhammad_Athar_Amin",212,0,0.45789138735681,0.0182487258529226,0.000196888445434174,5
"Muhammad_Farooq",212,0,0.45789138735681,0.0182487258529226,0.000196888445434173,5
"Muhammad_Farooq_Ul_Hassan",212,0,0.45789138735681,0.0182487258529226,0.000196888445434172,5
"Muhammad_Ghulam_Rasool",212,0,0.45789138735681,0.0182487258529226,0.000196888445434171,5
"Muhammad_Hussain_Babar",212,0,0.45789138735681,0.0182487258529226,0.00019688844543417,5
"Muhammad_Irfan_Qureshi",212,0,0.45789138735681,0.0182487258529226,0.000196888445434169,5
"Muhammad_Ismail_Hussaini",212,0,0.45789138735681,0.0182487258529226,0.000196888445434168,5
"Muhammad_Ismail_Shah",212,0,0.45789138735681,0.0182487258529226,0.000196888445434166,5
"Muhammad_Jahangeer",212,0,0.45789138735681,0.0182487258529226,0.000196888445434165,5
"Muhammad_Jawad_Saleem",212,0,0.45789138735681,0.0182487258529226,0.000196888445434164,5
"Muhammad_Kamran_Aulakh",212,0,0.45789138735681,0.0182487258529226,0.000196888445434163,5
"Muhammad_Khurram_Riaz",212,0,0.45789138735681,0.0182487258529226,0.000196888445434162,5
"Muhammad_Luqman",212,0,0.45789138735681,0.0182487258529226,0.000196888445434161,5
"Muhammad_Mehmood_Qadri",212,0,0.45789138735681,0.0182487258529227,0.00019688844543416,5
"Muhammad_Munir",212,0,0.45789138735681,0.0182487258529226,0.000196888445434159,5
"Muhammad_Mushtaq_Rehmani",212,0,0.45789138735681,0.0182487258529226,0.000196888445434158,5
"Muhammad_Noman_Khalid",212,0,0.45789138735681,0.0182487258529226,0.000196888445434157,5
"Muhammad_Qasim_Jakhro",212,0,0.45789138735681,0.0182487258529226,0.000196888445434156,5
"Muhammad_Rashid_Shah",212,0,0.45789138735681,0.0182487258529226,0.000196888445434155,5
"Muhammad_Raza_Khan",212,0,0.45789138735681,0.0182487258529226,0.000196888445434154,5
"Muhammad_Sajid",212,0,0.45789138735681,0.0182487258529226,0.000196888445434153,5
"Muhammad_Saleh",212,0,0.45789138735681,0.0182487258529226,0.000196888445434152,5
"Muhammad_Sarfraz",212,0,0.45789138735681,0.0182487258529226,0.000196888445434151,5
"Muhammad_Shafi_Khan",212,0,0.45789138735681,0.0182487258529226,0.00019688844543415,5
"Muhammad_Shafiq",212,0,0.45789138735681,0.0182487258529226,0.000196888445434149,5
"Muhammad_Shafiq_Ul_Hai",212,0,0.45789138735681,0.0182487258529226,0.000196888445434148,5
"Muhammad_Shahid_Iqbal",212,0,0.45789138735681,0.0182487258529226,0.000196888445434146,5
"Muhammad_Sharjil_Gopalani",212,0,0.45789138735681,0.0182487258529226,0.000196888445434145,5
"Muhammad_Sohail_Manzoor",212,0,0.45789138735681,0.0182487258529226,0.000196888445434144,5
"Muhammad_Taimoor_Khalid",212,0,0.45789138735681,0.0182487258529226,0.000196888445434143,5
"Muhammad_Tayyab",212,0,0.45789138735681,0.0182487258529226,0.000196888445434142,5
"Muhammad_Umer_Jan",212,0,0.45789138735681,0.0182487258529226,0.000196888445434141,5
"Muhammad_Wakeel",212,0,0.45789138735681,0.0182487258529226,0.00019688844543414,5
"Muhammad_Waseem",212,0,0.45789138735681,0.0182487258529226,0.000196888445434139,5
"Muhammad_Yaqub",212,0,0.45789138735681,0.0182487258529226,0.000196888445434138,5
"Muhammad_Yar_Mehboob_Khar",212,0,0.45789138735681,0.0182487258529226,0.000196888445434137,5
"Muhammad_Younis",212,0,0.45789138735681,0.0182487258529226,0.000196888445434136,5
"Muhammad_Zaheer_Mughal",212,0,0.45789138735681,0.0182487258529226,0.000196888445434135,5
"Munawar_Ali",212,0,0.45789138735681,0.0182487258529226,0.000196888445434134,5
"Nadeem_Zafar",212,0,0.45789138735681,0.0182487258529226,0.000196888445434132,5
"Najeeb_Ullah_Durrani",212,0,0.45789138735681,0.0182487258529226,0.000196888445434131,5
"Naseer_Ahmed",212,0,0.45789138735681,0.0182487258529226,0.00019688844543413,5
"Nasir_Ali",212,0,0.45789138735681,0.0182487258529226,0.000196888445434129,5
"Niamat_Ullah",212,0,0.45789138735681,0.0182487258529226,0.000196888445434128,5
"Pie_Muhammad_Ali_Sarhandi",212,0,0.45789138735681,0.0182487258529226,0.000196888445434127,5
"Qari_Ghulam_Akber",212,0,0.45789138735681,0.0182487258529227,0.000196888445434126,5
"Qazi_Tahir_Mahmood",212,0,0.45789138735681,0.0182487258529226,0.000196888445434125,5
"Raja_Saleem_Abid",212,0,0.45789138735681,0.0182487258529226,0.000196888445434124,5
"Raja_Sohail_Akhtar_Satti",212,0,0.45789138735681,0.0182487258529226,0.000196888445434123,5
"Rana_Muhammad_Rafique",212,0,0.45789138735681,0.0182487258529226,0.000196888445434121,5
"Rao_Atif_Ali_Khan",212,0,0.45789138735681,0.0182487258529225,0.00019688844543412,5
"Rao_Dilnawaz",212,0,0.45789138735681,0.0182487258529226,0.000196888445434119,5
"Ray_Munsif_Shabbir_Ahmad",212,0,0.45789138735681,0.0182487258529226,0.000196888445434118,5
"Rehmat_Ullah",212,0,0.45789138735681,0.0182487258529226,0.000196888445434117,5
"Sadam_Hussain",212,0,0.45789138735681,0.0182487258529226,0.000196888445434116,5
"Saeed_Ullah",212,0,0.45789138735681,0.0182487258529226,0.000196888445434115,5
"Saif_Ur_Rahman",212,0,0.45789138735681,0.0182487258529225,0.000196888445434114,5
"Sajjad_Akbar_Abbasi",212,0,0.45789138735681,0.0182487258529226,0.000196888445434113,5
"Sajjad_Hussain_Shah",212,0,0.45789138735681,0.0182487258529226,0.000196888445434111,5
"Saqib_Hussain",212,0,0.45789138735681,0.0182487258529226,0.00019688844543411,5
"Shabana_Kouser",212,0,0.45789138735681,0.0182487258529226,0.000196888445434109,5
"Shahbaz_Ahmed",212,0,0.45789138735681,0.0182487258529226,0.000196888445434108,5
"Shahid_Ullah",212,0,0.45789138735681,0.0182487258529226,0.000196888445434107,5
"Shahzada_Shahbaz",212,0,0.45789138735681,0.0182487258529226,0.000196888445434106,5
"Shehzad_Ullah_Chatha",212,0,0.45789138735681,0.0182487258529226,0.000196888445434105,5
"Shujaat_Ali",212,0,0.45789138735681,0.0182487258529226,0.000196888445434104,5
"Sohail_Anwar",212,0,0.45789138735681,0.0182487258529226,0.000196888445434102,5
"Syed_Asif_Ullah_Shah_Bukhari",212,0,0.45789138735681,0.0182487258529226,0.000196888445434101,5
"Syed_Atta_Ullah_Shah_Bukhari",212,0,0.45789138735681,0.0182487258529226,0.0001968884454341,5
"Syed_Iqbal_Hussain_Shah",212,0,0.45789138735681,0.0182487258529226,0.000196888445434099,5
"Syed_Ishrat_Jahania_Bukhari",212,0,0.45789138735681,0.0182487258529226,0.000196888445434098,5
"Syed_Jahanzaib_Bukhari",212,0,0.45789138735681,0.0182487258529226,0.000196888445434097,5
"Syed_Kashif_Ali_Shah",212,0,0.45789138735681,0.0182487258529225,0.000196888445434096,5
"Syed_Muhammad_Ali_Shah",212,0,0.45789138735681,0.0182487258529226,0.000196888445434095,5
"Syed_Muhammad_Atta_Ul_Hasnain_Ali",212,0,0.45789138735681,0.0182487258529226,0.000196888445434093,5
"Syed_Muhammad_Irfan_Shah",212,0,0.45789138735681,0.0182487258529226,0.000196888445434092,5
"Syed_Muhammad_Sarwar_Shah",212,0,0.45789138735681,0.0182487258529226,0.000196888445434091,5
"Syed_Munir_Hussain",212,0,0.45789138735681,0.0182487258529226,0.00019688844543409,5
"Syed_Shahid_Zahoor_Gillani",212,0,0.45789138735681,0.0182487258529226,0.000196888445434089,5
"Syed_Shamin_Raza",212,0,0.45789138735681,0.0182487258529226,0.000196888445434088,5
"Syed_Zaheer_Ul_Hassan_Shah",212,0,0.45789138735681,0.0182487258529226,0.000196888445434087,5
"Syed_Zaman_Ali_Jafri",212,0,0.45789138735681,0.0182487258529226,0.000196888445434085,5
"Tahir_Riaz",212,0,0.45789138735681,0.0182487258529226,0.000196888445434084,5
"Tahir_Uddin_Shah",212,0,0.45789138735681,0.0182487258529226,0.000196888445434083,5
"Tariq_Maqsood",212,0,0.45789138735681,0.0182487258529226,0.000196888445434082,5
"Ubedullah_Jamro",212,0,0.45789138735681,0.0182487258529225,0.000196888445434081,5
"Wahid_Bakhsh",212,0,0.45789138735681,0.0182487258529226,0.00019688844543408,5
"Waseem_Nisar",212,0,0.45789138735681,0.0182487258529226,0.000196888445434078,5
"Waseem_Zafar",212,0,0.45789138735681,0.0182487258529226,0.000196888445434077,5
"Wazir_Ahmed_Noorani",212,0,0.45789138735681,0.0182487258529226,0.000196888445434076,5
"Zahid_Hameed_Gujjar",212,0,0.45789138735681,0.0182487258529226,0.000196888445434075,5
"Zahir_Shah",212,0,0.45789138735681,0.0182487258529226,0.000196888445434074,5
"Zameer_Hussain",212,0,0.45789138735681,0.0182487258529226,0.000196888445434073,5
"Zamurd_Abbas_Khan",212,0,0.45789138735681,0.0182487258529226,0.000196888445434071,5
"Farrukh_Bashir",0,0,NA,0,3.3112217304612e-05,0
"Muhammad_Jahangir_Malik",2,0,0.338721067085131,9.46246756560457e-05,5.86044643012755e-05,5
"Shah_Zia_Udin_Khan",2,0,0.338721067085131,9.46246756560467e-05,5.86044643012748e-05,5
