"Candidate_ID","Closeness"
"Nawab_Amber_Shahzada",1
"Nawab_Doctor_Amber_Shahzada",1
"Nawab_Dr__Amber_Shehzada",1
"Noor_Hussain",1
"Rashida_Naeem",1
"Waqar_Ahmed",1
"Sadeed_Anver_Malik_Kashir",1
"Zain_Ul_Abideen",1
"Bashir_Khan",1
"Malik_Annayat_Ullah_Khokhar",1
"Rajkumar",1
"Mahr_Ghulam_Mustafa_Mangan_Advocate",1
"Mohtarma_Nazish_Aslam_Advocate",1
"Muhammad_Zafar_Iqbal_Gujjar",1
"Mushtaq_Ahmad_Bhatti",1
"Qari_Nasir_Mahmood_Mughal",1
"Rana_Akbar_Abbas",1
"Rana_Basharat_Ali",1
"Sayyeda_Nighat_Ishfaq",1
"Gul_Muhammad_Bhatti",1
"Gull_Muhammad_Bhatti__Retired_",1
"Sardar_Sher_Zaman_Khan_Qaisrani",1
"Makhdoom_Syed_Sami_Ul_Hassan_Gillani",1
"Muhammd_Farooq_Azam_Malik",1
"Abid_Wazir",1
"Mohsin_Khan",1
"Muhammad_Ajmal_Siddique",1
"Muhammad_Fahad",1
"Muhammad_Mazhar_Jaffar",1
"Nisar_Ahmad_Khattak",1
"Syed_Anis_Raza_Naqvi",1
"Waqas_Ahmad",1
"Nadeem_k_Joseph",1
"Naila_Joseph_Dayal",1
"Abdul_Khaliq_Hazara",1
"Barkat_Ali_Thamki",1
"Muhammad_Raza",1
"Imtiaz_Alam",1
"Muhammad_Muzammil",1
"Agha_Syed_Sibtian_Haider_Sabzwari",1
"Ali_Gohar_Shah__Retired_",1
"Kazim_Ali_Shah",1
"Manzoor_Ali",1
"Rana_Intizar_Hussain",1
"Riaz_Hussain_Al_Hussaini__Retired_",1
"Syed_Azizullah_Shah",1
"Syed_Gazanfar_Abbas",1
"Syed_Mujahid_Abbas_Shah",1
"Muhammad_Ashraf_Khan_Niazi",1
"Rana_Muhammad_Ashraf_Advocate",1
"Muhammad_Hanif_Ullah",1
"Syed_Manzoor_Gillani",1
"Hafiz_Hasham_Elahi_Zaheer",1
"Ibtesam_Elahi_Zaheer",1
"Ibtisam_Elahi_Zaheer",1
"Mutasim_Elahi_Zaheer",1
"Dad_Muhammad",1
"Ghulam_Hyder_Jakhro",1
"Hafiz_Fazal_Muhammad_Barech",1
"Haji_Molvi_Muhammad_Hanif",1
"Malik_Abdul_Qayum_Kakar",1
"Mohammad_Nawaz_Katoher",1
"Molana_Abdul_Qadir_Luni",1
"Mollana_Mehmood_Ul_Hassan_Qasmi",1
"Moulana_Asmatullah",1
"Muhammad_Nazeer",1
"Qari_Nazir_Ahmed",1
"Sardarzada_Mir_Saeed_Ahmed_Langove",1
"Ubaid_Ur_Rehman",1
"Mir_Abdul_Majid_Abro",1
"Mir_Abdul_Majid_Abroo",1
"Majida_Abro",1
"Muhammad_Faiq",1
"Abdul_Basit",1
"Hazoor_Baksh",1
"Ijaz_Ahmad",1
"Ikhtiar_Ahmed",1
"Mir_Muhammad_Ali_Reki_Baloch",1
"Muhammad_Jawad",1
"Nawab_Zada_Shahzain",1
"Aizaz_Haider",1
"Baqa_Muhammad",1
"Ahmed_Noonari",1
"Zeeshan",1
"Dr_Sarfraz_Ahmad_Cheema",1
"Syed_Ghulam_Abul_Hassan_Shah",1
"Wajid_Hussain_Mughal",1
"Khadam_Hussain",1
"Nadeem_Mumtaz_Qureshi",1
"Habib_Noor",1
"Malik_Habib_Malak_Orakzai",1
"Noor_Jamal_Shah",1
"Major_General_Saad_Khattak",1
"Zulfiqar_Ali_Dasti",1
"Saira_Khatoon",1
"Sayyed_Khalid_Mehmood_Shah",1
"Shahid_Ahmad",1
"Moulana_Abdul_Hafiz",1
"S_m_Farooq",1
"Ali_Adrees",1
"Syed_Zahid_Abbas_Kazmi",1
"Abdul_Aziz_Khan",1
"Ghulam_Habib_Marwat",1
"Makhdoom_Nasir_Farid_Chishti",1
"Rubina_Shaheen_Wattoo",1
"Danish_Channa",1
"Muhammad_Jaffar_Jatoi",1
"Raheeman",1
"Ch_muhammad_Ashraf",1
"Nawab_Zada_Mansoor_Ahmad_Khan",1
"Miss_Mehwish_Chaudhary",1
"Mrs_Mehwish_Chaudhry_Advocate",1
"Abdul_Ghafoor_Kolachi",1
"Malik_Zulfiqar_Hussain",1
"Muhammad_Amir_Wattoo",1
"Syed_Muhammad_Asad_Shah_Athar",1
"Tariq_Iqbal",1
"Abd-Ul-Qadoos_Awan",1
"Syed_Yousaf_Shah",1
"Ch_Muhammad_Yaseen_Cheema",1
"Ch_Shoukat_Ali_Cabail",1
"Akbar_Dars",1
"Mohammad_Hussain",1
"Muhammad_Asghar_Dars",1
"Gohar_Ali_Khan",1
"Meher_Muhammad_Jhangir_Advocate",1
"Tauseef_Ur_Rehman_Bhatti_Advocate",1
"Mahmood_Ahmad_Khan_Qalandar_",1
"Mehmood_Qalandar",1
"Alamgir_Khan",1
"Ihsan_Ullah_Khan_Mahsood",1
"Muhammad_Sultan",1
"Raja_Muhammad_Ashraf",1
"Kaleem_Ullah",1
"Sardar_Taimoor",1
"Ahmad_Nawaz_Khan",1
"Prof_javeed_Sandhu",1
"Daud_Ahmed_Fakhri",1
"Farzana_Parveen",1
"Jahangir_Hussain_Jafari",1
"Muhammad_Bilal_Hussain",1
"Muhammad_Zahid_Bashir",1
"Rizwan_Ahmed_Khan",1
"Sumbul_Akhtar",1
"Syed_Muhammad_Ishrat_Ghazali",1
"Imtiaz_Khan",1
"Mubeen_Malik",1
"Shabbir_Ahmed_Anjum",1
"Shafaqaat_Ahmad",1
"Taimoor_Ahmad_Yar_Khan",1
"Tayyaba_Mubarak",1
"Anwar_Hussain",1
"Shahid_Iqbal",1
"Syed_Rashid_Hussain_Shah",1
"Aijaz_Ali_Khokhar",1
"Rahim_Bakhsh",1
"Shahid_Anjum",1
"Abdul_Samad_Khan",1
"Hazrat_Umar",1
"Irfan_Karim",1
"Muhammad_Arif_Khan",1
"Muhammad_Jibran",1
"Sara_Ashfaq",1
"Shahbaz_Ali",1
"Yasir_Ali",1
"Aamir_Khan",1
"Abdullah_Abbasi",1
"Afzal_Hayat",1
"Fateh_Ali_Muawiya",1
"Fehmeed_Nawaz",1
"Hafiz_Allah_Ditta",1
"Khurram_Shehzad",1
"Luqman_Khan",1
"Muhammad_Arsalan_Khalid",1
"Muhammad_Aslam_Iqbal",1
"Muhammad_Muzammal_Nazir",1
"Rustam_Khan",1
"Wajid_Kiyani",1
"Waqas_Qudoos",1
"Maazullah_Khan",1
"Muhammad_Sherwan_Amirzada",1
"Ibtsaam_Illahi_Zahir",1
"Sardar_Rafiq_Ar_Sanjrani",1
"Ameer_Ali_Pate_Wale",1
"Muhammad_Aslam_Khan",1
"Ghulam_Fareed_Koreja",1
"Khawja_Ghulam_Fareed_Koreja",1
"Muhammad_Wazeer_Khan_Dundam_Advocate",1
"Ahmad_Kamran_Thaeem_Ansari",1
"Allah_Nawaz",1
"Majeeda_Maria",1
"Malik_Muhammad_Tufail",1
"Syed_Ali_Raza",1
"Zawar_Hussain",1
"Ali_Afsar_Tanoli",1
"Fakhar_e_Alam_Urf_Hazrat",1
"Fida_Hussain",1
"Major_Rtd_Jameel_Ehsan_Kiyani",1
"Mohammad_Ashfaque",1
"Sardar_Haider_Zaman",1
"Sardar_Muhammad_Iqbal_Khan",1
"m_Raza",1
"Moulana_Abdul_Quddoos",1
"Mukhtar_Ali",1
"Nasar_Ullah_Khan",1
"Ghulam_Qadir",0.587586770110249
"Abdul_Rehman",0.575063274277341
"Muhammad_Ramzan",0.562109375
"Muhammad_Afzal",0.560722171710612
"Sher_Akbar_Khan",0.558762619725602
"Syed_Javed_Ali_Shah",0.557607853267889
"Ghulam_Rasool",0.55516975308642
"Liaqat_Ali",0.554100885637274
"Abdul_Hakeem_Baloch",0.55317785750897
"Anwar_Ul_Haq_Chaudhary",0.55317785750897
"Asghar_Ali_Shah",0.55317785750897
"Jalal_Khan_Khattak",0.55317785750897
"Sardar_Muhammad_Mushtaq_Khan",0.55317785750897
"Syed_Fakhar_Imam",0.55317785750897
"Abdul_Waheed_Khan",0.550286806883365
"Syed_Inayat_Ali_Shah",0.549236641221374
"Abdul_Khaliq",0.545764854614412
"Abdul_Qayyum_Khan_Jatoi",0.544525731584258
"Amanullah",0.544525731584258
"Barrister_Gohar_Ali_Khan",0.544525731584258
"Dost_Muhammad_Khan",0.544525731584258
"Hassan_Sardar",0.544525731584258
"Makhdoom_Shah_Mehmood_Qureshi",0.544525731584258
"Malik_Karamat_Ali_Khokhar",0.544525731584258
"Muhammad_Afzal_Sindhu",0.544525731584258
"Rana_Muhammad_Faraz_Noon",0.544525731584258
"Salim_Rehman",0.544525731584258
"Sardar_Mansoor_Hayat_Tamman",0.544525731584258
"Abdul_Baqi",0.542677561282212
"Muhammad_Ali_Rashid",0.542677561282212
"Muhammad_Malik",0.542677561282212
"Munir_Ahmad",0.542677561282212
"Nabeel_Ahmed_Gabol",0.542677561282212
"Raja_Imran_Ashraf",0.542677561282212
"Riaz_Ahmed",0.542677561282212
"Sohail_Mansoor_Khawaja",0.542677561282212
"Sajid_Ali",0.542336683417085
"Imran_Khan",0.541452401856265
"Muhammad_Yousaf",0.539355322338831
"Muhammad_Riaz",0.536406560636183
"Muhammad_Ishaq",0.535873882820258
"Amanullah_Khan",0.535275883446993
"Haider_Ali_Khan",0.535275883446993
"Muhammad_Zia_Ul_Haq",0.535275883446993
"Noor_Alam_Khan",0.535275883446993
"Abdul_Qadir",0.533423946620536
"Muhammad_Naeem",0.532765642354683
"Zulfiqar_Ali_Shah",0.532765642354683
"Ahmad_Raza_Maneka",0.531846741406924
"Ayaz_Amir",0.531846741406924
"Malik_Sohail_Khan",0.531846741406924
"Omar_Ayub_Khan",0.531846741406924
"Aijaz_Ali",0.531519330214233
"Muhammad_Tahir",0.531257691361063
"Abdul_Bari",0.531061631196949
"Ali_Asghar_Rind",0.5309963099631
"Mian_Tariq_Mehmood",0.5309963099631
"Muhammad_Yaqoob",0.5309963099631
"Syed_Sajjad_Hussain_Shah",0.5309963099631
"Muhammad_Anwar",0.529693251533742
"Muhammad_Rafique",0.527944233826587
"Aziz_Ur_Rehman",0.526399219607365
"Ehsanullah_Reki",0.526270876508594
"Khalid_Ahmed_Khan_Lund",0.526270876508594
"Mustafa_Nawaz_Khokhar",0.526270876508594
"Ghulam_Abbas",0.525630098624132
"Saif_Ullah",0.525438169425511
"Abdul_Wahab",0.525118598710619
"Khurram_Shahzad",0.525118598710619
"Muhammad_Abbas",0.525118598710619
"Rashid_Ali",0.525118598710619
"Zaka_Ullah",0.525118598710619
"Usman_Ghani",0.522892441860465
"Muhammad_Iqbal_Khan",0.522765802857835
"Muhammad_Nawaz",0.522765802857835
"Safdar_Ali",0.522765802857835
"Abdullah",0.522702506356702
"Niaz_Muhammad",0.521754894851342
"Sardar_Khan",0.521691842900302
"Sajjad_Ahmad",0.521691842900302
"Muhammad_Aslam",0.521439787413939
"Sardar_Meer_Badshah_Khan_Qaisrani",0.521187975371242
"Muhammad_Ibrahim",0.521125060357315
"Saif_Ur_Rehman",0.521125060357315
"Saleh_Muhammad",0.521125060357315
"Usman_Ali",0.521125060357315
"Umar_Farooq",0.519244647582391
"Muhammad_Rafiq",0.518745493871665
"Muhammad_Zaman",0.518309520950894
"Saeed_Ur_Rehman",0.517377756471716
"Nasir_Khan",0.51719180543908
"Irfan_Ahmed",0.516017212526895
"Atta_Ullah_Khan",0.51484794275492
"Pir_Dilawar_Shah",0.513867396738483
"Hamza",0.513745091038915
"Sohail_Ahmad",0.513745091038915
"Muhammad_Asif",0.512099644128114
"Muhammad_Haris",0.511856770215793
"Muhammad_Shafique",0.511735419630156
"Atta_Ur_Rehman",0.511250592136428
"Nisar_Ahmad",0.510766682442026
"Muhammad_Younas",0.510464703795672
"Aftab_Ahmad_Khan_Sherpao",0.510223377851318
"Zafar_Iqbal",0.510102800425381
"Muhammad_Tahir_Khan",0.509861816463919
"Syed_Faisal_Imam",0.509681227863046
"Kamal_Shah",0.509560906515581
"Muhammad_Hanif",0.509560906515581
"Muhammad_Amin",0.509500767142689
"Haji_Muhammad_Gulzar_Awan",0.50926035153946
"Aarif_Aziz_Sheikh",0.509080188679245
"Abdul_Akbar_Khan",0.509080188679245
"Abdul_Aziz_Memon",0.509080188679245
"Abdul_Berr",0.509080188679245
"Abdul_Ghafoor_Chaudhary",0.509080188679245
"Abdul_Habib_Memon",0.509080188679245
"Abdul_Qadir_Patel",0.509080188679245
"Abdul_Qudoos_Awan",0.509080188679245
"Abdul_Rauf_Advocate",0.509080188679245
"Abdul_Razzaq_Raja",0.509080188679245
"Abdul_Sattar_Bachani",0.509080188679245
"Abdul_Wahab_Barakzai",0.509080188679245
"Abdul_Waheed",0.509080188679245
"Abdullah_Bloch",0.509080188679245
"Abid_Hussain_Sathi",0.509080188679245
"Abid_Ullah_Yousafzai",0.509080188679245
"Abrar_Azam",0.509080188679245
"Adeel_Ghulam_Mohy_Ud_Din",0.509080188679245
"Aezid_Mahmood_Khan_",0.509080188679245
"Aftab_Alam",0.509080188679245
"Aftab_Shahban_Mirani",0.509080188679245
"Agha_Shafqatullah",0.509080188679245
"Ahmad_Hassan",0.509080188679245
"Ahmad_Mustafa",0.509080188679245
"Ahmad_Shah_Khan",0.509080188679245
"Ahmed_Ali_Khosa",0.509080188679245
"Ahmed_Jan",0.509080188679245
"Aijaz_Ahmed_Halepoto",0.509080188679245
"Aijaz_Hussain_Jakhrani",0.509080188679245
"Aitzaz_Rasheed",0.509080188679245
"Ajmal_Khan",0.509080188679245
"Akhtar_Javid_Khan",0.509080188679245
"Alam_Zaib_Khan",0.509080188679245
"Alamzaib_Umerzai",0.509080188679245
"Alhaj_Muhammad_Asad_Bhatti",0.509080188679245
"Ali-Uz-Zaman",0.509080188679245
"Ali_Ahmed",0.509080188679245
"Ali_Gohar_Khan_Mahar",0.509080188679245
"Ali_Jan_Mazari",0.509080188679245
"Ali_Javed",0.509080188679245
"Ali_Muhammad_Khan_Mahar",0.509080188679245
"Ali_Muhammad_Sahito",0.509080188679245
"Ali_Muhammad_Sehto",0.509080188679245
"Ali_Musa_Gilani",0.509080188679245
"Allah_Yar",0.509080188679245
"Altaf_Hussain_Virk",0.509080188679245
"Aman_Ullah_Wald_Gul_Azad",0.509080188679245
"Amjad_Ali_Jutt",0.509080188679245
"Amjad_Yaqoub",0.509080188679245
"Anwar-Ul-Haq_Ramay",0.509080188679245
"Anwar_Saifullah_Khan",0.509080188679245
"Arbab_Alamgir_Khan",0.509080188679245
"Arbab_Wazir_Ahmed_Memon",0.509080188679245
"Arif_Aziz_Shaikh",0.509080188679245
"Asad_Alam_Niazi",0.509080188679245
"Asad_Ullah_Khan",0.509080188679245
"Asghar_Ali_Jara",0.509080188679245
"Asif_Ali_Zardari",0.509080188679245
"Asif_Bashir",0.509080188679245
"Asma_Shahnawaz_Cheema",0.509080188679245
"Athar_Hassan_Khan_Gorchani",0.509080188679245
"Aurangzeb_Shaafi_Burki",0.509080188679245
"Aurangzeb_Shafi_Barki",0.509080188679245
"Ayatullah_Durrani",0.509080188679245
"Ayaz_Imran",0.509080188679245
"Ayub_Shah",0.509080188679245
"Azeem_Daultana",0.509080188679245
"Baber_Sultan_Jadoon",0.509080188679245
"Babu_Nafees_Ahmad_Ansari",0.509080188679245
"Bari_Khan",0.509080188679245
"Barrister_Mian_Amir_Hassan",0.509080188679245
"Basharat_Ali_Wald_Faqir_Muhammad",0.509080188679245
"Begum_Shahnaz_Javed",0.509080188679245
"Bilawal_Bhutto_Zardari",0.509080188679245
"Bushra_Aitzaz_Ahsan",0.509080188679245
"Capt__Rtd__Rai_Ghulam_Mujtaba_Kharral",0.509080188679245
"Captain_Retired_Asad_Gill",0.509080188679245
"Ch__Ahmad_Mukhtar",0.509080188679245
"Ch__Ahmed_Mukhtar",0.509080188679245
"Ch__Hammad_Muhammad_Khan",0.509080188679245
"Ch__Iftikhar_Nazir",0.509080188679245
"Ch__Manzoor_Ahmad",0.509080188679245
"Ch__Muhammad_Abdullah_Virk",0.509080188679245
"Ch__Zeshan_Ilyas",0.509080188679245
"Ch_Ejaz_Ahmed_Cheema",0.509080188679245
"Ch_Iftikhar_Ahmed",0.509080188679245
"Ch_Muhammad_Saddique",0.509080188679245
"Ch_Muhammad_Saeed_Gujar",0.509080188679245
"Ch_mushtaq_Ahmad_",0.509080188679245
"Ch_tawakkal-Ullah_Virk",0.509080188679245
"Ch_zahid_Iqbal",0.509080188679245
"Ch_Zulifqar_Bhindar",0.509080188679245
"Chaudhary_Ijaz_Ahmad_Cheema",0.509080188679245
"Chaudhary_Shoukat_Ali",0.509080188679245
"Chaudhary_Sohail_Zafar",0.509080188679245
"Chaudhary_Tasneem_Nasir",0.509080188679245
"Chaudhry_Abdul_Ghafoor_Khan",0.509080188679245
"Chaudhry_Asad_Parvez",0.509080188679245
"Chaudhry_Manzoor_Ahmad",0.509080188679245
"Chaudry_Atif_Rafique",0.509080188679245
"Chohadry_Manzoor_Ahmad",0.509080188679245
"Choudhary_Altaf_Hussain",0.509080188679245
"Choudhary_Sharaqat_Rasool_Ghumman",0.509080188679245
"Choudhary_Zafar_Iqbal_Warriach",0.509080188679245
"Choudhri_Umar_Hayat_Sandhu",0.509080188679245
"Col_Rtd_Rao_Abid_Ali_Khan",0.509080188679245
"Comrade_Zahoor_Ahmed_Khosa",0.509080188679245
"Dewan_Syed_Muhammad_Haider_Abbas_Bukhari",0.509080188679245
"Doctor_Mian_Akhtar_Ali_Laleka",0.509080188679245
"Doctor_Muhammad_Rashid_Malik",0.509080188679245
"Doctor_Sultan_Zeb_Khan",0.509080188679245
"Dr__Abdul_Wahid_Soomro",0.509080188679245
"Dr__Arbab_Alamgir_Khan",0.509080188679245
"Dr__Ayatullah_Durrani",0.509080188679245
"Dr__Azra_Fazal_Pecheho",0.509080188679245
"Dr__Fardos_Ashiq_Awan_",0.509080188679245
"Dr__Mirza_Ikhtiar_Baig",0.509080188679245
"Dr__Muhammad_Haider_Baloch",0.509080188679245
"Dr__Muhammad_Riaz",0.509080188679245
"Dr__Muhammad_Shakir_Alam",0.509080188679245
"Dr__Syed_Israr_Hussain",0.509080188679245
"Dr__Zafar_Chaudhary",0.509080188679245
"Dr_afsar_Ul_Mulk_Khan",0.509080188679245
"Dr_Azra_Fazal_Pechuho",0.509080188679245
"Dr_fahmida_Mirza",0.509080188679245
"Dr_Farooq_Afzal",0.509080188679245
"Dr_Fehmida_Mirza",0.509080188679245
"Dr_Firdous_Ashiq_Awan",0.509080188679245
"Dr_Mazhar_Iqbal_Choudhary",0.509080188679245
"Dr_Saeed_Ahmad_Buzdar",0.509080188679245
"Dr_zaheer-Ul-Hassan_Rizvi",0.509080188679245
"Dr_zulfiqar_Ali_Bhatti",0.509080188679245
"Ejaz_Ahmed_Samma",0.509080188679245
"Ejaz_Ali_Khan_Shahani",0.509080188679245
"Engineer_Hamid_Iqbal_Khan",0.509080188679245
"Engineer_Muhammad_Tariq_Khattak",0.509080188679245
"Engr_dawar_Khan_Kundi",0.509080188679245
"Faisal_Karim_Kundi",0.509080188679245
"Faisal_Sakhi_Butt",0.509080188679245
"Faizullah_Chaichee",0.509080188679245
"Fakhar_Umar_Hayat",0.509080188679245
"Faqir_Sher_Muhammad_Bilalani",0.509080188679245
"Faraz_Hashmi",0.509080188679245
"Farhana",0.509080188679245
"Farooq_Akbar_Kahloon",0.509080188679245
"Faryal_Talpur",0.509080188679245
"Farzana_Sherin",0.509080188679245
"Fateh_Ullah_Khan",0.509080188679245
"Fazal_e_Rabi",0.509080188679245
"Fazal_Rahman",0.509080188679245
"Fazal_Wadood",0.509080188679245
"Fida_Hussain_Dero",0.509080188679245
"Fozia_Behram",0.509080188679245
"Ghanva_Bhutto",0.509080188679245
"Ghanwa_Bhutto",0.509080188679245
"Ghayas-Ud-Din_Khan",0.509080188679245
"Ghinva_Bhutto",0.509080188679245
"Ghinwa_Bhutto",0.509080188679245
"Ghulam_Akbar_Lasi",0.509080188679245
"Ghulam_Ali_Nizamani",0.509080188679245
"Ghulam_Farid_Kathia",0.509080188679245
"Ghulam_Muhammad_Junejo_Alias_Gul_Junejo",0.509080188679245
"Ghulam_Murtaza_Satti",0.509080188679245
"Ghulam_Rabbani_Khar",0.509080188679245
"Ghulam_Sarwar_Khan_Khichi",0.509080188679245
"Gulzar_Ahmed_Chaudhary",0.509080188679245
"Hafeez-Ullah_Ishaq",0.509080188679245
"Hafiz_Hussain_Ahmed_Madni",0.509080188679245
"Haider_Ali_Khan_Kharal",0.509080188679245
"Hajan_Allah_Rakhi",0.509080188679245
"Haji_Misar_Khan",0.509080188679245
"Haji_Muhammad_Ishaq",0.509080188679245
"Haji_Nafees_Ahmed_Usmani_Advocate",0.509080188679245
"Haji_Rasool_Bux_Chandio",0.509080188679245
"Hamid_Ali_Bhatti",0.509080188679245
"Hamid_Saeed_Kazmi",0.509080188679245
"Haris_Meeran",0.509080188679245
"Hasnain_Ijaz_Khan_Shahani",0.509080188679245
"Hayat_Ullah_Khan_Tareen",0.509080188679245
"Hazrat_Wali",0.509080188679245
"Hina_Rabbani_Khar",0.509080188679245
"Ibne_Saeed_Ch_",0.509080188679245
"Iftikhar_Ahmed_Cheema_Advocate",0.509080188679245
"Iftikhar_Shahid",0.509080188679245
"Ihsan_Ur_Rahman_Mazari",0.509080188679245
"Imam_Ali_Samejo",0.509080188679245
"Imdad_Ullah_Abbasi",0.509080188679245
"Imran",0.509080188679245
"Imtiaz_Safdar_Waraich",0.509080188679245
"Imtiaz_Safdar_Warraich",0.509080188679245
"Iqbal_Ahmad_Khan",0.509080188679245
"Irfan_Ali_Leghari",0.509080188679245
"Irfan_Qureshi",0.509080188679245
"Israr_Ahmed_Khan",0.509080188679245
"Jahangir_Badar",0.509080188679245
"Jam_Abdul_Karim_Bijar",0.509080188679245
"Jamshed_Ahmad_Khan_Dasti",0.509080188679245
"Javaid_Saeed_Kazmi",0.509080188679245
"Javed_Iqbal_Warraich",0.509080188679245
"Javeed_Iqbal_Waraich",0.509080188679245
"Jawad_Hussain",0.509080188679245
"Jawaid_Sheikh",0.509080188679245
"Kakagi_Muhammad_Zahoor",0.509080188679245
"Kamal_Khan",0.509080188679245
"Kamran_Yousaf_Ghumman",0.509080188679245
"Khadeeja_Aamir",0.509080188679245
"Khair_Muhammad_Khan_Tareen",0.509080188679245
"Khalilu_Rehman",0.509080188679245
"Khan_Daraz",0.509080188679245
"Khanim_Ullah",0.509080188679245
"Khanzada_Khan",0.509080188679245
"Khawaja_Atta_Ullah_Khan_Tonsa_Sharif",0.509080188679245
"Khawaja_Ghulam_Hussain",0.509080188679245
"Khawaja_Kaleem-Ud-Din_Koreja_",0.509080188679245
"Khawaja_Kaleem_Ud_Din_Koreja",0.509080188679245
"Khawaja_Muhammad_Saleh",0.509080188679245
"Khawaja_Sheeraz_Mehmood",0.509080188679245
"Khawja_Mudassir_Mehmood",0.509080188679245
"Khizarul_Islam",0.509080188679245
"Khurram_Pervaiz_Raja",0.509080188679245
"Khuwaja_Ghulam_Hussain",0.509080188679245
"Khwaja_Ghulam_Rasool_Koreja",0.509080188679245
"Kiramatullah_Khan",0.509080188679245
"Lal_Muhammad_Khan",0.509080188679245
"Liaqat_Ali_Khan",0.509080188679245
"Lt_col__r__Sultan_Sikandar_Ghumman_",0.509080188679245
"m_Bilal_Khan_Sherpao",0.509080188679245
"m_Israr_Tareen",0.509080188679245
"Mahar_Khliq_Yar_Khan_Lak",0.509080188679245
"Mahesh_Kumar_Malani",0.509080188679245
"Mahesh_Kumar_Malhani",0.509080188679245
"Mahmood_Akhtar_Ghuman",0.509080188679245
"Mahr_Irshad_Ahmed_Siyal",0.509080188679245
"Maj_Retd_Liaqat_Ali_Shah_Gailani",0.509080188679245
"Makhddom_Syed_Murtaza_Mehmood",0.509080188679245
"Makhdoom_Amad-Ud-Din",0.509080188679245
"Makhdoom_Jamil_Uz_Zaman",0.509080188679245
"Makhdoom_Muhammad_Ameen_Fahim",0.509080188679245
"Makhdoom_Shahab-Ud-Din",0.509080188679245
"Makhdoom_Shahab_Ud_Din",0.509080188679245
"Makhdoom_Syed_Ali_Hassan_Gilani",0.509080188679245
"Makhdoom_Syed_Mustafa_Mehmood",0.509080188679245
"Makhdoom_Tahir_Rashid",0.509080188679245
"Makhdum_Syed_Mustafa_Mahmud",0.509080188679245
"Makhdum_Syed_Usman_Mahmud",0.509080188679245
"Malak_Azmat_Khan",0.509080188679245
"Malak_Syed_Noor_Akbar",0.509080188679245
"Malik_Aamer_Fida_Paracha",0.509080188679245
"Malik_Amjad_Aziz_Khan",0.509080188679245
"Malik_Asad_Sikandar",0.509080188679245
"Malik_Asghar_Ali_Qaisar",0.509080188679245
"Malik_Irfan_Ahmad_Gheba",0.509080188679245
"Malik_Khalid_Awan",0.509080188679245
"Malik_Muhammad_Amir_Dogar",0.509080188679245
"Malik_Mushtaq_Ahmad",0.509080188679245
"Malik_Nawab_Sher_Waseer",0.509080188679245
"Malik_Nawab_Sher_Wasseer",0.509080188679245
"Malik_Niaz_Ahmad",0.509080188679245
"Malik_Raza_Rabbani_Khar",0.509080188679245
"Malik_Salah-Ud-Din_Dogar",0.509080188679245
"Malik_Sardar_Muhammad_Tralay_Wala",0.509080188679245
"Malik_Shah",0.509080188679245
"Malik_Shoukat_Hayyat_Awan",0.509080188679245
"Malik_Sohail",0.509080188679245
"Malik_Sultan_Mehmood_Wadhal_Tiwana",0.509080188679245
"Meer_Dost_Muhammad_Mazari",0.509080188679245
"Mehar_Abdul_Rashid_",0.509080188679245
"Mehboob_Ullah_Jan",0.509080188679245
"Mehkumuddin",0.509080188679245
"Mehmood_Hayat_Khan_Alias_Tochi_Khan",0.509080188679245
"Mehmood_Hayat_Khan_Tochi",0.509080188679245
"Mehmood_Hayyat_Khan_Alias_Tauchi_Khan",0.509080188679245
"Mehr_Ghulam_Farid_Kathia",0.509080188679245
"Mehr_Sultana",0.509080188679245
"Mehreen_Anwar_Raja",0.509080188679245
"Mian_Abdul_Haq_Alias_Mian_Mitho",0.509080188679245
"Mian_Abdul_Sattar",0.509080188679245
"Mian_Abdus_Sattar",0.509080188679245
"Mian_Aziz_Ur_Rehman_Chann",0.509080188679245
"Mian_Humayun_Sarwar_Bodla",0.509080188679245
"Mian_Jamshed-Ud-Din",0.509080188679245
"Mian_Manzoor_Ahmad_Khan_Wattoo",0.509080188679245
"Mian_Muhammad_Aslam_Arain",0.509080188679245
"Mian_Muzaffar_Shah",0.509080188679245
"Mian_Nasim_Mahmood_Hotiana",0.509080188679245
"Mian_Omer_Misbah-Ul-Rehman",0.509080188679245
"Mian_Rehman_Aziz_Chan",0.509080188679245
"Mian_Shamim_Haider",0.509080188679245
"Mian_Tariq_Habib_",0.509080188679245
"Mir_Aamir_Ali_Khan_Magsi",0.509080188679245
"Mir_Aijaz_Hussain_Jakhrani",0.509080188679245
"Mir_Amir_Ali_Khan_Magsi",0.509080188679245
"Mir_Changez_Khan_Jamali",0.509080188679245
"Mir_Ghulam_Ali_Talpur",0.509080188679245
"Mir_Ghulam_Fareed_Raisani",0.509080188679245
"Mir_Hazar_Khan_Bijarani_",0.509080188679245
"Mir_Imam_Bakhsh_Zahri",0.509080188679245
"Mir_Imran_Jattak",0.509080188679245
"Mir_Jan_Muhammad_Masuri",0.509080188679245
"Mir_Maqbool_Ahmed_Lehri",0.509080188679245
"Mir_Munawar_Ali_Talpur",0.509080188679245
"Mir_Shabbir_Ali_Bijarani",0.509080188679245
"Mirza_Ikhtiar_Baig",0.509080188679245
"Mirza_Maqbool_Ahmed",0.509080188679245
"Mirza_Muhammad_Nasir_Bage",0.509080188679245
"Mirza_Muhammad_Nasir_Baig",0.509080188679245
"Misbah-Ud-Din",0.509080188679245
"Misbah_Ud_Din",0.509080188679245
"Mohammad_Ayaz_Soomro",0.509080188679245
"Mohammad_Moazim_Ali_Khan",0.509080188679245
"Mohammad_Sagheer",0.509080188679245
"Mohammad_Sulleman",0.509080188679245
"Mr__Makhdoom_Muhammad_Ameen_Faheem",0.509080188679245
"Mr__Peeral_Majeedano",0.509080188679245
"Mr__Shahid_Hussain_Bhutto",0.509080188679245
"Mr_imran_Zafar_Leghari",0.509080188679245
"Mrs_faryal_Talpur",0.509080188679245
"Mubeen_Arshad",0.509080188679245
"Muhammad_Afaque_Khan_Alias_Shahid",0.509080188679245
"Muhammad_Alam_Khan",0.509080188679245
"Muhammad_Ali_Laleka",0.509080188679245
"Muhammad_Ali_Sanul_Awan",0.509080188679245
"Muhammad_Amjid_Abbas",0.509080188679245
"Muhammad_Arshad_Abbas_Qureshi",0.509080188679245
"Muhammad_Asghar_Lal",0.509080188679245
"Muhammad_Ashraf_Bhatti",0.509080188679245
"Muhammad_Asif_Khan",0.509080188679245
"Muhammad_Azam_Afridi",0.509080188679245
"Muhammad_Farooq_Azam_Malik",0.509080188679245
"Muhammad_Haider_Shah",0.509080188679245
"Muhammad_Hakeem_Khan",0.509080188679245
"Muhammad_Hassan_Khan",0.509080188679245
"Muhammad_Hyder_Ali_Bukhari",0.509080188679245
"Muhammad_Idrees_Khattak",0.509080188679245
"Muhammad_Ijaz_Virk_Advocate_",0.509080188679245
"Muhammad_Irshad_Khan",0.509080188679245
"Muhammad_Jamshed",0.509080188679245
"Muhammad_Kashif_Bhabha",0.509080188679245
"Muhammad_Khalid_Bashir_Tarnsporter",0.509080188679245
"Muhammad_Khan_Nadeem",0.509080188679245
"Muhammad_Moazam_Ali_Khan_Jatoi",0.509080188679245
"Muhammad_Mohsin_Ali_Qureshi",0.509080188679245
"Muhammad_Murad_Baloch",0.509080188679245
"Muhammad_Muzamil_Qureshi",0.509080188679245
"Muhammad_Naveed_Ch_",0.509080188679245
"Muhammad_Nawazish_Ali_Pirzada",0.509080188679245
"Muhammad_Nisar_Ahmad_Khan",0.509080188679245
"Muhammad_Rashid_Hussain_Rabani",0.509080188679245
"Muhammad_Saif_Ullah_Khan_Sadozai_Advocate",0.509080188679245
"Muhammad_Sardar_Bahadar_Babar_Khan",0.509080188679245
"Muhammad_Shah_Jehan",0.509080188679245
"Muhammad_Shahjahan_Khan",0.509080188679245
"Muhammad_Shahryar_Khan_Mahar",0.509080188679245
"Muhammad_Shakeel_Shah_Gilani",0.509080188679245
"Muhammad_Shakeel_Ur_Rehman",0.509080188679245
"Muhammad_Shuja_Khan",0.509080188679245
"Muhammad_Tariq_Anees",0.509080188679245
"Muhammad_Tariq_Khan_Niazi",0.509080188679245
"Muhammad_Tariq_Tarar",0.509080188679245
"Muhammad_Waqas",0.509080188679245
"Muhammad_Yaqoob_Ziaratwal",0.509080188679245
"Muhammad_Yasin",0.509080188679245
"Muhammad_Yousuf_Ali_Ghallu",0.509080188679245
"Muhammad_Zaki_Chaudhary",0.509080188679245
"Muhammad_Zaki_Chaudhry",0.509080188679245
"Muhammad_Zulfiqar_Ali",0.509080188679245
"Muhtarma_Ghanwa_Bhutto",0.509080188679245
"Mukhtar_Abbas",0.509080188679245
"Mullna_Abdul_Sattar",0.509080188679245
"Mumtaz_Ali_Cheema",0.509080188679245
"Munawar_Hayat_Abasi",0.509080188679245
"Mushtaq_Ahmad_Mohal__Advocate_High_Court_",0.509080188679245
"Nadeem_Afzal_Gondal",0.509080188679245
"Nadeem_Ahmad_Awan",0.509080188679245
"Naeem_Dastgir_Khan",0.509080188679245
"Naeem_Mehmood_Rana",0.509080188679245
"Nafisa_Shah",0.509080188679245
"Najam_Ud_Din_Khan",0.509080188679245
"Najam_Uddin_Khan",0.509080188679245
"Najmuddin_Khan",0.509080188679245
"Naseem_Khan",0.509080188679245
"Naseer_Mohammad_Khan",0.509080188679245
"Nasira_Arshad",0.509080188679245
"Nasira_Meo",0.509080188679245
"Nasrullah_Roonjha",0.509080188679245
"Natasha_Daultana",0.509080188679245
"Nauman_Islam_Shaikh",0.509080188679245
"Nauman_Islam_Shaikh_",0.509080188679245
"Nawab_Abdul_Ghani_Talpur",0.509080188679245
"Nawab_Ali_Wassan",0.509080188679245
"Nawab_Din",0.509080188679245
"Nawab_Malik_Amir_Muhammad_Khan",0.509080188679245
"Nawab_Mohammad_Yousif_Talpur",0.509080188679245
"Nawab_Muhammad_Yousaf_Talpur",0.509080188679245
"Nawab_Muhammad_Yousif_Talpur",0.509080188679245
"Nawabzada_Abdul_Qadir_Khan",0.509080188679245
"Nawabzada_Ghazanfar_Ali_Gul",0.509080188679245
"Nawabzada_Iftikhar_Ahmad_Khan",0.509080188679245
"Nawabzada_Iftikhar_Ahmed_Khan",0.509080188679245
"Nawabzada_Mir_Amir_Ali_Khan_Magsi",0.509080188679245
"Nawabzada_Mir_Jamal_Khan_Raisani",0.509080188679245
"Nazar_Muhammad",0.509080188679245
"Nazar_Muhammad_Gondal",0.509080188679245
"Nazar_Muhammad_Kakar",0.509080188679245
"Nazeer_Ahmad",0.509080188679245
"Nazir_Ahmed_Bhugio",0.509080188679245
"Nazir_Ahmed_Bughio",0.509080188679245
"Neha_Javed",0.509080188679245
"Nida_Asim",0.509080188679245
"Nisar_Muhammad",0.509080188679245
"Noor_Naeem_Khan",0.509080188679245
"Noor_Ul_Ain",0.509080188679245
"Noor_Ul_Ain_Rai_Saeed",0.509080188679245
"Peer_Haider_Zaman_Quraishi",0.509080188679245
"Peeral_Majeedano",0.509080188679245
"Pir_Aftab_Hussain_Shah_Jilani",0.509080188679245
"Pir_Aftab_Hussain_Shah_Jillani",0.509080188679245
"Pir_Ameer_Ali_Shah_Jilani",0.509080188679245
"Pir_Bux_Jamot",0.509080188679245
"Pir_Haider_Zaman_Qureshi",0.509080188679245
"Pir_Noor_Muhammad_Shah_Jeelani",0.509080188679245
"Pir_Shafqat_Hussain_Shah_Jilani",0.509080188679245
"Pir_Syed_Fazal_Ali_Shah_Jeelani",0.509080188679245
"Pir_Syed_Fazal_Ali_Shah_Jillani",0.509080188679245
"Qadir_Khan_Mando_Khail",0.509080188679245
"Qamar_Abbas",0.509080188679245
"Qamar_Zaman_Kaira",0.509080188679245
"Qazi_Muhammad_Azhar_Advocate",0.509080188679245
"Qazi_Muhammad_Bashir",0.509080188679245
"Qurban_Ali_Kalwar",0.509080188679245
"Quttab_Din",0.509080188679245
"Rafiq_Ahmed_Jamali",0.509080188679245
"Rafique_Ahmed_Jamali",0.509080188679245
"Raheela_Perveen",0.509080188679245
"Rai_Ghulam_Mujtaba_Kharal",0.509080188679245
"Rai_Ijaz_Ahmad_Khan",0.509080188679245
"Rais_Muhammad_Khalid_Chachar",0.509080188679245
"Raja_Faiz_Akbar_Janjuha",0.509080188679245
"Raja_Israr_Ahmed_Abbasi_Advocate",0.509080188679245
"Raja_Masood_Ahmad",0.509080188679245
"Raja_Muhammad_Afzal_Khan",0.509080188679245
"Raja_Muhammad_Iftikhar_Kayani",0.509080188679245
"Raja_Muhammad_Sana_Ul_Haq_Advocate",0.509080188679245
"Raja_Parvaiz_Ashraf",0.509080188679245
"Raja_Pervaiz_Ashraf",0.509080188679245
"Rajib_Ali",0.509080188679245
"Rameez_u_Din_Memon",0.509080188679245
"Rana_Abdul_Rehman_Khan",0.509080188679245
"Rana_Abdul_Shakoor_Khan",0.509080188679245
"Rana_Mahmood_Ashraf",0.509080188679245
"Rana_Mehmood_Ul_Hasan",0.509080188679245
"Rana_Mubashir_Ali_Khan",0.509080188679245
"Rana_Muhammad_Azhar_Uttra",0.509080188679245
"Rana_Muhammad_Farooq_Saeed_Khan",0.509080188679245
"Rana_Muhammad_Qasim_Noon",0.509080188679245
"Rao_Abdul_Ghaffar",0.509080188679245
"Rao_Muhammad_Jameel_Hashim_Khan",0.509080188679245
"Rao_Najeeb_Ur_Rehman",0.509080188679245
"Riaz_Hussain_Lund_Balouch",0.509080188679245
"Rizwan_Ahmad_Hans",0.509080188679245
"Roshan_Din_Junejo",0.509080188679245
"Rozi_Khan_Kakar",0.509080188679245
"Saathi_Ishaque_Advocate",0.509080188679245
"Sabar_Ali_Baloch",0.509080188679245
"Sabir_Ali_Baloch",0.509080188679245
"Sabir_Hussain",0.509080188679245
"Sadiq_Ali_Memon",0.509080188679245
"Saeed_Iqbal",0.509080188679245
"Saeed_Iqbal_",0.509080188679245
"Sajid_Ali_Bambhan",0.509080188679245
"Sajid_Ali_Banbhan",0.509080188679245
"Sajid_Hussain_Turi",0.509080188679245
"Sajjad_Ahmad_Awan_",0.509080188679245
"Sajjad_Ul_Hassan",0.509080188679245
"Sakhawat_Masih",0.509080188679245
"Salahuddin_Junejo",0.509080188679245
"Saleem_Mandviwala",0.509080188679245
"Saleem_Shah",0.509080188679245
"Saleem_Ullah_Khan",0.509080188679245
"Samina_Khalid_Ghurki",0.509080188679245
"Sardar_Ahmed_Khan_Alias_Fayyaz_Ali_Khan",0.509080188679245
"Sardar_Al-Haaj_Muhammad_Umar",0.509080188679245
"Sardar_Al_Haaj_Muhammmad_Umer_Gorgaij",0.509080188679245
"Sardar_Ali",0.509080188679245
"Sardar_Ali_Abbas_Khan_Baloch",0.509080188679245
"Sardar_Asif_Ahmad_Ali",0.509080188679245
"Sardar_Azhar_Ali_Mekan",0.509080188679245
"Sardar_Bahadur_Ahmad_Khan",0.509080188679245
"Sardar_Bahadur_Ahmed_Khan",0.509080188679245
"Sardar_Dost_Muhammad_Khan_Khosa",0.509080188679245
"Sardar_Jahazeb_Khan_Drishak_Almarof_Chand_Khan",0.509080188679245
"Sardar_Kamal_Khan_Chang",0.509080188679245
"Sardar_Khurram_Latif_Khan_Khosa",0.509080188679245
"Sardar_Khyzar_Hayat_Khan_Ladhu_Ka",0.509080188679245
"Sardar_Mir_Baz_Muhammad_Kha_Khetran",0.509080188679245
"Sardar_Mir_Baz_Muhammad_Khan_Khethran",0.509080188679245
"Sardar_Muhammad_Gulzar_Abbasi",0.509080188679245
"Sardar_Muhammad_Saif_Ud_Din_Khan_Khosa",0.509080188679245
"Sardar_Mushtaq_Ahmed",0.509080188679245
"Sardar_Nabil_Ahmed_Gabol",0.509080188679245
"Sardar_Saleem_Haider",0.509080188679245
"Sardar_Saleem_Haider_Khan",0.509080188679245
"Sardar_Sana_Ullah_Zehri",0.509080188679245
"Sardar_Shahnawaz_Khan",0.509080188679245
"Sardar_Shaukat_Hayat_Khan_Advocate",0.509080188679245
"Sardar_Shoaib_Mumtaz_Khan",0.509080188679245
"Sardar_Usman_Nawaz",0.509080188679245
"Sardar_Wahid_Bux_Bhayo",0.509080188679245
"Sardar_Wazir_Ahmed_Jogezai",0.509080188679245
"Sardar_Zafar_Ullah_Khan_Laghari",0.509080188679245
"Sarfaraz_Rajar",0.509080188679245
"Sarshar_Hassan_Cheema",0.509080188679245
"Sayed_Akhun_Zada_Chattan",0.509080188679245
"Shabbir_Ahmad_Khan_Leghari",0.509080188679245
"Shabir_Ahmed",0.509080188679245
"Shafeeqa_Baghum_Rao_Sikindar_Iqbal",0.509080188679245
"Shah_Fahad_Ansari",0.509080188679245
"Shah_Rehman",0.509080188679245
"Shahadat_Ali_Khan_Baloch",0.509080188679245
"Shaheem_Safdar",0.509080188679245
"Shaheen_Zamir",0.509080188679245
"Shaheryar_Khan",0.509080188679245
"Shahid_Abbas",0.509080188679245
"Shahid_Bashir",0.509080188679245
"Shahjahan_Ahmad_Bhatti",0.509080188679245
"Shahjahan_Baloch",0.509080188679245
"Shahrukh_Malik",0.509080188679245
"Shahzad_Majeed",0.509080188679245
"Shahzada_Ghulam_Muhyuddin",0.509080188679245
"Shakeel_Ahmed_",0.509080188679245
"Shamas-Un-Nisa",0.509080188679245
"Shams_Panhwar",0.509080188679245
"Shamshad_Sattar_Bachani",0.509080188679245
"Shamusddin_Panhwar",0.509080188679245
"Shaukat_Ali_Bajwa",0.509080188679245
"Shaukat_Pervez_Khan",0.509080188679245
"Shazia_Aurangzeb_Khan",0.509080188679245
"Shazia_Mari",0.509080188679245
"Shazia_Marri",0.509080188679245
"Shazia_Tehmas_Khan",0.509080188679245
"Shehryar_Amir_Zeb",0.509080188679245
"Sheikh_Kamran_Iqbal",0.509080188679245
"Sheikh_Muhammad_Iqbal",0.509080188679245
"Sheikh_Muhammad_Maghaz_Feroz",0.509080188679245
"Sheikh_Waqar_Ahmed_Advocate",0.509080188679245
"Sher_Muhammad_Balcoh",0.509080188679245
"Sher_Qanoos_Advocate",0.509080188679245
"Shiyam_Sundar_Advocate",0.509080188679245
"Shoaib_Alam_Khan",0.509080188679245
"Shoukat_Ali_Joya_Laleka",0.509080188679245
"Siddique_Akber",0.509080188679245
"Sidra_Saeed",0.509080188679245
"Sohail_Ansari",0.509080188679245
"Sohail_Shahzad",0.509080188679245
"Sumaira_Gul",0.509080188679245
"Sumaira_Mushtaq_Kharal",0.509080188679245
"Syed_Abbas_Raza_Rizvi",0.509080188679245
"Syed_Abdul_Qadir_Gillani",0.509080188679245
"Syed_Abid_Ali_Shah",0.509080188679245
"Syed_Abid_Hussain_Imam",0.509080188679245
"Syed_Abrar_Ali_Shah",0.509080188679245
"Syed_Ahmad_Ali_Shah",0.509080188679245
"Syed_Ahmad_Mujtaba_Gillani",0.509080188679245
"Syed_Akhunzada_Chattan",0.509080188679245
"Syed_Ali_Musa_Gillani",0.509080188679245
"Syed_Ali_Zawar_Naqvi",0.509080188679245
"Syed_Allauddin",0.509080188679245
"Syed_Ameer_Ali_Shah_Jamot",0.509080188679245
"Syed_Amir_Ali_Shah_Jamote",0.509080188679245
"Syed_Amir_Hamza_Peerzada",0.509080188679245
"Syed_Amjad_Hussain_Zaidi",0.509080188679245
"Syed_Anayat_Ali_Shah",0.509080188679245
"Syed_Asghar_Hussain",0.509080188679245
"Syed_Asif_Hashmi",0.509080188679245
"Syed_Ayaz_Ali_Shah_Sherazi",0.509080188679245
"Syed_Azmat_Ali_Bukhari_Advocate",0.509080188679245
"Syed_Faisal_Raza_Abidi",0.509080188679245
"Syed_Faqeer_Hussain_Shah",0.509080188679245
"Syed_Gayoor_Abbas_Bukhari_",0.509080188679245
"Syed_Ghayoor_Abbas_Bukhari",0.509080188679245
"Syed_Ghulam_Mustafa_Shah",0.509080188679245
"Syed_Ghulam_Mustafa_Shah_s_o_Syed_Sabbir_Ahmed_Shah",0.509080188679245
"Syed_Hamid_Saeed_Kazmi",0.509080188679245
"Syed_Hasnat_Ahmed",0.509080188679245
"Syed_Hussain_Tariq",0.509080188679245
"Syed_Ibne_Ali",0.509080188679245
"Syed_Intikhab_Hussain_Shah",0.509080188679245
"Syed_Irfan_Gardezi",0.509080188679245
"Syed_Ishtiaq_Ul_Hassan_Gilani",0.509080188679245
"Syed_Javed_Ali_Shah_Jillani",0.509080188679245
"Syed_Khursheed_Ahmed_Shah",0.509080188679245
"Syed_Manzoor_Abbas",0.509080188679245
"Syed_Mumtaz_Alam_Gillani",0.509080188679245
"Syed_Murtza_Mehmud",0.509080188679245
"Syed_Nasir_Ali_Shah_Alias_Syed_Abbas",0.509080188679245
"Syed_Naveed_Qamar",0.509080188679245
"Syed_Nayyer_Hussain_Bukhari",0.509080188679245
"Syed_Qutab_Ali_Shah_Alias_Ali_Baba",0.509080188679245
"Syed_Rafiullah",0.509080188679245
"Syed_Raza_Abbas",0.509080188679245
"Syed_Sabtul_Haider_Bukhari",0.509080188679245
"Syed_Sohail_Abidi",0.509080188679245
"Syed_Sohail_Abrar",0.509080188679245
"Syed_Sumsam_Ali_Shah_Bukhari",0.509080188679245
"Syed_Sumsan_Ali_Shah_Bukhari",0.509080188679245
"Syed_Tariq_Gilani",0.509080188679245
"Syed_Tariq_Raza",0.509080188679245
"Syed_Waseem_Ul_Hassan_Naqvi",0.509080188679245
"Syed_Yousaf_Raza_Gillani",0.509080188679245
"Syed_Zaffar_Ali_Shah",0.509080188679245
"Syed_Zahid_Bukhari",0.509080188679245
"Syeda_Abida_Hussain",0.509080188679245
"Syeda_Sughra_Imam",0.509080188679245
"Taimoor_Tahir",0.509080188679245
"Taj_Muhammad_Jamali",0.509080188679245
"Talat_Iqbal_Mahessar",0.509080188679245
"Tariq_Ashrif_Kahloon",0.509080188679245
"Tariq_Hakam_Ali",0.509080188679245
"Tariq_Javed_Manzoor",0.509080188679245
"Tariq_Mahmood",0.509080188679245
"Tariq_Mahmood_Bajwa",0.509080188679245
"Tariq_Mehmood_Bajwa",0.509080188679245
"Tariq_Shabbir_Advocate",0.509080188679245
"Tariq_Yaqoob_Fateh_Muhammad",0.509080188679245
"Tasneem_Ahmad_Qureshi",0.509080188679245
"Tasneem_Ahmed_Qureshi",0.509080188679245
"Tussadiq_Masood_Khan",0.509080188679245
"Umar_Aftab",0.509080188679245
"Umar_Farooq_Khan_Shawa",0.509080188679245
"Usman_Khan_Tarakai",0.509080188679245
"Waqar_Ahmad_Khan",0.509080188679245
"Waseef_Ullah_Khan",0.509080188679245
"Waseem_Akhtar",0.509080188679245
"Waseem_Khan_Rajput",0.509080188679245
"Yousaf_Ali",0.509080188679245
"Zafar_Ahmed_Siddiqui_Advocate",0.509080188679245
"Zafar_Iqbal_Ch_",0.509080188679245
"Zafar_Jhandeer",0.509080188679245
"Zahid_Pervaiz_Alias_Zahid_Bashir_",0.509080188679245
"Zar_Gul_Khan",0.509080188679245
"Zubair_Kardar",0.509080188679245
"Zulfaqar_Ali_Qaim_Khani",0.509080188679245
"Zulfiqar_Ali_Behan",0.509080188679245
"Zulfiqar_Ali_Khan",0.509080188679245
"Zulfiqar_Bachani",0.509080188679245
"Zumarad_Khan",0.509080188679245
"Zumurrad_Khan",0.509080188679245
"Abid_Hussain",0.508720245109592
"Ghulam_Muhammad",0.508540464130051
"Abdul_Aleem_Khan",0.508360810174282
"Abdul_Qayyum",0.508061668824291
"Ghulam_Nabi",0.507703163589321
"Abdul_Sattar",0.507703163589321
"Muhammad_Arshad",0.50669014084507
"Muhammad_Shahid",0.506571227411406
"Muhammad_Yaseen",0.506571227411406
"Abdul_Hameed",0.506452369779446
"Dawa_Khan",0.504204625087596
"Ghulam_Sarwar_Khan",0.504204625087596
"Muhammad_Nawaz_Khan",0.504204625087596
"Sardar_Muhammad_Yaqoob",0.504204625087596
"Muhammad_Hassan",0.503440233236152
"Noor_Muhammad",0.503381529850746
"Daniyal_Aziz",0.502970989164628
"Ghulam_Bibi_Bharwana",0.502970989164628
"Mian_Riaz_Hussain_Pirzada",0.502970989164628
"Muhammad_Mehboob_Sultan",0.502970989164628
"Naseem_Muhammad_Khan",0.502970989164628
"Rao_Muhammad_Ajmal_Khan",0.502970989164628
"Sardar_Awais_Ahmad_Khan_Leghari",0.502970989164628
"Tahir_Bashir_Cheema",0.502970989164628
"Mian_Muhammad_Asif",0.502385662748749
"Abdul_Jabbar_Khan",0.50186003255057
"Sardar_Ghulam_Mustafa_Khaskheli",0.501743375174338
"Syed_Mukhtar_Hussain_Shah",0.501743375174338
"Muhammad_Ismail",0.500405703025385
"Jahangir_Khan_Tareen",0.499884205650764
"Aurang_Zeb_Khan",0.499363794100636
"Imtiaz_Hussain",0.498902114873454
"Abdul_Latif",0.498613998613999
"Muhammad_Alam",0.498613998613999
"Iftikhar_Ahmed",0.498211194460473
"Naveed_Iqbal",0.49803876326719
"Khalid_Mehmood",0.497694258704173
"Abdul_Hameed_Khan",0.496835078835309
"Muhammad_Javed",0.496835078835309
"Nazir_Ahmed",0.496835078835309
"Irfan_Ullah",0.4963209933318
"Muhammad_Ijaz",0.4963209933318
"Muhammad_Mushtaq",0.4963209933318
"Muhammad_Zubair",0.4963209933318
"Gul_Asghar_Khan",0.495807970598369
"Abdul_Mohsin",0.495637198622273
"Akhtar_Ali_Khan",0.495637198622273
"Akhtar_Muhammad",0.495637198622273
"Bilal_Qudrat_Butt",0.495637198622273
"Liaqat_Baloch",0.495637198622273
"Mahmood_Ul_Hassan",0.495637198622273
"Muhammad_Riaz_Farooq_Sahi",0.495637198622273
"Muhammad_Yousuf",0.495637198622273
"Sahibzada_Tariq_Ullah",0.495637198622273
"Shah_Faisal_Afridi",0.495637198622273
"Syed_Javed_Hussain_Shah",0.495637198622273
"Khalid_Mahmood",0.49518238128011
"Muhammad_Nasrullah",0.49518238128011
"Tahir_Iqbal",0.494501718213058
"Muhammad_Sadiq",0.494105528213346
"Abdul_Rashid",0.49382292381606
"Abdul_Aziz",0.493145990404387
"Muhammad_Jamal_Ud_Din",0.493145990404387
"Muhammad_Wali_Shah",0.493145990404387
"Syed_Asghar_Ali_Shah",0.49258329529895
"Abdul_Razzaq",0.491517704656723
"Muhammad_Ayoub",0.490400999659207
"Karim_Ali_Jatoi",0.489566795191653
"Syed_Ghous_Ali_Shah",0.489566795191653
"Shah_Abdul_Aziz",0.489400294751162
"Muhammad_Azam",0.489123045547247
"Waheed_Ahmad",0.487906871609403
"Nasir_Abbas",0.487851734659284
"Sahibzada_Muhammad_Hamid_Raza",0.487741498135804
"Qaisar_Jamal",0.487686398553999
"Malik_Tariq_Mehmood",0.487631311419858
"Abdul_Rauf",0.487081123772989
"Taj_Muhammad",0.486916309496955
"Aamer_Masood_Mughal",0.486861396188113
"Abdul_Hakeem_Chandio",0.486861396188113
"Abdul_Qayum",0.486861396188113
"Abdul_Sattar_Samoon",0.486861396188113
"Abdur_Raoof_Dolla",0.486861396188113
"Abid_Javed_Virk",0.486861396188113
"Abid_Mahmood",0.486861396188113
"Abid_Mahmood_Khagga",0.486861396188113
"Abrar_Ul_Haq",0.486861396188113
"Abu_Bakar_Virk",0.486861396188113
"Adil_Khan_Bazai",0.486861396188113
"Adv_Shujaat_Ali",0.486861396188113
"Advocate_Zahoor_Mehsud",0.486861396188113
"Aftab_Ahmad",0.486861396188113
"Aftab_Ahmad_Khan_Khichi",0.486861396188113
"Aftab_Ahmed_Soomro",0.486861396188113
"Aftab_Irshad_Cheema",0.486861396188113
"Aftab_Jahangir",0.486861396188113
"Afzaal_Azeem_Pahat_Advocate",0.486861396188113
"Ahsan_Ulla_Virk",0.486861396188113
"Ajab_Gul",0.486861396188113
"Akeel_Aslam",0.486861396188113
"Akhtar_Iqbal_Dar",0.486861396188113
"Akram_Khan",0.486861396188113
"Akram_Niazi",0.486861396188113
"Aleem_Adil_Sheikh_",0.486861396188113
"Ali_Afzal_Sahi",0.486861396188113
"Ali_Amin_Gandapur",0.486861396188113
"Ali_Asghar_Khan",0.486861396188113
"Ali_Ashraf",0.486861396188113
"Ali_Asjid_Malhi",0.486861396188113
"Ali_Bukhari",0.486861396188113
"Ali_Ijaz_Buttar",0.486861396188113
"Ali_Khan_Jadoon",0.486861396188113
"Ali_Muhammad_Khalul",0.486861396188113
"Ali_Muhammad_Khan",0.486861396188113
"Aliya_Hamza",0.486861396188113
"Amber_Majeed_Niazi",0.486861396188113
"Ambreen_Malik",0.486861396188113
"Amir_Sharjeel",0.486861396188113
"Amirullah",0.486861396188113
"Amjad_Ali_Bajwa",0.486861396188113
"Amjid_Ali_Khan",0.486861396188113
"Aniqa_Mehdi",0.486861396188113
"Anwar_Haqdad",0.486861396188113
"Anwar_Taj",0.486861396188113
"Aqibullah",0.486861396188113
"Arbab_Amir_Ayub",0.486861396188113
"Arbab_Muhammad_Haleem",0.486861396188113
"Arif_Murad",0.486861396188113
"Arif_Ur_Rehman_Alvi",0.486861396188113
"Arshad_Ali_Mayo",0.486861396188113
"Arshad_Mahmood_Chaudhry",0.486861396188113
"Arslan_Khalid",0.486861396188113
"Asad_Qaiser",0.486861396188113
"Asad_Umar",0.486861396188113
"Asif_Khan",0.486861396188113
"Asiya_Asad",0.486861396188113
"Ataullah_Khan",0.486861396188113
"Atif_Ali_Khan_Dreshak",0.486861396188113
"Atif_Choudhry",0.486861396188113
"Aurangzeb_Khichi",0.486861396188113
"Awais_Haider_Jakhar",0.486861396188113
"Ayaz_Sarfraz_Malik",0.486861396188113
"Ayesha_Nazir_Jatt",0.486861396188113
"Azizullah_Dero",0.486861396188113
"Azra_Masood",0.486861396188113
"Babar_Marghazani",0.486861396188113
"Bakht_Jamal_Chandio",0.486861396188113
"Barrister_Abdullah_Mumtaz_Kahloon",0.486861396188113
"Barrister_Hammad_Azhar",0.486861396188113
"Barrister_Nabeel_Dhar",0.486861396188113
"Barrister_Taimur_Malik",0.486861396188113
"Basharat_Ali_Randhawa",0.486861396188113
"Basharat_Raja",0.486861396188113
"Bilal_Ejaz",0.486861396188113
"Brig_Ejaz_Shah",0.486861396188113
"Brigadier_Mumtaz_Iqbal_Kahlon",0.486861396188113
"Ch__Muhammad_Ilyas",0.486861396188113
"Ch_Khalil_Arain",0.486861396188113
"Ch_Muhammad_Shahnawaz_Cheema",0.486861396188113
"Ch_Usman_Ali_Tariq",0.486861396188113
"Changez_Khan_Kakar",0.486861396188113
"Chaudhary_Abdul_Ilyas",0.486861396188113
"Chaudhary_Javed_Iqbal_Waraich",0.486861396188113
"Chaudhry_Muhammad_Ashfaq",0.486861396188113
"Choudary_Shokat_Ali_Bhatti",0.486861396188113
"Choudhry_Muhammad_Saqlain",0.486861396188113
"Choudhry_Naeem_Ul_Din_Waraich",0.486861396188113
"Chudhary_Ilyas_Meharban",0.486861396188113
"Chudhary_Muhammed_Yaqoob",0.486861396188113
"Col_Ajmal_Sabir_Raja",0.486861396188113
"Colnel_Ejaz_Hussain_Minhas",0.486861396188113
"Dawar_Khan_Kundi",0.486861396188113
"Dawood_Shah",0.486861396188113
"Dawood_Ullah",0.486861396188113
"Doctor_Saeed_Ahmed_Afridi",0.486861396188113
"Doctor_Yasmin_Rashid",0.486861396188113
"Dr__Amjad",0.486861396188113
"Dr__Nisar_Jutt",0.486861396188113
"Dr__Riaz_Lang",0.486861396188113
"Dr__Tahir_Ali_Javed",0.486861396188113
"Dr_Azeem_Zahid_Lakhvi",0.486861396188113
"Dr_Muhammad_Azhar_Khan_Jadoon",0.486861396188113
"Ejaz_Ahmad_Gaddan",0.486861396188113
"Eman_Tahir",0.486861396188113
"Engineer_Dawar_Khan_Kundi",0.486861396188113
"Faheem_Khan",0.486861396188113
"Faisal_Mughal",0.486861396188113
"Faiz_Ullah_Kamoka",0.486861396188113
"Falak_Niaz",0.486861396188113
"Falak_Sheer_Sikandar",0.486861396188113
"Farhat_Faheem_Bhatti",0.486861396188113
"Farrukh_Habib",0.486861396188113
"Fawad_Ahmad_Cheema",0.486861396188113
"Fayaz_Ahmed",0.486861396188113
"Fazal_Muhammad_Khan",0.486861396188113
"Ghulam_Zahid",0.486861396188113
"Gohar_Ali_Khoso",0.486861396188113
"Gul_Badshah",0.486861396188113
"Gul_Dad_Khan",0.486861396188113
"Gul_Muhammad_Keerio",0.486861396188113
"Gul_Muhammad_Rind",0.486861396188113
"Gul_Zafar_Khan",0.486861396188113
"Gulzar_Khan",0.486861396188113
"Hafeezullah",0.486861396188113
"Hafiz_Hamid_Raza",0.486861396188113
"Haji_Akhtar_Mohammad_Mandokhel",0.486861396188113
"Haji_Imtiaz_Ahmed_Choudhry",0.486861396188113
"Haji_Khalid_Mehmood_Chatha",0.486861396188113
"Haleem_Adil_Sheikh",0.486861396188113
"Hamid_Khan",0.486861396188113
"Hamid_Ul_Haq",0.486861396188113
"Hamid_Zaman",0.486861396188113
"Hamida_Masood_Shah",0.486861396188113
"Hamza_Khan",0.486861396188113
"Haroon_Ihsaan_Paracha",0.486861396188113
"Hassan_Adeel",0.486861396188113
"Hassan_Ali_Khan",0.486861396188113
"Hina_Manzoor",0.486861396188113
"Iffat_Soomro",0.486861396188113
"Iftikhar_Ali_Khitran",0.486861396188113
"Iftikhar_Soomro",0.486861396188113
"Imran_Ahmed_Khan_Niazi",0.486861396188113
"Imran_Khattak",0.486861396188113
"Imran_Qaisar_Abbbas",0.486861396188113
"Iqra_Mubarik",0.486861396188113
"Jahanzaib_Imtiaz_Gill",0.486861396188113
"Jameel_Ahmed_Lund_Baloch",0.486861396188113
"Jamshaid_Dasti",0.486861396188113
"Javaid_Safdar_Kahlon",0.486861396188113
"Javed_Ali_Bozdar",0.486861396188113
"Jehanzeb_Khan_Dhakki",0.486861396188113
"Junaid_Akbar",0.486861396188113
"Kanwal_Shauzab",0.486861396188113
"Karim_Dad",0.486861396188113
"Khalid_Abdullah_Ghazi",0.486861396188113
"Khalid_Masood_Khan",0.486861396188113
"Khalid_Mehmood_Ali",0.486861396188113
"Khalid_Nawaz",0.486861396188113
"Khan_Shaid_Afridi",0.486861396188113
"Khawaja_Mudasar_Mehmood",0.486861396188113
"Khawaja_Sharif_Muhammad_Koreja",0.486861396188113
"Khawaja_Sheraz_Mehmood",0.486861396188113
"Khial_Zaman_Aurak_Zai",0.486861396188113
"Khudada_Kalyar_Advocate",0.486861396188113
"Khurram_Munawar_Munj",0.486861396188113
"Khurram_Shahzad_Virk",0.486861396188113
"Khurram_Sher_Zaman",0.486861396188113
"Khursheed_Mehmood_Kasuri",0.486861396188113
"Kousar_Parveen",0.486861396188113
"Lal_Chand_Malhi",0.486861396188113
"Lala_Asad_Ullah",0.486861396188113
"Latif_Khosa",0.486861396188113
"Lt_Col_r_Ajmal_Sabir_Raja",0.486861396188113
"Mahar_Sajjad_Hussain_Cheena",0.486861396188113
"Maher_Naveed_Ahmad_Kherha",0.486861396188113
"Mahmood_Khan",0.486861396188113
"Maj_Latasab_Satti",0.486861396188113
"Makhdoom_Imad_Ud_Din_Hashmi",0.486861396188113
"Makhdoom_Javaid_Hussain_Hashmi",0.486861396188113
"Makhdoom_Shah_Mahmood_Hussain_Qureshi",0.486861396188113
"Makhdoom_Shah_Mahmood_Qureshi",0.486861396188113
"Makhdoom_Shah_Mehmood_Hussain_Qureshi",0.486861396188113
"Malik_Ameen_Aslam_Khan",0.486861396188113
"Malik_Amir_Dogar",0.486861396188113
"Malik_Arif_Awan",0.486861396188113
"Malik_Atiq_Ur_Rehman_Orakzai",0.486861396188113
"Malik_Ghulam_Murtaza_Metla",0.486861396188113
"Malik_Mehboob_Ahmed",0.486861396188113
"Malik_Muhammad_Akram_Bhatti",0.486861396188113
"Malik_Muhammad_Ali_Khan_Tiwana",0.486861396188113
"Malik_Muhammad_Faisal_Dehwar",0.486861396188113
"Malik_Muhammad_Muzaffar_Khan",0.486861396188113
"Malik_Muhammad_Yar_Dhakoo",0.486861396188113
"Malik_Nazir_Ahmed_Sobhi",0.486861396188113
"Malik_Touqeer_Abbas_Khokhar",0.486861396188113
"Malik_Umar_Farooq",0.486861396188113
"Malik_Waheed_Khan",0.486861396188113
"Malik_Waqar_Ahmad",0.486861396188113
"Malik_Zaheer_Abbas",0.486861396188113
"Manochaher",0.486861396188113
"Mansoor_Sarwar_Khan",0.486861396188113
"Maqsood_Ahmed_Ansari",0.486861396188113
"Maqsood_Ali",0.486861396188113
"Maryam_Batool",0.486861396188113
"Masroor_Ali",0.486861396188113
"Matiullah_Khan",0.486861396188113
"Mehar_Un_Nisa_Baloch",0.486861396188113
"Mehboob_Shah",0.486861396188113
"Mehr_Bano_Qureshi",0.486861396188113
"Mian_Azhar",0.486861396188113
"Mian_Ghous_Muhammad",0.486861396188113
"Mian_Moin_Uddin",0.486861396188113
"Mian_Muhammad_Afzal_Hayat",0.486861396188113
"Mian_Muhammad_Amjad_Joyia",0.486861396188113
"Mian_Muhammad_Naeem",0.486861396188113
"Mian_Mumtaz_Ahmad_Matyana",0.486861396188113
"Mian_Nazir_Rahman",0.486861396188113
"Mian_Salman_Ali_Qureshi",0.486861396188113
"Mian_Shahid_Mustafa_Qureshi",0.486861396188113
"Mir_Ali_Ahmed_Zehri",0.486861396188113
"Mir_Mohammad_Azam_Sumalani",0.486861396188113
"Mirza_Abdul_Qayyum",0.486861396188113
"Mirza_Saeed_Mehmood_Baig",0.486861396188113
"Moazam_Jatoi",0.486861396188113
"Mohammad_Imran",0.486861396188113
"Mohtarma_Zartaj_Gul_Akhwand",0.486861396188113
"Mubeen_Arif_Jatt",0.486861396188113
"Muhammad_Afzal_Gondal",0.486861396188113
"Muhammad_Ahmad_Chattha",0.486861396188113
"Muhammad_Ajmal_Cheema",0.486861396188113
"Muhammad_Alamgir_Khan",0.486861396188113
"Muhammad_Ali_Sarfaraz",0.486861396188113
"Muhammad_Ali_Shakoor",0.486861396188113
"Muhammad_Ameer_Sultan",0.486861396188113
"Muhammad_Arshad_Sahi",0.486861396188113
"Muhammad_Ashraf_Jabbar_Qureshi",0.486861396188113
"Muhammad_Aslam_Ghumman",0.486861396188113
"Muhammad_Atif",0.486861396188113
"Muhammad_Aurangzaib_Khan_Khichi",0.486861396188113
"Muhammad_Azam_Khan_Swati",0.486861396188113
"Muhammad_Bashir_Khan",0.486861396188113
"Muhammad_Daood",0.486861396188113
"Muhammad_Dawood_Khan",0.486861396188113
"Muhammad_Ibraheem_Khan",0.486861396188113
"Muhammad_Imran_Shaukat_Khan",0.486861396188113
"Muhammad_Ishaq_Khan_Khakwani",0.486861396188113
"Muhammad_Jamal_Ahsan_Khan",0.486861396188113
"Muhammad_Madni",0.486861396188113
"Muhammad_Mansha_Sindhu",0.486861396188113
"Muhammad_Miqdad_Ali_Khan",0.486861396188113
"Muhammad_Naem",0.486861396188113
"Muhammad_Nawaz_Gondal",0.486861396188113
"Muhammad_Qasim_Khan_Suri",0.486861396188113
"Muhammad_Riaz_Haider",0.486861396188113
"Muhammad_Roman_Ahmed",0.486861396188113
"Muhammad_Sajid_Naeem_Qureshi",0.486861396188113
"Muhammad_Saleem_Akhtar_Durrani",0.486861396188113
"Muhammad_Saleem_Imran",0.486861396188113
"Muhammad_Sana_Ullah_Khan_Mastikhel",0.486861396188113
"Muhammad_Shoaib_Shaheen",0.486861396188113
"Muhammad_Tuffail",0.486861396188113
"Muhammad_Usman_Dar",0.486861396188113
"Muhammad_Waqar_Wasi_Chaudhary",0.486861396188113
"Muhammad_Yasir",0.486861396188113
"Muhammad_Zeeshan",0.486861396188113
"Muhammad_Zubair_Khan",0.486861396188113
"Muhram_Khan",0.486861396188113
"Mujahid_Ali",0.486861396188113
"Mujahid_Khan",0.486861396188113
"Mumtaz_Ahmad",0.486861396188113
"Mumtaz_Ali_Jakhrani",0.486861396188113
"Mumtaz_Ali_Shah",0.486861396188113
"Mumtaz_Mustafa_Advocate",0.486861396188113
"Murad_Saeed",0.486861396188113
"Mustafa_Kundi",0.486861396188113
"Mustansir_Billah",0.486861396188113
"Nadeem_Abbasi",0.486861396188113
"Naiz_Muhammad_Gujjar",0.486861396188113
"Naseem_Hashim_Khan",0.486861396188113
"Nasim_Ali_Shah",0.486861396188113
"Nasir_Khan_Khattak",0.486861396188113
"Nasrullah_Mughal",0.486861396188113
"Naveed_Hameed",0.486861396188113
"Nawab_Aman_Ullah_Khan",0.486861396188113
"Nawab_Khan_Dumer",0.486861396188113
"Nawab_Muhammad_Ahmad_Khan",0.486861396188113
"Nawabzada_Salahuddin_Saeed",0.486861396188113
"Nawaz_Mehmood_Khan",0.486861396188113
"Naz_Baloch",0.486861396188113
"Nazish_Bhatti",0.486861396188113
"Nek_Mohammad",0.486861396188113
"Niaz_Mohammad_Khan",0.486861396188113
"Nisar_Akbar_Khan",0.486861396188113
"Nisaraslam_Khan",0.486861396188113
"Noor_Muhammad_Ghaffari",0.486861396188113
"Peer_Zahoor_Hussain_Quraishi",0.486861396188113
"Pervez_Khattak",0.486861396188113
"Pir_Bux_Jamood",0.486861396188113
"Qaisara_Elahi",0.486861396188113
"Qurban_Ali",0.486861396188113
"Rab_Nawaz_Kalwar",0.486861396188113
"Raees_Nawaz_Ali_Burfat",0.486861396188113
"Rafique_Ahmad_Khan_Niazi",0.486861396188113
"Rahat_Aman_Ullah_Bhatti",0.486861396188113
"Rahat_Amanullah_Bhatti",0.486861396188113
"Rai_Haider_Ali_Khan",0.486861396188113
"Rai_Hasan_Nawaz_Khan",0.486861396188113
"Rai_Hassan_Nawaz_Khan",0.486861396188113
"Rai_Muhammad_Akram_Khan_Bhatti",0.486861396188113
"Rai_Naeem_Asad_Kharal",0.486861396188113
"Raja_Aamer_Zaman",0.486861396188113
"Raja_Abdul_Haque",0.486861396188113
"Raja_Azhar_Khan",0.486861396188113
"Raja_Muhammad_Saleem",0.486861396188113
"Raja_Taila_Saeed",0.486861396188113
"Raja_Yassir_Humayun_Sarfraz",0.486861396188113
"Rana_Aamir_Shahzad_Tahir",0.486861396188113
"Rana_Atif",0.486861396188113
"Rana_Javed_Umar",0.486861396188113
"Rana_Naeem_Ur_Rehman_Khan",0.486861396188113
"Rana_Shehzad_Hafeez",0.486861396188113
"Rana_Tanveer_Riaz_Khan",0.486861396188113
"Rao_Hassan_Skindar",0.486861396188113
"Rao_Khalid_Khan",0.486861396188113
"Rao_Umer_Hashim_Khan",0.486861396188113
"Rashid_Siddiqui",0.486861396188113
"Rashida_Tariq",0.486861396188113
"Rehana_Imtiaz_Dar",0.486861396188113
"Riasat_Ali_Bhatti",0.486861396188113
"Riaz_Ahmad_Tarar",0.486861396188113
"Riaz_Hyder",0.486861396188113
"Riyaz_Fatyana",0.486861396188113
"Rozina_Bhutto",0.486861396188113
"s_a_Hameed",0.486861396188113
"Saadullah_Baloch",0.486861396188113
"Saadullah_Mehmood_Urf_Muhammad_Yasir_Baloch",0.486861396188113
"Sabeen_Safdar_Bandesha",0.486861396188113
"Sadaqat_Ali_Abbasi",0.486861396188113
"Saddam_Tareen",0.486861396188113
"Saeed_Khursheed_Ahmad",0.486861396188113
"Saeed_Mushtaq",0.486861396188113
"Sahibzada_Mehboob_Sultan",0.486861396188113
"Sajid_Khan",0.486861396188113
"Sajid_Khan_Wald_Taj_Gul",0.486861396188113
"Sajid_Nawaz",0.486861396188113
"Sajid_Nawaz_Khan",0.486861396188113
"Sajid_Yousaf",0.486861396188113
"Salar_Khan_Kakar",0.486861396188113
"Saleem_Mahmood_Kamlana_Sial",0.486861396188113
"Saleem_Ur_Rehman",0.486861396188113
"Salman_Akram_Raja",0.486861396188113
"Salman_Saif_Cheema",0.486861396188113
"Sami_Ullah_Chaudhry",0.486861396188113
"Sardar_Ahsan_Raza_Advocate",0.486861396188113
"Sardar_Muhammad_Ahmed_Dreshak",0.486861396188113
"Sardar_Muhammad_Ali_Khan",0.486861396188113
"Sardar_Muhammad_Hussain_Dogar",0.486861396188113
"Sardar_Rafique_Haider_Khan_Laghari",0.486861396188113
"Sardar_Sher_Muhammad_Rind_Baloch",0.486861396188113
"Seemabia_Tahir",0.486861396188113
"Shabana_Nawab",0.486861396188113
"Shabbir_Ali_Quereshi",0.486861396188113
"Shafqat_Abbas",0.486861396188113
"Shafqat_Ali",0.486861396188113
"Shafqat_Mehmood",0.486861396188113
"Shahbaz_Ahmad_Khan_Sial",0.486861396188113
"Shahid_Ahmad_Khattak",0.486861396188113
"Shahid_Amin",0.486861396188113
"Shahid_Talib",0.486861396188113
"Shahnawaz",0.486861396188113
"Shahram_Tarakai",0.486861396188113
"Shamraiz_Khan",0.486861396188113
"Shandana_Gulzar_Khan",0.486861396188113
"Shaukat_Iqbal_Mirza",0.486861396188113
"Shehryar_Afridi",0.486861396188113
"Shehryar_Riaz",0.486861396188113
"Shehzad_Farooq",0.486861396188113
"Shehzada_Muhammad_Gushtasap_Khan",0.486861396188113
"Sheikh_Waqar_Ahmad_Advocate",0.486861396188113
"Sher_Afzal_Marwat",0.486861396188113
"Sher_Ali_Arbab",0.486861396188113
"Shoaib_Nasir",0.486861396188113
"Shoukat_Basra",0.486861396188113
"Sibghatullah",0.486861396188113
"Sidra_Faisal",0.486861396188113
"Siraj_Muhammad_Khan",0.486861396188113
"Sohail_Sultan",0.486861396188113
"Subhan_Ali",0.486861396188113
"Subhan_Ali_Sahil",0.486861396188113
"Syed_Ahmed_Rasheed",0.486861396188113
"Syed_Akhtar_Hussain_Rizvi",0.486861396188113
"Syed_Ali_Haider_Zaidi",0.486861396188113
"Syed_Ali_Husnain_Shah",0.486861396188113
"Syed_Ali_Hyder_Zaidi",0.486861396188113
"Syed_Jameel_Ahmad_Hussain_Bokhari",0.486861396188113
"Syed_Jameel_Ahmed_Hussain_Bokhari",0.486861396188113
"Syed_Jamil_Ahmed_Shah_Bukhari",0.486861396188113
"Syed_Khawar_Ali_Shah",0.486861396188113
"Syed_Muhammad_Jawad_Asghar_Shah",0.486861396188113
"Syed_Mumtaz_Ali_Shah",0.486861396188113
"Syed_Niaz_Hussain_Shah_Jillani",0.486861396188113
"Syed_Qaisar_Abbas_Shah",0.486861396188113
"Syed_Raza_Ali_Gillani",0.486861396188113
"Syed_Shah_Ahad_Ali_Shah",0.486861396188113
"Syed_Wajahat_Hasnain_Shah",0.486861396188113
"Syed_Zahoor_Agha",0.486861396188113
"Tahir_Iqbal_Chuhdary",0.486861396188113
"Tahir_Sadiq",0.486861396188113
"Talib_Hussain_Sidhu",0.486861396188113
"Tariq_Aziz_Bhatti",0.486861396188113
"Tasawar_Abbas",0.486861396188113
"Umair_Khan_Niazi",0.486861396188113
"Umar_Aslam_Khan",0.486861396188113
"Usama_Ahmed_Mela",0.486861396188113
"Usama_Hamza",0.486861396188113
"Usman_Hamza",0.486861396188113
"Wajiha_Akram",0.486861396188113
"Wali_Muhammad_Mugheri",0.486861396188113
"Walid_Iqbal",0.486861396188113
"Waqas_Akram",0.486861396188113
"Waseem_Abbas",0.486861396188113
"Wasim_Qadir",0.486861396188113
"Yasmin_Rashid",0.486861396188113
"Yousaf_Khan",0.486861396188113
"Zafar_Ullah_Tararr",0.486861396188113
"Zaffar_Khan",0.486861396188113
"Zaheer_Abbas_Naqvi",0.486861396188113
"Zahid_Hussain_Hashmi",0.486861396188113
"Zahid_Mehmood_Mazari",0.486861396188113
"Zain_Qureshi",0.486861396188113
"Zain_Ul_Abidin_Khelji",0.486861396188113
"Zameer_Jedhu_Advocate",0.486861396188113
"Zartaj_Gul_Wazir",0.486861396188113
"Zubair_Khan",0.486861396188113
"Zulfiqar",0.486861396188113
"Zulfiqar_Ali_Mallah",0.486861396188113
"Zulqarnain_Als_Sakhi_Bhutto",0.486861396188113
"Haji_Ghulam_Qadir_Noohani",0.48680649526387
"Malik_Sikandar_Khan",0.48680649526387
"Maulana_Fazal_Ur_Rehman",0.48680649526387
"Maulana_Mian_Hussain_Jalali",0.48680649526387
"Moulana_Abdullah_Pahore",0.48680649526387
"Rahat_Hussain",0.48680649526387
"Hameed_Hussain",0.486477349560514
"Aasia_Ishaq",0.486093908343655
"Abdul_Jalil_Bazai",0.486093908343655
"Abdul_Kareem",0.486093908343655
"Abdul_Khalid",0.486093908343655
"Abdul_Majeed_Chohan",0.486093908343655
"Abdul_Qadeer_Khan",0.486093908343655
"Abdul_Qadir_Solangi",0.486093908343655
"Abdul_Rasheed_Godil",0.486093908343655
"Abdul_Salam_Ansari",0.486093908343655
"Abdul_Sattar_Chaudhary",0.486093908343655
"Abdul_Sattar_Jatoi",0.486093908343655
"Abdul_Waseem",0.486093908343655
"Abdul_Waseem_Khan_Ghouri",0.486093908343655
"Adbul_Rashid_Godil",0.486093908343655
"Advocate_Sikandar_Ali_Keerio",0.486093908343655
"Advocate_Zulfiqar_Ali_Qazi",0.486093908343655
"Afaq_Shafqat",0.486093908343655
"Aftab_Ahmed_Rajput",0.486093908343655
"Aftikhar_Akbar_Randhawa",0.486093908343655
"Agha_Muhammad_Ali_Khan",0.486093908343655
"Agha_Muhammad_Naved",0.486093908343655
"Ahmed_Ali_Buriro",0.486093908343655
"Ahmed_Gabol",0.486093908343655
"Ahmed_Saleem_Siddiqui",0.486093908343655
"Alam_Dar_Hussain_Shah",0.486093908343655
"Alama_Syed_Farman_Raza_Abidi",0.486093908343655
"Alambardar_Hussain_Rizvi",0.486093908343655
"Ali_Muhammad_Memon",0.486093908343655
"Amin",0.486093908343655
"Aminul_Haque",0.486093908343655
"Anwar_Ali_Khan",0.486093908343655
"Anwer_Sial_Bhai_",0.486093908343655
"Arbab_Abdul_Ghani_Kasi",0.486093908343655
"Arif_Jamal",0.486093908343655
"Arshad_Abdullah_Vohra",0.486093908343655
"Arshad_Iqbal",0.486093908343655
"Arshad_Mahmood_Rabbani",0.486093908343655
"Asad_Ullah_Shah",0.486093908343655
"Asghar_Ali_Parhiar",0.486093908343655
"Asghar_Ali_Parhiar_Advocate",0.486093908343655
"Ashfaq",0.486093908343655
"Atta_Shaikh_Advocate",0.486093908343655
"Aziz_Ullah_Marwat",0.486093908343655
"Babar_Siraj_Mirza",0.486093908343655
"Basir_Ahmad",0.486093908343655
"Begum_Tahira_Asif",0.486093908343655
"Bilal_Hussain",0.486093908343655
"Bisma_Asif",0.486093908343655
"Ch__Hamid_Ali_Wahla",0.486093908343655
"Ch__Muahmmad_Shabbir_Kamboh",0.486093908343655
"Ch__Muhammad_Safdar_Jamna",0.486093908343655
"Ch__Muhammad_Suleman_Gujar",0.486093908343655
"Ch__Zafar_Iqbal",0.486093908343655
"Ch_Abdul_Qayyum_Bajwa_Advocate",0.486093908343655
"Ch_Khalid_Hussain_Bhatti_Advocate",0.486093908343655
"Chaudhry_Iftikhar_Ahmed_Siddhu_Advocate",0.486093908343655
"Chaudhry_Javed_Sarwar",0.486093908343655
"Chaudhry_Munawar_Hafeez",0.486093908343655
"Choudhary_Anwar_Ali_Gill_Advocate",0.486093908343655
"Choudhary_Muhammad_Ilyas",0.486093908343655
"Dev_Das",0.486093908343655
"Dildar_Ahmed_Khaskheli",0.486093908343655
"Doctor_Asif_Rafique",0.486093908343655
"Doctor_Hafiz_Mohammad_Sarwar_Joyia",0.486093908343655
"Dr__Abdul_Qadir_Khanzada",0.486093908343655
"Dr__Ejaz_Hussain",0.486093908343655
"Dr__Farooq_Sattar",0.486093908343655
"Dr__K_s__Mujahid_Khan_Baloch",0.486093908343655
"Dr__Khalid_Maqbool_Siddiqui",0.486093908343655
"Dr__Lala_Rukh_Mustafa",0.486093908343655
"Dr__Muhammad_Ayoub_Shaikh",0.486093908343655
"Dr__Muhammad_Farooq_Sattar",0.486093908343655
"Dr__Mumtaz_Ali_Chandio",0.486093908343655
"Dr__Taj_Hussain_Fani",0.486093908343655
"Dr_Abdul_Razaque_Lashari",0.486093908343655
"Dr_imam_Bux_Khilji",0.486093908343655
"Dr_Muhammad_Musa_Advocate",0.486093908343655
"Dr_nadeem_Ehsan",0.486093908343655
"Dr_Zaib_Un_Nisa",0.486093908343655
"Engineer_Afridi",0.486093908343655
"Engineer_Muhammad_Zakir",0.486093908343655
"Fahmida_Shah_Bukhari",0.486093908343655
"Faiz_Muhammad",0.486093908343655
"Farhan_Chishti",0.486093908343655
"Farhat_Muhammad_Khan",0.486093908343655
"Farkhanda_Khalid",0.486093908343655
"Farrukh_Hussain",0.486093908343655
"Fayyaz_Ali",0.486093908343655
"Fazal_Ul_Rehman",0.486093908343655
"Feroz_Khan",0.486093908343655
"Fouzia_Hameed",0.486093908343655
"Ghaman",0.486093908343655
"Ghazanfar_Anjum_Yousafzai_Advocate",0.486093908343655
"Ghazi_Salahuddin",0.486093908343655
"Ghulam_Akber_Mallah",0.486093908343655
"Ghulam_Asghar_Rind",0.486093908343655
"Ghulam_Farooq_Shahwani",0.486093908343655
"Ghulam_Muhammad_Rajoka",0.486093908343655
"Ghulam_Murtza_Solangi",0.486093908343655
"Ghulam_Mustafa_Sumsam_Qureshi",0.486093908343655
"Ghulam_Yasin",0.486093908343655
"Gulzar_Ali_Mugheri",0.486093908343655
"Habibullah_Khan",0.486093908343655
"Hafeezuddin",0.486093908343655
"Hafiz_Muhammad_Hanif",0.486093908343655
"Haji_Muhammad_Saeed_Arian",0.486093908343655
"Hamid_Mehmood",0.486093908343655
"Hassan_Sabir",0.486093908343655
"Heer_Soho",0.486093908343655
"Hubdar_Ali",0.486093908343655
"Humayu_Usman",0.486093908343655
"Hussain_Bakhsh_Panhwar",0.486093908343655
"Iftikhar_Mughal",0.486093908343655
"Imran_Khan_Rajput",0.486093908343655
"Imtiaz_Ali",0.486093908343655
"Imtiaz_Ali_Lakho",0.486093908343655
"Inayat_Ali_Rind",0.486093908343655
"Inayat_Ul_Haq",0.486093908343655
"Iqbal_Muhammad_Ali_Khan",0.486093908343655
"Irfan_Ali_Bikak",0.486093908343655
"Irfan_Siddique",0.486093908343655
"Irshad_Bano",0.486093908343655
"Izhar_Ul_Haq_Qureshi_Siddiqui",0.486093908343655
"Junaid_Ahmed_Samejo",0.486093908343655
"Junaid_Tariq_Qureshi_Advocate",0.486093908343655
"Kaleem_Khan",0.486093908343655
"Karim_Khan",0.486093908343655
"Kashif_Ali_Khan",0.486093908343655
"Khair_Bux_Khosa",0.486093908343655
"Khalid_Maqbool_Siddiqui",0.486093908343655
"Khawaja_Awais_Mushtaq",0.486093908343655
"Khawaja_Izhar_Ul_Hassan",0.486093908343655
"Khawaja_Sohail_Mansoor",0.486093908343655
"Khursheed_Abbas",0.486093908343655
"Khursheed_Ali",0.486093908343655
"Khushbakht_Shujat",0.486093908343655
"Kiran_Muhammad_Ali",0.486093908343655
"Kokab_Bukhari",0.486093908343655
"m_Ameen_Watoo",0.486093908343655
"Mahrukh_Mirza",0.486093908343655
"Major_r__Habib_Ur_Rehman_Khan_Myo_Advocate",0.486093908343655
"Makhdoom_Syyed_Zawar_Hussain",0.486093908343655
"Malik_Abdul_Hameed_Awan",0.486093908343655
"Malik_Abdul_Rehman_Dehwar",0.486093908343655
"Malik_Ameer_Abdullah_Awan",0.486093908343655
"Malik_Amjid_Hussain_Uttera",0.486093908343655
"Malik_Aurang_Zaib_Awan",0.486093908343655
"Malik_Ejaz_Ahmad_Channar",0.486093908343655
"Malik_Javed_Khan",0.486093908343655
"Malik_Mazhar_Hussain",0.486093908343655
"Malik_Muhammad_Asif_Awan",0.486093908343655
"Malik_Muhammad_Asim",0.486093908343655
"Malik_Subhoh_Saddiq",0.486093908343655
"Malik_Tanveer_Hussain",0.486093908343655
"Malik_Zafar_Iqbal_Boorh",0.486093908343655
"Mangharam",0.486093908343655
"Manzoor_Joori",0.486093908343655
"Maqsood_Ahmed_Awan",0.486093908343655
"Maryam_Bibi",0.486093908343655
"Maulana_Noor_Ul_Haq",0.486093908343655
"Mazhar_Ali_Alvi",0.486093908343655
"Mazhar_Hussain",0.486093908343655
"Mehar_Tajamal_Hussain_Luck",0.486093908343655
"Mehboob_Alam",0.486093908343655
"Mehmood_Qadir_Khanzada",0.486093908343655
"Mehr_Tariq_Maqsood_Advocate",0.486093908343655
"Mian_Aftab_Ahmad_Qureshi",0.486093908343655
"Mian_Muhammad_Ateeq_Sheikh",0.486093908343655
"Mian_Nadeem_Anwar",0.486093908343655
"Mian_Sarfraz_Watto",0.486093908343655
"Mian_Tariq_Ali_Bodla",0.486093908343655
"Mihtab_Hayat_Khan",0.486093908343655
"Mir_Sanaullah_Khan_Murghazani",0.486093908343655
"Mirza_Muhammad_Jameel_Raza",0.486093908343655
"Mohammad_Salman_Khan_Baloch",0.486093908343655
"Mohammad_Umer_Agha_Awaan",0.486093908343655
"Mohammad_Zubair_Anjum",0.486093908343655
"Mohsin_Badshah_Advocate",0.486093908343655
"Mr__Ghulam_Mohiuddin_Durrani__Advocate_",0.486093908343655
"Mr__Rana_Fateh_Muhammad_Rajput",0.486093908343655
"Mr_ferozuddin_Narejo",0.486093908343655
"Mrs__Khush_Bakhat_Shujaat",0.486093908343655
"Mudassar_Ejaz",0.486093908343655
"Muhamamd_Moin_Aamer_Pirzada",0.486093908343655
"Muhammad_Abdul_Rauf_Siddiqui",0.486093908343655
"Muhammad_Adrees",0.486093908343655
"Muhammad_Akhtar",0.486093908343655
"Muhammad_Akram_Arain_Advocate",0.486093908343655
"Muhammad_Aleem",0.486093908343655
"Muhammad_Ali_Jawad",0.486093908343655
"Muhammad_Ali_Rodeni",0.486093908343655
"Muhammad_Amin_Wattoo_",0.486093908343655
"Muhammad_Anwar_Khantareen",0.486093908343655
"Muhammad_Arif_Brohi",0.486093908343655
"Muhammad_Asif_Jah",0.486093908343655
"Muhammad_Aslam__Retired_",0.486093908343655
"Muhammad_Hafeez_Tabassum",0.486093908343655
"Muhammad_Hanif_Ansari",0.486093908343655
"Muhammad_Hussain_Awan",0.486093908343655
"Muhammad_Ilyas",0.486093908343655
"Muhammad_Imran_Gill",0.486093908343655
"Muhammad_Imran_Ijaz_Butt",0.486093908343655
"Muhammad_Jan_Rind",0.486093908343655
"Muhammad_Jawed_Hanif_Khan",0.486093908343655
"Muhammad_Jumma_Changazi",0.486093908343655
"Muhammad_Junaid_Niaz_Siddiqui",0.486093908343655
"Muhammad_Meraj_Ahmed",0.486093908343655
"Muhammad_Mureed_Brohi",0.486093908343655
"Muhammad_Muzammil_Qureshi",0.486093908343655
"Muhammad_Pervaiz",0.486093908343655
"Muhammad_Ramzan_Lashari",0.486093908343655
"Muhammad_Rashid_Saleem_Khanzada",0.486093908343655
"Muhammad_Rehan_Hashmi",0.486093908343655
"Muhammad_Roshan_Khan",0.486093908343655
"Muhammad_Saeed_Anwar",0.486093908343655
"Muhammad_Saleem",0.486093908343655
"Muhammad_Saleem_Langah",0.486093908343655
"Muhammad_Sarwar_Alvi",0.486093908343655
"Muhammad_Shafique_Bhatti",0.486093908343655
"Muhammad_Talib_Bhatti",0.486093908343655
"Muhammad_Tariq_Pachar",0.486093908343655
"Muhammad_Tufail_Thakar_Advocate",0.486093908343655
"Muhammad_Zakir_Shaikh",0.486093908343655
"Muhammad_Zunbair_Anjum",0.486093908343655
"Mujahid_Abbas_Khan",0.486093908343655
"Mulana_Abdul_Baqi_Torkhel",0.486093908343655
"Mumtaz_Bhai",0.486093908343655
"Munawar_Ali_Chohan",0.486093908343655
"Munawar_Ali_Choohan_",0.486093908343655
"Munir_Ahmed_Pathan",0.486093908343655
"Munzleen",0.486093908343655
"Mushtaq_Ali",0.486093908343655
"Mustafa_Kamal",0.486093908343655
"Muzammil_Hussain_Joyia",0.486093908343655
"Nadeem_Brohi_Bhai",0.486093908343655
"Naeem_Ajmal_Khan_Lashari_Bedar",0.486093908343655
"Najma",0.486093908343655
"Naseem_Akhtar",0.486093908343655
"Naseer_Ahmed_Farooqi",0.486093908343655
"Nasir_Ayyub_Awan_Advocate",0.486093908343655
"Naveed_Akhter_Khan",0.486093908343655
"Naveed_Hasan",0.486093908343655
"Nawab_Ali",0.486093908343655
"Nazir_Ahmed_Abbasi",0.486093908343655
"Nazir_Hussain",0.486093908343655
"Nazli_Ifat_Tabasum",0.486093908343655
"Nisar_Ahmed_Shar",0.486093908343655
"Nisar_Ahmed_Sultan_Tanoli",0.486093908343655
"Noor_Ahmad",0.486093908343655
"Noor_Mohammad_Sahito",0.486093908343655
"Paras",0.486093908343655
"Peer_Nasir_Saqlalin_Muhammadi",0.486093908343655
"Pir_Bux_Solangi",0.486093908343655
"Pir_Syed_Farzand_Ali_Shah",0.486093908343655
"Pir_Zaman_Shah",0.486093908343655
"Poonjo_Bheel_Advocate",0.486093908343655
"Prem_Chand",0.486093908343655
"Prof__Mushtaq_Hussain_Mughal",0.486093908343655
"Prof_muhammad_Sagheer_Choudhary_",0.486093908343655
"Professor_Khursheed_Ahmed_Siddiqui",0.486093908343655
"Qalib_Abbas_Malik",0.486093908343655
"Qayum_Khan",0.486093908343655
"Rai_Muhammad_Younas",0.486093908343655
"Raja_Ajaz_Hussain",0.486093908343655
"Rana_Abdul_Rehman_Sultani",0.486093908343655
"Rana_Farhat_Ali_Advocate",0.486093908343655
"Rana_Muhamamd_Ashraf",0.486093908343655
"Rana_Muhammad_Abu_Bakar",0.486093908343655
"Rana_Muhammad_Arif_Raza",0.486093908343655
"Rana_Muhammad_Arshad_Khan",0.486093908343655
"Rana_Nisar_Ahmed",0.486093908343655
"Rana_Sajid_Mehmood_Advocate",0.486093908343655
"Rana_Zafar_Ali_Khan",0.486093908343655
"Rana_Zahoor_Ul_Haq_Advocate",0.486093908343655
"Rana_Zulqarnain_Khan",0.486093908343655
"Rao_Abdul_Qayoum_Khan_Advocate",0.486093908343655
"Rao_Abdul_Qayyum_Khan_Advocate",0.486093908343655
"Rao_Muhammad_Farman_Uarf_Chotu_Chacha",0.486093908343655
"Razia_Iqbal",0.486093908343655
"Razziq_Mehmood_Bhatti",0.486093908343655
"Riaz_Shar",0.486093908343655
"Rizwan_Zafar",0.486093908343655
"S_a_iqbal_Qadri",0.486093908343655
"Saba_Anwar",0.486093908343655
"Sadiq_Iftikhar",0.486093908343655
"Saifullah_Khan",0.486093908343655
"Sajid_Ahmed",0.486093908343655
"Sajid_Wahab_Khanzada",0.486093908343655
"Sajjad_Ahmad_Naseem",0.486093908343655
"Sakhi_Dad_Mari",0.486093908343655
"Salahuddin",0.486093908343655
"Samia_Naz",0.486093908343655
"Sardar_Afzaal_Ahmed_Madahar_Advocate",0.486093908343655
"Sardar_Ameer_Qalam_Awan",0.486093908343655
"Sardar_Ghulam_Mujtaba_Khan",0.486093908343655
"Sardar_Nabeel_Ahmed_Gabol",0.486093908343655
"Sarfaraz_Khan",0.486093908343655
"Sarwar_Khan_Lashri_Advocate_High_Court_",0.486093908343655
"Shabbir_Ahmed_Qaimkhani",0.486093908343655
"Shah_Nawaz_Mahar",0.486093908343655
"Shahid_Akram",0.486093908343655
"Shahid_Khan_Advocate",0.486093908343655
"Shahid_Parvaiz_Dogar_Advocate",0.486093908343655
"Shahid_Sultan",0.486093908343655
"Shahinshah_Khuddar",0.486093908343655
"Shaikh_Salahuddin",0.486093908343655
"Shakeel_Ahmed",0.486093908343655
"Shaukatullah_Farooqui",0.486093908343655
"Shehbaz_Khan_Umrani",0.486093908343655
"Shehzad_Asif_Javed",0.486093908343655
"Sheikh_Qaisar_Javed",0.486093908343655
"Sheikh_Salahuddin",0.486093908343655
"Sher_Muhammad_Nohri",0.486093908343655
"Siraj-Ud-Din",0.486093908343655
"Sohail_Ahmed_Abbasi",0.486093908343655
"Sufyan_Yousuf",0.486093908343655
"Suhail_Ahmed_Abbasi_Advocate_",0.486093908343655
"Suheno",0.486093908343655
"Syed_Akhter_Ul_Iqbal_Qadri",0.486093908343655
"Syed_Ali_Abbas_Shah",0.486093908343655
"Syed_Ali_Raza_Abidi",0.486093908343655
"Syed_Ashraf_Hussain_Shah",0.486093908343655
"Syed_Asif_Hasnain",0.486093908343655
"Syed_Baqar_Ahsan",0.486093908343655
"Syed_Farzand_Ali_Shah",0.486093908343655
"Syed_Ghulam_Shabbir_Shah",0.486093908343655
"Syed_Haider_Abbas_Rizvi",0.486093908343655
"Syed_Imran_Abdullah_so_Syed_Muhammd_Abdullah_Shah",0.486093908343655
"Syed_Imran_Hyder_Shah",0.486093908343655
"Syed_Iqbal_Hussain",0.486093908343655
"Syed_Jamil_Ur_Rab",0.486093908343655
"Syed_Jehan_Shah__Retd_",0.486093908343655
"Syed_Munir_Ul_Haq_Advocate_Attock",0.486093908343655
"Syed_Murtaza_Hussain_Shah",0.486093908343655
"Syed_Nadeem_Hyder_Shah_Advocate",0.486093908343655
"Syed_Nadeem_Mansoor",0.486093908343655
"Syed_Naveed_Anjum_Bukhari",0.486093908343655
"Syed_Rafi_Uddin",0.486093908343655
"Syed_Riffat_Hussain_Shah",0.486093908343655
"Syed_Tayyab_Hussain",0.486093908343655
"Syed_Waseem_Hussain",0.486093908343655
"Syed_Zafar_Iqbal_Bukhari",0.486093908343655
"Syed_Zahid_Ali_Shah",0.486093908343655
"Ubedullah",0.486093908343655
"Waheed_Ahmed_Mughal",0.486093908343655
"Waheed_Ud_Din",0.486093908343655
"Walidad",0.486093908343655
"Waseem_Ahmed",0.486093908343655
"Waseem_Akhter",0.486093908343655
"Wasiullah_Lakhoo",0.486093908343655
"Wing_Commander_r__Muhammad_Nawaz_Asim",0.486093908343655
"Zaheer_Ahmed",0.486093908343655
"Zahid_Ali_Ujjan",0.486093908343655
"Zahid_Mehmood_Kiani",0.486093908343655
"Zair_Ullah_Khan",0.486093908343655
"Zameer_Ahmed",0.486093908343655
"Zeeshan_Hasan_Sidhu_Advocate",0.486093908343655
"Zulfiqar_Ali",0.486093908343655
"Mian_Muhammad_Rasheed",0.485820391627279
"Muhammad_Saeed",0.485056179775281
"Fida_Muhammad",0.485056179775281
"Muhammad_Kashif",0.484947202875758
"Abbas_Khan_Afridi",0.484947202875758
"Abdul_Ghaffar_Dogar",0.484947202875758
"Abdul_Hameed_Rajput",0.484947202875758
"Abdul_Hamid_Orakzai",0.484947202875758
"Abdul_Khaliq_Khar",0.484947202875758
"Abdul_Majeed_Khan",0.484947202875758
"Abdul_Qadeer",0.484947202875758
"Abdul_Qadir_Khan",0.484947202875758
"Abdul_Rehman_Khan_Kanju",0.484947202875758
"Abdul_Subhan",0.484947202875758
"Abdulkhaliq",0.484947202875758
"Abdullah_Sheedi",0.484947202875758
"Abid_Ali",0.484947202875758
"Abid_Ali_",0.484947202875758
"Abid_Azeem",0.484947202875758
"Abid_Sheer_Ali",0.484947202875758
"Adrees_Bajwa_",0.484947202875758
"Agha_Muhammad_Munwar",0.484947202875758
"Ahmad_Atteeq_Anwer",0.484947202875758
"Ahmad_Hussain_Dehar",0.484947202875758
"Ahsan_Iqbal",0.484947202875758
"Akhlaq_Younas",0.484947202875758
"Akhtar_Hussain_Jadoon",0.484947202875758
"Akhtiar_Wali",0.484947202875758
"Akhundzada_Badruddin",0.484947202875758
"Alam_Dad_Laleka",0.484947202875758
"Alamzeb_Khan",0.484947202875758
"Alhaj_Muhammad_Farid_Mufakkar",0.484947202875758
"Ali_Gohar_Khan",0.484947202875758
"Ali_Mohammad_Khan_Juna_Advocate",0.484947202875758
"Ali_Raza_Cholyani",0.484947202875758
"Ali_Sher_Khan",0.484947202875758
"Ali_Zahid",0.484947202875758
"Allando_Shah_Alias_Zafar_Ali_Shah",0.484947202875758
"Amir_Muqam",0.484947202875758
"Amir_Talal_Gopang",0.484947202875758
"Ammar_Ahmad_Khan_Leghari",0.484947202875758
"Anjum_Aqeel_Khan",0.484947202875758
"Arshad_Manan_Yousaf_Zai",0.484947202875758
"Asghar_Ali_Awan",0.484947202875758
"Asif_Ali_Malik",0.484947202875758
"Asif_Aqeel",0.484947202875758
"Aslam_Bodla",0.484947202875758
"Atta_Ullah_Tarar",0.484947202875758
"Azad_Ali_Tabassum",0.484947202875758
"Azhar_Qayyum_Nahra",0.484947202875758
"Azhar_Qayyum_Nehra",0.484947202875758
"Babar_Nawaz_Khan",0.484947202875758
"Bashir_Ahmed",0.484947202875758
"Baz_Gul_Afridi",0.484947202875758
"Begum_Tehmina_Doultana",0.484947202875758
"Bilal_Azhar_Kayani",0.484947202875758
"Bilal_Yaseen",0.484947202875758
"Capt_r_Muhammad_Safdar",0.484947202875758
"Ch__Abid_Raza",0.484947202875758
"Ch__Ashfaq_Ahmed_Mattu",0.484947202875758
"Ch__Mehmood_Bashir_Virk",0.484947202875758
"Ch__Mubashir_Hussain",0.484947202875758
"Ch__Muhammad_Jafar_Iqbal",0.484947202875758
"Ch__Muhammad_Riaz",0.484947202875758
"Ch__Nisar_Ali_Khan",0.484947202875758
"Ch__Safdar-Ur-Rehman",0.484947202875758
"Ch__Saud_Majeed",0.484947202875758
"Ch_Armaghan_Subhani",0.484947202875758
"Ch_Asad_Ur_Rehman",0.484947202875758
"Ch_bilal_Ahmed_Virk",0.484947202875758
"Ch_Jaffar_Iqbal",0.484947202875758
"Ch_muhammad_Ali_Gujar__Advocate",0.484947202875758
"Ch_Muhammad_Ashraf",0.484947202875758
"Ch_muhammad_Munir_Azhar",0.484947202875758
"Ch_Nadeem_Abbas_Rebera",0.484947202875758
"Ch_Nisar_Ali_Khan",0.484947202875758
"Chaudhary_Abid_Raza",0.484947202875758
"Chaudhary_Asad-Ur-Rehman",0.484947202875758
"Chaudhary_Asad_Ur_Rehman",0.484947202875758
"Chaudhary_Farrukh_Altaf",0.484947202875758
"Chaudhary_Iftikhar_Nazir",0.484947202875758
"Chaudhary_Khalid_Javed",0.484947202875758
"Chaudhary_Mahmood_Bashir_Virk",0.484947202875758
"Chaudhary_Muhammad_Ashraf",0.484947202875758
"Chaudhary_Muhammad_Ashraf_Gujjar",0.484947202875758
"Chaudhary_Muhammad_Barjees_Tahir",0.484947202875758
"Chaudhary_Muhammad_Iqbal",0.484947202875758
"Chaudhary_Muhammad_Shahbaz_Babar",0.484947202875758
"Chaudhary_Naseer_Ahmed_Sidhu",0.484947202875758
"Chaudhary_Nazeer_Ahmad",0.484947202875758
"Chaudhary_Nazir_Ahmad",0.484947202875758
"Chaudhary_Nisar_Ali_Khan",0.484947202875758
"Chaudhry_Khadim_Hussain",0.484947202875758
"Chaudhry_Khalid_Javed_Warraich",0.484947202875758
"Chaudhry_Mahmood_Bashir_Virk",0.484947202875758
"Chaudhry_Muhammad_Jamil_Johar_Advocate",0.484947202875758
"Chaudhry_Muhammad_Munir_Azhar",0.484947202875758
"Chaudhry_Naseer_Ahmed_Bhutta",0.484947202875758
"Chaudry_Armaghan_Subhani",0.484947202875758
"Choudhary_Iftikhar_Nazir",0.484947202875758
"Choudhary_Muhammad_Barjees_Tahir",0.484947202875758
"Choudhry_Muhammad_Shahbaz_Babar",0.484947202875758
"Choudhry_Muhammad_Tarique",0.484947202875758
"Chudhary_Bilal_Ahmed_Virk",0.484947202875758
"Chudhary_Hamid_Hameed",0.484947202875758
"Col_r__Mian_Muhammad_Akram_Advocate",0.484947202875758
"Daniyal_Ahmed",0.484947202875758
"Danyal_Choudhary",0.484947202875758
"Dewan_Ashiq_Hussain_Bukhari",0.484947202875758
"Dewan_Syed_Jaffar_Hussain",0.484947202875758
"Dilawar_Khan",0.484947202875758
"Doctor_Hafeez_Ur_Rehman_Khan_Drishak",0.484947202875758
"Doctor_Liaquat_Ali_Khan",0.484947202875758
"Dr__Abu-Ul-Hassan_Ansari",0.484947202875758
"Dr__Azeem-Ud-Din_Zahid_Lakhvi",0.484947202875758
"Dr__Imtiaz_Ahmed",0.484947202875758
"Dr__Mian_Akhtar_Ali_Lalika",0.484947202875758
"Dr__Muhammad_Afzal_Khan_Dhandla",0.484947202875758
"Dr__Syed_Ali_Hyder_Shah",0.484947202875758
"Dr__Tariq_Fazal_Chudhary",0.484947202875758
"Dr__Zulfiqar_Ali_Bhatti",0.484947202875758
"Dr_hafiz_Shabbir_Ahmed",0.484947202875758
"Dr_Rahila_Gul_Magsi",0.484947202875758
"Dr_syed_Khawar_Ali_Shah",0.484947202875758
"Dr_tariq_Fazal_Chaudhry",0.484947202875758
"Ehsan-Ul-Haq_Idrees_Advocate",0.484947202875758
"Ehsan_Ul_Haq_Bajwa",0.484947202875758
"Engineer_Abdul_Munim_Khan",0.484947202875758
"Engineer_Iqbal_Zafar_Jhagra",0.484947202875758
"Engineer_Khuram_Dastgir_Khan",0.484947202875758
"Engr_Khurram_Dastgir_Khan",0.484947202875758
"Faheem_Advocate",0.484947202875758
"Faiz_Muhammad_Khan",0.484947202875758
"Farah_Awan_Advocate",0.484947202875758
"Farah_Khan",0.484947202875758
"Farhat_Ullah_Khan",0.484947202875758
"Farid_Khan_Yousafzai",0.484947202875758
"Farkhanda_Amjad_Waraich",0.484947202875758
"Furqan_Ali",0.484947202875758
"Ghalib_Khan",0.484947202875758
"Ghani_Ur_Rehman",0.484947202875758
"Ghulam_Hyder_Phulpoto",0.484947202875758
"Ghulam_Muhammad_Lali",0.484947202875758
"Ghulam_Rasool_Sahi",0.484947202875758
"Ghulam_Shoaib",0.484947202875758
"Hafeez_Ur_Rehman_Khan_Drishak",0.484947202875758
"Hafiz_Abdul_Kareem",0.484947202875758
"Hafiz_Abdul_Karim",0.484947202875758
"Hafiz_Masroor_Lateef",0.484947202875758
"Haji_Arz_Muhammad_Barech",0.484947202875758
"Haji_Jamal_Shah_Kakar",0.484947202875758
"Haji_Javed_Iqbal_Jat",0.484947202875758
"Haji_Muhammad_Akram_Ansari",0.484947202875758
"Haji_Muzaffar_Ali_Shajra",0.484947202875758
"Haji_Waris_Khan_Achakzai",0.484947202875758
"Haji_Zar_Khan_Safi",0.484947202875758
"Hameer_Imdad_Unar",0.484947202875758
"Hammad_Nawaz_Khan",0.484947202875758
"Hamza_Shahbaz_Sharif",0.484947202875758
"Hizbullah_Gandapur",0.484947202875758
"Humair_Hayat_Khan_Rokhari",0.484947202875758
"Husnain_Rashid",0.484947202875758
"Ibadullah",0.484947202875758
"Iftikhar_Uddin",0.484947202875758
"Ihasn_Kareem_Qureshi",0.484947202875758
"Ijaz_Ahmed_Chaudhary",0.484947202875758
"Illah_Bukhsh_Soomro",0.484947202875758
"Illahi_Bux_Soomro",0.484947202875758
"Imtiaz_Ahmad_Gondal",0.484947202875758
"Inamullah_Khan_Niazi",0.484947202875758
"Iqbal_Zaffar_Jhagra",0.484947202875758
"Irfan_Aziz_Kurd",0.484947202875758
"Ishtiaq_Ahmed_Advocate",0.484947202875758
"Jam_Kamal_Khan",0.484947202875758
"Jamil_Ahmad_Khan",0.484947202875758
"Javaid_Ibrahim_Paracha",0.484947202875758
"Javed_Akhter",0.484947202875758
"Jehanzeb_Khan",0.484947202875758
"Justice_r__Iftikhar_Ahmad_Cheema",0.484947202875758
"Justice_r_Iftikhar_Ahmad_Cheema",0.484947202875758
"Kaleem_Akbar_Durrani",0.484947202875758
"Kalim_Akbar",0.484947202875758
"Khalid_Aziz",0.484947202875758
"Khawaja_Ahmad_Hassan",0.484947202875758
"Khawaja_Muhammad_Asif",0.484947202875758
"Khawaja_Muhammad_Asif_",0.484947202875758
"Khawaja_Saad_Rafique",0.484947202875758
"Khudai_Noor",0.484947202875758
"Khurram_Dastagir_Khan",0.484947202875758
"Liaqat_Ahmed_Khan",0.484947202875758
"Liaquat_Ali_Jamali",0.484947202875758
"Lt_Gen_r__Salah-Ud-Din_Trimzi",0.484947202875758
"Lt_gen_r_Abdul_Qadir_Baloch",0.484947202875758
"m_Aslam_Buledi",0.484947202875758
"m_Junaid_Anwar_Chaudhary",0.484947202875758
"Mailk_Sohail_Khan",0.484947202875758
"Major_r_Amir_Aziz_Kurd",0.484947202875758
"Major_Rtd_Tahir_Iqbal",0.484947202875758
"Makdum_Syed_Ahmad_Alam_Anwer",0.484947202875758
"Makhadom_Jamil_Ahmed_Hussain_Bukhari",0.484947202875758
"Makhdoom_Faisal_Saleh_Hayat",0.484947202875758
"Makhdoom_Moeen_Uddin_Ali",0.484947202875758
"Makhdoom_Moin_Ud_Din_Ali_Hashmi",0.484947202875758
"Makhdoom_Muhammad_Javed_Hashmi",0.484947202875758
"Makhdoom_Syed_Ali_Hassan_Gillani",0.484947202875758
"Makhdoom_Syed_Sami_Ul_Hassan_Gilani",0.484947202875758
"Makhdoomzada_s_b_a_Sultan",0.484947202875758
"Malak_Muhammad_Zeb_Khan",0.484947202875758
"Malak_Syed_Ahmad",0.484947202875758
"Malik_Abdul_Ghaffar_Dogar",0.484947202875758
"Malik_Abrar_Ahmad",0.484947202875758
"Malik_Akhtar_Hussain_Awan",0.484947202875758
"Malik_Ghulam_Qasim_Hanjra",0.484947202875758
"Malik_Ibrar_Ahmed",0.484947202875758
"Malik_Ihtebar_Khan",0.484947202875758
"Malik_Iqbal_Mehdi_Khan",0.484947202875758
"Malik_Khalid_Naeem",0.484947202875758
"Malik_Majid_Bucha",0.484947202875758
"Malik_Maula_Dad_Khan_Sherani_",0.484947202875758
"Malik_Muhammad_Afzal_Khokhar",0.484947202875758
"Malik_Muhammad_Asad_Khan",0.484947202875758
"Malik_Muhammad_Basit_Khar",0.484947202875758
"Malik_Muhammad_Iqbal_Chanar",0.484947202875758
"Malik_Saif_Ul_Malook_Khokar",0.484947202875758
"Malik_Shakeel_Ahmed_Awan",0.484947202875758
"Malik_Shakir_Bashir_Awan",0.484947202875758
"Malik_Sultan_Mehmood",0.484947202875758
"Mansoor_Kamal_Marwat",0.484947202875758
"Maryam_Nawaz_Sharif",0.484947202875758
"Mehar_Ishtiaq_Ahmad",0.484947202875758
"Mian_Abdul_Manan",0.484947202875758
"Mian_Abdul_Mannan_",0.484947202875758
"Mian_Abdul_Rasheed",0.484947202875758
"Mian_Faiz-Ul-Hassan",0.484947202875758
"Mian_Imtiaz_Ahmad",0.484947202875758
"Mian_Imtiaz_Ahmed",0.484947202875758
"Mian_Javed_Latif",0.484947202875758
"Mian_Manzoor_Hussain",0.484947202875758
"Mian_Margoob_Ahmad",0.484947202875758
"Mian_Muhammad_Arshad_Abbas_Qureshi",0.484947202875758
"Mian_Muhammad_Farooq",0.484947202875758
"Mian_Muhammad_Ilyas_Rasheed",0.484947202875758
"Mian_Muhammad_Nawaz_Sharif",0.484947202875758
"Mian_Muhammad_Qasim_Farooq_",0.484947202875758
"Mian_Muhammad_Shahbaz_Sharif",0.484947202875758
"Mian_Muhammad_Sharif_Zafar_Joia",0.484947202875758
"Mian_Najibuddin_Awaisi",0.484947202875758
"Mian_Riaz_Hussain_Peerzada",0.484947202875758
"Mian_Shahid_Hussain_Khan",0.484947202875758
"Mian_Shahid_Hussain_Khan_Bhatti",0.484947202875758
"Mian_Yawar_Zaman",0.484947202875758
"Mir_Amanullah_Talpur",0.484947202875758
"Mir_Atta_Ullah",0.484947202875758
"Mir_Dosteen_Khan_Domki",0.484947202875758
"Mir_Khan_Muhammad_Jamali",0.484947202875758
"Mir_Mehrullah_Khan_Umrani",0.484947202875758
"Mohammad_Riyaz",0.484947202875758
"Mohmmad-Ul-Mulk__Akhon_Zada_",0.484947202875758
"Mohsin_Shah_Nawaz_Ranjah",0.484947202875758
"Mohsin_Shah_Nawaz_Ranjha",0.484947202875758
"Mohsin_Shahnawaz_Ranjha",0.484947202875758
"Mohtarmatehmina_Doultana",0.484947202875758
"Moin_Khan",0.484947202875758
"Molana_Asif_Muawia",0.484947202875758
"Mr__Makhdoom_Shah_Nawaz_Qureshi",0.484947202875758
"Mr_babu_Sarfraz_Khan_Jatoi",0.484947202875758
"Mr_liaquat_Ali_Jatoi",0.484947202875758
"Mrs_Amjad_Ali_Warraich",0.484947202875758
"Muhabbat_Khan",0.484947202875758
"Muhammad_Abad",0.484947202875758
"Muhammad_Abdul_Ghaffar_Watto",0.484947202875758
"Muhammad_Afzal_Khokhar",0.484947202875758
"Muhammad_Akbar_Khan",0.484947202875758
"Muhammad_Akhtar_Khan_Kanjoo",0.484947202875758
"Muhammad_Akhtar_Khan_Kanju",0.484947202875758
"Muhammad_Akhter_Khadam_Alias_Khadam_Hussain",0.484947202875758
"Muhammad_Akram_Mughal",0.484947202875758
"Muhammad_Amjad_Farooq_Khan_Khosa",0.484947202875758
"Muhammad_Arif_Ch",0.484947202875758
"Muhammad_Arshad_Khan_Laghari",0.484947202875758
"Muhammad_Asad_Ali_Khan_Junejo",0.484947202875758
"Muhammad_Asim_Nazeer",0.484947202875758
"Muhammad_Aslam_Khan_Khattak",0.484947202875758
"Muhammad_Azhar_Khan_Laghari",0.484947202875758
"Muhammad_Baleegh-Ur-Rehman",0.484947202875758
"Muhammad_Baligh_Ur_Rehman",0.484947202875758
"Muhammad_Barjees_Tahir",0.484947202875758
"Muhammad_Faiz_Tamman",0.484947202875758
"Muhammad_Farooq_Baha-Ul-Haq_Shah",0.484947202875758
"Muhammad_Hamid_Hameed",0.484947202875758
"Muhammad_Hamza_Shehbaz_Sharif",0.484947202875758
"Muhammad_Hanif_Abbasi",0.484947202875758
"Muhammad_Humair_Hayat_Khan_Niazi",0.484947202875758
"Muhammad_Israr",0.484947202875758
"Muhammad_Jamil_Malik",0.484947202875758
"Muhammad_Junaid_Anwaar_Chaudhry",0.484947202875758
"Muhammad_Junaid_Anwaar_Chudhary",0.484947202875758
"Muhammad_Khan_Daha",0.484947202875758
"Muhammad_Moeen_Wattoo",0.484947202875758
"Muhammad_Mueen_Watto",0.484947202875758
"Muhammad_Nawaz_Sharif",0.484947202875758
"Muhammad_Nazir_Khan",0.484947202875758
"Muhammad_Nisar_Khan",0.484947202875758
"Muhammad_Numan",0.484947202875758
"Muhammad_Pervaiz_Malik",0.484947202875758
"Muhammad_Qasim_Farooq",0.484947202875758
"Muhammad_Riaz_Malik",0.484947202875758
"Muhammad_Sana_Ullah_Khan_Masti_Khel",0.484947202875758
"Muhammad_Shahbaz_Sharif",0.484947202875758
"Muhammad_Shoaib_Khan",0.484947202875758
"Muhammad_Tahir_Ameer_Ghroi",0.484947202875758
"Muhammad_Talal_Chaudhry_",0.484947202875758
"Muhammad_Tallal_Choudhary",0.484947202875758
"Muhammad_Ullah",0.484947202875758
"Muhammad_Usman_Awaisi",0.484947202875758
"Muhammad_Uzair_Khan",0.484947202875758
"Muhammad_Yaqub_Sheikh",0.484947202875758
"Muhammad_Yar_Khan_Kamoka",0.484947202875758
"Muhammad_Yousaf_Kakar",0.484947202875758
"Mukhdoom_Syed_Asad_Murtaza_Geelani",0.484947202875758
"Mukhtar_Ahmed_Malik",0.484947202875758
"Mumtaz_Ahmad_Tarar",0.484947202875758
"Munawar_Hayat_Abbasi",0.484947202875758
"Murtaza_Javed_Abbasi",0.484947202875758
"Mushahid_Raza",0.484947202875758
"Mushahidullah_Khan",0.484947202875758
"Nadeem_Abbas",0.484947202875758
"Naheed_Parveen",0.484947202875758
"Naik_Amal_Khan",0.484947202875758
"Najeeb_Ullah_Khan_Niazi",0.484947202875758
"Nasar_Iqbal_Bosal",0.484947202875758
"Nasir_Iqbal_Bosal",0.484947202875758
"Nasir_Khan_Mosazai",0.484947202875758
"Nawab_Arshad_Ali_Talpur",0.484947202875758
"Nawab_Salman_Khan_Khilji",0.484947202875758
"Nawab_Sher",0.484947202875758
"Nawab_Zada",0.484947202875758
"Nawabzada_Jangaiz_Khan_Marri",0.484947202875758
"Nawabzada_Khawaja_Muhammad_Khan_Hoti",0.484947202875758
"Nawabzada_Mazher_Ali",0.484947202875758
"Niaz_Muhammad_Khan",0.484947202875758
"Nisar_Ahmed_Cheema",0.484947202875758
"Nisar_Akbar_Khan_",0.484947202875758
"Noor_Ul_Hassan_Tanveer",0.484947202875758
"Obaid_Ullah_Khan_Shadi_Khel",0.484947202875758
"Obaid_Ullah_Shadi_Khel",0.484947202875758
"Parveen_Bashir",0.484947202875758
"Pir_Muhammad_Amin_Ul_Hasnat_Shah",0.484947202875758
"Pir_Muhammad_Aslam_Bodla",0.484947202875758
"Pirzada_Muhammad_Ashraf_Zia",0.484947202875758
"Professor_Doctor_Noor_Muhammad_Ghafari",0.484947202875758
"Qadir_Bux",0.484947202875758
"Qaiser_Ahmad_Sheikh",0.484947202875758
"Qaiser_Ahmed_Sheikh",0.484947202875758
"Raees_Khan",0.484947202875758
"Rahim_Bux",0.484947202875758
"Rai_Mansab_Ali_Khan",0.484947202875758
"Rai_Muhammad_Saleem_Raza_Kharral_Advocate",0.484947202875758
"Rai_Salah-Ud-Din",0.484947202875758
"Raja_Javed_Ikhlas",0.484947202875758
"Raja_Muhammad_Asad_Khan",0.484947202875758
"Raja_Muhammad_Javed_Ikhlas",0.484947202875758
"Raja_Muhammad_Safdar",0.484947202875758
"Raja_Osama_Sarwar",0.484947202875758
"Raja_Qamar_Ul_Islam",0.484947202875758
"Rajab_Ali_Khan_Baloch",0.484947202875758
"Rana_Abdul_Sattar_Bin_Rana_Shamim_Ahmed_Khan",0.484947202875758
"Rana_Afzaal_Hussain",0.484947202875758
"Rana_Iradat_Sharif_Khan",0.484947202875758
"Rana_Mahmood-Ul-Hassan",0.484947202875758
"Rana_Mehmood_Ul_Hassan",0.484947202875758
"Rana_Mubasshir_Iqbal",0.484947202875758
"Rana_Muhammad_Afzal_Khan",0.484947202875758
"Rana_Muhammad_Hayat_Khan",0.484947202875758
"Rana_Muhammad_Ishaq_Khan",0.484947202875758
"Rana_Nazir_Ahmad_Khan",0.484947202875758
"Rana_Qasim_Noon",0.484947202875758
"Rana_Sana_Ullah_Khan",0.484947202875758
"Rana_Shamim_Ahmed_Khan",0.484947202875758
"Rana_Tanveer_Hussain",0.484947202875758
"Rana_Umer_Nazir_Khan",0.484947202875758
"Rana_Zahid_Hussain_Khan",0.484947202875758
"Rao_Abid_Rizwan_Shoukat",0.484947202875758
"Rao_Mazhar_Hayyat_Khan",0.484947202875758
"Rao_Muhammad_Mohsin_Ali_Khan",0.484947202875758
"Rasheed_Ahmad_Khan",0.484947202875758
"Rasool_Bux_Jakhro",0.484947202875758
"Rehan_Malik_Advocate",0.484947202875758
"Rehan_Qaiser_Sheikh",0.484947202875758
"Rehmat_Salam_Khattak",0.484947202875758
"Riaz_Ahmad_Khan",0.484947202875758
"Riaz_Ul_Haq",0.484947202875758
"Rooh_Ullah_Khan",0.484947202875758
"Rozina",0.484947202875758
"Saad_Ullah_Tareen",0.484947202875758
"Saad_Waseem",0.484947202875758
"Saboohuddin_Malik",0.484947202875758
"Saddique_Khan_Baloch",0.484947202875758
"Sadia_Shabir",0.484947202875758
"Saeed_Ahmed_Khan_Manais",0.484947202875758
"Saeed_Ahmed_Manais",0.484947202875758
"Sahabzada_Syed_Murtaza_Amin",0.484947202875758
"Sahibzada-Faizul-Hassan",0.484947202875758
"Sahibzada_Faiz_Ul_Hassan",0.484947202875758
"Sahibzada_Haji_Muhammad_Fazal-e-Kareem_",0.484947202875758
"Sahibzada_Muhammad_Tahir_Sultan",0.484947202875758
"Sahibzada_Shabbir_Hassan_Ansari",0.484947202875758
"Saima_Akhtar_Bharwana",0.484947202875758
"Saira_Afzal_Tarar",0.484947202875758
"Saira_Tarar",0.484947202875758
"Sajid_Mehdi",0.484947202875758
"Sajjad_Ahmed_Sohal",0.484947202875758
"Sajjad_Ali",0.484947202875758
"Sajjad_Anwar_Khan",0.484947202875758
"Sakina_Anwer",0.484947202875758
"Salar_Khan",0.484947202875758
"Saleem_Zia",0.484947202875758
"Salman_Hanif",0.484947202875758
"Sardar_Adil_Umar",0.484947202875758
"Sardar_Ayaz_Sadiq",0.484947202875758
"Sardar_Fateh_Muhammad_Hasni",0.484947202875758
"Sardar_Ghulam_Abbas",0.484947202875758
"Sardar_m_Yaqoob_Nasir",0.484947202875758
"Sardar_Mansab_Ali_Dogar",0.484947202875758
"Sardar_Mansab_Ali_Doggar",0.484947202875758
"Sardar_Mehtab_Ahmed_Khan",0.484947202875758
"Sardar_Muhammad_Amjad_Farooq_Khan_Khosa",0.484947202875758
"Sardar_Muhammad_Arshad_Khan_Laghari",0.484947202875758
"Sardar_Muhammad_Irfan_Dogar",0.484947202875758
"Sardar_Muhammad_Jaffar_Khan_Leghari",0.484947202875758
"Sardar_Muhammad_Saif-Ul-Din_Khan_Khosa",0.484947202875758
"Sardar_Muhammad_Shafqat_Hayat_Khan",0.484947202875758
"Sardar_Muhammad_Yaqoob_Khan_Nasir",0.484947202875758
"Sardar_Muhammad_Yousaf",0.484947202875758
"Sardar_Muhammad_Yousaf_Zaman",0.484947202875758
"Sardar_Mumtaz_Khan",0.484947202875758
"Sardar_Noor_Ahmed_Khan_Malaizai",0.484947202875758
"Sardar_Riaz_Mahmood_Khan_Mazari",0.484947202875758
"Sardar_Sanaullah_Zehri",0.484947202875758
"Sarzamin_Khan",0.484947202875758
"Saud_Majeed",0.484947202875758
"Shabbir_Ahmed_Hyderi",0.484947202875758
"Shah_Jee_Gul_Afridi",0.484947202875758
"Shahab_Ud_Din_Khan",0.484947202875758
"Shahibzada_Faiz_Ul_Hassan",0.484947202875758
"Shahid_Khaqan_Abbasi",0.484947202875758
"Shahid_Khaqan_Abbassi",0.484947202875758
"Shahid_Usman",0.484947202875758
"Shaikh_Maqsood_Ahmed",0.484947202875758
"Shaikh_Rohale_Asghar",0.484947202875758
"Shams_Ur_Rehman_Khattak",0.484947202875758
"Sharafat_Khan",0.484947202875758
"Shazia_Mubashar",0.484947202875758
"Shehzad_Asghar_Khan_Rind__Advocate",0.484947202875758
"Sheikh_Abdul_Sattar_Mandokhel",0.484947202875758
"Sheikh_Aftab_Ahmad",0.484947202875758
"Sheikh_Aftab_Ahmed",0.484947202875758
"Sheikh_Fayyaz_Ud_Din",0.484947202875758
"Sheikh_Muhammad_Akram",0.484947202875758
"Sheikh_Muhammad_Tariq_Rasheed",0.484947202875758
"Sheikh_Rohale_Asghar",0.484947202875758
"Sheikh_Roheel_Asghar",0.484947202875758
"Sher_Afghan_Khan",0.484947202875758
"Sher_Rehman",0.484947202875758
"Shezra_Mansab_Ali_Khan_Kharal",0.484947202875758
"Sidra_Tel_Muntaha",0.484947202875758
"Sikander_Ali_Mirani",0.484947202875758
"Skindar_Hayyat_Khan_Bosan",0.484947202875758
"Sobia_Shahid",0.484947202875758
"Sohail_Shoukat_Butt",0.484947202875758
"Speen_Gul",0.484947202875758
"Sumaira_Naz",0.484947202875758
"Syed_Ansub_Raza_Fatmi",0.484947202875758
"Syed_Attaullah_Shah_Bukhari",0.484947202875758
"Syed_Basit_Sultan_Bukhari",0.484947202875758
"Syed_Faisal_Abbas",0.484947202875758
"Syed_Ghulam_Mustafa_Shah_s_o_Syed_Asadullah_Shah",0.484947202875758
"Syed_Hafeezuddin",0.484947202875758
"Syed_Iftikhar_Ul_Hassan",0.484947202875758
"Syed_Imran_Ahmad_Shah",0.484947202875758
"Syed_Imran_Ahmed_Shah",0.484947202875758
"Syed_Javed_Hassan",0.484947202875758
"Syed_Javed_Hassnain",0.484947202875758
"Syed_Javed_Hassnain_Shah",0.484947202875758
"Syed_Mobeen_Ahmed",0.484947202875758
"Syed_Muhammad_Abdullah_Shah",0.484947202875758
"Syed_Muhammad_Ali_Shah_Bacha_Lala",0.484947202875758
"Syed_Muhammad_Ashiq_Hussain_Shah",0.484947202875758
"Syed_Muhammad_Athar_Hussain_Shah_Gillani",0.484947202875758
"Syed_Muhammad_Iqbal_Shah",0.484947202875758
"Syed_Muhammad_Nihal_Hashmi",0.484947202875758
"Syed_Muhammad_Rafi_Ud_Din_Bukhari",0.484947202875758
"Syed_Muhammad_Raza_Bukhari",0.484947202875758
"Syed_Muhammad_Saleem_Ashrafi",0.484947202875758
"Syed_Muhammad_Salman_Mohsin_Gillani",0.484947202875758
"Syed_Muhammad_Saqlain_Bukhari",0.484947202875758
"Syed_Raza_Ali_Bukhari",0.484947202875758
"Syed_Riaz_Hussain_Shah_Sherazi",0.484947202875758
"Syed_Sajid_Mehdi",0.484947202875758
"Syed_Zahoor_Shah",0.484947202875758
"Syed_Zulfiqar_Ali_Shah",0.484947202875758
"Syeda_Nosheen_Iftikhar",0.484947202875758
"Syeda_Shehr_Bano_Bukhari",0.484947202875758
"Tariq_Fazal_Chaudhry",0.484947202875758
"Tehmina_Daultana",0.484947202875758
"Toor_Gul_Khan_Jogezai",0.484947202875758
"Umer_Sohail_Zia_Butt",0.484947202875758
"Usman_Ibrahim",0.484947202875758
"Uzair_Tariq",0.484947202875758
"Waheed_Alam_Khan",0.484947202875758
"Wajid_Ali_Khan",0.484947202875758
"Waseem_Akhtar_Shaikh",0.484947202875758
"Waseem_Akhtar_Sheikh",0.484947202875758
"Wazeer_Ahmed_Afridi",0.484947202875758
"Yasir_Khan",0.484947202875758
"Zahid_Hamid",0.484947202875758
"Zahid_Khan_Afridi",0.484947202875758
"Zaib_Jafar",0.484947202875758
"Zain-Ul-Abideen_Ansari",0.484947202875758
"Zain_Ansari",0.484947202875758
"Zain_Ul_Abdin_Ansari",0.484947202875758
"Zakir_Hussain_Mari",0.484947202875758
"Zameer_Hussain_Leghari",0.484947202875758
"Zar_Khan",0.484947202875758
"Zobaida_Jalal",0.484947202875758
"Zulifqar_Ali_Bhindar",0.484947202875758
"Abdul_Wajid",0.484674974738969
"Muhammad_Iqbal",0.484674974738969
"Ghulam_Haider",0.482184742544399
"Muhammad_Sher_Khan",0.481861814934703
"Nasir_Mahmood",0.48175426849682
"Muhammad_Saddiq",0.481700513278286
"Abd_Ul_Ghafoor",0.481593038821954
"Abdul_Haleem",0.481593038821954
"Abdul_Majeed_Anwar",0.481593038821954
"Abdul_Majeed_Hazarvi",0.481593038821954
"Abdul_Qayoom",0.481593038821954
"Abdul_Quyyum",0.481593038821954
"Abdul_Salam",0.481593038821954
"Abdul_Samad_Son_of_Muhammad_Yousuf",0.481593038821954
"Abdul_Wajid_Hussain",0.481593038821954
"Abdullah_Ahmed",0.481593038821954
"Abdur_Rahim_Khan",0.481593038821954
"Abu_Bakar_Brohi",0.481593038821954
"Adnan_Bin_Abdul_Aziz",0.481593038821954
"Agha_Syed_Muhammad_Ayyoob",0.481593038821954
"Ahmad_Mujeeb_Aslam",0.481593038821954
"Ahmed_Naseer",0.481593038821954
"Akhunzada_Irfan_Ullah_Shah",0.481593038821954
"Akram_Khan_Durrani",0.481593038821954
"Allama_Abdul_Raoof_Rabbani",0.481593038821954
"Amin_Ullah",0.481593038821954
"Aneela",0.481593038821954
"Arbab_Kamal_Ahmad",0.481593038821954
"Asad_Mahmood",0.481593038821954
"Asad_Mehmood",0.481593038821954
"Asghar_Ali_Nasir",0.481593038821954
"Asjad_Mahmood",0.481593038821954
"Asmat_Ullah",0.481593038821954
"Attaul_Haq",0.481593038821954
"Azam_Khan",0.481593038821954
"Ch_Waseem_Ahmed",0.481593038821954
"Engineer_Tahir_Iqbal_Orakzai",0.481593038821954
"Fakharul_Hassan",0.481593038821954
"Farooq_Hussain_Shah",0.481593038821954
"Fazal_Ali",0.481593038821954
"Fazal_Ur_Rehman",0.481593038821954
"Fazlullah",0.481593038821954
"Ghulam_Mohammad_Sadiq",0.481593038821954
"Gohar_Ali",0.481593038821954
"Gohar_Mohammad_Khan_Bangesh",0.481593038821954
"Gohar_Muhammad_Khan_Bangash",0.481593038821954
"Hafiz_Abdul_Qadeer",0.481593038821954
"Hafiz_Abdul_Razzak",0.481593038821954
"Hafiz_Abdul_Wadood",0.481593038821954
"Hafiz_Hamdullah",0.481593038821954
"Hafiz_Mahmood_Ul_Hassan",0.481593038821954
"Hafiz_Muhammad_Afzaal",0.481593038821954
"Hafiz_Muhammad_Azam",0.481593038821954
"Hafiz_Muhammad_Jameel_Ahmed",0.481593038821954
"Hafiz_Muhammad_Saeed",0.481593038821954
"Hafiz_Muhammad_Zubair",0.481593038821954
"Hafiz_Shahzad_Bashir",0.481593038821954
"Hajan_Khan_Leghari",0.481593038821954
"Haji_Abdul_Rasheed_Khan_Bhatti",0.481593038821954
"Haji_Ghulam_Ali",0.481593038821954
"Haji_Mangey_Khan_Rahija",0.481593038821954
"Haji_Manzoor_Ahmed_Mengal",0.481593038821954
"Hakeem_Muhammad_Asaad",0.481593038821954
"Hameed_Ullah_Jan_Afridi",0.481593038821954
"Hidayat_Ur_Rehman",0.481593038821954
"Ihsan_Ul_Haq",0.481593038821954
"Ijaz_Ul_Haq",0.481593038821954
"Ilhaj_Pervaiz_Khan_Khattak",0.481593038821954
"Imdad_Ullah_Yousafzai",0.481593038821954
"Ishfaq_Ullah_Khan",0.481593038821954
"Kaleem_Ullah_Khan",0.481593038821954
"Khalid_Mobeen",0.481593038821954
"Khalid_Waleed",0.481593038821954
"Kifayat_Ullah",0.481593038821954
"Liaq_Muhammad_Khan",0.481593038821954
"Makhdoom_Zada_Syed_Muhammad_Zakaria_Shah",0.481593038821954
"Malik_Gulfraz_Ahmad_Faraz",0.481593038821954
"Malik_Naveed_Ahmed_Advocate",0.481593038821954
"Malik_Qadir_Bukhsh",0.481593038821954
"Malik_Zafar_Borrana_Sahab",0.481593038821954
"Maulana_Abdul_Ghafar_Tauhadi",0.481593038821954
"Maulana_Abdullah_Ahmad",0.481593038821954
"Maulana_Abdur_Rashid",0.481593038821954
"Maulana_Fazli_Azeem",0.481593038821954
"Maulana_Haleem_Ur_Rahman",0.481593038821954
"Maulana_Muhammad_Gohar_Shah",0.481593038821954
"Maulana_Nizam_Ud_Din",0.481593038821954
"Maulana_Shirin_Muhammad",0.481593038821954
"Maulvi_Mohammad_Abdullah_Jatak",0.481593038821954
"Mehboobullah_Jan_Baqi",0.481593038821954
"Mir_Baz_Muhammad_Marri",0.481593038821954
"Mir_Hussain",0.481593038821954
"Misbah_Ud_Din_Wald_e_Ahmad_Din",0.481593038821954
"Misbahul_Alam",0.481593038821954
"Mohammad_Akram_Khan",0.481593038821954
"Mohammad_Ibrahim_Jatol",0.481593038821954
"Molana_Abdul_Ghafoor_Haideri",0.481593038821954
"Molana_Ameer_Zaman",0.481593038821954
"Molana_Fazal_Ur_Rehman",0.481593038821954
"Molana_Muhammad_Gohar_Shah",0.481593038821954
"Molana_Muhammad_Iqbal_Rasheed",0.481593038821954
"Molana_Muhammad_Sabir_Aarfi",0.481593038821954
"Molana_Qamar_Din",0.481593038821954
"Mollana_Ghulam_Qadir_Qasmi",0.481593038821954
"Molvi_Mohammad_Ishaque_Laghari",0.481593038821954
"Molvi_Muhammad_Saleh_Alhadad",0.481593038821954
"Moulana_Abdul_Ghafoor_Haideri",0.481593038821954
"Moulana_Abdul_Malik",0.481593038821954
"Moulana_Abdul_Naeem_Nomani",0.481593038821954
"Moulana_Hafiz_Sana_Ullah",0.481593038821954
"Moulana_Mohammad_Khan_Sherani",0.481593038821954
"Moulana_Muhammad_Yakoob_Mahar",0.481593038821954
"Moulana_Noor_Ul_Haq",0.481593038821954
"Moulvi_Agha_Muhammad",0.481593038821954
"Mualana_Muhammad_Qasim",0.481593038821954
"Mufti_Abdul_Shakoor",0.481593038821954
"Mufti_Faizul_Haq",0.481593038821954
"Mufti_Kifayat_Ullah",0.481593038821954
"Mufti_Nazir_Ahmed_Umrani",0.481593038821954
"Mufti_Taj_Ud_Din_Rabani",0.481593038821954
"Muhammad_Abdullah",0.481593038821954
"Muhammad_Akbar_Tabani",0.481593038821954
"Muhammad_Arif_Wald_Meer_Azam_Khan",0.481593038821954
"Muhammad_Ayaz_Chaudhary",0.481593038821954
"Muhammad_Ayub",0.481593038821954
"Muhammad_Hafeezur_Rahman",0.481593038821954
"Muhammad_Nabi",0.481593038821954
"Muhammad_Naseef_Awan",0.481593038821954
"Muhammad_Rafique_Abid_Alwi",0.481593038821954
"Muhammad_Riaz_Shaheen",0.481593038821954
"Muhammad_Saeed_Jan",0.481593038821954
"Muhammad_Safdar",0.481593038821954
"Muhammad_Safi_Ullah",0.481593038821954
"Muhammad_Saleh_Indhar",0.481593038821954
"Muhammad_Sardar",0.481593038821954
"Muhammad_Shah_Zaman",0.481593038821954
"Muhammad_Sharif_Sadwani_Mazari",0.481593038821954
"Muhammad_Sufyan_Muavia",0.481593038821954
"Muhammad_Tahir_Siddique",0.481593038821954
"Muhammad_Talha_Mahmood",0.481593038821954
"Muhammad_Usman_Badini",0.481593038821954
"Muhammad_Uzair_Jagirani",0.481593038821954
"Muhammad_Zakriya",0.481593038821954
"Muhammad_Zubair_Abbasi",0.481593038821954
"Mulana_Ain_u_Din_Shaker",0.481593038821954
"Mulana_Muhammad_Abdul_Majeed_Farooqe",0.481593038821954
"Musammir_Shah",0.481593038821954
"Mushtaq_Ahmad",0.481593038821954
"Niyaz_Ali",0.481593038821954
"Nizam_Din",0.481593038821954
"Nizam_Ud_Din_Lehri",0.481593038821954
"Nizamuddin",0.481593038821954
"Noor_Muhammad_Shah",0.481593038821954
"Obaid_Ullah",0.481593038821954
"Obaid_Ur_Rehman",0.481593038821954
"Pir_Muhammad_Aqal_Shah",0.481593038821954
"Pir_Syed_Alamzeb_Shah",0.481593038821954
"Qaiser_Khan",0.481593038821954
"Qari_Abdul_Aziz",0.481593038821954
"Qari_Attique_Ur_Rehman",0.481593038821954
"Qari_Khalil_Ur_Rehman",0.481593038821954
"Qari_Mohammad_Yousif",0.481593038821954
"Qari_Muhammad_Safdar_Javed",0.481593038821954
"Qari_Muhammad_Shair_Ali",0.481593038821954
"Raheem_Ullah",0.481593038821954
"Rashid_Ahmad_Khan",0.481593038821954
"Rashid_Mahmood_Soomro",0.481593038821954
"Rashid_Mehmood_Soomro",0.481593038821954
"Saad_Sultan",0.481593038821954
"Saeed_Ahmad_Awan",0.481593038821954
"Safeer_Alam",0.481593038821954
"Sahabzada_Hafiz_Aziz_Ur_Rehman_Darkhuwasti",0.481593038821954
"Saida_Jan",0.481593038821954
"Saif_Ullah_Saifi",0.481593038821954
"Saif_Ur_Rehman_Rashidi",0.481593038821954
"Saifullah_Khalid",0.481593038821954
"Salah_Ud_Din",0.481593038821954
"Salahuddin_",0.481593038821954
"Saleem_Ullah",0.481593038821954
"Sardar_Ibrar_Khan",0.481593038821954
"Shafqat_Rehman",0.481593038821954
"Shahzane_Khan",0.481593038821954
"Shamsuddin",0.481593038821954
"Shuja_Ul_Mulk",0.481593038821954
"Siraj_Ud_Din",0.481593038821954
"Sultan_Ahmad",0.481593038821954
"Syed_Abdul_Wadood_Azad",0.481593038821954
"Syed_Haroon_Sultan_Bukhari",0.481593038821954
"Syed_Muhammad_Athar",0.481593038821954
"Syed_Qasim_Shah",0.481593038821954
"Syed_Sami_Ullah",0.481593038821954
"Tanveer_Rasool_Qureshi",0.481593038821954
"Tariq_Sultan",0.481593038821954
"Tipu_Sultan",0.481593038821954
"Umer_Ali",0.481593038821954
"Zafarullah_Khan_Gichki",0.481593038821954
"Zahid_Akram_Durrani",0.481593038821954
"Zia_Ur_Rehman_Tamimi",0.481593038821954
"Ubaid_Ullah",0.481056385112547
"Amjad_Ali_Khan",0.479027962716378
"Muhammad_Bilal",0.478762337806366
"Muhammad_Amjad",0.478497007315451
"Muhammad_Latif",0.478337950138504
"Nasir_Mehmood",0.478337950138504
"Muhammad_Zahid",0.478178998670802
"Abd_Ur_Rasheed",0.478178998670802
"Abdul_Fatah_Pathan",0.478178998670802
"Abdul_Hameed_Alias_Arfan",0.478178998670802
"Abdul_Jamil_Khan",0.478178998670802
"Abdul_Kabeer",0.478178998670802
"Abdul_Razzaq_Khalil",0.478178998670802
"Abdul_Waheed_Akhtar",0.478178998670802
"Afifa_Athar",0.478178998670802
"Afrasiab_Khattak",0.478178998670802
"Ahktar_Hussain",0.478178998670802
"Ahmad_Jamil_Rashid",0.478178998670802
"Akbar_Ali_Khan",0.478178998670802
"Akhtar_Hussain_Qureshi",0.478178998670802
"Altaf_Ahmad_Khan",0.478178998670802
"Ameer_Ul_Azeem",0.478178998670802
"Amir_Mahmood_Cheema",0.478178998670802
"Amir_Siddiqui",0.478178998670802
"Anam_Hamza",0.478178998670802
"Anwar_Ul_Haq",0.478178998670802
"Asad_Ullah",0.478178998670802
"Asim_Muneer",0.478178998670802
"Aslam_Khan",0.478178998670802
"Atif_Imran",0.478178998670802
"Atta_Ullah_Hameed",0.478178998670802
"Azhar_Ul_Haq",0.478178998670802
"Babar_Rashid",0.478178998670802
"Bakht_Jehan_Khan",0.478178998670802
"Ch__Abid_Hussain",0.478178998670802
"Chaudhary_Abdul_Sattar",0.478178998670802
"Chaudhary_Asadullah",0.478178998670802
"Chaudhry_Irfan_Aslam",0.478178998670802
"Chaudry_Muhammad_Shoukat",0.478178998670802
"Chaudry_Zulfiqar_Advocate",0.478178998670802
"Dedar_Hussain_Behrani",0.478178998670802
"Dr_Atta_Ur_Rehman",0.478178998670802
"Engr_Muhammad_Sikandar_Asad",0.478178998670802
"Faiz_Miran",0.478178998670802
"Fazal_Ahmed",0.478178998670802
"Fazal_Subhan",0.478178998670802
"Fazal_Ur_Rehman_Niazi",0.478178998670802
"Ghanzanfar_Ali_Bajwa",0.478178998670802
"Ghazan_Iqbal",0.478178998670802
"Hafiz_Aqib_Ismail",0.478178998670802
"Hafiz_Muhammad_Arshad",0.478178998670802
"Hafiz_Nasrullah_Aziz",0.478178998670802
"Haji_Sami_Ullah",0.478178998670802
"Hameed_Ud_Din_Awan",0.478178998670802
"Hammad_Hasan_Lashari",0.478178998670802
"Hashmat_Khan",0.478178998670802
"Hizabullah_Jakhro",0.478178998670802
"Iftikhar_Ahmad_Shaikh",0.478178998670802
"Iftikhar_Nadeem",0.478178998670802
"Imdad_Khan",0.478178998670802
"Imran_Shafiq_Advocate",0.478178998670802
"Imtiaz_Ahmed",0.478178998670802
"Inayat_Ur_Rehman",0.478178998670802
"Iqbal_Khan",0.478178998670802
"Jahangir_Ahmad",0.478178998670802
"Jamal_d_Din",0.478178998670802
"Kamran_Aziz_Ghauri",0.478178998670802
"Kamran_Malik",0.478178998670802
"Kashif_Azam",0.478178998670802
"Khalid_Khan_Yousafzai",0.478178998670802
"Khalid_Mahmood_Mirza",0.478178998670802
"Mahmood_Urf_Mahmood_Illahi",0.478178998670802
"Mairaj_Ul_Huda_Siddiqui",0.478178998670802
"Malik_Abdul_Aziz",0.478178998670802
"Malik_Ghulam_Mohiuddin",0.478178998670802
"Malik_Mateeullah",0.478178998670802
"Malik_Muhammad_Naeem_Haider",0.478178998670802
"Mamtaz_Hussain",0.478178998670802
"Manzoor_Hussain",0.478178998670802
"Maulana_Abdul_Akbar_Chitrali",0.478178998670802
"Maulana_Mehboob_Janan",0.478178998670802
"Maulana_Muhammad_Ismail",0.478178998670802
"Mian_Mohammad_Aslam",0.478178998670802
"Mian_Muslim_Pervaiz",0.478178998670802
"Mir_Muhammad_Baldi",0.478178998670802
"Miraj_Ul_Huda_Siddiqui",0.478178998670802
"Mohtarma_Zaiba_Basharat",0.478178998670802
"Mudassar_Ahmad_Shah",0.478178998670802
"Mufti_Muhammad_Imtiaz_Marwat",0.478178998670802
"Muhammad_Ahmad_Raza",0.478178998670802
"Muhammad_Anwar_Khan",0.478178998670802
"Muhammad_Arif_Gujjar",0.478178998670802
"Muhammad_Arslan_Khan_Khakwani",0.478178998670802
"Muhammad_Ashique",0.478178998670802
"Muhammad_Asim_Khan",0.478178998670802
"Muhammad_Azeem_Tahir_Randhawa",0.478178998670802
"Muhammad_Babar_Khan",0.478178998670802
"Muhammad_Ejaz_Malik",0.478178998670802
"Muhammad_Faisal_Bin_Zair",0.478178998670802
"Muhammad_Hanif_Khan",0.478178998670802
"Muhammad_Ibrahim_Khan",0.478178998670802
"Muhammad_Irfan_Ullah",0.478178998670802
"Muhammad_Ishaq_Khan",0.478178998670802
"Muhammad_Islam",0.478178998670802
"Muhammad_Jabir",0.478178998670802
"Muhammad_Javed_Kasori",0.478178998670802
"Muhammad_Kashif_Chaudhry",0.478178998670802
"Muhammad_Kashif_Gujjar",0.478178998670802
"Muhammad_Musa",0.478178998670802
"Muhammad_Nasir_Nadeem_Gujjar",0.478178998670802
"Muhammad_Rehmat_Ullah_Watto",0.478178998670802
"Muhammad_Safdar_Iqbal",0.478178998670802
"Muhammad_Sami_Ul_Qazi",0.478178998670802
"Muhammad_Shabir_Khanzada",0.478178998670802
"Muhammad_Shahid_Abbas",0.478178998670802
"Muhammad_Sufyan_Abbasi",0.478178998670802
"Muhammad_Tahir_Malik",0.478178998670802
"Muhammad_Tariq_Javed",0.478178998670802
"Muhammad_Tauseef",0.478178998670802
"Muhammad_Umar_Farooq",0.478178998670802
"Muhammad_Usama_Razi_Khan",0.478178998670802
"Muhammad_Waris",0.478178998670802
"Muhammad_Yousaf_Khan",0.478178998670802
"Muhmmad_Mudabbar_Siddique",0.478178998670802
"Mumtaz_Hussain",0.478178998670802
"Munam_Zafar_Khan",0.478178998670802
"Munir_Ahmed_Anjum",0.478178998670802
"Mussawair_Shah",0.478178998670802
"Naeem_Ullah",0.478178998670802
"Naeem_Ur_Rehman_Khan",0.478178998670802
"Nageena",0.478178998670802
"Naheem_Ur_Rehman_Khan",0.478178998670802
"Naveed_Ali_Baig",0.478178998670802
"Noor_Ali",0.478178998670802
"Qamar_Zaman_Cheema",0.478178998670802
"Qari_Saeed_Ahmad",0.478178998670802
"Qasim_Mehmood",0.478178998670802
"Raja_Sajid_Sharif",0.478178998670802
"Rana_Abdul_Waheed",0.478178998670802
"Rana_Muhammad_Afzal",0.478178998670802
"Rana_Muhammad_Sikandar_Azam_Khan",0.478178998670802
"Rasheed_Ahmad",0.478178998670802
"Rashid_Farooq",0.478178998670802
"Rustam_Ali_Saqi",0.478178998670802
"Safia_Khanum",0.478178998670802
"Sahibzada_Haroon_u_Rasheed",0.478178998670802
"Saif_Ud_Din",0.478178998670802
"Sakeena",0.478178998670802
"Salman_Ahmed",0.478178998670802
"Samina_Saeed",0.478178998670802
"Sardar_Abdul_Razaq",0.478178998670802
"Sardar_Karam_Khan",0.478178998670802
"Shafiq_Ahmad_Rouf",0.478178998670802
"Shakeela",0.478178998670802
"Shamas_Ur_Rehman",0.478178998670802
"Sharaf_Ud_Din",0.478178998670802
"Sheikh_Muhammad_Afzaal_Shaheen",0.478178998670802
"Shiekh_Usman_Farooq",0.478178998670802
"Shiraz_Khan_Jadoon",0.478178998670802
"Shoukat_Ali_Bhatti",0.478178998670802
"Siraj_Ul_Haq",0.478178998670802
"Sufi_Khalique_Ahmad_Butt",0.478178998670802
"Sultan_Ahmed_Lashari",0.478178998670802
"Syed_Abdul_Rasheed",0.478178998670802
"Syed_Ahmad",0.478178998670802
"Syed_Arif_Shirazi",0.478178998670802
"Syed_Ghaffar",0.478178998670802
"Syed_Ihsan_Ullah_Waqas",0.478178998670802
"Syed_Tariq_Hussain_Shah_Sherazi",0.478178998670802
"Syed_Umer_Farooq",0.478178998670802
"Syed_Ziaullah_Shah_Bukhari",0.478178998670802
"Tahir_Majeed",0.478178998670802
"Tahir_Mehmood_Butt",0.478178998670802
"Talib_Jan",0.478178998670802
"Tariq_Mateen",0.478178998670802
"Tasheen",0.478178998670802
"Tasnim_Khurshid",0.478178998670802
"Tofiq_Ul_Din_Siddiqui",0.478178998670802
"Tohfa_Dastgir_Ahmad",0.478178998670802
"Umar_Farooq_Kanju",0.478178998670802
"Umar_Gul",0.478178998670802
"Zabeeh_Ullah_Balgan",0.478178998670802
"Zafar_Ali",0.478178998670802
"Zafar_Hussain_Khan",0.478178998670802
"Zaheer_Babar",0.478178998670802
"Zaheer_Ud_Din_Jatoi",0.478178998670802
"Zubair_Ahmed_Gondal",0.478178998670802
"Zubair_Khadim",0.478178998670802
"Zulifqar_Ali_Ahmad",0.478178998670802
"Ashiq_Ali",0.47345909190612
"Maqsood_Ahmed",0.472992220883094
"Muhammad_Asghar",0.470979707615099
"Muhammad_Irfan",0.469137144099109
"Imran_Ali",0.468322846604469
"Abdul_Rasheed",0.468170480425117
"Muhammad_Qasim",0.467460747157553
"Muhammad_Imran",0.466803633217993
"Shah_Nawaz",0.466551388738787
"Muhammad_Jameel",0.466047716722444
"Aasim_Nisar",0.465997409326425
"Abdul_Azeem",0.465997409326425
"Abdul_Azeem_Khan",0.465997409326425
"Abdul_Aziz_Aziz",0.465997409326425
"Abdul_Mateen",0.465997409326425
"Abdul_Nisar",0.465997409326425
"Abdul_Raheem",0.465997409326425
"Abdul_Rahim",0.465997409326425
"Abdul_Rehman_Muslim",0.465997409326425
"Abdul_Waheed_Abid",0.465997409326425
"Abu_Zar",0.465997409326425
"Adil_Hussain",0.465997409326425
"Ahmad_Bakhsh",0.465997409326425
"Ahmad_Sher",0.465997409326425
"Aisha",0.465997409326425
"Akhtari_Bibi",0.465997409326425
"Amir_Zeb",0.465997409326425
"Amjad_Islam_Amjad",0.465997409326425
"Ansar_Javed_Tarar",0.465997409326425
"Arshad_Nawab",0.465997409326425
"Asad_Munawar",0.465997409326425
"Asmat_Bibi",0.465997409326425
"Azmat_Ali_Kiyani",0.465997409326425
"Babar_Ijaz_Virk",0.465997409326425
"Balquees_Begum",0.465997409326425
"Basmeeda",0.465997409326425
"Chaudhry_Zulfiqar_Ali_Aulakh",0.465997409326425
"Choudhary_Muhammad_Yaqoob_Chahal",0.465997409326425
"Danish_Anam",0.465997409326425
"Faisal_Ahmad_Cheema",0.465997409326425
"Faisal_Nadeem_Shaikh",0.465997409326425
"Fazal_Rahim",0.465997409326425
"Fiaz_Ahmad",0.465997409326425
"Ghulam_Ali_Shakar_Toor",0.465997409326425
"Hafeez_Ullah_Rehman",0.465997409326425
"Hafiz_Ameer_Hamza",0.465997409326425
"Hafiz_Muhammad_Masood",0.465997409326425
"Hafiz_Muhammad_Rizwan",0.465997409326425
"Hafiz_Safi_Ur_Rehman",0.465997409326425
"Hafiz_Talha_Saeed",0.465997409326425
"Haq_Nawaz",0.465997409326425
"Imran_Liaquat",0.465997409326425
"Jahanzaib_Zahid",0.465997409326425
"Jamil_Badshah",0.465997409326425
"Kashif_Altaf",0.465997409326425
"Khalid_Mahmood_Cheema",0.465997409326425
"Khalid_Masood_Sandhu",0.465997409326425
"Mahar_Muhammad_Mujahid",0.465997409326425
"Maqbool_Bibi",0.465997409326425
"Mehak_Rafiq",0.465997409326425
"Mehdi_Ishaq",0.465997409326425
"Mir_Hazoor_Bakhsh",0.465997409326425
"Mudassir_Yaqoob",0.465997409326425
"Muhamamd_Ehsan",0.465997409326425
"Muhamamd_Saif_Ullah_Saif",0.465997409326425
"Muhamamd_Shahid_Siddique",0.465997409326425
"Muhammad_Abid",0.465997409326425
"Muhammad_Ajmal_Khan",0.465997409326425
"Muhammad_Akmal_Javed",0.465997409326425
"Muhammad_Ameen",0.465997409326425
"Muhammad_Arshad_Bhatti",0.465997409326425
"Muhammad_Ashfaq",0.465997409326425
"Muhammad_Bilal_Haider",0.465997409326425
"Muhammad_Ghalib",0.465997409326425
"Muhammad_Haroon_Rafiq",0.465997409326425
"Muhammad_Hussain_Amir",0.465997409326425
"Muhammad_Ijaz_Malik",0.465997409326425
"Muhammad_Irfan_Ashraf",0.465997409326425
"Muhammad_Mansha",0.465997409326425
"Muhammad_Munawar",0.465997409326425
"Muhammad_Nadeem_Tabasum",0.465997409326425
"Muhammad_Rizwan_Sarwar",0.465997409326425
"Muhammad_Sajjad",0.465997409326425
"Muhammad_Shafiq_Ur_Rahman",0.465997409326425
"Muhammad_Shamshad",0.465997409326425
"Muhammad_Shoaib",0.465997409326425
"Muhammad_Shoaib_Ahmad",0.465997409326425
"Muhammad_Siraj",0.465997409326425
"Muhammad_Usaman",0.465997409326425
"Muhammad_Zafar_Iqbal",0.465997409326425
"Muzamil_Iqbal_Hashmi",0.465997409326425
"Nabi_Ahmad_Virk",0.465997409326425
"Nighat_Fardoos",0.465997409326425
"Noreen_Kamran",0.465997409326425
"Qaisar_Haroon_Toor",0.465997409326425
"Qaisar_Mustafa_Jajja",0.465997409326425
"Qaisar_Sardar",0.465997409326425
"Qaiser_Mustafa_Jajja",0.465997409326425
"Qasim_Ali_Khan",0.465997409326425
"Rahila_Khanum",0.465997409326425
"Rana_Abu_Khubaib_Rehman_Khan",0.465997409326425
"Rana_Shahid_Iqbal_Chachar",0.465997409326425
"Rana_Tariq_Jamal",0.465997409326425
"Rashid_Mahmood",0.465997409326425
"Raza_Ullah_Khan",0.465997409326425
"Ruqia_Bibi",0.465997409326425
"s_m_Yousuf_Ali_Bhatti",0.465997409326425
"Saeed_Ahmed_Khalid",0.465997409326425
"Saeeda_Zafar",0.465997409326425
"Sajid_Bashir",0.465997409326425
"Sajid_Iqbal",0.465997409326425
"Sajjad_Ahmed_Khan",0.465997409326425
"Salma_Bibi",0.465997409326425
"Sardar_Abdul_Sattar_Khan",0.465997409326425
"Shaban_Akhtar",0.465997409326425
"Shahbaz",0.465997409326425
"Shahbaz_Hussain_Sidhu",0.465997409326425
"Shakeela_Yasmeen",0.465997409326425
"Sohail_Qaiser",0.465997409326425
"Syed_Rabab_Haider",0.465997409326425
"Tahir_Javed_Khan",0.465997409326425
"Taj_Mehal",0.465997409326425
"Taj_Mehmood",0.465997409326425
"Tasneem_Gul",0.465997409326425
"Waqar_Murtaza",0.465997409326425
"Wasim_Shaukat",0.465997409326425
"Yasira_Bibi",0.465997409326425
"Yawar_Aftab",0.465997409326425
"Zain_Ullah",0.465997409326425
"Abdul_Khaliq_Rehmani",0.465896827109864
"Imdad_Ali",0.465896827109864
"Muhammad_Rizwan",0.464093743281015
"Naveed_Anjum_Khan",0.462502678380116
"Sana_Ullah",0.462354075184749
"Saeed_Ahmed",0.461415134672937
"Javed_Iqbal",0.461415134672937
"Manzoor_Ahmed",0.460627400768246
"Ghulam_Mustafa",0.460283612325408
"Gul_Hassan",0.459695453093387
"Abrar_Hussain",0.45789138735681
"Abdul_Rehman_Shar",0.45789138735681
"Abrar_Ahmad",0.45789138735681
"Aftab_Ahmad_Joiya",0.45789138735681
"Alaf_Khan",0.45789138735681
"Allah_Bachaya",0.45789138735681
"Allah_Bakhsh",0.45789138735681
"Allah_Baksh",0.45789138735681
"Ameen",0.45789138735681
"Amjad_Naeem",0.45789138735681
"Anbreen_aka_Hena",0.45789138735681
"Asad_Jawad_Khan_Sherwani",0.45789138735681
"Ashique_Hussain",0.45789138735681
"Asif_Mahmood",0.45789138735681
"Asim_Irshad_Khan",0.45789138735681
"Atiq_Ur_Rehman",0.45789138735681
"Azhar_Hussain",0.45789138735681
"Azhar_Mehmood",0.45789138735681
"Bilal_Liaqat",0.45789138735681
"Chaudhary_Zulfiqar_Ali_Gujjar",0.45789138735681
"Chaudhry_Abdul_Kraim",0.45789138735681
"Chaudhry_Alhamza_Hussain_Cheema",0.45789138735681
"Chuadhary_Muhammad_Riaz",0.45789138735681
"Faisal_Bashir",0.45789138735681
"Faisal_Hasan_Khan",0.45789138735681
"Faqeer_Hussain_Dogar",0.45789138735681
"Farzand_Nasim",0.45789138735681
"Ghulam_Farid",0.45789138735681
"Ghulam_Meeran_Shah_Gilani",0.45789138735681
"Ghulam_Mohyu_Din",0.45789138735681
"Ghulam_Murtaza",0.45789138735681
"Ghulam_Rasool_Kalwar",0.45789138735681
"Ghulam_Sarwar_Khatti",0.45789138735681
"Ghulam_Yaseen",0.45789138735681
"Habib_Ul_Maalik_Khan",0.45789138735681
"Hafiz_Abid_Hussain",0.45789138735681
"Hafiz_Farrukh_Saleem",0.45789138735681
"Hafiz_Imran_Siddiq",0.45789138735681
"Hafiz_Khawar_Ikhlas",0.45789138735681
"Hafiz_Muhammad_Abubakar",0.45789138735681
"Hafiz_Muhammad_Ahmad_Bukhari",0.45789138735681
"Hafiz_Muhammad_Hamid",0.45789138735681
"Hafiz_Muhammad_Hamid_Mehmood_Kagani",0.45789138735681
"Hafiz_Muhammad_Saad_Rizvi",0.45789138735681
"Hafiz_Muneeb_Ahmad",0.45789138735681
"Hafiz_Sher_Muhammad_Sialvi",0.45789138735681
"Hafiz_Shoukat_Ali_Jatoi",0.45789138735681
"Haji_Allah_Dad",0.45789138735681
"Hamid_Mehmood_Faizi",0.45789138735681
"Ikram_Ullah",0.45789138735681
"Imran_Haider",0.45789138735681
"Imtiaz_Dogar",0.45789138735681
"Irfan_Ali_Bhatti",0.45789138735681
"Irshad_Ali_Babar",0.45789138735681
"Israr_Ahmed",0.45789138735681
"Javed_Akhtar_Abbasi",0.45789138735681
"Kashif_Ullah",0.45789138735681
"m_Habib",0.45789138735681
"Majid_Hussain",0.45789138735681
"Malik_Azhar_Ahmad_Sandila",0.45789138735681
"Malik_Kamran_Rasheed",0.45789138735681
"Manzoor_Elahi",0.45789138735681
"Matloob_Ahmad",0.45789138735681
"Mehtab_Ahmad",0.45789138735681
"Mir_Muhammad_Aslam",0.45789138735681
"Mohammad_Zaheer_u_Din_Pechuho",0.45789138735681
"Mohsin_Raza",0.45789138735681
"Mudassar_Ali",0.45789138735681
"Muhamamd_Mazhar_Mahmood",0.45789138735681
"Muhamamd_Waseem",0.45789138735681
"Muhammad_Ahmad_Majeed",0.45789138735681
"Muhammad_Ahsan",0.45789138735681
"Muhammad_Akbar",0.45789138735681
"Muhammad_Akhtar_Abbasi",0.45789138735681
"Muhammad_Akram",0.45789138735681
"Muhammad_Akram_Tahir",0.45789138735681
"Muhammad_Ali",0.45789138735681
"Muhammad_Ali_Langrial",0.45789138735681
"Muhammad_Amad_Khan_Wajid",0.45789138735681
"Muhammad_Amin_Uddin_Sialvi",0.45789138735681
"Muhammad_Amjad_Ali",0.45789138735681
"Muhammad_Amjad_Jameel",0.45789138735681
"Muhammad_Arif",0.45789138735681
"Muhammad_Asad_Iqbal",0.45789138735681
"Muhammad_Athar_Amin",0.45789138735681
"Muhammad_Farooq",0.45789138735681
"Muhammad_Farooq_Ul_Hassan",0.45789138735681
"Muhammad_Ghulam_Rasool",0.45789138735681
"Muhammad_Hussain_Babar",0.45789138735681
"Muhammad_Irfan_Qureshi",0.45789138735681
"Muhammad_Ismail_Hussaini",0.45789138735681
"Muhammad_Ismail_Shah",0.45789138735681
"Muhammad_Jahangeer",0.45789138735681
"Muhammad_Jawad_Saleem",0.45789138735681
"Muhammad_Kamran_Aulakh",0.45789138735681
"Muhammad_Khurram_Riaz",0.45789138735681
"Muhammad_Luqman",0.45789138735681
"Muhammad_Mehmood_Qadri",0.45789138735681
"Muhammad_Munir",0.45789138735681
"Muhammad_Mushtaq_Rehmani",0.45789138735681
"Muhammad_Noman_Khalid",0.45789138735681
"Muhammad_Qasim_Jakhro",0.45789138735681
"Muhammad_Rashid_Shah",0.45789138735681
"Muhammad_Raza_Khan",0.45789138735681
"Muhammad_Sajid",0.45789138735681
"Muhammad_Saleh",0.45789138735681
"Muhammad_Sarfraz",0.45789138735681
"Muhammad_Shafi_Khan",0.45789138735681
"Muhammad_Shafiq",0.45789138735681
"Muhammad_Shafiq_Ul_Hai",0.45789138735681
"Muhammad_Shahid_Iqbal",0.45789138735681
"Muhammad_Sharjil_Gopalani",0.45789138735681
"Muhammad_Sohail_Manzoor",0.45789138735681
"Muhammad_Taimoor_Khalid",0.45789138735681
"Muhammad_Tayyab",0.45789138735681
"Muhammad_Umer_Jan",0.45789138735681
"Muhammad_Wakeel",0.45789138735681
"Muhammad_Waseem",0.45789138735681
"Muhammad_Yaqub",0.45789138735681
"Muhammad_Yar_Mehboob_Khar",0.45789138735681
"Muhammad_Younis",0.45789138735681
"Muhammad_Zaheer_Mughal",0.45789138735681
"Munawar_Ali",0.45789138735681
"Nadeem_Zafar",0.45789138735681
"Najeeb_Ullah_Durrani",0.45789138735681
"Naseer_Ahmed",0.45789138735681
"Nasir_Ali",0.45789138735681
"Niamat_Ullah",0.45789138735681
"Pie_Muhammad_Ali_Sarhandi",0.45789138735681
"Qari_Ghulam_Akber",0.45789138735681
"Qazi_Tahir_Mahmood",0.45789138735681
"Raja_Saleem_Abid",0.45789138735681
"Raja_Sohail_Akhtar_Satti",0.45789138735681
"Rana_Muhammad_Rafique",0.45789138735681
"Rao_Atif_Ali_Khan",0.45789138735681
"Rao_Dilnawaz",0.45789138735681
"Ray_Munsif_Shabbir_Ahmad",0.45789138735681
"Rehmat_Ullah",0.45789138735681
"Sadam_Hussain",0.45789138735681
"Saeed_Ullah",0.45789138735681
"Saif_Ur_Rahman",0.45789138735681
"Sajjad_Akbar_Abbasi",0.45789138735681
"Sajjad_Hussain_Shah",0.45789138735681
"Saqib_Hussain",0.45789138735681
"Shabana_Kouser",0.45789138735681
"Shahbaz_Ahmed",0.45789138735681
"Shahid_Ullah",0.45789138735681
"Shahzada_Shahbaz",0.45789138735681
"Shehzad_Ullah_Chatha",0.45789138735681
"Shujaat_Ali",0.45789138735681
"Sohail_Anwar",0.45789138735681
"Syed_Asif_Ullah_Shah_Bukhari",0.45789138735681
"Syed_Atta_Ullah_Shah_Bukhari",0.45789138735681
"Syed_Iqbal_Hussain_Shah",0.45789138735681
"Syed_Ishrat_Jahania_Bukhari",0.45789138735681
"Syed_Jahanzaib_Bukhari",0.45789138735681
"Syed_Kashif_Ali_Shah",0.45789138735681
"Syed_Muhammad_Ali_Shah",0.45789138735681
"Syed_Muhammad_Atta_Ul_Hasnain_Ali",0.45789138735681
"Syed_Muhammad_Irfan_Shah",0.45789138735681
"Syed_Muhammad_Sarwar_Shah",0.45789138735681
"Syed_Munir_Hussain",0.45789138735681
"Syed_Shahid_Zahoor_Gillani",0.45789138735681
"Syed_Shamin_Raza",0.45789138735681
"Syed_Zaheer_Ul_Hassan_Shah",0.45789138735681
"Syed_Zaman_Ali_Jafri",0.45789138735681
"Tahir_Riaz",0.45789138735681
"Tahir_Uddin_Shah",0.45789138735681
"Tariq_Maqsood",0.45789138735681
"Ubedullah_Jamro",0.45789138735681
"Wahid_Bakhsh",0.45789138735681
"Waseem_Nisar",0.45789138735681
"Waseem_Zafar",0.45789138735681
"Wazir_Ahmed_Noorani",0.45789138735681
"Zahid_Hameed_Gujjar",0.45789138735681
"Zahir_Shah",0.45789138735681
"Zameer_Hussain",0.45789138735681
"Zamurd_Abbas_Khan",0.45789138735681
"Abdul_Akbar_Chitrali",0.457842825326122
"Abdul_Jameel_Khan",0.457842825326122
"Abdul_Majeed_Pathan_Advocate",0.457842825326122
"Abdul_Mateen_Akhondzada",0.457842825326122
"Abdul_Mustaan",0.457842825326122
"Akhtar_Mohammad",0.457842825326122
"Anwar_Ul_Haq_Butt",0.457842825326122
"Arshad_Mahmood_Baggu",0.457842825326122
"Asadullah_Bhutto",0.457842825326122
"Atta_Muhammad_Jafri",0.457842825326122
"Atta_Ur_Rahman",0.457842825326122
"Bakhtiar_Maani",0.457842825326122
"Basheer_Ahmed_Mandai",0.457842825326122
"Ch__Ansar_Mahmood",0.457842825326122
"Ch_Manzoor_Hussain",0.457842825326122
"Ch_Zahid_Imran_Korotana",0.457842825326122
"Chaudhary_Bashir_Ahmed",0.457842825326122
"Chaudhery_Asghar_Ali_Gujjar",0.457842825326122
"Chaudhry_Ihsan_Ali",0.457842825326122
"Chaudhry_Sajid_Ali_Chadhar",0.457842825326122
"Choudhry_Abdul_Rehman_Ranga",0.457842825326122
"Choudhry_Muhammad_Anwar",0.457842825326122
"Doctor_Muhammad_Anwar_Shah",0.457842825326122
"Dr__Abdul_Rehman_Ranjha",0.457842825326122
"Dr_Mairaj_Ul_Huda_Siddiqui",0.457842825326122
"Dr_Muhammad_Abdullah",0.457842825326122
"Dr_Muhammad_Arshad_Shahid",0.457842825326122
"Dr_muhammad_Ashraf",0.457842825326122
"Dr_Muhammad_Ubaid_Ullah_Gohar",0.457842825326122
"Engineer_Muhammad_Azeem_Randhawa",0.457842825326122
"Farid_Ahmed_Piracha",0.457842825326122
"Farooq_Ahmad_Chatha",0.457842825326122
"Fazale_Subhan",0.457842825326122
"Gul_Nawaz_Khan",0.457842825326122
"Gulab_Baloch",0.457842825326122
"Habib_Ullah_Cheema",0.457842825326122
"Habib_Ur_Rehman_Abbasi",0.457842825326122
"Hafiz_Khalid_Rauf",0.457842825326122
"Hafiz_Muhammad_Tahir_Aslam",0.457842825326122
"Hafiz_Nasrullah",0.457842825326122
"Hafiz_Salman_Butt",0.457842825326122
"Hafiz_Zubair_Ahmad",0.457842825326122
"Haji_Abdul_Aziz",0.457842825326122
"Haji_Muhammad_Irshad_Mund",0.457842825326122
"Haji_Muhammad_Khalid",0.457842825326122
"Haji_Muhammad_Ramzan",0.457842825326122
"Hameed_u_Deen_Awan",0.457842825326122
"Haroon_Ur_Rasheed_Nizami_Advocate",0.457842825326122
"Hikmat_Khan",0.457842825326122
"Hizbullah_Jhakro",0.457842825326122
"Israr_Ahmed_Sheikh",0.457842825326122
"Israr_Ullah",0.457842825326122
"Jaffer_Ali_Nizamani",0.457842825326122
"Khalid_Mahmood_Virk",0.457842825326122
"Khalid_Mehmood_Mirza",0.457842825326122
"Khawaja_Muhammad_Waqar_Khan",0.457842825326122
"Khuda_Dino",0.457842825326122
"Maehrullah_Khan",0.457842825326122
"Major_r_Muhammad_Ghulam_Sarwar",0.457842825326122
"Major_Retired_Haq_Daad_Ali_Khan",0.457842825326122
"Maulana_Abdul_Malik",0.457842825326122
"Mehrab_Ali",0.457842825326122
"Mian_Asad_Ullah",0.457842825326122
"Mian_Muhammad_Ibhrahim",0.457842825326122
"Mian_Muhammad_Younis",0.457842825326122
"Mian_Mukhtar_Ahmad",0.457842825326122
"Mian_Saleem_Akbar",0.457842825326122
"Mohammad_Awais_Ghumman",0.457842825326122
"Mohammad_Laeeque_Khan",0.457842825326122
"Mohammad_Tariq_Javed_Dar",0.457842825326122
"Mr_Niamatullah_Khan",0.457842825326122
"Muhammad_Arshad_Khan",0.457842825326122
"Muhammad_Farooq_Sheikh",0.457842825326122
"Muhammad_Hanif_Chaudhary",0.457842825326122
"Muhammad_Haq_Nawaz_Khan_Durani",0.457842825326122
"Muhammad_Husain_Mehenti",0.457842825326122
"Muhammad_Ibraheem",0.457842825326122
"Muhammad_Iqbal_Khalil",0.457842825326122
"Muhammad_Irshad_Anwar",0.457842825326122
"Muhammad_Mashal_Khan",0.457842825326122
"Muhammad_Rafique_Nizami_Advocate",0.457842825326122
"Muhammad_Rasool",0.457842825326122
"Muhammad_Sadiq_Malik",0.457842825326122
"Muhammad_Saeed_Khan",0.457842825326122
"Muhammad_Tasleem_Iqbal",0.457842825326122
"Muhammad_Younis_Khattak",0.457842825326122
"Mumtaz_Hussain_Sahto",0.457842825326122
"Naseer_Ahmad",0.457842825326122
"Naveed_Zafar_Shah",0.457842825326122
"Professor_Muhammad_Ibrahim_Khan",0.457842825326122
"Qari_Muhammad_Asif_Gujjar",0.457842825326122
"Rai_Muhammad_Akram_Khan",0.457842825326122
"Raj_Muhammad",0.457842825326122
"Raja_Muhammad_Jawwad",0.457842825326122
"Raja_Muhammad_Nawaz_Kayani",0.457842825326122
"Rana_Javed_Iqbal",0.457842825326122
"Rana_Muhammad_Adnan_Khan",0.457842825326122
"Rana_Zahid_Farooq",0.457842825326122
"Rashid_Nasim",0.457842825326122
"Raza_Ahmed_Shah",0.457842825326122
"Riaz_Ahmad_Bhulla_Advocate",0.457842825326122
"Riaz_Ali_Kazmi",0.457842825326122
"Rizwan_Ahmed",0.457842825326122
"Sabir_Hussain_Awan",0.457842825326122
"Sahib_Zada_Haroon_Ur_Raheed",0.457842825326122
"Sami_Ullah_Jan",0.457842825326122
"Sardar_Riaz_Ahmad_Khan",0.457842825326122
"Sardar_Zafar_Hussain_Khan",0.457842825326122
"Sarfraz_Ahmad_Khan",0.457842825326122
"Shahib_Zada_Muhammad_Yaqub",0.457842825326122
"Sheikh_Muhammad_Mushtaq",0.457842825326122
"Shoukat_Ali_Shaikh",0.457842825326122
"Solat_Majeed_Satti_Advocate",0.457842825326122
"Sultan_Muhammad",0.457842825326122
"Syed_Attaullah_Shah",0.457842825326122
"Syed_Mehr_Hassan_Gillani",0.457842825326122
"Syed_Mohammad_Faheem",0.457842825326122
"Syed_Muhammad_Bilal",0.457842825326122
"Tahir_Siraj",0.457842825326122
"Taj_Muhammad_Khan",0.457842825326122
"Tariq_Javeed_Janjua",0.457842825326122
"Tashkeel_Ahmed_Siddiqui",0.457842825326122
"Taufeequddin_Siddiqui",0.457842825326122
"Uzair_Latif",0.457842825326122
"Waheed_Akhtar",0.457842825326122
"Waleed_Nasir_Choudhary",0.457842825326122
"Yahya_Bakhtiar",0.457842825326122
"Zafar_Jamal_Khan_Advocate",0.457842825326122
"Zahid_Mohibullah_Khan_Advocate",0.457842825326122
"Zahid_Saeed",0.457842825326122
"Zahoor_Ahmad_Watto",0.457842825326122
"Zar_Noor_Afridi",0.457842825326122
"Zubair_Ahmad_Gondal",0.457842825326122
"Zubair_Farooq_Khan",0.457842825326122
"Muhammad_Owais_Siddiqui",0.45668041891463
"Naqeeb_Ullah",0.451191471571906
"Abdul_Malik",0.450720400918772
"Aziz_Ullah",0.450156412930136
"Abdul_Nabi",0.450109477635283
"Abdul_Nasir",0.450109477635283
"Abdul_Qadir_Luni",0.450109477635283
"Abdul_Sadiq",0.450109477635283
"Abdul_Wahid",0.450109477635283
"Abul_Khair_Muhammad_Zubair",0.450109477635283
"Ameer_Ullah",0.450109477635283
"Arman_Ahmed",0.450109477635283
"Azizullah_Satakzai",0.450109477635283
"Faaiz_Mehmood",0.450109477635283
"Faiz_Ul_Hassan",0.450109477635283
"Fazal_Muhammad_Kakar",0.450109477635283
"Ghous_Baksh_Fareed",0.450109477635283
"Gul_Naseeb_Khan",0.450109477635283
"Hafiz_Ahmed_Ali",0.450109477635283
"Hafiz_Muhammad_Muzaffar",0.450109477635283
"Haji_Naseem_Shah",0.450109477635283
"Ishfaq_Ahmad",0.450109477635283
"Islam_Noor",0.450109477635283
"Khalil_Ahmad",0.450109477635283
"m_Ajmal_Qadri",0.450109477635283
"m_Esa",0.450109477635283
"m_Iqbal",0.450109477635283
"Mahmood_Ahmed_Qadri",0.450109477635283
"Malik_Amjad_Kakar",0.450109477635283
"Mher_Ullah",0.450109477635283
"Mohammad_Ismail_Buledi",0.450109477635283
"Moheb_Ullah",0.450109477635283
"Mufti_Syed_Zain_Ul_Abidin",0.450109477635283
"Muhammad_Bashir_Yousaf",0.450109477635283
"Muhammad_Dawood",0.450109477635283
"Muhammad_Ishtiaq_Khan_Jadoon",0.450109477635283
"Muhammad_Jan",0.450109477635283
"Muhammad_Khalid_Shakir",0.450109477635283
"Muhammad_Maroof",0.450109477635283
"Muhammad_Rizwan_Sheikh",0.450109477635283
"Muhammad_Sadiq_Serani",0.450109477635283
"Noor_Ahmad_Sial",0.450109477635283
"Rao_Azmat_Ullah",0.450109477635283
"Shafi_Ud_Din",0.450109477635283
"Shafi_Ullah",0.450109477635283
"Shaheen_Iqbal",0.450109477635283
"Shuja_Al_Malik",0.450109477635283
"Zubair_Ahmad",0.450109477635283
"Bibi_Yasmeen_Shah",0.440960163432074
"Ghous_Bux_Khan_Mahar",0.440960163432074
"Pir_Sajjad_Saeed_Jan_Sirhandi",0.440960163432074
"Syed_Qurban_Ali_Shah",0.440960163432074
"Babar_Ali",0.440285568587455
"Muhammad_Ashraf",0.440016308225461
"Naseer_Ahmed_Kakar",0.4383186110265
"Muhammad_Ijaz-Ul-Haq",0.438274111675127
"Sheikh_Rasheed_Ahmed",0.438007305194805
"Abdul_Rehman_Khan_Jamali",0.437962869027087
"Abdur_Raj_Khan",0.437962869027087
"Adeeba_Gul_Magsi",0.437962869027087
"Alhaaj_Malak_Aurangzeb_Khan",0.437962869027087
"Ali_Asjad_Malhi",0.437962869027087
"Altaf_Hussain_Unar",0.437962869027087
"Amanullah_Khan_Jadoon",0.437962869027087
"Amanullah_Paracha",0.437962869027087
"Ameer_Maqam",0.437962869027087
"Anwar_Ul_Haq_Alias_Anno",0.437962869027087
"Arbab_Zakaullah",0.437962869027087
"Asif_Tauseef_",0.437962869027087
"Aurangzaib_Khan_Khichi",0.437962869027087
"Azeem_u_Deen_Zahid",0.437962869027087
"Begum_Malik_Shoaib_Awan",0.437962869027087
"Brgd_r__Zulfiqar_Ahmad_Dhillon",0.437962869027087
"Ch__Abdul_Sattar",0.437962869027087
"Ch__Anwar_Ali_Cheema",0.437962869027087
"Ch__Bilal_Ijaz",0.437962869027087
"Ch__Ghais_Ahmed_Mela",0.437962869027087
"Ch__Imran_Ullah",0.437962869027087
"Ch__Muhammad_Ashiq_Dyial",0.437962869027087
"Ch__Nazir_Ahmed_Jatt",0.437962869027087
"Ch__Pervaiz_Ellahi",0.437962869027087
"Ch__Shahid_Akram_Bhinder",0.437962869027087
"Ch__Shamshad_Ahmad_Khan",0.437962869027087
"Ch__Shujaat_Hussain",0.437962869027087
"Ch__Zaffar_Iqbal_Warraich",0.437962869027087
"Ch_amir_Hussain_",0.437962869027087
"Ch_Anwar_Ali_Cheema",0.437962869027087
"Ch_Liaqat_Abbas_Bhatti",0.437962869027087
"Ch_muhammad_Saeed_Virk",0.437962869027087
"Ch_nauraiz_Shakoor_Khan",0.437962869027087
"Ch_Parvez_Elahi",0.437962869027087
"Ch_pervaiz_Elahi",0.437962869027087
"Ch_pervaiz_Ellahi",0.437962869027087
"Ch_Sajid_Hussain_Chatha",0.437962869027087
"Ch_shahbaz_Hussain",0.437962869027087
"Ch_Shoukat_Ali_Bhatti",0.437962869027087
"Ch_shujat_Hussain",0.437962869027087
"Ch_Wajahat_Hussain",0.437962869027087
"Chaudhary_Shahbaz_Hussain",0.437962869027087
"Chaudhary_Wajahat_Hussain",0.437962869027087
"Chaudhry_Muhammad_Anwar_Bhinder",0.437962869027087
"Choudhry_Adil_Saboor",0.437962869027087
"Choudhry_Farrukh_Altaf",0.437962869027087
"Choudhry_Tariq_Bashir_Cheema",0.437962869027087
"Dewan_Syed_Ashiq_Hussain_Bukhari",0.437962869027087
"Doctor_Nisar_Ahmad_Jat_",0.437962869027087
"Dr__Ghulam_Hyder_Samejo",0.437962869027087
"Dr_junaid_Mumtaz_Joya",0.437962869027087
"Dr_sher_Afghan_Khan_Niazi",0.437962869027087
"Engineer_Amir_Muqam",0.437962869027087
"Fahad_Malik",0.437962869027087
"Farhad_Ali_Khan",0.437962869027087
"Farkhanda_Amjad_Warraich",0.437962869027087
"Farooq_Ahmed_Khan_Leghari",0.437962869027087
"Fawad_Ahmad",0.437962869027087
"Fazal_Ahmad_Sheikh",0.437962869027087
"Ghias_Ahmad_Mela",0.437962869027087
"Ghulam_Sarwar_Siyal_Babu",0.437962869027087
"Habibullah_Khan_Kundi",0.437962869027087
"Haji_Bilal_Noor_Ansari_",0.437962869027087
"Haji_Mohammad_Islam_Qureshi",0.437962869027087
"Haleem_Adil_Shaikh",0.437962869027087
"Hamayun_Saifullah_Khan",0.437962869027087
"Hamid_Nasir_Chatha",0.437962869027087
"Hamid_Yar_Hiraj",0.437962869027087
"Haroon_Ehsan_Piracha",0.437962869027087
"Humayun_Akhtar_Khan",0.437962869027087
"Hussaini_Shahabuddin_Shah",0.437962869027087
"Ihsan_Ali_Jatoi",0.437962869027087
"Inam_Khan",0.437962869027087
"Irshad_Alam",0.437962869027087
"Ishaq_Khan_Khakwani",0.437962869027087
"Jaffar_Khan_Mandokhel",0.437962869027087
"Jam_Mir_Muhammad_Yousuf",0.437962869027087
"Javed_Iqbal_Satti",0.437962869027087
"Kh__Tahir_Zia",0.437962869027087
"Khalid_Ahmad_Gurmani",0.437962869027087
"Khan_Aftab_Ahmad_Khan_Khichi",0.437962869027087
"Khan_Amanullah_Khan",0.437962869027087
"Khan_Muhammad_Dhari",0.437962869027087
"Khawja_Sheeraz_Mehmood",0.437962869027087
"Khurram_Munawar_Manj",0.437962869027087
"Khurram_Munawwar_Munj",0.437962869027087
"Khurshid_Ali_Khan",0.437962869027087
"Liaquat_Ali_Qureshi",0.437962869027087
"Lietutant_Col__r_Ghulam_Rasul_Sahi_",0.437962869027087
"Liquat_Ali_Khan_Jatoi",0.437962869027087
"Maj__r__Habib_Ullah_Warraich",0.437962869027087
"Makhdom_Zada_Syed_Basit_Ahmad_Sultan_Bukhari",0.437962869027087
"Makhdoom_Khusru_Bakhtiar",0.437962869027087
"Makhdoom_Syed_Ahmad_Alam_Anwar",0.437962869027087
"Makhdoom_Syed_Ali_Akbar_Mehmood",0.437962869027087
"Makhdoom_Syed_Faisal_Saleh_Hayat",0.437962869027087
"Malik_Ghulam_Murtaza_Maitla",0.437962869027087
"Malik_Ghulam_Qasim_Hinjra",0.437962869027087
"Malik_Najab_Gul_Khalil_Adv_",0.437962869027087
"Malik_Nauman_Ahmad_Langrial",0.437962869027087
"Malik_Nauman_Ahmed_Langriyal",0.437962869027087
"Malik_Niaz_Ahmad_Jakhar",0.437962869027087
"Mian_Ahmad_Raza_Khan_Maneka",0.437962869027087
"Mian_Khursheed_Mehmood_Kasuri",0.437962869027087
"Mian_Mazhar_Ahmed_Qureshi",0.437962869027087
"Mian_Muhammad_Azhar",0.437962869027087
"Mian_Muhammad_Jehangir",0.437962869027087
"Mian_Muhammad_Kashif_Ashfaq",0.437962869027087
"Mian_Muhammad_Riaz_",0.437962869027087
"Mian_Najeeb_Ud_Din_Awasi",0.437962869027087
"Mian_Rajab_Ali_Khan_Baloch_",0.437962869027087
"Mian_Shamim_Haidar",0.437962869027087
"Mian_Yahya_Shah_Kaka_Khel",0.437962869027087
"Mir_Ahmadan_Khan_Bugti",0.437962869027087
"Mir_Ahmedan_Khan_Bugti",0.437962869027087
"Mir_Asim_Kurd",0.437962869027087
"Mir_Atta-Ur-Rehman_Mengal",0.437962869027087
"Mir_Zeeshan_Ali_Panhwar",0.437962869027087
"Mr__Ghulam_Sarwar_Siyal__Babu_",0.437962869027087
"Muhammad_Afrooq_Anwar_Abbasi",0.437962869027087
"Muhammad_Ajmal_Khan_Kanjoo",0.437962869027087
"Muhammad_Asim_Nazir",0.437962869027087
"Muhammad_Aslam_Khan_Kharral",0.437962869027087
"Muhammad_Ayub_Khan_Khattak",0.437962869027087
"Muhammad_Basharat_Raja",0.437962869027087
"Muhammad_Idrees",0.437962869027087
"Muhammad_Intikhab_Khan",0.437962869027087
"Muhammad_Naseer_Khan",0.437962869027087
"Muhammad_Nasir_Raja",0.437962869027087
"Muhammad_Raza_Hayat_Hiraj",0.437962869027087
"Muhammad_Saddique_Khan_Baluch",0.437962869027087
"Muhammad_Safdar_Shakir_",0.437962869027087
"Muhammad_Sarwar_Khan_Kakar",0.437962869027087
"Muhammad_Shah_Khagga",0.437962869027087
"Muhammad_Tahir_Shah",0.437962869027087
"Muhammad_Urs_Khero",0.437962869027087
"Muhtarma_Amna_Zulifqar_Dhillon",0.437962869027087
"Mukhdoom_Syed_Sami-Ul-Hassan_Gilani",0.437962869027087
"Mushtaq_Ali_Cheema_",0.437962869027087
"Nasir_Iqbal_Busal",0.437962869027087
"Nasrullah_Khan_Bijarani",0.437962869027087
"Nawab_Zada_Iftikhar_Ahmad_Khan_Babar",0.437962869027087
"Nawabzada_Sardar_Khan_Chandio",0.437962869027087
"Niloufer_Qasim_Mahdi",0.437962869027087
"Peer_Tariq_Ahmed_Shah",0.437962869027087
"Pir_Aslam_Bodla",0.437962869027087
"Pir_Muhammad_Shah_Khagga",0.437962869027087
"Professor_Engineer_Rana_Saeed_Ahmed_Zafar",0.437962869027087
"Qari_Mushtaque_Ahmed_Farooqui",0.437962869027087
"Rai_Mansab_Ali",0.437962869027087
"Rai_Muhammad_Aslam_Kharal",0.437962869027087
"Rais_Munir_Ahmad",0.437962869027087
"Raja_Qasim_Javaid_Ikhlas",0.437962869027087
"Raja_Talia_Saeed_Khan",0.437962869027087
"Rana_Asif_Touseef",0.437962869027087
"Rana_Tariq_Javed",0.437962869027087
"Rana_Zahid_Mahmood_",0.437962869027087
"Rao_Sikandar_Iqbal",0.437962869027087
"Rehman_Naseer",0.437962869027087
"Rehman_Naseer_Ch_",0.437962869027087
"Riaz_Fatiyana",0.437962869027087
"Rifat_Javed_Kahloon",0.437962869027087
"Rizwan_Sadiq_Khan",0.437962869027087
"Ruquiya_Saeed_Hashmi",0.437962869027087
"Sahibzada_Muhammad_Nazir_Sultan",0.437962869027087
"Said_Badshah",0.437962869027087
"Sajad_Hussain",0.437962869027087
"Saranzaib_Khan",0.437962869027087
"Sardar_Aqil_Omer",0.437962869027087
"Sardar_Ashiq_Hussain_Gopan",0.437962869027087
"Sardar_Bahadar_Ahmad_Khan_Seehar",0.437962869027087
"Sardar_Fateh_Muhammad_Muhammad_Hassani",0.437962869027087
"Sardar_Maqsood_Khan_Leghari",0.437962869027087
"Sardar_Masood_Ali_Khan_Luni",0.437962869027087
"Sardar_Muhammad_Asif_Nakai",0.437962869027087
"Sardar_Muhammad_Israr_Tareen",0.437962869027087
"Sardar_Muhammad_Jafar_Khan_Leghari",0.437962869027087
"Sardar_Muhammad_Nawab_Khan",0.437962869027087
"Sardar_Nasrullh_Khan_Dreshak_",0.437962869027087
"Sardar_Shajehan_Yousaf",0.437962869027087
"Sardar_Talib_Hassan_Nakai",0.437962869027087
"Sardar_Tofail_Ahmed_Khan",0.437962869027087
"Sardar_Yar_Muhammad_Rind",0.437962869027087
"Sayed_Murad_Ali_Shah",0.437962869027087
"Sh__Rasheed_Ahmed",0.437962869027087
"Shad_Ali_Khan",0.437962869027087
"Shahid_Manzoor_Gill",0.437962869027087
"Shahid_Manzoor_Gill_",0.437962869027087
"Shahida_Sattar_Laleka",0.437962869027087
"Shahzada_Muhyuddin",0.437962869027087
"Sheikh_Jafar_Khan_Mandokhail",0.437962869027087
"Sheikh_Muhammad_Anwar",0.437962869027087
"Sheikh_Muhammad_Tahir_Rasheed",0.437962869027087
"Sheikh_Waqas_Akram",0.437962869027087
"Shoukat_Ali_Khan",0.437962869027087
"Shujaat_Ali_Khan",0.437962869027087
"Sikandar_Hayat_Khan_Bossan",0.437962869027087
"Suhrab_Ali",0.437962869027087
"Sultan_Shahab_Jahangir",0.437962869027087
"Sumaira_Malik",0.437962869027087
"Syed_Ayaz_Ali_Shah_Sheerazi",0.437962869027087
"Syed_Gulzar_Sabtain_Shah",0.437962869027087
"Syed_Mujahid_Ali_Shah",0.437962869027087
"Syed_Noor-Ul-Hassan_Shah",0.437962869027087
"Syed_Obaidullah",0.437962869027087
"Syed_Riaz_Hussain_Shah_Sheerazi",0.437962869027087
"Tahir_Hussain_Shah_",0.437962869027087
"Taj_Mohammad_Shaikh",0.437962869027087
"Tariq_Bashir_Cheema",0.437962869027087
"Umar_Ayub_Khan",0.437962869027087
"Umar_Zeb_Khan",0.437962869027087
"Waseem_Gulzar",0.437962869027087
"Wazir_Mohammad_Safi",0.437962869027087
"Zafarullah_Tarar",0.437962869027087
"Zaheer_Ud_Din",0.437962869027087
"Zahid_Nazir",0.437962869027087
"Zardali_Khan",0.437962869027087
"Zargul_Khan",0.437962869027087
"Majid_Khan",0.430237193541957
"Muhammad_Saleem_Khan",0.430237193541957
"Hamayun_Akhtar_Khan",0.42784935579782
"Muhammad_Azhar",0.418070889018013
"Abdul_Majeed",0.417666408668731
"Abdul_Ahad",0.416658623684972
"Abdul_Khaliq_s_o_Haji_Fazal_m",0.416658623684972
"Abdul_u_Haq_Malik",0.416658623684972
"Ali_Nawaz",0.416658623684972
"Asgher_Ali",0.416658623684972
"Ata_Muhammad",0.416658623684972
"Eid_Nazar",0.416658623684972
"Ghulam_Shabbir",0.416658623684972
"Gul_Faraz",0.416658623684972
"Hafiz_Aurangzaib_Farooqui",0.416658623684972
"Hamza_Tariq",0.416658623684972
"Iftikhar_Ahmed_Farooqi",0.416658623684972
"Kamran_Khalid_Butt",0.416658623684972
"Khuda_Nazar",0.416658623684972
"Muhammad_Abu_Bakar_Saddique",0.416658623684972
"Muhammad_Ahmad_Khan",0.416658623684972
"Muhammad_Ishaque",0.416658623684972
"Muhammad_Ishfaq",0.416658623684972
"Muhammad_Safder_Hashmi",0.416658623684972
"Muhammad_Sikandar",0.416658623684972
"Naimatullah",0.416658623684972
"Saeed_Khan",0.416658623684972
"Shakil_Ahmed",0.416658623684972
"Syed_Abdul_Rafay",0.416658623684972
"Syed_Kaleem_Ullah",0.416658623684972
"Tariq_Aziz",0.416658623684972
"Ubaid_Ullah_Khan",0.416658623684972
"Waqas_Ahmed",0.416658623684972
"Abdul_Ghafoor",0.413664239172097
"Deedar_Ali",0.413030998851894
"Abdul_Matin_Khan",0.412912482065997
"Abdul_Rasheed_Nasir",0.412912482065997
"Abdul_Rehman_Khan_Yousufzai",0.412912482065997
"Abdur_Rauf",0.412912482065997
"Ahmad_Ali",0.412912482065997
"Ahmad_Khan",0.412912482065997
"Ahmadullah",0.412912482065997
"Ahmed_Zaman",0.412912482065997
"Aimal_Wali_Khan",0.412912482065997
"Alhaj_Ghulam_Ahmad_Bilour",0.412912482065997
"Aman_Masood",0.412912482065997
"Ameer_Haider_Azam_Khan",0.412912482065997
"Amir_Haider_Khan",0.412912482065997
"Amir_Nawab",0.412912482065997
"Anwar_Zaib",0.412912482065997
"Arbab_Inam_Ullah_Khan",0.412912482065997
"Arbab_Mohammad_Ayub_Jan",0.412912482065997
"Arbab_Muhammad_Zahir_Khan",0.412912482065997
"Arbab_Najeeb_Ullah_Khan",0.412912482065997
"Arbab_Najeeb_Ullah_Khan_Khalil",0.412912482065997
"Arshad_Mansoor_Shah",0.412912482065997
"Arshad_Sohail",0.412912482065997
"Asfandiyar_Wali_Khan",0.412912482065997
"Asfandyar_Wali_Khan",0.412912482065997
"Asghar_Khan",0.412912482065997
"Ashraf_Ullah",0.412912482065997
"Asif_Ali",0.412912482065997
"Bahadar_Khan",0.412912482065997
"Bashir_Khan_Umerzai",0.412912482065997
"Bismillah_Jan",0.412912482065997
"Bismillah_Jan_Luni",0.412912482065997
"Ch__Ghulam_Mustafa",0.412912482065997
"Dost_Muhammad",0.412912482065997
"Doulat_Ali",0.412912482065997
"Dr_Sherbaz_Khan",0.412912482065997
"Engineer_Noor_Ahmed_Khan",0.412912482065997
"Faisal_Imran_Khan_Niazi",0.412912482065997
"Farid_Ullah_Dumar",0.412912482065997
"Gul_Afzal",0.412912482065997
"Habib_Ullah_Khan",0.412912482065997
"Hafiz_Zardullah_Khan_Hassan_Zai_",0.412912482065997
"Haji_Ghulam_Ahmad_Bilour",0.412912482065997
"Haji_Naseem-Ur-Rehman",0.412912482065997
"Haji_Nizamuddin_Kakar",0.412912482065997
"Haji_Rehmanullah",0.412912482065997
"Hameed_Ullah",0.412912482065997
"Hamid_Khan_Toofan",0.412912482065997
"Hamidullah_Khan",0.412912482065997
"Inayat_Khan",0.412912482065997
"Iqbal_Zaib_Khan",0.412912482065997
"Irfan_Ali",0.412912482065997
"Irshad_Khan",0.412912482065997
"Jumma_Khan_Babar",0.412912482065997
"Kabir_Ahmed_Sher",0.412912482065997
"Khadija_Bibi",0.412912482065997
"Khan_Parvez",0.412912482065997
"Khan_Zeb",0.412912482065997
"Khudai_Dad",0.412912482065997
"Khursheed_Begum_Saeed",0.412912482065997
"Khurshid",0.412912482065997
"m_Shafi",0.412912482065997
"Maj_r__Mahr_Muhammad_Ramzan",0.412912482065997
"Malik_Dad_Muhammad_Tareen",0.412912482065997
"Malik_Darya_Khan",0.412912482065997
"Malik_Muhammad_Usman_Achakzai_",0.412912482065997
"Mamoon_Khan_Kakar",0.412912482065997
"Masood_Abbas",0.412912482065997
"Masood_Abbas_Khattak",0.412912482065997
"Mian_Babar_Shah_Kaka_Khel",0.412912482065997
"Mohammad_Ayub_Khan_Advocate",0.412912482065997
"Mohammad_Farooq_Khan",0.412912482065997
"Muhammad_Ayaz_Khan",0.412912482065997
"Muhammad_Ayub_Khan",0.412912482065997
"Muhammad_Azam_Khan",0.412912482065997
"Muhammad_Daud_Khan_Khattak",0.412912482065997
"Muhammad_Farooq_Bangsh",0.412912482065997
"Muhammad_Farooq_Khan",0.412912482065997
"Muhammad_Fayaz_Khan",0.412912482065997
"Muhammad_Hashim_Babar",0.412912482065997
"Muhammad_Kamal",0.412912482065997
"Muhammad_Khan_Afridi",0.412912482065997
"Muhammad_Riaz_Khan",0.412912482065997
"Muhammad_Sajid_Taheem_Advocate",0.412912482065997
"Muhammad_Sharif_Khattak",0.412912482065997
"Muhammad_Taimoor_Khan",0.412912482065997
"Muhammad_Younus_Khan",0.412912482065997
"Muhammad_Zahid_Khan",0.412912482065997
"Muhibullah_Kakar",0.412912482065997
"Munir_Shah",0.412912482065997
"Muzafer_Ul_Mulk",0.412912482065997
"Muzaffar-Ul-Mulk",0.412912482065997
"Naik_Muhammad_Kakar",0.412912482065997
"Naimat_Khalil",0.412912482065997
"Nawabzada_Khawaja_Muhammad_Khan_Hoti_Alias_Toti_Khan",0.412912482065997
"Nawabzada_Mohamamd_Amin_Khan_Jogezai",0.412912482065997
"Nawaz_Ali_Burfat",0.412912482065997
"Nisar_Ahmed",0.412912482065997
"Noor_Ahmed",0.412912482065997
"Noor_Aslam",0.412912482065997
"Owais_Khan",0.412912482065997
"Perviz_Khan_Advocate",0.412912482065997
"Qalandar_Bux",0.412912482065997
"Rahmat_Shah_Sael",0.412912482065997
"Rana_Mushtaq_Ahmad",0.412912482065997
"Sadeed_Ur_Rehman",0.412912482065997
"Sadid_Ur_Rahman",0.412912482065997
"Sajid_Mahmood",0.412912482065997
"Saqib_Ullah_Khan",0.412912482065997
"Sarfaraz_Khan_Jadoon",0.412912482065997
"Shah_Hussain",0.412912482065997
"Shah_Mohammad",0.412912482065997
"Shahi_Khan",0.412912482065997
"Shahi_Khan_Sherani",0.412912482065997
"Shahnawaz_Khanzada",0.412912482065997
"Shahzia_Batul",0.412912482065997
"Shazia_Bibi",0.412912482065997
"Sheheryar_Khan",0.412912482065997
"Sher_Nawaz_Khattak",0.412912482065997
"Sherullah_Khan",0.412912482065997
"Sultan_Khan_Mandokhail",0.412912482065997
"Sultan_Khan_Mandokhel",0.412912482065997
"Syed_Abdul_Qayyum",0.412912482065997
"Syed_Basharat_Hussain",0.412912482065997
"Syed_Haider_Ali_Shah",0.412912482065997
"Syed_Haroon_Shah",0.412912482065997
"Syed_Karam_Darwesh",0.412912482065997
"Syed_Masood_Shah",0.412912482065997
"Syed_Muhammad_Afzal",0.412912482065997
"Syed_Muhammad_Hanif",0.412912482065997
"Syed_Muzafar_Ali_Shah_Jan",0.412912482065997
"Tariq_Hameed_Khattak",0.412912482065997
"Umar_Hayat",0.412912482065997
"Umar_Khan",0.412912482065997
"Waris_Khan",0.412912482065997
"Zain_Umar_Arbab",0.412912482065997
"Zarbali_Syed",0.412912482065997
"Muhammad_Tahir_Makhdoom",0.412636207226152
"Abdul_Hai_Sheikh_Qari_Sahab",0.412478501815402
"Abdul_Hakam",0.412478501815402
"Abdul_Hanan",0.412478501815402
"Amanullah_Usmani",0.412478501815402
"Anus_Bin_Malik",0.412478501815402
"Asghar_Ali_Abbasi",0.412478501815402
"Atta_Ullah",0.412478501815402
"Bashir_Ahmad",0.412478501815402
"Bilal_Ahmed",0.412478501815402
"Chand_Faisal",0.412478501815402
"Faridullah",0.412478501815402
"Fiaz_Ur_Rehman_Siddiqui",0.412478501815402
"Gul_Wazir_Shaheen",0.412478501815402
"Habibullah_Mukhtiar",0.412478501815402
"Hafeezullah_Chandio",0.412478501815402
"Hafiz_Asim_Makdoom",0.412478501815402
"Hafiz_Manzoor_Ahmed_Solangi",0.412478501815402
"Hafiz_Mohammad_Akber",0.412478501815402
"Hafiz_Muhammad_Hanif_Usmani",0.412478501815402
"Hafiz_Muhammad_Safdar_Qasmi",0.412478501815402
"Hafiz_Orangzaib",0.412478501815402
"Hafiz_Qudratullah_Arif_Khan",0.412478501815402
"Hafiz_Rana_Muhammad_Usman_Shakar",0.412478501815402
"Hakeem_Jameel_Asghar_Khizri",0.412478501815402
"Hakeem_Muhammad_Sadique",0.412478501815402
"Ishtiaq_Ahmad",0.412478501815402
"Khalifa_Abdul_Qayyum",0.412478501815402
"Khwaja_Muhammad",0.412478501815402
"Mahar_Ghulam_Shabir",0.412478501815402
"Maulana_Rasheed_Ahmad",0.412478501815402
"Maulana_Umar_Farooq_Saddiqui",0.412478501815402
"Mohammad_Ramzan_Malik_Mdm",0.412478501815402
"Mohammad_Tayyab",0.412478501815402
"Molana_Abdul_Waheed",0.412478501815402
"Molana_Hamid_Ul_Haq_Haqqani",0.412478501815402
"Molana_Hidayat_Ullah_Khan_Chishti",0.412478501815402
"Molana_Iftikhar_Ahmed",0.412478501815402
"Molana_Muhammad_Ahmad_Ludhianvi",0.412478501815402
"Molana_Muhammad_Bilal_Umer",0.412478501815402
"Molana_Taj_Muhammad_Hanfi",0.412478501815402
"Mollana_Abdul_Kabeer_Shahkir",0.412478501815402
"Molvi_Abdul_Hai",0.412478501815402
"Mr_ayoub_Chandio",0.412478501815402
"Muhammad_Arfan_Siddiquei_Advocate",0.412478501815402
"Muhammad_Ashiq_Khan",0.412478501815402
"Muhammad_Aslam_Siddiqui",0.412478501815402
"Muhammad_Basir_Sikhan_Advocate",0.412478501815402
"Muhammad_Hayat_Muhammad_Hassani",0.412478501815402
"Muhammad_Ibrahim_Qasmi",0.412478501815402
"Muhammad_Iqbal_Jutt",0.412478501815402
"Muhammad_Muhsan_Rahmani",0.412478501815402
"Muhammad_Naseem_Khan",0.412478501815402
"Muhammad_Sarwar",0.412478501815402
"Mulana_Muhammad_Asif_Moavia_Sial",0.412478501815402
"Qari_Abdul_Majeed",0.412478501815402
"Qari_Abdul_Majeed_Pitafi",0.412478501815402
"Qari_Asghar_Ali",0.412478501815402
"Qari_Faqir_Mohammad_Hazarvi",0.412478501815402
"Qari_Hussain_Ahmad_Shad",0.412478501815402
"Qazi_Naeem_Akhtar",0.412478501815402
"Qazi_Saif_Ullah_Khan",0.412478501815402
"Qudratullah_Rajput",0.412478501815402
"Raheem_Bukhsh",0.412478501815402
"Rana_Hafiz_Abdul_Jabbar_Muavia",0.412478501815402
"Rao_Habib_Ur_Rehman",0.412478501815402
"Rao_Muhammad_Javaid_Iqbal",0.412478501815402
"Rehan_Mehmood_Zia",0.412478501815402
"Syed_Bahroon_Shah",0.412478501815402
"Syed_Faisal_Hussain_Shah_Gillani",0.412478501815402
"Syed_Muhammad_Subtain_Shah_Naqvi",0.412478501815402
"Tahir_Aqeel",0.412478501815402
"Zaheer_Uddin_Baber",0.412478501815402
"Zar_Wali_Khan",0.412478501815402
"Abdul_Jabbar",0.406076568526009
"Malik_Matloob_Ali_Awan",0.401096348601691
"Abdul_Razzaque",0.400389538119087
"Aamir_Rasheed",0.397696913864579
"Afzal_Ahmad_Gondal",0.397696913864579
"Ali_Akbar_Kalhoro",0.397696913864579
"Ali_Nawaz_Qasmi",0.397696913864579
"Allama_Mujhahid_Abdul_Rasool_Khan",0.397696913864579
"Allama_Shabbir_Ahmed_Chasti_Nazimi_Off_Sakka",0.397696913864579
"Arshad_Mehmood",0.397696913864579
"Awal_Jan_Mazari",0.397696913864579
"Basharat_Ali_Gujjar",0.397696913864579
"Hafiz_Gul_Sher",0.397696913864579
"Hafiz_Malik_Muhammad_Bashir",0.397696913864579
"Hafiz_Raja_Muhammad_Sana_Ul_Haq",0.397696913864579
"Imtiaz",0.397696913864579
"Jahangir_Qadri",0.397696913864579
"Jhangir_Qadri",0.397696913864579
"Mahboob_Ali_Sahto",0.397696913864579
"Malik_Muhammad_Iqbal_Khokhar",0.397696913864579
"Matloob_Awan",0.397696913864579
"Mian_Ghulam_Shabir_Qadri",0.397696913864579
"Mohammad_Kashif",0.397696913864579
"Mohammad_Younis_Ansari",0.397696913864579
"Mollana_Mohammad_Illyas_Gabool",0.397696913864579
"Muhammad_Afzal_Qadri",0.397696913864579
"Muhammad_Ajmal_Umar",0.397696913864579
"Muhammad_Arif_Mansoori",0.397696913864579
"Muhammad_Imran_Javaid",0.397696913864579
"Muhammad_Jamal_Barket",0.397696913864579
"Muhammad_Kaleem",0.397696913864579
"Muhammad_Murtaza_Rizvi_Wattoo",0.397696913864579
"Muhammad_Tahir_Qadri",0.397696913864579
"Peer_Sayed_Munir_Hussain_Shah_Noori",0.397696913864579
"Pir_Syed_Mubashar_Hussain_Shah_Shakreelvy",0.397696913864579
"Professor_Farooq_Ahmed_Tajra",0.397696913864579
"Rana_Muhammad_Riaz_Qadri",0.397696913864579
"Raza_e_Mustafa",0.397696913864579
"Rizwan_Ali",0.397696913864579
"Rizwan_Qureshi",0.397696913864579
"Sajid_Mehmood_Qadri",0.397696913864579
"Sajjad_Haider",0.397696913864579
"Shoukat_Ali_Lehri",0.397696913864579
"Syed_Ahmad_Shah",0.397696913864579
"Syed_Tawaqal_Hussain_Shah_Bukhari",0.397696913864579
"Jehangir_Khan",0.39064338068953
"Ajab_Khan",0.38672399892502
"Ali_Akber_Nizamani",0.386689358652813
"Ali_Asghar_Halepoto",0.386689358652813
"Amjad_Hussain",0.386689358652813
"Chakar_Khan_Shahani",0.386689358652813
"Fakir_Ghulam_Nabi_Mangrio",0.386689358652813
"Ghulam_Dastgir_Rajar",0.386689358652813
"Imamuddin_Shaookeen",0.386689358652813
"Inayatullah",0.386689358652813
"Jam_Mashooque_Ali",0.386689358652813
"Khuda_Bux_Dars",0.386689358652813
"Main_Sajjad_Ahmad_Sajid",0.386689358652813
"Maj___Rtd__Syed_Tanveer_Hussain_Satara_Juraat",0.386689358652813
"Makhdoom_Syed_Ahmad_Mahmood",0.386689358652813
"Makhdum_Syed_Ahmad_Mahmud",0.386689358652813
"Malik_Ghulam_Mustafa_Khar",0.386689358652813
"Mehtab_Akbar_Rashidi",0.386689358652813
"Mian_Abdul_Malik",0.386689358652813
"Mir_Hassan_Khoso",0.386689358652813
"Mir_Naseer_Khan_Khoso_",0.386689358652813
"Muhammad_Jadam_Mangrio",0.386689358652813
"Musharraf_Ali_Khan_Khoso",0.386689358652813
"Nadeem_Qadir_Bhutto",0.386689358652813
"Pir_Bux_Junejo",0.386689358652813
"Pir_Noor_Mohammad_Shah_Jeelani",0.386689358652813
"Pir_Sadruddin_Shah",0.386689358652813
"Pir_Syed_Saddaruddin_Shah_Rashdi",0.386689358652813
"Sardar_Mir_Hakim_Ali_Khan_Sundrani",0.386689358652813
"Sarfaraz_Ali_Bughio",0.386689358652813
"Shabir_Ahmed_Qaim_Khani",0.386689358652813
"Shehzad_Mughal",0.386689358652813
"Syed_Ghulam_Abbas",0.386689358652813
"Syed_Kazim_Ali_Shah_Lakyari",0.386689358652813
"Syed_Mehr_Mohi_Ud_Din_Hashmi",0.386689358652813
"Syed_Qazim_Ali_Shah",0.386689358652813
"Syed_Safdar_Ali_Shah",0.386689358652813
"Syed_Zahid_Hussain_Shah",0.386689358652813
"Abu_Khair_Muhammad_Zubair",0.38386982038058
"Abul_Khair_Mohammad_Zubair",0.38386982038058
"Akhtar_Hussain_Gil",0.38386982038058
"Allama_Muhammad_Yaqoob",0.38386982038058
"Badshah_Muain",0.38386982038058
"Chaudhary_Tariq_Maqsood_Sahi",0.38386982038058
"Doctor_Muhammad_Aslam_Javaid_Awan",0.38386982038058
"Ghulam_Hussain_Farooqi",0.38386982038058
"Hafiz_Ahmed_Ali_Abbasi",0.38386982038058
"Hafiz_Munawar_Hussain",0.38386982038058
"Hafiz_Saeed_Ahmed",0.38386982038058
"Jan_Muhammad_Jat",0.38386982038058
"Khalid_Mahmood_Akhtar_Jajja",0.38386982038058
"Malik_Bashir_Ahmad_Nizami",0.38386982038058
"Mehmood_Ahmad",0.38386982038058
"Mir_Maqbool_Ahmed_Khosa",0.38386982038058
"Mirza_Mukhtar_Ali_Khan",0.38386982038058
"Mohammad_Jaffar",0.38386982038058
"Molana_Miraj_Ud_Din_Sirkani",0.38386982038058
"Molvi_Muhammad_Qasim",0.38386982038058
"Mufti_Abdul_Shakoor_Rizvi",0.38386982038058
"Muhammad_Awais_Siddiqi",0.38386982038058
"Muhammad_Fayaz",0.38386982038058
"Muhammad_Sajjad_Ali_Hamdi",0.38386982038058
"Muhammad_Siddiq_Rathore",0.38386982038058
"Muhammad_Tassaduq_Hussain",0.38386982038058
"Muhammad_Younus",0.38386982038058
"Niaz_Muhammad_Chandio",0.38386982038058
"Pir_Muhammad_Saeed_Ahmad_Nuqshbandi",0.38386982038058
"Pir_Syed",0.38386982038058
"Qari_Hafiz_Muhammad_Zawar_Bahadar",0.38386982038058
"Qazi_Shehzada_Sultan_Ul_Haq",0.38386982038058
"Rajab_Ali",0.38386982038058
"Rao_Azmat_Ullah_Khan",0.38386982038058
"Rashid_Imran_Khan",0.38386982038058
"Seikh_Muhammad_Akram",0.38386982038058
"Shad_Mohammad_Khan",0.38386982038058
"Shah_Muhammad_Owais_Noorani",0.38386982038058
"Tauqeer_Ahmed_Bajwa",0.38386982038058
"Wahid_Ali_Naqshband",0.38386982038058
"Abdul_Ali",0.380352422907489
"Abdul_Qayyum_Bajwa",0.380352422907489
"Adeel_Ahmad",0.380352422907489
"Aman_Ullah_Khan",0.380352422907489
"Amir_Hamza_Dogar_Advocate",0.380352422907489
"Amir_Muhammad",0.380352422907489
"Amjid_Pervaiz",0.380352422907489
"Aqeel_Shahzad",0.380352422907489
"Asif_Iqbal",0.380352422907489
"Ch_Tanveer_Ahmad_Kambo",0.380352422907489
"Doctor_Abdul_Rashid",0.380352422907489
"Doctor_Nasir_Razzaq",0.380352422907489
"Dr__Rafique_Ahmed_Ghuncha",0.380352422907489
"Ghulam_Abbass",0.380352422907489
"Iftikhar_Ali",0.380352422907489
"Kamal_Azfar",0.380352422907489
"Khizar_Hayat",0.380352422907489
"Maki_Muhammad",0.380352422907489
"Malik_Gul_Zali_Khan_Zakheli",0.380352422907489
"Malik_Nazar_Fareed_Khokhar",0.380352422907489
"Malik_Zafar_Iqbal_Rajput_Panwar",0.380352422907489
"Mian_Abdul_Waheed",0.380352422907489
"Moin_Ud_Din",0.380352422907489
"Mr_mumtaz_Ali",0.380352422907489
"Muhammad_Abu_Bakar_Watto",0.380352422907489
"Muhammad_Ahmad_Chaudhary",0.380352422907489
"Muhammad_Arshad_Taqi",0.380352422907489
"Muhammad_Irfan_Ud_Din",0.380352422907489
"Muhammad_Muzzammil",0.380352422907489
"Muhammad_Nawaz_Cheema",0.380352422907489
"Muhammad_Rafique_Advocate",0.380352422907489
"Muhammad_Sharif",0.380352422907489
"Naseer_Ahmed_Chandio",0.380352422907489
"Nek_Daraz_Khan",0.380352422907489
"Peer_Abdul_Shakoor_Naqsh_Bandi",0.380352422907489
"Qazi_Aslam_Khan",0.380352422907489
"Rahimullah_Khan",0.380352422907489
"Raja_Izat_Ali",0.380352422907489
"Rana_Muhammad_Saeed_Khan",0.380352422907489
"Rana_Muhammad_Sharif",0.380352422907489
"Rao_Muhammad_Akbar_Khan_Mayyo",0.380352422907489
"Rao_Wajid_Ali_Khan",0.380352422907489
"Saghir_Hussain",0.380352422907489
"Sahahbaz_Yasir_Ali",0.380352422907489
"Shamim_Khan",0.380352422907489
"Waheed_Ahmad_Khan",0.380352422907489
"Zaheer_Ahmad_Zia_Warraich",0.380352422907489
"Zahid_Sadique_Ansari",0.380352422907489
"Zaib_Ali",0.380352422907489
"Gul_Muhammad",0.379549850536311
"Muhammad_Farooq_Rajput",0.379549850536311
"Nawabzada_Shazain_Bugti",0.379549850536311
"Nawabzada_Talal_Akbar_Bughti",0.379549850536311
"Nawabzada_Talal_Akbar_Bugti",0.379549850536311
"Rana_Umar_Nazir_Ahmad_Khan",0.379549850536311
"Sardar_Zia_Ul_Haq",0.379549850536311
"Shah_Wali",0.379549850536311
"Talal_Akbar_Bugti",0.379549850536311
"Hizbullah",0.374025298908335
"Akhtar_Nawaz_Faisal_Daryana",0.370557939914163
"Amoon_Pasha",0.370557939914163
"Arshad_Ali",0.370557939914163
"Asghar_Abbas",0.370557939914163
"Ashar_Jahangir",0.370557939914163
"Ch__Muhamamd_Ilyas",0.370557939914163
"Ch_Ghulam_Dastageer",0.370557939914163
"Chaudhary_Tanveer_Ahmed_Advocate",0.370557939914163
"Choudhry_Gulzar_Hussain_Gohar_Advocate",0.370557939914163
"Dilshad_Rind",0.370557939914163
"Farid_Ullah_Bazai",0.370557939914163
"Ghulam_Qadir_Bajwa",0.370557939914163
"Haji_Rashid_Ahmed_Khan_Rana",0.370557939914163
"Iftikhar_Ud_Din",0.370557939914163
"Israr_Ahmad_Chishti_Advocate",0.370557939914163
"Jawaid_Ahmed_Khan",0.370557939914163
"Khalid_Ibrar",0.370557939914163
"Makhdeem_Syed_Zahid_Hussain",0.370557939914163
"Makhodzada_Syed_Hasan_Raza_Gillini",0.370557939914163
"Malik_Azhar_Mehmood",0.370557939914163
"Malik_Fakhar_Iqbal_Wattoo",0.370557939914163
"Malik_Hamid_Mehmood",0.370557939914163
"Malik_Muhammad_Iqbal_Jora",0.370557939914163
"Malik_Muhammad_Siddique_Advocate",0.370557939914163
"Malik_Nisar_Ahmad_Thind",0.370557939914163
"Malik_Shamriz_Awan",0.370557939914163
"Malik_Zia_Ul_Haque_Tiwana",0.370557939914163
"Mashood_Ahsan_Gill",0.370557939914163
"Mian_Nadeem_Ahmed_Saleemi",0.370557939914163
"Mirza_Bilal_Baig",0.370557939914163
"Mohammad_Sharif_Rind",0.370557939914163
"Muhammad_Asim_Ishtiaq",0.370557939914163
"Muhammad_Ghufran_Rajput",0.370557939914163
"Muhammad_Khaliq_Siddique",0.370557939914163
"Muhammad_Naseer",0.370557939914163
"Muhammad_Nisar_Butt",0.370557939914163
"Muhammad_Sharif_Noori",0.370557939914163
"Muhammad_Zeb",0.370557939914163
"Mushtaq_Ahmed_Khan_Mughal",0.370557939914163
"Nadir_Khan",0.370557939914163
"Nasar_Ullah_Khan_Jarral",0.370557939914163
"Paras_Shah",0.370557939914163
"Qaiser_Nawaz_Khan_Babar",0.370557939914163
"Qasim_Ali",0.370557939914163
"Raja_Amir_Rasheed",0.370557939914163
"Rana_Arshad_Saeed_Khan",0.370557939914163
"Riaz_Ahmad",0.370557939914163
"Riaz_Hussain_Sewag",0.370557939914163
"Sahibzada_Ahmed_Raza_Khan_Qasoori",0.370557939914163
"Saira_Goga_Daughter_of_Goga_Pehalwan",0.370557939914163
"Saqlain_Abbas_Bangash",0.370557939914163
"Saradar_Sikandar_Hayat_Khan_Goopang",0.370557939914163
"Sardar_Ghulam_Mustafa",0.370557939914163
"Sarmir_Khan",0.370557939914163
"Shafiur_Rahman",0.370557939914163
"Shaheen_Munawer",0.370557939914163
"Shoaib_Khaskhali",0.370557939914163
"Syed_Adnan_Haider_Jafri",0.370557939914163
"Syed_Ali_Abbas_Kazmi",0.370557939914163
"Syed_Imran_Sultan",0.370557939914163
"Syed_Marghoob_Hussain_Abdi",0.370557939914163
"Syed_Naveed_Ali_Shah",0.370557939914163
"Syed_Sajjad_Hussain_Shah_Kazmi",0.370557939914163
"Syed_Zakir_Shah",0.370557939914163
"Tayyaba_Zameer",0.370557939914163
"Waheed_Depal",0.370557939914163
"Waseem_Akhter_Raja",0.370557939914163
"Yar_Badshah",0.370557939914163
"Syed_Ali_Hussain",0.37027189295823
"Mehmood_Khan_Achakzai",0.368313283849501
"Khalil_Ur_Rehman",0.367435526427781
"Atif_Atta",0.366406382617552
"Aziz_Ul_Islam",0.366406382617552
"Javed_Sharif",0.366406382617552
"Essa_Khan",0.365847457627119
"Gul_Meer_Khan",0.365847457627119
"Gulab_Khan",0.365847457627119
"Gull_Meer_Khan",0.365847457627119
"Hakeem_Khan",0.365847457627119
"Aiman_Javed",0.364457577036724
"Bukhtiyar_Ali",0.364457577036724
"Firdous_Ashiq_Awan",0.364457577036724
"Ghulam_Sarwar",0.364457577036724
"Jairam_Das",0.364457577036724
"Jalil_Ahmad_Khan",0.364457577036724
"Mahmood_Baqi_Molvi",0.364457577036724
"Malik_Muhammad_Ahmad_Langrial",0.364457577036724
"Mir_Faiz_Ahmad",0.364457577036724
"Muhammad_Anwar_Azeem_Khan",0.364457577036724
"Muhammad_Aon_Saqlain",0.364457577036724
"Muhammad_Ayaz_Khan_Niazi",0.364457577036724
"Muhammad_Hashim_Dogar",0.364457577036724
"Nargis_Jabeen",0.364457577036724
"Noureen_Iqbal",0.364457577036724
"Rana_Nazeer_Ahmad_Khan",0.364457577036724
"Rasheed_Ahmed",0.364457577036724
"Sharjeel_Mir",0.364457577036724
"Tariq_Mehmood_Qadri",0.364457577036724
"Zunaira_Rehman",0.364457577036724
"Agha_Hassan_Baloch_Advocate",0.36313930013459
"Gaman_Khan",0.36313930013459
"Ghulam_Hadiar",0.36313930013459
"Haji_Noor_Muhammad_Shahwani",0.36313930013459
"Haq_Nawaz_Buzdar",0.36313930013459
"Jahanzaib_Baloch",0.36313930013459
"Khuda_Bukhsh",0.36313930013459
"Malik_Naveed_Dehwar",0.36313930013459
"Maqbool_Ahmed_Lehri",0.36313930013459
"Mir_Abdul_Ghafoor_Mengal",0.36313930013459
"Mir_Abdul_Rauf_Mengal",0.36313930013459
"Mohammad_Qasim_Roonjho",0.36313930013459
"Muhamamd_Akhtar_Mengal",0.36313930013459
"Muhammad_Akhtar_Mengal",0.36313930013459
"Muhammad_Akhter_Mengal",0.36313930013459
"Muhammad_Hashim",0.36313930013459
"Naib_Faqeer_Muhammad_Zahri",0.36313930013459
"Nawabzada_Aurangzeb_Jogezai",0.36313930013459
"Sayed_Essa_Nori",0.36313930013459
"Shair_Afgan",0.36313930013459
"Syed_Ahsan_Shah",0.36313930013459
"Wadera_Gulzar_Khan",0.36313930013459
"Zahid_Hussain",0.36313930013459
"Ahmad_Ikhwan",0.362986630791222
"Ali_Hassan",0.362986630791222
"Aman_Ullah",0.362986630791222
"Amjad_Arbab_Abbasi",0.362986630791222
"Asjad_Hussain",0.362986630791222
"Fayyaz_Ahmed_Tabassum",0.362986630791222
"Haji_Fateh_Din",0.362986630791222
"Latif_Ahmed_Hussain",0.362986630791222
"Mian_Muhammad_Raza",0.362986630791222
"Mian_Noor_Ahmad",0.362986630791222
"Mubashir_Hussain",0.362986630791222
"Mudassar_Hussain_Shah",0.362986630791222
"Muhammad_Amir_Awan",0.362986630791222
"Muhammad_Anwar_Abbasi",0.362986630791222
"Muhammad_Asif_Sulehria",0.362986630791222
"Muhammad_Ayoub_Butt",0.362986630791222
"Muhammad_Aziz",0.362986630791222
"Muhammad_Ijaz_Arshad",0.362986630791222
"Muhammad_Khalil",0.362986630791222
"Muhammad_Nadeem",0.362986630791222
"Muhammad_Naveed_Akhtar",0.362986630791222
"Muhammad_Rafi",0.362986630791222
"Muhammad_Shahzad",0.362986630791222
"Muhammad_Usman",0.362986630791222
"Mujahid_Mahmood",0.362986630791222
"Naseer_Khan",0.362986630791222
"Naveed_Akram",0.362986630791222
"Pervaiz_Iqbal_Virk",0.362986630791222
"Salwat_Shahzad_Khan",0.362986630791222
"Sardar_Muhammad_Mansoor_Khan",0.362986630791222
"Shafique_Ahmad",0.362986630791222
"Sohail_Babar",0.362986630791222
"Aneela_Iftikhar",0.361588072702906
"Arshad_Ahmad_Qamar",0.361588072702906
"Chaudhry_Salik_Hussain",0.361588072702906
"Chaudhry_Tariq_Bashir_Cheema",0.361588072702906
"Hussain_Ellahi",0.361588072702906
"Muhammad_Jameel_Ahmed_Khan",0.361588072702906
"Muhammad_Tariq_Hassan",0.361588072702906
"Musa_Elahi",0.361588072702906
"Riaz_Ahmed_Jan",0.361588072702906
"Shakeel_Ahmed_Roshan",0.361588072702906
"Syed_Faizan_Anis",0.361588072702906
"Abdul_Khaliq_Shamas",0.360711898395722
"Abdul_Razaque",0.360711898395722
"Begum_Shahmeem_Arshad_Minhas",0.360711898395722
"Ch_Dilbar_Hussain_Ghaffari",0.360711898395722
"Chaudhary_Muhammad_Iqbal_Gujjar",0.360711898395722
"Gulana_Bibi",0.360711898395722
"Kanwar_Aamir_Sami",0.360711898395722
"Mahboob_Aftab_Khan",0.360711898395722
"Muhammad_Nasrullah_Arain",0.360711898395722
"Muhammad_Rashid",0.360711898395722
"Muhammad_Usama_Nawaz",0.360711898395722
"Nawab_Imran_Khan_Khilji",0.360711898395722
"Sheikh_Rashid_Ahmed",0.360711898395722
"Syed_Mustafsir_Hussain_Bukhari",0.360711898395722
"Syed_Rehan_Ali",0.360711898395722
"Zafar_Ahmed_Ghori",0.360711898395722
"Habib_Ur_Rehman",0.360651629072682
"Abdul_Rab",0.357930519857392
"Jamal_Khan",0.357930519857392
"Muhammad_Akram_Tareen",0.357930519857392
"Muhammad_Rahim",0.357930519857392
"Nawab_Muhammad_Ayaz_Khan_Jogezai",0.357930519857392
"Palwasha_Ramzan",0.357930519857392
"Riaz_Mahammad_Yousafzai",0.357930519857392
"Abdul_Kareem_Khetran",0.357042428252419
"Abdul_Khaliq_Baloch",0.357042428252419
"Dr_Abdul_Hayee_Baloch",0.357042428252419
"Haji_Musa_Jan_Khilji",0.357042428252419
"Mir_Muhammad_Ayoub_Jattak",0.357042428252419
"Mmad_Yasin_Baloch",0.357042428252419
"Sardar_Kamal_Khan_Bangulzai",0.357042428252419
"Sardar_Sanaullah_Zehri_",0.357042428252419
"Yar_Muhammad_Bangulzai",0.357042428252419
"Allama_Haider_Alvi",0.357042428252419
"Hamid_Idrees",0.357042428252419
"Mian_Muhammad_Asif_Raza_",0.357042428252419
"Moulana_Nalay_Mitho_Shaikh",0.357042428252419
"Muhammad_Javed_Qadri",0.357042428252419
"Sikandar_Khan",0.357042428252419
"Sohail_Baig_Noori",0.357042428252419
"Abdul_Rauf_Rind",0.356541129831516
"Ghulam_Farooq",0.356541129831516
"Gulam_Farooq",0.356541129831516
"Haji_Muhamad_Azeem",0.356541129831516
"Mir_Ali_Akbar",0.356541129831516
"Mir_Muhammad_Khan_Chandio",0.356541129831516
"Mir_Muhammad_Shoaib_Baloch",0.356541129831516
"Mir_Mujeeb_Rahman_Shahwani",0.356541129831516
"Muhammad_Arif_Badini",0.356541129831516
"Muhammad_Hanif_Baloch",0.356541129831516
"Muhammad_Qayyum_Baluch",0.356541129831516
"Noor_Ahmed_Adil",0.356541129831516
"Noor_Ahmed_Umrani",0.356541129831516
"Sayed_Akber_Shah",0.356541129831516
"Yaqoob_Bizenjo_",0.356541129831516
"Allah_Rakha_Waseem",0.356541129831516
"Basharat_Ali_Khan_Advocate",0.356541129831516
"Haji_Rana_Sharafat_Ali_Qadri",0.356541129831516
"Hameed_Ghazi_Dogar",0.356541129831516
"Malik_Muhammad_Siddique_Khokhar",0.356541129831516
"Mofti_Mohammad_Hayat_Qadri",0.356541129831516
"Muhammad_Anwar_Ali",0.356541129831516
"Muhammad_Haseeb",0.356541129831516
"Muhammad_Sarfraz_Akbar",0.356541129831516
"Qari_Fateh_Khan",0.356541129831516
"Rana_Muhammad_Irfan",0.356541129831516
"Saeed_Ahmed_Zafar",0.356541129831516
"Sardar_Mulana_Muhammad_Wazeer_Ul_Qadri",0.356541129831516
"Tariq_Mehboob",0.356541129831516
"Faiza_Bibi_Rasheed",0.353562653562654
"Naseeb_Zaman",0.353562653562654
"Mir_Ali_Nawaz_Talpur",0.349951361867704
"Arbab_Ghulam_Rahim",0.349809577829998
"Aurangzaib_Khan",0.349809577829998
"Dilawar_Gulzar",0.349809577829998
"Ghullam_Murtaza_Khan_Jatoi",0.349809577829998
"Kausar_Fatima_Zaidi",0.349809577829998
"Liaquat_Ali_Jatoi",0.349809577829998
"m_Khan_Junejo",0.349809577829998
"Mir_Hussain_Bakhash_Talpur",0.349809577829998
"Muhammad_Faisal",0.349809577829998
"Muhammad_Hassam_Mirza",0.349809577829998
"Muhammad_Mushtaq_Ahmed",0.349809577829998
"Pir_Sadar_Uddin_Shah",0.349809577829998
"Rahila_Magsi",0.349809577829998
"Safdar_Ali_Abbasi",0.349809577829998
"Saira_Bano",0.349809577829998
"Shaheen_Khan",0.349809577829998
"Shaheena",0.349809577829998
"Shaista_Ameer",0.349809577829998
"Shumaila",0.349809577829998
"Syed_Munir_Hyder_Shah",0.349809577829998
"Syed_Mushtaq_Hussain",0.349809577829998
"Syed_Zainulabdin",0.349809577829998
"Umair_Naeem",0.349809577829998
"Fanoos_Gujar",0.346942055774331
"Commander__r__Ayoub_Malik",0.346914175506268
"Ghulam_Qadir_Alias_Papu",0.346914175506268
"Khan_Zada",0.346914175506268
"Mian_Abdul_Qayum",0.346914175506268
"Mian_Ashiq_Hussain_Kamyana_Advocate",0.346914175506268
"Muhammad_Aslam_Miraj",0.346914175506268
"Muhammad_Athar_Khan_Advocate",0.346914175506268
"Abdul_Khalique",0.344946064722333
"Faiza_Rafique",0.344946064722333
"Ijaz_Hussain",0.344946064722333
"m_Naeem",0.344946064722333
"Mir_Kabeer_Ahmed",0.344946064722333
"Muhammad_Hussain_Wattoo",0.344946064722333
"Phaleen",0.344946064722333
"Sabira_Asad",0.344946064722333
"Yar_Muhammad",0.344946064722333
"Yasar_Altaf_Rana",0.344946064722333
"Yasmeen_Bibi_Lehri",0.344946064722333
"Abdul_Aziz_Baloch",0.344038890659866
"Abdul_Aziz_Khan_Khilji_Advocate",0.344038890659866
"Abdul_Moeen_Qureshi",0.344038890659866
"Abdullah_Shaikh",0.344038890659866
"Allama_Doctor_Muhammad_Anees_Rohani",0.344038890659866
"Anwar_Ul_Habib",0.344038890659866
"Aslam_Katchela",0.344038890659866
"Attaullah_Khoso",0.344038890659866
"Aziz_Ud_Din",0.344038890659866
"Doctor_Muhammad_Khalid_Raza_Pir_Zakori_Sharif",0.344038890659866
"Dr__Abdul_Rehman_Shakir",0.344038890659866
"Dr__Abid_Rauf_Orakzai",0.344038890659866
"Ehsan_Bari_Mian_Doctor_Sahib",0.344038890659866
"Ghulam_Kibriya_Rizwan__G_k__Rizwan_Advocate_",0.344038890659866
"Hafiz_Abdul_Razaq_Parhyar",0.344038890659866
"Hafiz_Muhammad_Ejaz-Ul-Haq_Ch_",0.344038890659866
"Hafiz_Muhammad_Hanif_Zafar__Advocate_",0.344038890659866
"Hafiz_Muhammad_Ibrahim_Soomro",0.344038890659866
"Hafiz_Muhammad_Idrees",0.344038890659866
"Hafiz_Muhammad_Nadeem",0.344038890659866
"Hafiz_Saeed_Ahmad",0.344038890659866
"Hafiz_Sana_Ullah",0.344038890659866
"Haji_Abdul_Jalil_Jan",0.344038890659866
"Haji_Rozuddin",0.344038890659866
"Hidayat-Ur-Rehman",0.344038890659866
"Ibrahim_Rais_Advocate",0.344038890659866
"Iftikhar_Ahmed_Haqani",0.344038890659866
"Iftikhar_Ahmed_Haqqani",0.344038890659866
"Imdad_Hussain_Pitafi",0.344038890659866
"Kari_Abdul_Rasheed_Awan__Retired_",0.344038890659866
"Khawja_Ghulam_Nizam_Ud_Din",0.344038890659866
"Malik_Faiz_Muhammad_Adovocate",0.344038890659866
"Manzoor_Ahmed_Soomro",0.344038890659866
"Maulana_Atta-Ul-Haq",0.344038890659866
"Maulana_Malik_Muhammad_Khan_Sherani",0.344038890659866
"Maulana_Mohammad_Qasim",0.344038890659866
"Maulana_Nisar_Khan",0.344038890659866
"Maulana_Rehmat_Ullah",0.344038890659866
"Maulana_Sadiq_Ahmad",0.344038890659866
"Maulana_Zahoor_Ahmad_Ranjha",0.344038890659866
"Mir_Wali",0.344038890659866
"Mohammad_Hafizur_Rehman",0.344038890659866
"Molana_Abdul_Ghafoor_Hyderi_",0.344038890659866
"Molana_Abdul_Ghafoor_Qasimi",0.344038890659866
"Molana_Abdul_Hai",0.344038890659866
"Molana_Fazal_Azim",0.344038890659866
"Molana_Shujah-Ul-Mulk",0.344038890659866
"Molvi_Agha_Muhammad",0.344038890659866
"Molvi_Attaullah",0.344038890659866
"Molvi_Faizullah",0.344038890659866
"Molvi_Fateh_Mohammad_Maheri",0.344038890659866
"Molvi_Karimdad",0.344038890659866
"Molvi_Muhammad_Idrees_Soomro",0.344038890659866
"Molvi_Muhammad_Jehangir_Khan",0.344038890659866
"Molvi_Qamar-Ud-Din",0.344038890659866
"Moulana_Abdul_Karim_Abid",0.344038890659866
"Moulana_Abdul_Razaque_Abid_Lakho_",0.344038890659866
"Moulana_Abdul_Samad_Shahwani___r_",0.344038890659866
"Moulana_Muhammad_Zahid_Anwar",0.344038890659866
"Moulana_Siddique_Mughari",0.344038890659866
"Moulanataj_Muhammad_Nahiyon",0.344038890659866
"Mr__Mufti_Wali_Muhammad",0.344038890659866
"Mufti_Abdul_Nabi_Langah",0.344038890659866
"Mufti_Ahtisham-Ul-Haq_Asia_Abadi",0.344038890659866
"Mufti_Ajmal_Khan",0.344038890659866
"Mufti_Ali_Hassan_Buriro_",0.344038890659866
"Mufti_Fazal-Ur-Rehman_Nasir_",0.344038890659866
"Mufti_Hafiz_Muhammad_Usman",0.344038890659866
"Mufti_Muhammad_Hanif_Khoso",0.344038890659866
"Mufti_Muhammad_Sajjad",0.344038890659866
"Mufti_Muhammad_Younas",0.344038890659866
"Muhammad_Akram_Abbasi",0.344038890659866
"Muhammad_Faiz-Ur-Rehman",0.344038890659866
"Muhammad_Idrees_Haqani",0.344038890659866
"Muhammad_Ilyas_Siddique_Advocate",0.344038890659866
"Muhammad_Rab_Nawaz",0.344038890659866
"Muhammad_Ramzan_Phulpoto",0.344038890659866
"Muhammad_Riaz_Noori",0.344038890659866
"Muhammad_Siddique_Rathor",0.344038890659866
"Muhammad_Zubair_Kayani",0.344038890659866
"Prof__Abdul_Rehman_Ludhanvi",0.344038890659866
"Professor_Raja_Aurangzeb_Khan",0.344038890659866
"Qari_Muhammad_Usman",0.344038890659866
"Qari_Muhammad_Yousaf",0.344038890659866
"Qari_Muhammad_Zawar_Bahadur",0.344038890659866
"Qari_Muhammad_Zawar_Bahadur__Retired_",0.344038890659866
"Qari_Syed_Abdul_Rahim_Shah",0.344038890659866
"Qazi_Fazal_Ullah",0.344038890659866
"Qazi_Hameed_Ullah_Khan",0.344038890659866
"Raja_Ishtiaq_Ahmed",0.344038890659866
"Rauy_Bashir_Ahmad",0.344038890659866
"Rehmatullah_Tunsuwani",0.344038890659866
"Sahibzada_Abul_Khair_Muhammad_Zubair",0.344038890659866
"Sahibzada_Khalid_Jan",0.344038890659866
"Said_Mukhtar_Ahmed",0.344038890659866
"Saleemullah_Khan_Tarak",0.344038890659866
"Saqib_Rehman_",0.344038890659866
"Shabbir_Abu_Talib",0.344038890659866
"Sibghatullah_Chuadhry",0.344038890659866
"Syed_Abdul_Salam_Hassan_Raza_Naqvi",0.344038890659866
"Syed_Muhammad_Ayoub_",0.344038890659866
"Bahri_Room",0.343382118994591
"Ch_Ijaz_Hussain_Gujjar_Advocate",0.343054672600127
"Ch_Muhammad_Majeed_Gill_Advocate",0.343054672600127
"Chudhary_Ghulam_Rasool_Mehr",0.343054672600127
"Malik_Mansaf_Awan_Advocate",0.343054672600127
"Malik_Noor_Muhammad_Sarfraz_Awan_Advocate",0.343054672600127
"Mian_Ghulam_Rasool_Advocate",0.343054672600127
"Muhammad_Arshad_Faqir",0.343054672600127
"Muhammad_Naeem_Kashif_Adv",0.343054672600127
"Muhammad_Shakeel_Tahir",0.343054672600127
"Qari_Nadeem_Ahmad_Owaisi",0.343054672600127
"Rai_Muhammad_Nawaz_Kharal_Advocate",0.343054672600127
"Zafar_Iqbal_Rajput_Khokhar",0.343054672600127
"Khuwaja_Tariq_Sarfaraz",0.342945662535748
"Riaz_Shahid_Khan_Punian_Advocate",0.342945662535748
"Shahid_Naeem_Advocate",0.342945662535748
"Syed_Muhammad_Abbas",0.342945662535748
"Amjad_Ali",0.342537491073554
"Bakhtiar_Ali",0.342537491073554
"Fida_Mohammad",0.342537491073554
"Malik_Haider_Khan",0.342537491073554
"Mian_Abdul_Latif",0.342537491073554
"Najeebullah_Durrani",0.342537491073554
"Sher_Wali",0.342537491073554
"Sikandar_Hayat_Khan",0.342537491073554
"Muhammad_Jahangir_Malik",0.338721067085131
"Shah_Zia_Udin_Khan",0.338721067085131
"Saleem_Abbas",0.338005010961478
"Khalil_Ahmed",0.337925636007828
"Asia_Chudhary",0.337502931748886
"Mirza_Zaheer_Ahmed_Babar",0.337502931748886
"Raja_Muhammad_Aftab_Satti",0.337502931748886
"Abdul_Nazeer",0.336398348009039
"Aurang_Sher",0.336398348009039
"Bakhtiar_Ahmed_Maitlo",0.336398348009039
"Dr_Babur_Zaheer_Uddin",0.336398348009039
"Muhammad_Farooq_Ali",0.336398348009039
"Muhammad_Sarwar_Bin_Pakistan",0.336398348009039
"Muhammad_Yousuf_Nawaz",0.336398348009039
"Sarfraz_Ahmed_Chandio",0.336398348009039
"Badshah_Rawan",0.334832855037617
"Mohsin_Faraz",0.334832855037617
"Muhammad_Ebrahim_Ali",0.334832855037617
"Sohail_Wahab",0.334832855037617
"Azmat_Ali",0.334003868471954
"Syed_Mazhar_Ali",0.334003868471954
"Adil_Farooq_Khan",0.333848890263707
"Asif_Mamon",0.333848890263707
"Chaudhary_Muhammad_Younas_Hanjra",0.333848890263707
"Choudhary_Amjad_Mehmood",0.333848890263707
"Fozia_Ashraf",0.333848890263707
"Ijaz_Ahmed_Cheena",0.333848890263707
"Imran_Ahmad_Khan",0.333848890263707
"Mozaffer_Ali",0.333848890263707
"Muhammad_Ahmad_Chatha",0.333848890263707
"Muhammad_Fiaz_Qadri",0.333848890263707
"Muhammad_Mutahar_Ramzan",0.333848890263707
"Syed_Ghulam_Abbas_Shah",0.333848890263707
"Syed_Safdar_Ali",0.333848890263707
"Aftab_Khurram",0.332639852057328
"Malik_Abdul_Rasheed",0.332639852057328
"Malik_Jahanzaib_Waran",0.332639852057328
"Mirza_Asif_Baig",0.332639852057328
"Muhammad_Jan_Mohmand",0.332639852057328
"Muhammad_Sohail_Akhter",0.332639852057328
"Syed_Muhammad_Shakeel_Ali_Shah",0.332639852057328
"Jawad_Aziz",0.330982136011654
"M_iqbal_Haider",0.330982136011654
"Molvi_Iqbal_Haider_Advocate",0.330982136011654
"Moulvi_Iqbal_Haider",0.330982136011654
"Abdul_Qadir_Khan_Wadan",0.330323666692172
"Abdul_Rahim_Mandokhail",0.330323666692172
"Abdul_Razzaq_Achakzai",0.330323666692172
"Ahmed_Jan_Khan",0.330323666692172
"Akhtar_Shah_Kudezai",0.330323666692172
"Burhan_Ul_Din",0.330323666692172
"Dr__Abdullah_Khan",0.330323666692172
"Haji_Muhammad_Barki",0.330323666692172
"Ikram_Ul_Haq_Khan",0.330323666692172
"Jan_Dad_Khan",0.330323666692172
"Khurshid_Ali",0.330323666692172
"Main_Asmatullah_Shah",0.330323666692172
"Malik_Khaliq_Dad",0.330323666692172
"Mohammad_Nawaz_Khan",0.330323666692172
"Mohammad_Usman",0.330323666692172
"Muhammad_Bakhsh_Mengal",0.330323666692172
"Muhammad_Essa_Roshan",0.330323666692172
"Muhammad_Mukhtiar",0.330323666692172
"Murad_Ali",0.330323666692172
"Noor_Ullah_Tareen",0.330323666692172
"Rafi_Ullah",0.330323666692172
"Raza_Mohammad_Raza",0.330323666692172
"Saleem_Khan_Kakar",0.330323666692172
"Syed_Muhammad_Yousuf_Agha",0.330323666692172
"Zameen_Dad_Shah",0.330323666692172
"Zia_Watan_Dost",0.330323666692172
"Abdul_Shakoor",0.328388863532634
"Admiral_r_Javaid_Iqbal",0.328338910860967
"Admiral_r_Javed_Iqbal",0.328338910860967
"Ameer_Ahmad_Awan",0.328338910860967
"Asghar_Ali_Javed",0.328338910860967
"Choudhary_Muhammad_Rafi",0.328338910860967
"Hafiz_Muhammad_Abid_Khan_Saeedi",0.328338910860967
"Khalid_Jamal_Siddiqui",0.328338910860967
"Muhammad_Salman_Ansari",0.328338910860967
"Nasir_Raheem",0.328338910860967
"Nazar_Ali_Mazari",0.328338910860967
"Rahmaan_Alli",0.328338910860967
"Syed_Ahmed_Ali",0.328338910860967
"Syed_Iqbal_Shah",0.328338910860967
"Syed_Rashid_Ali_Gerdazi",0.328338910860967
"Tariq_Yaseen",0.328338910860967
"Himmat_Ali",0.327492034592626
"Arbab_Liaquat_Ali",0.327442354368932
"Jaffar_Ali",0.327442354368932
"Mohsin_Sajjad_Utraa",0.327442354368932
"Muntazir_Mehdi",0.327442354368932
"Ruqia_Sultana",0.327442354368932
"Syed_Arif_Raza_Zaidi",0.327442354368932
"Syeda_Zainab_Kazmi",0.327442354368932
"Abdullah_Mangi",0.326946379884883
"Aijaz_Ahmed_Sanjrani",0.326946379884883
"Allama_Muhammad_Hasnain_Arif",0.326946379884883
"Asghar_Ali_Mubarik",0.326946379884883
"Darban_Ali_Jaffry",0.326946379884883
"Ehsan_Ullah_Khan_Baluch",0.326946379884883
"Ghulam_Hussain",0.326946379884883
"Hakeem_Muhammad_Tufail",0.326946379884883
"Hakeem_Syed_Jaffar_Hussain_Bukhari",0.326946379884883
"Khair_Mohammad",0.326946379884883
"Khuwaja_Aftab_Ali_Jaafri",0.326946379884883
"Maqsood_Ali_Domki",0.326946379884883
"Molana_Moula_Bux_Murtazai",0.326946379884883
"Muhammad_Askari_Ul_Hidayat",0.326946379884883
"Muhammad_Hussain_Karimi",0.326946379884883
"Muhammad_Ismail_Jaffery",0.326946379884883
"Muhammad_Sarwer",0.326946379884883
"Mukhtar_Ahmed_Chandio",0.326946379884883
"Rasool_Bux_Shah",0.326946379884883
"Shumaila_Bibi",0.326946379884883
"Syed_Asghar_Abbas_Zaidi",0.326946379884883
"Syed_Basheer_Ahmed_Shah_Naqvi",0.326946379884883
"Syed_Muhammad_Hassan_Zaidi",0.326946379884883
"Zaheer_Abass_Hajano",0.326946379884883
"Waleed_Ahmad",0.326674233825199
"Zahid_Iqbal",0.326674233825199
"Muhammad_Khan",0.326575383917089
"Ahmad_Jaan",0.325295757667094
"Aimal_Nasir_Khan",0.325295757667094
"Mohsin_Javed",0.325295757667094
"Muhammad_Asghar_Khan",0.325295757667094
"Syed_Nadeem_Shah",0.325295757667094
"Amir_Shehzad",0.325148753483468
"Muhammad_Zia_Khan",0.325148753483468
"Abdul_Ghaffar_Khan_Mohmand",0.324586466165414
"Ahmad_Raza",0.324586466165414
"Akbar_Khan",0.324586466165414
"Dr_Siraj_Ud_Din",0.324586466165414
"Farooq_Ahmad",0.324586466165414
"Haji_Muhammad_Umar",0.324586466165414
"Irshad_Alam_Khan",0.324586466165414
"Khalil_Saeed",0.324586466165414
"Masood_Ahmed_Saeed",0.324586466165414
"Muhamamd_Ibrar",0.324586466165414
"Nasir_Mahmood_Chaudhry",0.324586466165414
"Sami_Ullah_Luni",0.324586466165414
"Mr_zulfiquar_Ali_Khoso__Retired_",0.323637454082015
"Muhammad_Lateef_Lajpal_Sial",0.323637454082015
"Munir_Ahmad_Zafar",0.323637454082015
"Alhaaj_Choudhry_Zulfiqar_Ali",0.320204717400979
"Ali_Muhammad",0.315801024140454
"Masood_Ahmed",0.315801024140454
"Zaeem_Ud_Din_Abid",0.315801024140454
"Bahi_Khan",0.31554710912945
"Jasim",0.31554710912945
"Khalid_Hussain_Magsi",0.31554710912945
"Mir_Shah_Jahan_Khan_Khetran",0.31554710912945
"Prince_Ahmed_Omar_Ahmedzai",0.31554710912945
"Qadha_Babar",0.31554710912945
"Rubina_Irfan",0.31554710912945
"Syed_Abdul_Karim",0.31554710912945
"Arslan_Khan_Manj",0.315293602103418
"Mirza_Tariq_Mehmood",0.315293602103418
"Muhammad_Ali_Khan_Yousafzai",0.315293602103418
"Muhammad_Amin_Watoo",0.315293602103418
"Mirza_Hussain",0.310441536027614
"Muhammad_Ijaz_Ul_Haq",0.304980572235959
"Fakhar_Ul_Din",0.304915948580308
"Fathe_Muhammad",0.304915948580308
"Ghazanfar_Aziz",0.304915948580308
"Hussain_Ahmed_Madni",0.304915948580308
"Muhammad_Tasadduq",0.304915948580308
"Noor_Alam",0.304915948580308
"Saddam_Ul_Haq",0.304915948580308
"Zia_Ur_Rehman_Amazai",0.304915948580308
"Mian_Abu_Bakar_Hamza",0.304872881355932
"Sheikh_Rashid_Shafiq",0.304614733276884
"Doctor_Muhammad_Rashid_Qammar",0.292697810021018
"Muhammad_Arshad_Hussain_Chishti",0.292697810021018
"Sardar_Naseer_Ahmed",0.292697810021018
"Sufi_Muhammad_Ali_Naqshbandi",0.292697810021018
"Bakht_Zar",0.292182741116751
"Muhammad_Asad_Thaniwi_",0.292182741116751
"Rana_Zia_Ahmed_Farooqi_Advocate",0.292182741116751
"Zaheer_Ud_Din_Bader",0.292182741116751
"Abul_Salam",0.279544130026549
"Eid_Muhammad",0.279544130026549
"Zia_Ul_Haq",0.279544130026549
"Asadullah_Khan",0.26932434961632
"Khushal_Khan_Kakar",0.26932434961632
"Malik_Zada",0.26932434961632
"Mehar_Ullah",0.26932434961632
"Muhammad_Essa_Achakzai",0.26932434961632
"Muhammad_Mukhtar",0.26932434961632
"Nasrullah_Khan_Barech",0.26932434961632
"Noor_Gul_Khan",0.26932434961632
"Parveen_Usman",0.26932434961632
"Abdul_Mujeeb_Pirzada",0.259310427679
"Ghulam_Murtaza_Khan_Jatoi",0.259310427679
"Ghulam_Rasool_Khan_Jatoi",0.259310427679
"Muhammad_Ibrahim_Jatoi",0.259310427679
"Rais_Ghulam_Murtaza_Jatoi",0.259310427679
"Raziq_Dad",0.257592935139328
"Faqir_Jamshid_Ahmad",0.252662998946506
"Farah_Noreen",0.252662998946506
"Rasheed_Ahmad_Khan_Langha",0.252662998946506
"Muhammad_Mumtaz",0.247236698929042
"Zaffar_Iqbal_Gurmani",0.247236698929042
"Abdul_Rehman_Jameel",0.233768343531705
"Ahmad_Deen_Malik",0.233768343531705
"Arshad_Ali_Khan",0.233768343531705
"Muhammad_Allah_Dad_Cheema",0.233768343531705
"Muhammad_Anwar_Ulhaq",0.233768343531705
"Mirza_Zulfiqar_Ahmed",NA
"Ehsaamuddin",NA
"Syed_Muhammad_Hussain",NA
"Rana_Muhammad_Ali",NA
"Mian_Saghir_Ahmed_Malvi",NA
"Muhammad_Naseem_Sadiq",NA
"Shoaib_Amjad_Pervaiz",NA
"Makhdoom_Muhammad_Ehsan",NA
"Engineer_Usman_Khan_Tarrakai",NA
"Bashir_Hussain_Shah",NA
"Chaudhary_Muhammad_Adnan_Mushtaq_Chanjotra",NA
"Asad_Javed_Khan",NA
"Hussain_Baloch",NA
"Hidayat_Ur_Rehman_Baloch",NA
"Raja_Zafar_Iqbal",NA
"Syed_Nadeem_Anjum",NA
"Syed_Muhammad_Mafooz_Mushadi",NA
"Meer_Rab_Nawaz_Khan",NA
"Imam_Ali_Brohi",NA
"Muhammad_Ali_Sheikh",NA
"Ilhaaj_Muhammad_Hassan_Chaudhry",NA
"Muhammad_Yousuf_Kureshy",NA
"Arslan_Ul_Mulk_Dhariwal",NA
"Meharban_Saeen_Rana_Abdul_Ghafoor_Mian",NA
"Inzar_Gul",NA
"Safdar_Zaman",NA
"Mir_Zarak_Khan_Zehri",NA
"Naveed_Akhtar_Khan",NA
"Khurram_Muhammad_Qamar",NA
"Khaqan_Waheed_Khuwaja",NA
"Muhammad_Syed",NA
"Chaudhry_Zahid_Iqram",NA
"Qadeer_Hussain",NA
"Muzaffar_Ahmed",NA
"Syed_Faqir_Hussain_Shah_Bukhari",NA
"Zahid_Parvez",NA
"Hafiz_Abdul_Rauf",NA
"Waseem_Ahmad",NA
"Muhammad_Majeed",NA
"Abdul_Razaq_Shahid",NA
"Muhammad_Hanif_Mughal",NA
"Muhammad_Yaqub_Alvi",NA
"Hajiani",NA
"Muhammad_Sardar_Bahadur_Khan",NA
"Muhammad_Asim",NA
"Manzoor_Ali_Bhatti",NA
"Farrukh_Bashir",NA
