"Candidate_ID","Degree"
"Ghulam_Qadir",1604
"Abdul_Rehman",1341
"Sher_Akbar_Khan",1339
"Syed_Javed_Ali_Shah",1311
"Abdul_Hakeem_Baloch",1269
"Anwar_Ul_Haq_Chaudhary",1269
"Asghar_Ali_Shah",1269
"Jalal_Khan_Khattak",1269
"Sardar_Muhammad_Mushtaq_Khan",1269
"Syed_Fakhar_Imam",1269
"Liaqat_Ali",1258
"Abdul_Waheed_Khan",1244
"Syed_Inayat_Ali_Shah",1223
"Muhammad_Ramzan",1189
"Muhammad_Afzal",1189
"Abdul_Qayyum_Khan_Jatoi",1182
"Amanullah",1182
"Barrister_Gohar_Ali_Khan",1182
"Dost_Muhammad_Khan",1182
"Hassan_Sardar",1182
"Makhdoom_Shah_Mehmood_Qureshi",1182
"Malik_Karamat_Ali_Khokhar",1182
"Muhammad_Afzal_Sindhu",1182
"Rana_Muhammad_Faraz_Noon",1182
"Salim_Rehman",1182
"Sardar_Mansoor_Hayat_Tamman",1182
"Ghulam_Rasool",1177
"Sajid_Ali",1105
"Abdul_Baqi",1105
"Muhammad_Ali_Rashid",1105
"Muhammad_Malik",1105
"Munir_Ahmad",1105
"Nabeel_Ahmed_Gabol",1105
"Raja_Imran_Ashraf",1105
"Riaz_Ahmed",1105
"Sohail_Mansoor_Khawaja",1105
"Imran_Khan",1088
"Ahmad_Raza_Maneka",1050
"Ayaz_Amir",1050
"Malik_Sohail_Khan",1050
"Omar_Ayub_Khan",1050
"Muhammad_Riaz",1024
"Aziz_Ur_Rehman",1010
"Abdul_Khaliq",988
"Abdul_Qadir",977
"Ali_Asghar_Rind",965
"Mian_Tariq_Mehmood",965
"Muhammad_Yaqoob",965
"Syed_Sajjad_Hussain_Shah",965
"Muhammad_Ishaq",952
"Ehsanullah_Reki",951
"Khalid_Ahmed_Khan_Lund",951
"Mustafa_Nawaz_Khokhar",951
"Amanullah_Khan",933
"Haider_Ali_Khan",933
"Muhammad_Zia_Ul_Haq",933
"Noor_Alam_Khan",933
"Muhammad_Tahir",932
"Muhammad_Naeem",930
"Zulfiqar_Ali_Shah",930
"Ghulam_Abbas",921
"Abdul_Wahab",913
"Khurram_Shahzad",913
"Muhammad_Abbas",913
"Rashid_Ali",913
"Zaka_Ullah",913
"Usman_Ghani",887
"Muhammad_Iqbal_Khan",886
"Muhammad_Nawaz",886
"Safdar_Ali",886
"Muhammad_Yousaf",875
"Sardar_Khan",866
"Pir_Dilawar_Shah",855
"Abdul_Bari",850
"Aijaz_Ali",849
"Muhammad_Anwar",806
"Daniyal_Aziz",802
"Ghulam_Bibi_Bharwana",802
"Mian_Riaz_Hussain_Pirzada",802
"Muhammad_Mehboob_Sultan",802
"Naseem_Muhammad_Khan",802
"Rao_Muhammad_Ajmal_Khan",802
"Sardar_Awais_Ahmad_Khan_Leghari",802
"Tahir_Bashir_Cheema",802
"Sajjad_Ahmad",796
"Sardar_Meer_Badshah_Khan_Qaisrani",792
"Irfan_Ahmed",788
"Muhammad_Younas",777
"Saif_Ullah",775
"Muhammad_Zaman",775
"Atta_Ullah_Khan",774
"Muhammad_Rafique",772
"Saeed_Ur_Rehman",755
"Abdullah",744
"Dawa_Khan",728
"Ghulam_Sarwar_Khan",728
"Muhammad_Nawaz_Khan",728
"Sardar_Muhammad_Yaqoob",728
"Nisar_Ahmad",727
"Aftab_Ahmad_Khan_Sherpao",721
"Syed_Faisal_Imam",719
"Muhammad_Hanif",718
"Kamal_Shah",717
"Nasir_Khan",715
"Haji_Muhammad_Gulzar_Awan",712
"Muhammad_Tahir_Khan",710
"Aarif_Aziz_Sheikh",709
"Abdul_Akbar_Khan",709
"Abdul_Aziz_Memon",709
"Abdul_Berr",709
"Abdul_Ghafoor_Chaudhary",709
"Abdul_Habib_Memon",709
"Abdul_Qadir_Patel",709
"Abdul_Qudoos_Awan",709
"Abdul_Rauf_Advocate",709
"Abdul_Razzaq_Raja",709
"Abdul_Sattar_Bachani",709
"Abdul_Wahab_Barakzai",709
"Abdul_Waheed",709
"Abdullah_Bloch",709
"Abid_Hussain_Sathi",709
"Abid_Ullah_Yousafzai",709
"Abrar_Azam",709
"Adeel_Ghulam_Mohy_Ud_Din",709
"Aezid_Mahmood_Khan_",709
"Aftab_Alam",709
"Aftab_Shahban_Mirani",709
"Agha_Shafqatullah",709
"Ahmad_Hassan",709
"Ahmad_Mustafa",709
"Ahmad_Shah_Khan",709
"Ahmed_Ali_Khosa",709
"Ahmed_Jan",709
"Aijaz_Ahmed_Halepoto",709
"Aijaz_Hussain_Jakhrani",709
"Aitzaz_Rasheed",709
"Ajmal_Khan",709
"Akhtar_Javid_Khan",709
"Alam_Zaib_Khan",709
"Alamzaib_Umerzai",709
"Alhaj_Muhammad_Asad_Bhatti",709
"Ali-Uz-Zaman",709
"Ali_Ahmed",709
"Ali_Gohar_Khan_Mahar",709
"Ali_Jan_Mazari",709
"Ali_Javed",709
"Ali_Muhammad_Khan_Mahar",709
"Ali_Muhammad_Sahito",709
"Ali_Muhammad_Sehto",709
"Ali_Musa_Gilani",709
"Allah_Yar",709
"Altaf_Hussain_Virk",709
"Aman_Ullah_Wald_Gul_Azad",709
"Amjad_Ali_Jutt",709
"Amjad_Yaqoub",709
"Anwar-Ul-Haq_Ramay",709
"Anwar_Saifullah_Khan",709
"Arbab_Alamgir_Khan",709
"Arbab_Wazir_Ahmed_Memon",709
"Arif_Aziz_Shaikh",709
"Asad_Alam_Niazi",709
"Asad_Ullah_Khan",709
"Asghar_Ali_Jara",709
"Asif_Ali_Zardari",709
"Asif_Bashir",709
"Asma_Shahnawaz_Cheema",709
"Athar_Hassan_Khan_Gorchani",709
"Aurangzeb_Shaafi_Burki",709
"Aurangzeb_Shafi_Barki",709
"Ayatullah_Durrani",709
"Ayaz_Imran",709
"Ayub_Shah",709
"Azeem_Daultana",709
"Baber_Sultan_Jadoon",709
"Babu_Nafees_Ahmad_Ansari",709
"Bari_Khan",709
"Barrister_Mian_Amir_Hassan",709
"Basharat_Ali_Wald_Faqir_Muhammad",709
"Begum_Shahnaz_Javed",709
"Bilawal_Bhutto_Zardari",709
"Bushra_Aitzaz_Ahsan",709
"Capt__Rtd__Rai_Ghulam_Mujtaba_Kharral",709
"Captain_Retired_Asad_Gill",709
"Ch__Ahmad_Mukhtar",709
"Ch__Ahmed_Mukhtar",709
"Ch__Hammad_Muhammad_Khan",709
"Ch__Iftikhar_Nazir",709
"Ch__Manzoor_Ahmad",709
"Ch__Muhammad_Abdullah_Virk",709
"Ch__Zeshan_Ilyas",709
"Ch_Ejaz_Ahmed_Cheema",709
"Ch_Iftikhar_Ahmed",709
"Ch_Muhammad_Saddique",709
"Ch_Muhammad_Saeed_Gujar",709
"Ch_mushtaq_Ahmad_",709
"Ch_tawakkal-Ullah_Virk",709
"Ch_zahid_Iqbal",709
"Ch_Zulifqar_Bhindar",709
"Chaudhary_Ijaz_Ahmad_Cheema",709
"Chaudhary_Shoukat_Ali",709
"Chaudhary_Sohail_Zafar",709
"Chaudhary_Tasneem_Nasir",709
"Chaudhry_Abdul_Ghafoor_Khan",709
"Chaudhry_Asad_Parvez",709
"Chaudhry_Manzoor_Ahmad",709
"Chaudry_Atif_Rafique",709
"Chohadry_Manzoor_Ahmad",709
"Choudhary_Altaf_Hussain",709
"Choudhary_Sharaqat_Rasool_Ghumman",709
"Choudhary_Zafar_Iqbal_Warriach",709
"Choudhri_Umar_Hayat_Sandhu",709
"Col_Rtd_Rao_Abid_Ali_Khan",709
"Comrade_Zahoor_Ahmed_Khosa",709
"Dewan_Syed_Muhammad_Haider_Abbas_Bukhari",709
"Doctor_Mian_Akhtar_Ali_Laleka",709
"Doctor_Muhammad_Rashid_Malik",709
"Doctor_Sultan_Zeb_Khan",709
"Dr__Abdul_Wahid_Soomro",709
"Dr__Arbab_Alamgir_Khan",709
"Dr__Ayatullah_Durrani",709
"Dr__Azra_Fazal_Pecheho",709
"Dr__Fardos_Ashiq_Awan_",709
"Dr__Mirza_Ikhtiar_Baig",709
"Dr__Muhammad_Haider_Baloch",709
"Dr__Muhammad_Riaz",709
"Dr__Muhammad_Shakir_Alam",709
"Dr__Syed_Israr_Hussain",709
"Dr__Zafar_Chaudhary",709
"Dr_afsar_Ul_Mulk_Khan",709
"Dr_Azra_Fazal_Pechuho",709
"Dr_fahmida_Mirza",709
"Dr_Farooq_Afzal",709
"Dr_Fehmida_Mirza",709
"Dr_Firdous_Ashiq_Awan",709
"Dr_Mazhar_Iqbal_Choudhary",709
"Dr_Saeed_Ahmad_Buzdar",709
"Dr_zaheer-Ul-Hassan_Rizvi",709
"Dr_zulfiqar_Ali_Bhatti",709
"Ejaz_Ahmed_Samma",709
"Ejaz_Ali_Khan_Shahani",709
"Engineer_Hamid_Iqbal_Khan",709
"Engineer_Muhammad_Tariq_Khattak",709
"Engr_dawar_Khan_Kundi",709
"Faisal_Karim_Kundi",709
"Faisal_Sakhi_Butt",709
"Faizullah_Chaichee",709
"Fakhar_Umar_Hayat",709
"Faqir_Sher_Muhammad_Bilalani",709
"Faraz_Hashmi",709
"Farhana",709
"Farooq_Akbar_Kahloon",709
"Faryal_Talpur",709
"Farzana_Sherin",709
"Fateh_Ullah_Khan",709
"Fazal_e_Rabi",709
"Fazal_Rahman",709
"Fazal_Wadood",709
"Fida_Hussain_Dero",709
"Fozia_Behram",709
"Ghanva_Bhutto",709
"Ghanwa_Bhutto",709
"Ghayas-Ud-Din_Khan",709
"Ghinva_Bhutto",709
"Ghinwa_Bhutto",709
"Ghulam_Akbar_Lasi",709
"Ghulam_Ali_Nizamani",709
"Ghulam_Farid_Kathia",709
"Ghulam_Muhammad_Junejo_Alias_Gul_Junejo",709
"Ghulam_Murtaza_Satti",709
"Ghulam_Rabbani_Khar",709
"Ghulam_Sarwar_Khan_Khichi",709
"Gulzar_Ahmed_Chaudhary",709
"Hafeez-Ullah_Ishaq",709
"Hafiz_Hussain_Ahmed_Madni",709
"Haider_Ali_Khan_Kharal",709
"Hajan_Allah_Rakhi",709
"Haji_Misar_Khan",709
"Haji_Muhammad_Ishaq",709
"Haji_Nafees_Ahmed_Usmani_Advocate",709
"Haji_Rasool_Bux_Chandio",709
"Hamid_Ali_Bhatti",709
"Hamid_Saeed_Kazmi",709
"Haris_Meeran",709
"Hasnain_Ijaz_Khan_Shahani",709
"Hayat_Ullah_Khan_Tareen",709
"Hazrat_Wali",709
"Hina_Rabbani_Khar",709
"Ibne_Saeed_Ch_",709
"Iftikhar_Ahmed_Cheema_Advocate",709
"Iftikhar_Shahid",709
"Ihsan_Ur_Rahman_Mazari",709
"Imam_Ali_Samejo",709
"Imdad_Ullah_Abbasi",709
"Imran",709
"Imtiaz_Safdar_Waraich",709
"Imtiaz_Safdar_Warraich",709
"Iqbal_Ahmad_Khan",709
"Irfan_Ali_Leghari",709
"Irfan_Qureshi",709
"Israr_Ahmed_Khan",709
"Jahangir_Badar",709
"Jam_Abdul_Karim_Bijar",709
"Jamshed_Ahmad_Khan_Dasti",709
"Javaid_Saeed_Kazmi",709
"Javed_Iqbal_Warraich",709
"Javeed_Iqbal_Waraich",709
"Jawad_Hussain",709
"Jawaid_Sheikh",709
"Kakagi_Muhammad_Zahoor",709
"Kamal_Khan",709
"Kamran_Yousaf_Ghumman",709
"Khadeeja_Aamir",709
"Khair_Muhammad_Khan_Tareen",709
"Khalilu_Rehman",709
"Khan_Daraz",709
"Khanim_Ullah",709
"Khanzada_Khan",709
"Khawaja_Atta_Ullah_Khan_Tonsa_Sharif",709
"Khawaja_Ghulam_Hussain",709
"Khawaja_Kaleem-Ud-Din_Koreja_",709
"Khawaja_Kaleem_Ud_Din_Koreja",709
"Khawaja_Muhammad_Saleh",709
"Khawaja_Sheeraz_Mehmood",709
"Khawja_Mudassir_Mehmood",709
"Khizarul_Islam",709
"Khurram_Pervaiz_Raja",709
"Khuwaja_Ghulam_Hussain",709
"Khwaja_Ghulam_Rasool_Koreja",709
"Kiramatullah_Khan",709
"Lal_Muhammad_Khan",709
"Liaqat_Ali_Khan",709
"Lt_col__r__Sultan_Sikandar_Ghumman_",709
"m_Bilal_Khan_Sherpao",709
"m_Israr_Tareen",709
"Mahar_Khliq_Yar_Khan_Lak",709
"Mahesh_Kumar_Malani",709
"Mahesh_Kumar_Malhani",709
"Mahmood_Akhtar_Ghuman",709
"Mahr_Irshad_Ahmed_Siyal",709
"Maj_Retd_Liaqat_Ali_Shah_Gailani",709
"Makhddom_Syed_Murtaza_Mehmood",709
"Makhdoom_Amad-Ud-Din",709
"Makhdoom_Jamil_Uz_Zaman",709
"Makhdoom_Muhammad_Ameen_Fahim",709
"Makhdoom_Shahab-Ud-Din",709
"Makhdoom_Shahab_Ud_Din",709
"Makhdoom_Syed_Ali_Hassan_Gilani",709
"Makhdoom_Syed_Mustafa_Mehmood",709
"Makhdoom_Tahir_Rashid",709
"Makhdum_Syed_Mustafa_Mahmud",709
"Makhdum_Syed_Usman_Mahmud",709
"Malak_Azmat_Khan",709
"Malak_Syed_Noor_Akbar",709
"Malik_Aamer_Fida_Paracha",709
"Malik_Amjad_Aziz_Khan",709
"Malik_Asad_Sikandar",709
"Malik_Asghar_Ali_Qaisar",709
"Malik_Irfan_Ahmad_Gheba",709
"Malik_Khalid_Awan",709
"Malik_Muhammad_Amir_Dogar",709
"Malik_Mushtaq_Ahmad",709
"Malik_Nawab_Sher_Waseer",709
"Malik_Nawab_Sher_Wasseer",709
"Malik_Niaz_Ahmad",709
"Malik_Raza_Rabbani_Khar",709
"Malik_Salah-Ud-Din_Dogar",709
"Malik_Sardar_Muhammad_Tralay_Wala",709
"Malik_Shah",709
"Malik_Shoukat_Hayyat_Awan",709
"Malik_Sohail",709
"Malik_Sultan_Mehmood_Wadhal_Tiwana",709
"Meer_Dost_Muhammad_Mazari",709
"Mehar_Abdul_Rashid_",709
"Mehboob_Ullah_Jan",709
"Mehkumuddin",709
"Mehmood_Hayat_Khan_Alias_Tochi_Khan",709
"Mehmood_Hayat_Khan_Tochi",709
"Mehmood_Hayyat_Khan_Alias_Tauchi_Khan",709
"Mehr_Ghulam_Farid_Kathia",709
"Mehr_Sultana",709
"Mehreen_Anwar_Raja",709
"Mian_Abdul_Haq_Alias_Mian_Mitho",709
"Mian_Abdul_Sattar",709
"Mian_Abdus_Sattar",709
"Mian_Aziz_Ur_Rehman_Chann",709
"Mian_Humayun_Sarwar_Bodla",709
"Mian_Jamshed-Ud-Din",709
"Mian_Manzoor_Ahmad_Khan_Wattoo",709
"Mian_Muhammad_Aslam_Arain",709
"Mian_Muzaffar_Shah",709
"Mian_Nasim_Mahmood_Hotiana",709
"Mian_Omer_Misbah-Ul-Rehman",709
"Mian_Rehman_Aziz_Chan",709
"Mian_Shamim_Haider",709
"Mian_Tariq_Habib_",709
"Mir_Aamir_Ali_Khan_Magsi",709
"Mir_Aijaz_Hussain_Jakhrani",709
"Mir_Amir_Ali_Khan_Magsi",709
"Mir_Changez_Khan_Jamali",709
"Mir_Ghulam_Ali_Talpur",709
"Mir_Ghulam_Fareed_Raisani",709
"Mir_Hazar_Khan_Bijarani_",709
"Mir_Imam_Bakhsh_Zahri",709
"Mir_Imran_Jattak",709
"Mir_Jan_Muhammad_Masuri",709
"Mir_Maqbool_Ahmed_Lehri",709
"Mir_Munawar_Ali_Talpur",709
"Mir_Shabbir_Ali_Bijarani",709
"Mirza_Ikhtiar_Baig",709
"Mirza_Maqbool_Ahmed",709
"Mirza_Muhammad_Nasir_Bage",709
"Mirza_Muhammad_Nasir_Baig",709
"Misbah-Ud-Din",709
"Misbah_Ud_Din",709
"Mohammad_Ayaz_Soomro",709
"Mohammad_Moazim_Ali_Khan",709
"Mohammad_Sagheer",709
"Mohammad_Sulleman",709
"Mr__Makhdoom_Muhammad_Ameen_Faheem",709
"Mr__Peeral_Majeedano",709
"Mr__Shahid_Hussain_Bhutto",709
"Mr_imran_Zafar_Leghari",709
"Mrs_faryal_Talpur",709
"Mubeen_Arshad",709
"Muhammad_Afaque_Khan_Alias_Shahid",709
"Muhammad_Alam_Khan",709
"Muhammad_Ali_Laleka",709
"Muhammad_Ali_Sanul_Awan",709
"Muhammad_Amjid_Abbas",709
"Muhammad_Arshad_Abbas_Qureshi",709
"Muhammad_Asghar_Lal",709
"Muhammad_Ashraf_Bhatti",709
"Muhammad_Asif_Khan",709
"Muhammad_Azam_Afridi",709
"Muhammad_Farooq_Azam_Malik",709
"Muhammad_Haider_Shah",709
"Muhammad_Hakeem_Khan",709
"Muhammad_Hassan_Khan",709
"Muhammad_Hyder_Ali_Bukhari",709
"Muhammad_Idrees_Khattak",709
"Muhammad_Ijaz_Virk_Advocate_",709
"Muhammad_Irshad_Khan",709
"Muhammad_Jamshed",709
"Muhammad_Kashif_Bhabha",709
"Muhammad_Khalid_Bashir_Tarnsporter",709
"Muhammad_Khan_Nadeem",709
"Muhammad_Moazam_Ali_Khan_Jatoi",709
"Muhammad_Mohsin_Ali_Qureshi",709
"Muhammad_Murad_Baloch",709
"Muhammad_Muzamil_Qureshi",709
"Muhammad_Naveed_Ch_",709
"Muhammad_Nawazish_Ali_Pirzada",709
"Muhammad_Nisar_Ahmad_Khan",709
"Muhammad_Rashid_Hussain_Rabani",709
"Muhammad_Saif_Ullah_Khan_Sadozai_Advocate",709
"Muhammad_Sardar_Bahadar_Babar_Khan",709
"Muhammad_Shah_Jehan",709
"Muhammad_Shahjahan_Khan",709
"Muhammad_Shahryar_Khan_Mahar",709
"Muhammad_Shakeel_Shah_Gilani",709
"Muhammad_Shakeel_Ur_Rehman",709
"Muhammad_Shuja_Khan",709
"Muhammad_Tariq_Anees",709
"Muhammad_Tariq_Khan_Niazi",709
"Muhammad_Tariq_Tarar",709
"Muhammad_Waqas",709
"Muhammad_Yaqoob_Ziaratwal",709
"Muhammad_Yasin",709
"Muhammad_Yousuf_Ali_Ghallu",709
"Muhammad_Zaki_Chaudhary",709
"Muhammad_Zaki_Chaudhry",709
"Muhammad_Zulfiqar_Ali",709
"Muhtarma_Ghanwa_Bhutto",709
"Mukhtar_Abbas",709
"Mullna_Abdul_Sattar",709
"Mumtaz_Ali_Cheema",709
"Munawar_Hayat_Abasi",709
"Mushtaq_Ahmad_Mohal__Advocate_High_Court_",709
"Nadeem_Afzal_Gondal",709
"Nadeem_Ahmad_Awan",709
"Naeem_Dastgir_Khan",709
"Naeem_Mehmood_Rana",709
"Nafisa_Shah",709
"Najam_Ud_Din_Khan",709
"Najam_Uddin_Khan",709
"Najmuddin_Khan",709
"Naseem_Khan",709
"Naseer_Mohammad_Khan",709
"Nasira_Arshad",709
"Nasira_Meo",709
"Nasrullah_Roonjha",709
"Natasha_Daultana",709
"Nauman_Islam_Shaikh",709
"Nauman_Islam_Shaikh_",709
"Nawab_Abdul_Ghani_Talpur",709
"Nawab_Ali_Wassan",709
"Nawab_Din",709
"Nawab_Malik_Amir_Muhammad_Khan",709
"Nawab_Mohammad_Yousif_Talpur",709
"Nawab_Muhammad_Yousaf_Talpur",709
"Nawab_Muhammad_Yousif_Talpur",709
"Nawabzada_Abdul_Qadir_Khan",709
"Nawabzada_Ghazanfar_Ali_Gul",709
"Nawabzada_Iftikhar_Ahmad_Khan",709
"Nawabzada_Iftikhar_Ahmed_Khan",709
"Nawabzada_Mir_Amir_Ali_Khan_Magsi",709
"Nawabzada_Mir_Jamal_Khan_Raisani",709
"Nazar_Muhammad",709
"Nazar_Muhammad_Gondal",709
"Nazar_Muhammad_Kakar",709
"Nazeer_Ahmad",709
"Nazir_Ahmed_Bhugio",709
"Nazir_Ahmed_Bughio",709
"Neha_Javed",709
"Nida_Asim",709
"Nisar_Muhammad",709
"Noor_Naeem_Khan",709
"Noor_Ul_Ain",709
"Noor_Ul_Ain_Rai_Saeed",709
"Peer_Haider_Zaman_Quraishi",709
"Peeral_Majeedano",709
"Pir_Aftab_Hussain_Shah_Jilani",709
"Pir_Aftab_Hussain_Shah_Jillani",709
"Pir_Ameer_Ali_Shah_Jilani",709
"Pir_Bux_Jamot",709
"Pir_Haider_Zaman_Qureshi",709
"Pir_Noor_Muhammad_Shah_Jeelani",709
"Pir_Shafqat_Hussain_Shah_Jilani",709
"Pir_Syed_Fazal_Ali_Shah_Jeelani",709
"Pir_Syed_Fazal_Ali_Shah_Jillani",709
"Qadir_Khan_Mando_Khail",709
"Qamar_Abbas",709
"Qamar_Zaman_Kaira",709
"Qazi_Muhammad_Azhar_Advocate",709
"Qazi_Muhammad_Bashir",709
"Qurban_Ali_Kalwar",709
"Quttab_Din",709
"Rafiq_Ahmed_Jamali",709
"Rafique_Ahmed_Jamali",709
"Raheela_Perveen",709
"Rai_Ghulam_Mujtaba_Kharal",709
"Rai_Ijaz_Ahmad_Khan",709
"Rais_Muhammad_Khalid_Chachar",709
"Raja_Faiz_Akbar_Janjuha",709
"Raja_Israr_Ahmed_Abbasi_Advocate",709
"Raja_Masood_Ahmad",709
"Raja_Muhammad_Afzal_Khan",709
"Raja_Muhammad_Iftikhar_Kayani",709
"Raja_Muhammad_Sana_Ul_Haq_Advocate",709
"Raja_Parvaiz_Ashraf",709
"Raja_Pervaiz_Ashraf",709
"Rajib_Ali",709
"Rameez_u_Din_Memon",709
"Rana_Abdul_Rehman_Khan",709
"Rana_Abdul_Shakoor_Khan",709
"Rana_Mahmood_Ashraf",709
"Rana_Mehmood_Ul_Hasan",709
"Rana_Mubashir_Ali_Khan",709
"Rana_Muhammad_Azhar_Uttra",709
"Rana_Muhammad_Farooq_Saeed_Khan",709
"Rana_Muhammad_Qasim_Noon",709
"Rao_Abdul_Ghaffar",709
"Rao_Muhammad_Jameel_Hashim_Khan",709
"Rao_Najeeb_Ur_Rehman",709
"Riaz_Hussain_Lund_Balouch",709
"Rizwan_Ahmad_Hans",709
"Roshan_Din_Junejo",709
"Rozi_Khan_Kakar",709
"Saathi_Ishaque_Advocate",709
"Sabar_Ali_Baloch",709
"Sabir_Ali_Baloch",709
"Sabir_Hussain",709
"Sadiq_Ali_Memon",709
"Saeed_Iqbal",709
"Saeed_Iqbal_",709
"Sajid_Ali_Bambhan",709
"Sajid_Ali_Banbhan",709
"Sajid_Hussain_Turi",709
"Sajjad_Ahmad_Awan_",709
"Sajjad_Ul_Hassan",709
"Sakhawat_Masih",709
"Salahuddin_Junejo",709
"Saleem_Mandviwala",709
"Saleem_Shah",709
"Saleem_Ullah_Khan",709
"Samina_Khalid_Ghurki",709
"Sardar_Ahmed_Khan_Alias_Fayyaz_Ali_Khan",709
"Sardar_Al-Haaj_Muhammad_Umar",709
"Sardar_Al_Haaj_Muhammmad_Umer_Gorgaij",709
"Sardar_Ali",709
"Sardar_Ali_Abbas_Khan_Baloch",709
"Sardar_Asif_Ahmad_Ali",709
"Sardar_Azhar_Ali_Mekan",709
"Sardar_Bahadur_Ahmad_Khan",709
"Sardar_Bahadur_Ahmed_Khan",709
"Sardar_Dost_Muhammad_Khan_Khosa",709
"Sardar_Jahazeb_Khan_Drishak_Almarof_Chand_Khan",709
"Sardar_Kamal_Khan_Chang",709
"Sardar_Khurram_Latif_Khan_Khosa",709
"Sardar_Khyzar_Hayat_Khan_Ladhu_Ka",709
"Sardar_Mir_Baz_Muhammad_Kha_Khetran",709
"Sardar_Mir_Baz_Muhammad_Khan_Khethran",709
"Sardar_Muhammad_Gulzar_Abbasi",709
"Sardar_Muhammad_Saif_Ud_Din_Khan_Khosa",709
"Sardar_Mushtaq_Ahmed",709
"Sardar_Nabil_Ahmed_Gabol",709
"Sardar_Saleem_Haider",709
"Sardar_Saleem_Haider_Khan",709
"Sardar_Sana_Ullah_Zehri",709
"Sardar_Shahnawaz_Khan",709
"Sardar_Shaukat_Hayat_Khan_Advocate",709
"Sardar_Shoaib_Mumtaz_Khan",709
"Sardar_Usman_Nawaz",709
"Sardar_Wahid_Bux_Bhayo",709
"Sardar_Wazir_Ahmed_Jogezai",709
"Sardar_Zafar_Ullah_Khan_Laghari",709
"Sarfaraz_Rajar",709
"Sarshar_Hassan_Cheema",709
"Sayed_Akhun_Zada_Chattan",709
"Shabbir_Ahmad_Khan_Leghari",709
"Shabir_Ahmed",709
"Shafeeqa_Baghum_Rao_Sikindar_Iqbal",709
"Shah_Fahad_Ansari",709
"Shah_Rehman",709
"Shahadat_Ali_Khan_Baloch",709
"Shaheem_Safdar",709
"Shaheen_Zamir",709
"Shaheryar_Khan",709
"Shahid_Abbas",709
"Shahid_Bashir",709
"Shahjahan_Ahmad_Bhatti",709
"Shahjahan_Baloch",709
"Shahrukh_Malik",709
"Shahzad_Majeed",709
"Shahzada_Ghulam_Muhyuddin",709
"Shakeel_Ahmed_",709
"Shamas-Un-Nisa",709
"Shams_Panhwar",709
"Shamshad_Sattar_Bachani",709
"Shamusddin_Panhwar",709
"Shaukat_Ali_Bajwa",709
"Shaukat_Pervez_Khan",709
"Shazia_Aurangzeb_Khan",709
"Shazia_Mari",709
"Shazia_Marri",709
"Shazia_Tehmas_Khan",709
"Shehryar_Amir_Zeb",709
"Sheikh_Kamran_Iqbal",709
"Sheikh_Muhammad_Iqbal",709
"Sheikh_Muhammad_Maghaz_Feroz",709
"Sheikh_Waqar_Ahmed_Advocate",709
"Sher_Muhammad_Balcoh",709
"Sher_Qanoos_Advocate",709
"Shiyam_Sundar_Advocate",709
"Shoaib_Alam_Khan",709
"Shoukat_Ali_Joya_Laleka",709
"Siddique_Akber",709
"Sidra_Saeed",709
"Sohail_Ansari",709
"Sohail_Shahzad",709
"Sumaira_Gul",709
"Sumaira_Mushtaq_Kharal",709
"Syed_Abbas_Raza_Rizvi",709
"Syed_Abdul_Qadir_Gillani",709
"Syed_Abid_Ali_Shah",709
"Syed_Abid_Hussain_Imam",709
"Syed_Abrar_Ali_Shah",709
"Syed_Ahmad_Ali_Shah",709
"Syed_Ahmad_Mujtaba_Gillani",709
"Syed_Akhunzada_Chattan",709
"Syed_Ali_Musa_Gillani",709
"Syed_Ali_Zawar_Naqvi",709
"Syed_Allauddin",709
"Syed_Ameer_Ali_Shah_Jamot",709
"Syed_Amir_Ali_Shah_Jamote",709
"Syed_Amir_Hamza_Peerzada",709
"Syed_Amjad_Hussain_Zaidi",709
"Syed_Anayat_Ali_Shah",709
"Syed_Asghar_Hussain",709
"Syed_Asif_Hashmi",709
"Syed_Ayaz_Ali_Shah_Sherazi",709
"Syed_Azmat_Ali_Bukhari_Advocate",709
"Syed_Faisal_Raza_Abidi",709
"Syed_Faqeer_Hussain_Shah",709
"Syed_Gayoor_Abbas_Bukhari_",709
"Syed_Ghayoor_Abbas_Bukhari",709
"Syed_Ghulam_Mustafa_Shah",709
"Syed_Ghulam_Mustafa_Shah_s_o_Syed_Sabbir_Ahmed_Shah",709
"Syed_Hamid_Saeed_Kazmi",709
"Syed_Hasnat_Ahmed",709
"Syed_Hussain_Tariq",709
"Syed_Ibne_Ali",709
"Syed_Intikhab_Hussain_Shah",709
"Syed_Irfan_Gardezi",709
"Syed_Ishtiaq_Ul_Hassan_Gilani",709
"Syed_Javed_Ali_Shah_Jillani",709
"Syed_Khursheed_Ahmed_Shah",709
"Syed_Manzoor_Abbas",709
"Syed_Mumtaz_Alam_Gillani",709
"Syed_Murtza_Mehmud",709
"Syed_Nasir_Ali_Shah_Alias_Syed_Abbas",709
"Syed_Naveed_Qamar",709
"Syed_Nayyer_Hussain_Bukhari",709
"Syed_Qutab_Ali_Shah_Alias_Ali_Baba",709
"Syed_Rafiullah",709
"Syed_Raza_Abbas",709
"Syed_Sabtul_Haider_Bukhari",709
"Syed_Sohail_Abidi",709
"Syed_Sohail_Abrar",709
"Syed_Sumsam_Ali_Shah_Bukhari",709
"Syed_Sumsan_Ali_Shah_Bukhari",709
"Syed_Tariq_Gilani",709
"Syed_Tariq_Raza",709
"Syed_Waseem_Ul_Hassan_Naqvi",709
"Syed_Yousaf_Raza_Gillani",709
"Syed_Zaffar_Ali_Shah",709
"Syed_Zahid_Bukhari",709
"Syeda_Abida_Hussain",709
"Syeda_Sughra_Imam",709
"Taimoor_Tahir",709
"Taj_Muhammad_Jamali",709
"Talat_Iqbal_Mahessar",709
"Tariq_Ashrif_Kahloon",709
"Tariq_Hakam_Ali",709
"Tariq_Javed_Manzoor",709
"Tariq_Mahmood",709
"Tariq_Mahmood_Bajwa",709
"Tariq_Mehmood_Bajwa",709
"Tariq_Shabbir_Advocate",709
"Tariq_Yaqoob_Fateh_Muhammad",709
"Tasneem_Ahmad_Qureshi",709
"Tasneem_Ahmed_Qureshi",709
"Tussadiq_Masood_Khan",709
"Umar_Aftab",709
"Umar_Farooq_Khan_Shawa",709
"Usman_Khan_Tarakai",709
"Waqar_Ahmad_Khan",709
"Waseef_Ullah_Khan",709
"Waseem_Akhtar",709
"Waseem_Khan_Rajput",709
"Yousaf_Ali",709
"Zafar_Ahmed_Siddiqui_Advocate",709
"Zafar_Iqbal_Ch_",709
"Zafar_Jhandeer",709
"Zahid_Pervaiz_Alias_Zahid_Bashir_",709
"Zar_Gul_Khan",709
"Zubair_Kardar",709
"Zulfaqar_Ali_Qaim_Khani",709
"Zulfiqar_Ali_Behan",709
"Zulfiqar_Ali_Khan",709
"Zulfiqar_Bachani",709
"Zumarad_Khan",709
"Zumurrad_Khan",709
"Muhammad_Ibrahim",707
"Saif_Ur_Rehman",707
"Saleh_Muhammad",707
"Usman_Ali",707
"Hamza",707
"Sohail_Ahmad",707
"Abdul_Aleem_Khan",673
"Umar_Farooq",669
"Muhammad_Aslam",654
"Abid_Hussain",641
"Sardar_Ghulam_Mustafa_Khaskheli",640
"Syed_Mukhtar_Hussain_Shah",640
"Niaz_Muhammad",639
"Aurang_Zeb_Khan",634
"Atta_Ur_Rehman",632
"Muhammad_Asif",631
"Muhammad_Hassan",630
"Muhammad_Haris",629
"Tahir_Iqbal",617
"Abdul_Sattar",617
"Muhammad_Arshad",609
"Muhammad_Shahid",607
"Muhammad_Yaseen",607
"Muhammad_Rafiq",601
"Ghulam_Nabi",598
"Karim_Ali_Jatoi",593
"Syed_Ghous_Ali_Shah",593
"Mian_Muhammad_Rasheed",582
"Muhammad_Shafique",580
"Ghulam_Muhammad",573
"Fida_Muhammad",568
"Muhammad_Kashif",566
"Abbas_Khan_Afridi",566
"Abdul_Ghaffar_Dogar",566
"Abdul_Hameed_Rajput",566
"Abdul_Hamid_Orakzai",566
"Abdul_Khaliq_Khar",566
"Abdul_Majeed_Khan",566
"Abdul_Qadeer",566
"Abdul_Qadir_Khan",566
"Abdul_Rehman_Khan_Kanju",566
"Abdul_Subhan",566
"Abdulkhaliq",566
"Abdullah_Sheedi",566
"Abid_Ali",566
"Abid_Ali_",566
"Abid_Azeem",566
"Abid_Sheer_Ali",566
"Adrees_Bajwa_",566
"Agha_Muhammad_Munwar",566
"Ahmad_Atteeq_Anwer",566
"Ahmad_Hussain_Dehar",566
"Ahsan_Iqbal",566
"Akhlaq_Younas",566
"Akhtar_Hussain_Jadoon",566
"Akhtiar_Wali",566
"Akhundzada_Badruddin",566
"Alam_Dad_Laleka",566
"Alamzeb_Khan",566
"Alhaj_Muhammad_Farid_Mufakkar",566
"Ali_Gohar_Khan",566
"Ali_Mohammad_Khan_Juna_Advocate",566
"Ali_Raza_Cholyani",566
"Ali_Sher_Khan",566
"Ali_Zahid",566
"Allando_Shah_Alias_Zafar_Ali_Shah",566
"Amir_Muqam",566
"Amir_Talal_Gopang",566
"Ammar_Ahmad_Khan_Leghari",566
"Anjum_Aqeel_Khan",566
"Arshad_Manan_Yousaf_Zai",566
"Asghar_Ali_Awan",566
"Asif_Ali_Malik",566
"Asif_Aqeel",566
"Aslam_Bodla",566
"Atta_Ullah_Tarar",566
"Azad_Ali_Tabassum",566
"Azhar_Qayyum_Nahra",566
"Azhar_Qayyum_Nehra",566
"Babar_Nawaz_Khan",566
"Bashir_Ahmed",566
"Baz_Gul_Afridi",566
"Begum_Tehmina_Doultana",566
"Bilal_Azhar_Kayani",566
"Bilal_Yaseen",566
"Capt_r_Muhammad_Safdar",566
"Ch__Abid_Raza",566
"Ch__Ashfaq_Ahmed_Mattu",566
"Ch__Mehmood_Bashir_Virk",566
"Ch__Mubashir_Hussain",566
"Ch__Muhammad_Jafar_Iqbal",566
"Ch__Muhammad_Riaz",566
"Ch__Nisar_Ali_Khan",566
"Ch__Safdar-Ur-Rehman",566
"Ch__Saud_Majeed",566
"Ch_Armaghan_Subhani",566
"Ch_Asad_Ur_Rehman",566
"Ch_bilal_Ahmed_Virk",566
"Ch_Jaffar_Iqbal",566
"Ch_muhammad_Ali_Gujar__Advocate",566
"Ch_Muhammad_Ashraf",566
"Ch_muhammad_Munir_Azhar",566
"Ch_Nadeem_Abbas_Rebera",566
"Ch_Nisar_Ali_Khan",566
"Chaudhary_Abid_Raza",566
"Chaudhary_Asad-Ur-Rehman",566
"Chaudhary_Asad_Ur_Rehman",566
"Chaudhary_Farrukh_Altaf",566
"Chaudhary_Iftikhar_Nazir",566
"Chaudhary_Khalid_Javed",566
"Chaudhary_Mahmood_Bashir_Virk",566
"Chaudhary_Muhammad_Ashraf",566
"Chaudhary_Muhammad_Ashraf_Gujjar",566
"Chaudhary_Muhammad_Barjees_Tahir",566
"Chaudhary_Muhammad_Iqbal",566
"Chaudhary_Muhammad_Shahbaz_Babar",566
"Chaudhary_Naseer_Ahmed_Sidhu",566
"Chaudhary_Nazeer_Ahmad",566
"Chaudhary_Nazir_Ahmad",566
"Chaudhary_Nisar_Ali_Khan",566
"Chaudhry_Khadim_Hussain",566
"Chaudhry_Khalid_Javed_Warraich",566
"Chaudhry_Mahmood_Bashir_Virk",566
"Chaudhry_Muhammad_Jamil_Johar_Advocate",566
"Chaudhry_Muhammad_Munir_Azhar",566
"Chaudhry_Naseer_Ahmed_Bhutta",566
"Chaudry_Armaghan_Subhani",566
"Choudhary_Iftikhar_Nazir",566
"Choudhary_Muhammad_Barjees_Tahir",566
"Choudhry_Muhammad_Shahbaz_Babar",566
"Choudhry_Muhammad_Tarique",566
"Chudhary_Bilal_Ahmed_Virk",566
"Chudhary_Hamid_Hameed",566
"Col_r__Mian_Muhammad_Akram_Advocate",566
"Daniyal_Ahmed",566
"Danyal_Choudhary",566
"Dewan_Ashiq_Hussain_Bukhari",566
"Dewan_Syed_Jaffar_Hussain",566
"Dilawar_Khan",566
"Doctor_Hafeez_Ur_Rehman_Khan_Drishak",566
"Doctor_Liaquat_Ali_Khan",566
"Dr__Abu-Ul-Hassan_Ansari",566
"Dr__Azeem-Ud-Din_Zahid_Lakhvi",566
"Dr__Imtiaz_Ahmed",566
"Dr__Mian_Akhtar_Ali_Lalika",566
"Dr__Muhammad_Afzal_Khan_Dhandla",566
"Dr__Syed_Ali_Hyder_Shah",566
"Dr__Tariq_Fazal_Chudhary",566
"Dr__Zulfiqar_Ali_Bhatti",566
"Dr_hafiz_Shabbir_Ahmed",566
"Dr_Rahila_Gul_Magsi",566
"Dr_syed_Khawar_Ali_Shah",566
"Dr_tariq_Fazal_Chaudhry",566
"Ehsan-Ul-Haq_Idrees_Advocate",566
"Ehsan_Ul_Haq_Bajwa",566
"Engineer_Abdul_Munim_Khan",566
"Engineer_Iqbal_Zafar_Jhagra",566
"Engineer_Khuram_Dastgir_Khan",566
"Engr_Khurram_Dastgir_Khan",566
"Faheem_Advocate",566
"Faiz_Muhammad_Khan",566
"Farah_Awan_Advocate",566
"Farah_Khan",566
"Farhat_Ullah_Khan",566
"Farid_Khan_Yousafzai",566
"Farkhanda_Amjad_Waraich",566
"Furqan_Ali",566
"Ghalib_Khan",566
"Ghani_Ur_Rehman",566
"Ghulam_Hyder_Phulpoto",566
"Ghulam_Muhammad_Lali",566
"Ghulam_Rasool_Sahi",566
"Ghulam_Shoaib",566
"Hafeez_Ur_Rehman_Khan_Drishak",566
"Hafiz_Abdul_Kareem",566
"Hafiz_Abdul_Karim",566
"Hafiz_Masroor_Lateef",566
"Haji_Arz_Muhammad_Barech",566
"Haji_Jamal_Shah_Kakar",566
"Haji_Javed_Iqbal_Jat",566
"Haji_Muhammad_Akram_Ansari",566
"Haji_Muzaffar_Ali_Shajra",566
"Haji_Waris_Khan_Achakzai",566
"Haji_Zar_Khan_Safi",566
"Hameer_Imdad_Unar",566
"Hammad_Nawaz_Khan",566
"Hamza_Shahbaz_Sharif",566
"Hizbullah_Gandapur",566
"Humair_Hayat_Khan_Rokhari",566
"Husnain_Rashid",566
"Ibadullah",566
"Iftikhar_Uddin",566
"Ihasn_Kareem_Qureshi",566
"Ijaz_Ahmed_Chaudhary",566
"Illah_Bukhsh_Soomro",566
"Illahi_Bux_Soomro",566
"Imtiaz_Ahmad_Gondal",566
"Inamullah_Khan_Niazi",566
"Iqbal_Zaffar_Jhagra",566
"Irfan_Aziz_Kurd",566
"Ishtiaq_Ahmed_Advocate",566
"Jam_Kamal_Khan",566
"Jamil_Ahmad_Khan",566
"Javaid_Ibrahim_Paracha",566
"Javed_Akhter",566
"Jehanzeb_Khan",566
"Justice_r__Iftikhar_Ahmad_Cheema",566
"Justice_r_Iftikhar_Ahmad_Cheema",566
"Kaleem_Akbar_Durrani",566
"Kalim_Akbar",566
"Khalid_Aziz",566
"Khawaja_Ahmad_Hassan",566
"Khawaja_Muhammad_Asif",566
"Khawaja_Muhammad_Asif_",566
"Khawaja_Saad_Rafique",566
"Khudai_Noor",566
"Khurram_Dastagir_Khan",566
"Liaqat_Ahmed_Khan",566
"Liaquat_Ali_Jamali",566
"Lt_Gen_r__Salah-Ud-Din_Trimzi",566
"Lt_gen_r_Abdul_Qadir_Baloch",566
"m_Aslam_Buledi",566
"m_Junaid_Anwar_Chaudhary",566
"Mailk_Sohail_Khan",566
"Major_r_Amir_Aziz_Kurd",566
"Major_Rtd_Tahir_Iqbal",566
"Makdum_Syed_Ahmad_Alam_Anwer",566
"Makhadom_Jamil_Ahmed_Hussain_Bukhari",566
"Makhdoom_Faisal_Saleh_Hayat",566
"Makhdoom_Moeen_Uddin_Ali",566
"Makhdoom_Moin_Ud_Din_Ali_Hashmi",566
"Makhdoom_Muhammad_Javed_Hashmi",566
"Makhdoom_Syed_Ali_Hassan_Gillani",566
"Makhdoom_Syed_Sami_Ul_Hassan_Gilani",566
"Makhdoomzada_s_b_a_Sultan",566
"Malak_Muhammad_Zeb_Khan",566
"Malak_Syed_Ahmad",566
"Malik_Abdul_Ghaffar_Dogar",566
"Malik_Abrar_Ahmad",566
"Malik_Akhtar_Hussain_Awan",566
"Malik_Ghulam_Qasim_Hanjra",566
"Malik_Ibrar_Ahmed",566
"Malik_Ihtebar_Khan",566
"Malik_Iqbal_Mehdi_Khan",566
"Malik_Khalid_Naeem",566
"Malik_Majid_Bucha",566
"Malik_Maula_Dad_Khan_Sherani_",566
"Malik_Muhammad_Afzal_Khokhar",566
"Malik_Muhammad_Asad_Khan",566
"Malik_Muhammad_Basit_Khar",566
"Malik_Muhammad_Iqbal_Chanar",566
"Malik_Saif_Ul_Malook_Khokar",566
"Malik_Shakeel_Ahmed_Awan",566
"Malik_Shakir_Bashir_Awan",566
"Malik_Sultan_Mehmood",566
"Mansoor_Kamal_Marwat",566
"Maryam_Nawaz_Sharif",566
"Mehar_Ishtiaq_Ahmad",566
"Mian_Abdul_Manan",566
"Mian_Abdul_Mannan_",566
"Mian_Abdul_Rasheed",566
"Mian_Faiz-Ul-Hassan",566
"Mian_Imtiaz_Ahmad",566
"Mian_Imtiaz_Ahmed",566
"Mian_Javed_Latif",566
"Mian_Manzoor_Hussain",566
"Mian_Margoob_Ahmad",566
"Mian_Muhammad_Arshad_Abbas_Qureshi",566
"Mian_Muhammad_Farooq",566
"Mian_Muhammad_Ilyas_Rasheed",566
"Mian_Muhammad_Nawaz_Sharif",566
"Mian_Muhammad_Qasim_Farooq_",566
"Mian_Muhammad_Shahbaz_Sharif",566
"Mian_Muhammad_Sharif_Zafar_Joia",566
"Mian_Najibuddin_Awaisi",566
"Mian_Riaz_Hussain_Peerzada",566
"Mian_Shahid_Hussain_Khan",566
"Mian_Shahid_Hussain_Khan_Bhatti",566
"Mian_Yawar_Zaman",566
"Mir_Amanullah_Talpur",566
"Mir_Atta_Ullah",566
"Mir_Dosteen_Khan_Domki",566
"Mir_Khan_Muhammad_Jamali",566
"Mir_Mehrullah_Khan_Umrani",566
"Mohammad_Riyaz",566
"Mohmmad-Ul-Mulk__Akhon_Zada_",566
"Mohsin_Shah_Nawaz_Ranjah",566
"Mohsin_Shah_Nawaz_Ranjha",566
"Mohsin_Shahnawaz_Ranjha",566
"Mohtarmatehmina_Doultana",566
"Moin_Khan",566
"Molana_Asif_Muawia",566
"Mr__Makhdoom_Shah_Nawaz_Qureshi",566
"Mr_babu_Sarfraz_Khan_Jatoi",566
"Mr_liaquat_Ali_Jatoi",566
"Mrs_Amjad_Ali_Warraich",566
"Muhabbat_Khan",566
"Muhammad_Abad",566
"Muhammad_Abdul_Ghaffar_Watto",566
"Muhammad_Afzal_Khokhar",566
"Muhammad_Akbar_Khan",566
"Muhammad_Akhtar_Khan_Kanjoo",566
"Muhammad_Akhtar_Khan_Kanju",566
"Muhammad_Akhter_Khadam_Alias_Khadam_Hussain",566
"Muhammad_Akram_Mughal",566
"Muhammad_Amjad_Farooq_Khan_Khosa",566
"Muhammad_Arif_Ch",566
"Muhammad_Arshad_Khan_Laghari",566
"Muhammad_Asad_Ali_Khan_Junejo",566
"Muhammad_Asim_Nazeer",566
"Muhammad_Aslam_Khan_Khattak",566
"Muhammad_Azhar_Khan_Laghari",566
"Muhammad_Baleegh-Ur-Rehman",566
"Muhammad_Baligh_Ur_Rehman",566
"Muhammad_Barjees_Tahir",566
"Muhammad_Faiz_Tamman",566
"Muhammad_Farooq_Baha-Ul-Haq_Shah",566
"Muhammad_Hamid_Hameed",566
"Muhammad_Hamza_Shehbaz_Sharif",566
"Muhammad_Hanif_Abbasi",566
"Muhammad_Humair_Hayat_Khan_Niazi",566
"Muhammad_Israr",566
"Muhammad_Jamil_Malik",566
"Muhammad_Junaid_Anwaar_Chaudhry",566
"Muhammad_Junaid_Anwaar_Chudhary",566
"Muhammad_Khan_Daha",566
"Muhammad_Moeen_Wattoo",566
"Muhammad_Mueen_Watto",566
"Muhammad_Nawaz_Sharif",566
"Muhammad_Nazir_Khan",566
"Muhammad_Nisar_Khan",566
"Muhammad_Numan",566
"Muhammad_Pervaiz_Malik",566
"Muhammad_Qasim_Farooq",566
"Muhammad_Riaz_Malik",566
"Muhammad_Sana_Ullah_Khan_Masti_Khel",566
"Muhammad_Shahbaz_Sharif",566
"Muhammad_Shoaib_Khan",566
"Muhammad_Tahir_Ameer_Ghroi",566
"Muhammad_Talal_Chaudhry_",566
"Muhammad_Tallal_Choudhary",566
"Muhammad_Ullah",566
"Muhammad_Usman_Awaisi",566
"Muhammad_Uzair_Khan",566
"Muhammad_Yaqub_Sheikh",566
"Muhammad_Yar_Khan_Kamoka",566
"Muhammad_Yousaf_Kakar",566
"Mukhdoom_Syed_Asad_Murtaza_Geelani",566
"Mukhtar_Ahmed_Malik",566
"Mumtaz_Ahmad_Tarar",566
"Munawar_Hayat_Abbasi",566
"Murtaza_Javed_Abbasi",566
"Mushahid_Raza",566
"Mushahidullah_Khan",566
"Nadeem_Abbas",566
"Naheed_Parveen",566
"Naik_Amal_Khan",566
"Najeeb_Ullah_Khan_Niazi",566
"Nasar_Iqbal_Bosal",566
"Nasir_Iqbal_Bosal",566
"Nasir_Khan_Mosazai",566
"Nawab_Arshad_Ali_Talpur",566
"Nawab_Salman_Khan_Khilji",566
"Nawab_Sher",566
"Nawab_Zada",566
"Nawabzada_Jangaiz_Khan_Marri",566
"Nawabzada_Khawaja_Muhammad_Khan_Hoti",566
"Nawabzada_Mazher_Ali",566
"Niaz_Muhammad_Khan",566
"Nisar_Ahmed_Cheema",566
"Nisar_Akbar_Khan_",566
"Noor_Ul_Hassan_Tanveer",566
"Obaid_Ullah_Khan_Shadi_Khel",566
"Obaid_Ullah_Shadi_Khel",566
"Parveen_Bashir",566
"Pir_Muhammad_Amin_Ul_Hasnat_Shah",566
"Pir_Muhammad_Aslam_Bodla",566
"Pirzada_Muhammad_Ashraf_Zia",566
"Professor_Doctor_Noor_Muhammad_Ghafari",566
"Qadir_Bux",566
"Qaiser_Ahmad_Sheikh",566
"Qaiser_Ahmed_Sheikh",566
"Raees_Khan",566
"Rahim_Bux",566
"Rai_Mansab_Ali_Khan",566
"Rai_Muhammad_Saleem_Raza_Kharral_Advocate",566
"Rai_Salah-Ud-Din",566
"Raja_Javed_Ikhlas",566
"Raja_Muhammad_Asad_Khan",566
"Raja_Muhammad_Javed_Ikhlas",566
"Raja_Muhammad_Safdar",566
"Raja_Osama_Sarwar",566
"Raja_Qamar_Ul_Islam",566
"Rajab_Ali_Khan_Baloch",566
"Rana_Abdul_Sattar_Bin_Rana_Shamim_Ahmed_Khan",566
"Rana_Afzaal_Hussain",566
"Rana_Iradat_Sharif_Khan",566
"Rana_Mahmood-Ul-Hassan",566
"Rana_Mehmood_Ul_Hassan",566
"Rana_Mubasshir_Iqbal",566
"Rana_Muhammad_Afzal_Khan",566
"Rana_Muhammad_Hayat_Khan",566
"Rana_Muhammad_Ishaq_Khan",566
"Rana_Nazir_Ahmad_Khan",566
"Rana_Qasim_Noon",566
"Rana_Sana_Ullah_Khan",566
"Rana_Shamim_Ahmed_Khan",566
"Rana_Tanveer_Hussain",566
"Rana_Umer_Nazir_Khan",566
"Rana_Zahid_Hussain_Khan",566
"Rao_Abid_Rizwan_Shoukat",566
"Rao_Mazhar_Hayyat_Khan",566
"Rao_Muhammad_Mohsin_Ali_Khan",566
"Rasheed_Ahmad_Khan",566
"Rasool_Bux_Jakhro",566
"Rehan_Malik_Advocate",566
"Rehan_Qaiser_Sheikh",566
"Rehmat_Salam_Khattak",566
"Riaz_Ahmad_Khan",566
"Riaz_Ul_Haq",566
"Rooh_Ullah_Khan",566
"Rozina",566
"Saad_Ullah_Tareen",566
"Saad_Waseem",566
"Saboohuddin_Malik",566
"Saddique_Khan_Baloch",566
"Sadia_Shabir",566
"Saeed_Ahmed_Khan_Manais",566
"Saeed_Ahmed_Manais",566
"Sahabzada_Syed_Murtaza_Amin",566
"Sahibzada-Faizul-Hassan",566
"Sahibzada_Faiz_Ul_Hassan",566
"Sahibzada_Haji_Muhammad_Fazal-e-Kareem_",566
"Sahibzada_Muhammad_Tahir_Sultan",566
"Sahibzada_Shabbir_Hassan_Ansari",566
"Saima_Akhtar_Bharwana",566
"Saira_Afzal_Tarar",566
"Saira_Tarar",566
"Sajid_Mehdi",566
"Sajjad_Ahmed_Sohal",566
"Sajjad_Ali",566
"Sajjad_Anwar_Khan",566
"Sakina_Anwer",566
"Salar_Khan",566
"Saleem_Zia",566
"Salman_Hanif",566
"Sardar_Adil_Umar",566
"Sardar_Ayaz_Sadiq",566
"Sardar_Fateh_Muhammad_Hasni",566
"Sardar_Ghulam_Abbas",566
"Sardar_m_Yaqoob_Nasir",566
"Sardar_Mansab_Ali_Dogar",566
"Sardar_Mansab_Ali_Doggar",566
"Sardar_Mehtab_Ahmed_Khan",566
"Sardar_Muhammad_Amjad_Farooq_Khan_Khosa",566
"Sardar_Muhammad_Arshad_Khan_Laghari",566
"Sardar_Muhammad_Irfan_Dogar",566
"Sardar_Muhammad_Jaffar_Khan_Leghari",566
"Sardar_Muhammad_Saif-Ul-Din_Khan_Khosa",566
"Sardar_Muhammad_Shafqat_Hayat_Khan",566
"Sardar_Muhammad_Yaqoob_Khan_Nasir",566
"Sardar_Muhammad_Yousaf",566
"Sardar_Muhammad_Yousaf_Zaman",566
"Sardar_Mumtaz_Khan",566
"Sardar_Noor_Ahmed_Khan_Malaizai",566
"Sardar_Riaz_Mahmood_Khan_Mazari",566
"Sardar_Sanaullah_Zehri",566
"Sarzamin_Khan",566
"Saud_Majeed",566
"Shabbir_Ahmed_Hyderi",566
"Shah_Jee_Gul_Afridi",566
"Shahab_Ud_Din_Khan",566
"Shahibzada_Faiz_Ul_Hassan",566
"Shahid_Khaqan_Abbasi",566
"Shahid_Khaqan_Abbassi",566
"Shahid_Usman",566
"Shaikh_Maqsood_Ahmed",566
"Shaikh_Rohale_Asghar",566
"Shams_Ur_Rehman_Khattak",566
"Sharafat_Khan",566
"Shazia_Mubashar",566
"Shehzad_Asghar_Khan_Rind__Advocate",566
"Sheikh_Abdul_Sattar_Mandokhel",566
"Sheikh_Aftab_Ahmad",566
"Sheikh_Aftab_Ahmed",566
"Sheikh_Fayyaz_Ud_Din",566
"Sheikh_Muhammad_Akram",566
"Sheikh_Muhammad_Tariq_Rasheed",566
"Sheikh_Rohale_Asghar",566
"Sheikh_Roheel_Asghar",566
"Sher_Afghan_Khan",566
"Sher_Rehman",566
"Shezra_Mansab_Ali_Khan_Kharal",566
"Sidra_Tel_Muntaha",566
"Sikander_Ali_Mirani",566
"Skindar_Hayyat_Khan_Bosan",566
"Sobia_Shahid",566
"Sohail_Shoukat_Butt",566
"Speen_Gul",566
"Sumaira_Naz",566
"Syed_Ansub_Raza_Fatmi",566
"Syed_Attaullah_Shah_Bukhari",566
"Syed_Basit_Sultan_Bukhari",566
"Syed_Faisal_Abbas",566
"Syed_Ghulam_Mustafa_Shah_s_o_Syed_Asadullah_Shah",566
"Syed_Hafeezuddin",566
"Syed_Iftikhar_Ul_Hassan",566
"Syed_Imran_Ahmad_Shah",566
"Syed_Imran_Ahmed_Shah",566
"Syed_Javed_Hassan",566
"Syed_Javed_Hassnain",566
"Syed_Javed_Hassnain_Shah",566
"Syed_Mobeen_Ahmed",566
"Syed_Muhammad_Abdullah_Shah",566
"Syed_Muhammad_Ali_Shah_Bacha_Lala",566
"Syed_Muhammad_Ashiq_Hussain_Shah",566
"Syed_Muhammad_Athar_Hussain_Shah_Gillani",566
"Syed_Muhammad_Iqbal_Shah",566
"Syed_Muhammad_Nihal_Hashmi",566
"Syed_Muhammad_Rafi_Ud_Din_Bukhari",566
"Syed_Muhammad_Raza_Bukhari",566
"Syed_Muhammad_Saleem_Ashrafi",566
"Syed_Muhammad_Salman_Mohsin_Gillani",566
"Syed_Muhammad_Saqlain_Bukhari",566
"Syed_Raza_Ali_Bukhari",566
"Syed_Riaz_Hussain_Shah_Sherazi",566
"Syed_Sajid_Mehdi",566
"Syed_Zahoor_Shah",566
"Syed_Zulfiqar_Ali_Shah",566
"Syeda_Nosheen_Iftikhar",566
"Syeda_Shehr_Bano_Bukhari",566
"Tariq_Fazal_Chaudhry",566
"Tehmina_Daultana",566
"Toor_Gul_Khan_Jogezai",566
"Umer_Sohail_Zia_Butt",566
"Usman_Ibrahim",566
"Uzair_Tariq",566
"Waheed_Alam_Khan",566
"Wajid_Ali_Khan",566
"Waseem_Akhtar_Shaikh",566
"Waseem_Akhtar_Sheikh",566
"Wazeer_Ahmed_Afridi",566
"Yasir_Khan",566
"Zahid_Hamid",566
"Zahid_Khan_Afridi",566
"Zaib_Jafar",566
"Zain-Ul-Abideen_Ansari",566
"Zain_Ansari",566
"Zain_Ul_Abdin_Ansari",566
"Zakir_Hussain_Mari",566
"Zameer_Hussain_Leghari",566
"Zar_Khan",566
"Zobaida_Jalal",566
"Zulifqar_Ali_Bhindar",566
"Muhammad_Ismail",564
"Abdul_Hameed_Khan",561
"Muhammad_Javed",561
"Nazir_Ahmed",561
"Jahangir_Khan_Tareen",554
"Imtiaz_Hussain",551
"Abdul_Latif",550
"Muhammad_Alam",550
"Zafar_Iqbal",547
"Muhammad_Amin",545
"Abdul_Hameed",538
"Abdul_Qayyum",534
"Khalid_Mehmood",525
"Gul_Asghar_Khan",512
"Nasir_Abbas",503
"Sahibzada_Muhammad_Hamid_Raza",503
"Abdul_Razzaq",499
"Qaisar_Jamal",490
"Taj_Muhammad",488
"Aamer_Masood_Mughal",487
"Abdul_Hakeem_Chandio",487
"Abdul_Qayum",487
"Abdul_Sattar_Samoon",487
"Abdur_Raoof_Dolla",487
"Abid_Javed_Virk",487
"Abid_Mahmood",487
"Abid_Mahmood_Khagga",487
"Abrar_Ul_Haq",487
"Abu_Bakar_Virk",487
"Adil_Khan_Bazai",487
"Adv_Shujaat_Ali",487
"Advocate_Zahoor_Mehsud",487
"Aftab_Ahmad",487
"Aftab_Ahmad_Khan_Khichi",487
"Aftab_Ahmed_Soomro",487
"Aftab_Irshad_Cheema",487
"Aftab_Jahangir",487
"Afzaal_Azeem_Pahat_Advocate",487
"Ahsan_Ulla_Virk",487
"Ajab_Gul",487
"Akeel_Aslam",487
"Akhtar_Iqbal_Dar",487
"Akram_Khan",487
"Akram_Niazi",487
"Aleem_Adil_Sheikh_",487
"Ali_Afzal_Sahi",487
"Ali_Amin_Gandapur",487
"Ali_Asghar_Khan",487
"Ali_Ashraf",487
"Ali_Asjid_Malhi",487
"Ali_Bukhari",487
"Ali_Ijaz_Buttar",487
"Ali_Khan_Jadoon",487
"Ali_Muhammad_Khalul",487
"Ali_Muhammad_Khan",487
"Aliya_Hamza",487
"Amber_Majeed_Niazi",487
"Ambreen_Malik",487
"Amir_Sharjeel",487
"Amirullah",487
"Amjad_Ali_Bajwa",487
"Amjid_Ali_Khan",487
"Aniqa_Mehdi",487
"Anwar_Haqdad",487
"Anwar_Taj",487
"Aqibullah",487
"Arbab_Amir_Ayub",487
"Arbab_Muhammad_Haleem",487
"Arif_Murad",487
"Arif_Ur_Rehman_Alvi",487
"Arshad_Ali_Mayo",487
"Arshad_Mahmood_Chaudhry",487
"Arslan_Khalid",487
"Asad_Qaiser",487
"Asad_Umar",487
"Asif_Khan",487
"Asiya_Asad",487
"Ataullah_Khan",487
"Atif_Ali_Khan_Dreshak",487
"Atif_Choudhry",487
"Aurangzeb_Khichi",487
"Awais_Haider_Jakhar",487
"Ayaz_Sarfraz_Malik",487
"Ayesha_Nazir_Jatt",487
"Azizullah_Dero",487
"Azra_Masood",487
"Babar_Marghazani",487
"Bakht_Jamal_Chandio",487
"Barrister_Abdullah_Mumtaz_Kahloon",487
"Barrister_Hammad_Azhar",487
"Barrister_Nabeel_Dhar",487
"Barrister_Taimur_Malik",487
"Basharat_Ali_Randhawa",487
"Basharat_Raja",487
"Bilal_Ejaz",487
"Brig_Ejaz_Shah",487
"Brigadier_Mumtaz_Iqbal_Kahlon",487
"Ch__Muhammad_Ilyas",487
"Ch_Khalil_Arain",487
"Ch_Muhammad_Shahnawaz_Cheema",487
"Ch_Usman_Ali_Tariq",487
"Changez_Khan_Kakar",487
"Chaudhary_Abdul_Ilyas",487
"Chaudhary_Javed_Iqbal_Waraich",487
"Chaudhry_Muhammad_Ashfaq",487
"Choudary_Shokat_Ali_Bhatti",487
"Choudhry_Muhammad_Saqlain",487
"Choudhry_Naeem_Ul_Din_Waraich",487
"Chudhary_Ilyas_Meharban",487
"Chudhary_Muhammed_Yaqoob",487
"Col_Ajmal_Sabir_Raja",487
"Colnel_Ejaz_Hussain_Minhas",487
"Dawar_Khan_Kundi",487
"Dawood_Shah",487
"Dawood_Ullah",487
"Doctor_Saeed_Ahmed_Afridi",487
"Doctor_Yasmin_Rashid",487
"Dr__Amjad",487
"Dr__Nisar_Jutt",487
"Dr__Riaz_Lang",487
"Dr__Tahir_Ali_Javed",487
"Dr_Azeem_Zahid_Lakhvi",487
"Dr_Muhammad_Azhar_Khan_Jadoon",487
"Ejaz_Ahmad_Gaddan",487
"Eman_Tahir",487
"Engineer_Dawar_Khan_Kundi",487
"Faheem_Khan",487
"Faisal_Mughal",487
"Faiz_Ullah_Kamoka",487
"Falak_Niaz",487
"Falak_Sheer_Sikandar",487
"Farhat_Faheem_Bhatti",487
"Farrukh_Habib",487
"Fawad_Ahmad_Cheema",487
"Fayaz_Ahmed",487
"Fazal_Muhammad_Khan",487
"Ghulam_Zahid",487
"Gohar_Ali_Khoso",487
"Gul_Badshah",487
"Gul_Dad_Khan",487
"Gul_Muhammad_Keerio",487
"Gul_Muhammad_Rind",487
"Gul_Zafar_Khan",487
"Gulzar_Khan",487
"Hafeezullah",487
"Hafiz_Hamid_Raza",487
"Haji_Akhtar_Mohammad_Mandokhel",487
"Haji_Imtiaz_Ahmed_Choudhry",487
"Haji_Khalid_Mehmood_Chatha",487
"Haleem_Adil_Sheikh",487
"Hamid_Khan",487
"Hamid_Ul_Haq",487
"Hamid_Zaman",487
"Hamida_Masood_Shah",487
"Hamza_Khan",487
"Haroon_Ihsaan_Paracha",487
"Hassan_Adeel",487
"Hassan_Ali_Khan",487
"Hina_Manzoor",487
"Iffat_Soomro",487
"Iftikhar_Ali_Khitran",487
"Iftikhar_Soomro",487
"Imran_Ahmed_Khan_Niazi",487
"Imran_Khattak",487
"Imran_Qaisar_Abbbas",487
"Iqra_Mubarik",487
"Jahanzaib_Imtiaz_Gill",487
"Jameel_Ahmed_Lund_Baloch",487
"Jamshaid_Dasti",487
"Javaid_Safdar_Kahlon",487
"Javed_Ali_Bozdar",487
"Jehanzeb_Khan_Dhakki",487
"Junaid_Akbar",487
"Kanwal_Shauzab",487
"Karim_Dad",487
"Khalid_Abdullah_Ghazi",487
"Khalid_Masood_Khan",487
"Khalid_Mehmood_Ali",487
"Khalid_Nawaz",487
"Khan_Shaid_Afridi",487
"Khawaja_Mudasar_Mehmood",487
"Khawaja_Sharif_Muhammad_Koreja",487
"Khawaja_Sheraz_Mehmood",487
"Khial_Zaman_Aurak_Zai",487
"Khudada_Kalyar_Advocate",487
"Khurram_Munawar_Munj",487
"Khurram_Shahzad_Virk",487
"Khurram_Sher_Zaman",487
"Khursheed_Mehmood_Kasuri",487
"Kousar_Parveen",487
"Lal_Chand_Malhi",487
"Lala_Asad_Ullah",487
"Latif_Khosa",487
"Lt_Col_r_Ajmal_Sabir_Raja",487
"Mahar_Sajjad_Hussain_Cheena",487
"Maher_Naveed_Ahmad_Kherha",487
"Mahmood_Khan",487
"Maj_Latasab_Satti",487
"Makhdoom_Imad_Ud_Din_Hashmi",487
"Makhdoom_Javaid_Hussain_Hashmi",487
"Makhdoom_Shah_Mahmood_Hussain_Qureshi",487
"Makhdoom_Shah_Mahmood_Qureshi",487
"Makhdoom_Shah_Mehmood_Hussain_Qureshi",487
"Malik_Ameen_Aslam_Khan",487
"Malik_Amir_Dogar",487
"Malik_Arif_Awan",487
"Malik_Atiq_Ur_Rehman_Orakzai",487
"Malik_Ghulam_Murtaza_Metla",487
"Malik_Mehboob_Ahmed",487
"Malik_Muhammad_Akram_Bhatti",487
"Malik_Muhammad_Ali_Khan_Tiwana",487
"Malik_Muhammad_Faisal_Dehwar",487
"Malik_Muhammad_Muzaffar_Khan",487
"Malik_Muhammad_Yar_Dhakoo",487
"Malik_Nazir_Ahmed_Sobhi",487
"Malik_Touqeer_Abbas_Khokhar",487
"Malik_Umar_Farooq",487
"Malik_Waheed_Khan",487
"Malik_Waqar_Ahmad",487
"Malik_Zaheer_Abbas",487
"Manochaher",487
"Mansoor_Sarwar_Khan",487
"Maqsood_Ahmed_Ansari",487
"Maqsood_Ali",487
"Maryam_Batool",487
"Masroor_Ali",487
"Matiullah_Khan",487
"Mehar_Un_Nisa_Baloch",487
"Mehboob_Shah",487
"Mehr_Bano_Qureshi",487
"Mian_Azhar",487
"Mian_Ghous_Muhammad",487
"Mian_Moin_Uddin",487
"Mian_Muhammad_Afzal_Hayat",487
"Mian_Muhammad_Amjad_Joyia",487
"Mian_Muhammad_Naeem",487
"Mian_Mumtaz_Ahmad_Matyana",487
"Mian_Nazir_Rahman",487
"Mian_Salman_Ali_Qureshi",487
"Mian_Shahid_Mustafa_Qureshi",487
"Mir_Ali_Ahmed_Zehri",487
"Mir_Mohammad_Azam_Sumalani",487
"Mirza_Abdul_Qayyum",487
"Mirza_Saeed_Mehmood_Baig",487
"Moazam_Jatoi",487
"Mohammad_Imran",487
"Mohtarma_Zartaj_Gul_Akhwand",487
"Mubeen_Arif_Jatt",487
"Muhammad_Afzal_Gondal",487
"Muhammad_Ahmad_Chattha",487
"Muhammad_Ajmal_Cheema",487
"Muhammad_Alamgir_Khan",487
"Muhammad_Ali_Sarfaraz",487
"Muhammad_Ali_Shakoor",487
"Muhammad_Ameer_Sultan",487
"Muhammad_Arshad_Sahi",487
"Muhammad_Ashraf_Jabbar_Qureshi",487
"Muhammad_Aslam_Ghumman",487
"Muhammad_Atif",487
"Muhammad_Aurangzaib_Khan_Khichi",487
"Muhammad_Azam_Khan_Swati",487
"Muhammad_Bashir_Khan",487
"Muhammad_Daood",487
"Muhammad_Dawood_Khan",487
"Muhammad_Ibraheem_Khan",487
"Muhammad_Imran_Shaukat_Khan",487
"Muhammad_Ishaq_Khan_Khakwani",487
"Muhammad_Jamal_Ahsan_Khan",487
"Muhammad_Madni",487
"Muhammad_Mansha_Sindhu",487
"Muhammad_Miqdad_Ali_Khan",487
"Muhammad_Naem",487
"Muhammad_Nawaz_Gondal",487
"Muhammad_Qasim_Khan_Suri",487
"Muhammad_Riaz_Haider",487
"Muhammad_Roman_Ahmed",487
"Muhammad_Sajid_Naeem_Qureshi",487
"Muhammad_Saleem_Akhtar_Durrani",487
"Muhammad_Saleem_Imran",487
"Muhammad_Sana_Ullah_Khan_Mastikhel",487
"Muhammad_Shoaib_Shaheen",487
"Muhammad_Tuffail",487
"Muhammad_Usman_Dar",487
"Muhammad_Waqar_Wasi_Chaudhary",487
"Muhammad_Yasir",487
"Muhammad_Zeeshan",487
"Muhammad_Zubair_Khan",487
"Muhram_Khan",487
"Mujahid_Ali",487
"Mujahid_Khan",487
"Mumtaz_Ahmad",487
"Mumtaz_Ali_Jakhrani",487
"Mumtaz_Ali_Shah",487
"Mumtaz_Mustafa_Advocate",487
"Murad_Saeed",487
"Mustafa_Kundi",487
"Mustansir_Billah",487
"Nadeem_Abbasi",487
"Naiz_Muhammad_Gujjar",487
"Naseem_Hashim_Khan",487
"Nasim_Ali_Shah",487
"Nasir_Khan_Khattak",487
"Nasrullah_Mughal",487
"Naveed_Hameed",487
"Nawab_Aman_Ullah_Khan",487
"Nawab_Khan_Dumer",487
"Nawab_Muhammad_Ahmad_Khan",487
"Nawabzada_Salahuddin_Saeed",487
"Nawaz_Mehmood_Khan",487
"Naz_Baloch",487
"Nazish_Bhatti",487
"Nek_Mohammad",487
"Niaz_Mohammad_Khan",487
"Nisar_Akbar_Khan",487
"Nisaraslam_Khan",487
"Noor_Muhammad_Ghaffari",487
"Peer_Zahoor_Hussain_Quraishi",487
"Pervez_Khattak",487
"Pir_Bux_Jamood",487
"Qaisara_Elahi",487
"Qurban_Ali",487
"Rab_Nawaz_Kalwar",487
"Raees_Nawaz_Ali_Burfat",487
"Rafique_Ahmad_Khan_Niazi",487
"Rahat_Aman_Ullah_Bhatti",487
"Rahat_Amanullah_Bhatti",487
"Rai_Haider_Ali_Khan",487
"Rai_Hasan_Nawaz_Khan",487
"Rai_Hassan_Nawaz_Khan",487
"Rai_Muhammad_Akram_Khan_Bhatti",487
"Rai_Naeem_Asad_Kharal",487
"Raja_Aamer_Zaman",487
"Raja_Abdul_Haque",487
"Raja_Azhar_Khan",487
"Raja_Muhammad_Saleem",487
"Raja_Taila_Saeed",487
"Raja_Yassir_Humayun_Sarfraz",487
"Rana_Aamir_Shahzad_Tahir",487
"Rana_Atif",487
"Rana_Javed_Umar",487
"Rana_Naeem_Ur_Rehman_Khan",487
"Rana_Shehzad_Hafeez",487
"Rana_Tanveer_Riaz_Khan",487
"Rao_Hassan_Skindar",487
"Rao_Khalid_Khan",487
"Rao_Umer_Hashim_Khan",487
"Rashid_Siddiqui",487
"Rashida_Tariq",487
"Rehana_Imtiaz_Dar",487
"Riasat_Ali_Bhatti",487
"Riaz_Ahmad_Tarar",487
"Riaz_Hyder",487
"Riyaz_Fatyana",487
"Rozina_Bhutto",487
"s_a_Hameed",487
"Saadullah_Baloch",487
"Saadullah_Mehmood_Urf_Muhammad_Yasir_Baloch",487
"Sabeen_Safdar_Bandesha",487
"Sadaqat_Ali_Abbasi",487
"Saddam_Tareen",487
"Saeed_Khursheed_Ahmad",487
"Saeed_Mushtaq",487
"Sahibzada_Mehboob_Sultan",487
"Sajid_Khan",487
"Sajid_Khan_Wald_Taj_Gul",487
"Sajid_Nawaz",487
"Sajid_Nawaz_Khan",487
"Sajid_Yousaf",487
"Salar_Khan_Kakar",487
"Saleem_Mahmood_Kamlana_Sial",487
"Saleem_Ur_Rehman",487
"Salman_Akram_Raja",487
"Salman_Saif_Cheema",487
"Sami_Ullah_Chaudhry",487
"Sardar_Ahsan_Raza_Advocate",487
"Sardar_Muhammad_Ahmed_Dreshak",487
"Sardar_Muhammad_Ali_Khan",487
"Sardar_Muhammad_Hussain_Dogar",487
"Sardar_Rafique_Haider_Khan_Laghari",487
"Sardar_Sher_Muhammad_Rind_Baloch",487
"Seemabia_Tahir",487
"Shabana_Nawab",487
"Shabbir_Ali_Quereshi",487
"Shafqat_Abbas",487
"Shafqat_Ali",487
"Shafqat_Mehmood",487
"Shahbaz_Ahmad_Khan_Sial",487
"Shahid_Ahmad_Khattak",487
"Shahid_Amin",487
"Shahid_Talib",487
"Shahnawaz",487
"Shahram_Tarakai",487
"Shamraiz_Khan",487
"Shandana_Gulzar_Khan",487
"Shaukat_Iqbal_Mirza",487
"Shehryar_Afridi",487
"Shehryar_Riaz",487
"Shehzad_Farooq",487
"Shehzada_Muhammad_Gushtasap_Khan",487
"Sheikh_Waqar_Ahmad_Advocate",487
"Sher_Afzal_Marwat",487
"Sher_Ali_Arbab",487
"Shoaib_Nasir",487
"Shoukat_Basra",487
"Sibghatullah",487
"Sidra_Faisal",487
"Siraj_Muhammad_Khan",487
"Sohail_Sultan",487
"Subhan_Ali",487
"Subhan_Ali_Sahil",487
"Syed_Ahmed_Rasheed",487
"Syed_Akhtar_Hussain_Rizvi",487
"Syed_Ali_Haider_Zaidi",487
"Syed_Ali_Husnain_Shah",487
"Syed_Ali_Hyder_Zaidi",487
"Syed_Jameel_Ahmad_Hussain_Bokhari",487
"Syed_Jameel_Ahmed_Hussain_Bokhari",487
"Syed_Jamil_Ahmed_Shah_Bukhari",487
"Syed_Khawar_Ali_Shah",487
"Syed_Muhammad_Jawad_Asghar_Shah",487
"Syed_Mumtaz_Ali_Shah",487
"Syed_Niaz_Hussain_Shah_Jillani",487
"Syed_Qaisar_Abbas_Shah",487
"Syed_Raza_Ali_Gillani",487
"Syed_Shah_Ahad_Ali_Shah",487
"Syed_Wajahat_Hasnain_Shah",487
"Syed_Zahoor_Agha",487
"Tahir_Iqbal_Chuhdary",487
"Tahir_Sadiq",487
"Talib_Hussain_Sidhu",487
"Tariq_Aziz_Bhatti",487
"Tasawar_Abbas",487
"Umair_Khan_Niazi",487
"Umar_Aslam_Khan",487
"Usama_Ahmed_Mela",487
"Usama_Hamza",487
"Usman_Hamza",487
"Wajiha_Akram",487
"Wali_Muhammad_Mugheri",487
"Walid_Iqbal",487
"Waqas_Akram",487
"Waseem_Abbas",487
"Wasim_Qadir",487
"Yasmin_Rashid",487
"Yousaf_Khan",487
"Zafar_Ullah_Tararr",487
"Zaffar_Khan",487
"Zaheer_Abbas_Naqvi",487
"Zahid_Hussain_Hashmi",487
"Zahid_Mehmood_Mazari",487
"Zain_Qureshi",487
"Zain_Ul_Abidin_Khelji",487
"Zameer_Jedhu_Advocate",487
"Zartaj_Gul_Wazir",487
"Zubair_Khan",487
"Zulfiqar",487
"Zulfiqar_Ali_Mallah",487
"Zulqarnain_Als_Sakhi_Bhutto",487
"Mian_Muhammad_Asif",473
"Muhammad_Ayoub",468
"Muhammad_Sadiq",467
"Naveed_Iqbal",455
"Abdul_Rauf",452
"Syed_Asghar_Ali_Shah",450
"Noor_Muhammad",438
"Irfan_Ullah",431
"Muhammad_Ijaz",431
"Muhammad_Mushtaq",431
"Muhammad_Zubair",431
"Malik_Tariq_Mehmood",421
"Abdul_Jabbar_Khan",419
"Muhammad_Azam",416
"Hameed_Hussain",411
"Aasia_Ishaq",404
"Abdul_Jalil_Bazai",404
"Abdul_Kareem",404
"Abdul_Khalid",404
"Abdul_Majeed_Chohan",404
"Abdul_Qadeer_Khan",404
"Abdul_Qadir_Solangi",404
"Abdul_Rasheed_Godil",404
"Abdul_Salam_Ansari",404
"Abdul_Sattar_Chaudhary",404
"Abdul_Sattar_Jatoi",404
"Abdul_Waseem",404
"Abdul_Waseem_Khan_Ghouri",404
"Adbul_Rashid_Godil",404
"Advocate_Sikandar_Ali_Keerio",404
"Advocate_Zulfiqar_Ali_Qazi",404
"Afaq_Shafqat",404
"Aftab_Ahmed_Rajput",404
"Aftikhar_Akbar_Randhawa",404
"Agha_Muhammad_Ali_Khan",404
"Agha_Muhammad_Naved",404
"Ahmed_Ali_Buriro",404
"Ahmed_Gabol",404
"Ahmed_Saleem_Siddiqui",404
"Alam_Dar_Hussain_Shah",404
"Alama_Syed_Farman_Raza_Abidi",404
"Alambardar_Hussain_Rizvi",404
"Ali_Muhammad_Memon",404
"Amin",404
"Aminul_Haque",404
"Anwar_Ali_Khan",404
"Anwer_Sial_Bhai_",404
"Arbab_Abdul_Ghani_Kasi",404
"Arif_Jamal",404
"Arshad_Abdullah_Vohra",404
"Arshad_Iqbal",404
"Arshad_Mahmood_Rabbani",404
"Asad_Ullah_Shah",404
"Asghar_Ali_Parhiar",404
"Asghar_Ali_Parhiar_Advocate",404
"Ashfaq",404
"Atta_Shaikh_Advocate",404
"Aziz_Ullah_Marwat",404
"Babar_Siraj_Mirza",404
"Basir_Ahmad",404
"Begum_Tahira_Asif",404
"Bilal_Hussain",404
"Bisma_Asif",404
"Ch__Hamid_Ali_Wahla",404
"Ch__Muahmmad_Shabbir_Kamboh",404
"Ch__Muhammad_Safdar_Jamna",404
"Ch__Muhammad_Suleman_Gujar",404
"Ch__Zafar_Iqbal",404
"Ch_Abdul_Qayyum_Bajwa_Advocate",404
"Ch_Khalid_Hussain_Bhatti_Advocate",404
"Chaudhry_Iftikhar_Ahmed_Siddhu_Advocate",404
"Chaudhry_Javed_Sarwar",404
"Chaudhry_Munawar_Hafeez",404
"Choudhary_Anwar_Ali_Gill_Advocate",404
"Choudhary_Muhammad_Ilyas",404
"Dev_Das",404
"Dildar_Ahmed_Khaskheli",404
"Doctor_Asif_Rafique",404
"Doctor_Hafiz_Mohammad_Sarwar_Joyia",404
"Dr__Abdul_Qadir_Khanzada",404
"Dr__Ejaz_Hussain",404
"Dr__Farooq_Sattar",404
"Dr__K_s__Mujahid_Khan_Baloch",404
"Dr__Khalid_Maqbool_Siddiqui",404
"Dr__Lala_Rukh_Mustafa",404
"Dr__Muhammad_Ayoub_Shaikh",404
"Dr__Muhammad_Farooq_Sattar",404
"Dr__Mumtaz_Ali_Chandio",404
"Dr__Taj_Hussain_Fani",404
"Dr_Abdul_Razaque_Lashari",404
"Dr_imam_Bux_Khilji",404
"Dr_Muhammad_Musa_Advocate",404
"Dr_nadeem_Ehsan",404
"Dr_Zaib_Un_Nisa",404
"Engineer_Afridi",404
"Engineer_Muhammad_Zakir",404
"Fahmida_Shah_Bukhari",404
"Faiz_Muhammad",404
"Farhan_Chishti",404
"Farhat_Muhammad_Khan",404
"Farkhanda_Khalid",404
"Farrukh_Hussain",404
"Fayyaz_Ali",404
"Fazal_Ul_Rehman",404
"Feroz_Khan",404
"Fouzia_Hameed",404
"Ghaman",404
"Ghazanfar_Anjum_Yousafzai_Advocate",404
"Ghazi_Salahuddin",404
"Ghulam_Akber_Mallah",404
"Ghulam_Asghar_Rind",404
"Ghulam_Farooq_Shahwani",404
"Ghulam_Muhammad_Rajoka",404
"Ghulam_Murtza_Solangi",404
"Ghulam_Mustafa_Sumsam_Qureshi",404
"Ghulam_Yasin",404
"Gulzar_Ali_Mugheri",404
"Habibullah_Khan",404
"Hafeezuddin",404
"Hafiz_Muhammad_Hanif",404
"Haji_Muhammad_Saeed_Arian",404
"Hamid_Mehmood",404
"Hassan_Sabir",404
"Heer_Soho",404
"Hubdar_Ali",404
"Humayu_Usman",404
"Hussain_Bakhsh_Panhwar",404
"Iftikhar_Mughal",404
"Imran_Khan_Rajput",404
"Imtiaz_Ali",404
"Imtiaz_Ali_Lakho",404
"Inayat_Ali_Rind",404
"Inayat_Ul_Haq",404
"Iqbal_Muhammad_Ali_Khan",404
"Irfan_Ali_Bikak",404
"Irfan_Siddique",404
"Irshad_Bano",404
"Izhar_Ul_Haq_Qureshi_Siddiqui",404
"Junaid_Ahmed_Samejo",404
"Junaid_Tariq_Qureshi_Advocate",404
"Kaleem_Khan",404
"Karim_Khan",404
"Kashif_Ali_Khan",404
"Khair_Bux_Khosa",404
"Khalid_Maqbool_Siddiqui",404
"Khawaja_Awais_Mushtaq",404
"Khawaja_Izhar_Ul_Hassan",404
"Khawaja_Sohail_Mansoor",404
"Khursheed_Abbas",404
"Khursheed_Ali",404
"Khushbakht_Shujat",404
"Kiran_Muhammad_Ali",404
"Kokab_Bukhari",404
"m_Ameen_Watoo",404
"Mahrukh_Mirza",404
"Major_r__Habib_Ur_Rehman_Khan_Myo_Advocate",404
"Makhdoom_Syyed_Zawar_Hussain",404
"Malik_Abdul_Hameed_Awan",404
"Malik_Abdul_Rehman_Dehwar",404
"Malik_Ameer_Abdullah_Awan",404
"Malik_Amjid_Hussain_Uttera",404
"Malik_Aurang_Zaib_Awan",404
"Malik_Ejaz_Ahmad_Channar",404
"Malik_Javed_Khan",404
"Malik_Mazhar_Hussain",404
"Malik_Muhammad_Asif_Awan",404
"Malik_Muhammad_Asim",404
"Malik_Subhoh_Saddiq",404
"Malik_Tanveer_Hussain",404
"Malik_Zafar_Iqbal_Boorh",404
"Mangharam",404
"Manzoor_Joori",404
"Maqsood_Ahmed_Awan",404
"Maryam_Bibi",404
"Maulana_Noor_Ul_Haq",404
"Mazhar_Ali_Alvi",404
"Mazhar_Hussain",404
"Mehar_Tajamal_Hussain_Luck",404
"Mehboob_Alam",404
"Mehmood_Qadir_Khanzada",404
"Mehr_Tariq_Maqsood_Advocate",404
"Mian_Aftab_Ahmad_Qureshi",404
"Mian_Muhammad_Ateeq_Sheikh",404
"Mian_Nadeem_Anwar",404
"Mian_Sarfraz_Watto",404
"Mian_Tariq_Ali_Bodla",404
"Mihtab_Hayat_Khan",404
"Mir_Sanaullah_Khan_Murghazani",404
"Mirza_Muhammad_Jameel_Raza",404
"Mohammad_Salman_Khan_Baloch",404
"Mohammad_Umer_Agha_Awaan",404
"Mohammad_Zubair_Anjum",404
"Mohsin_Badshah_Advocate",404
"Mr__Ghulam_Mohiuddin_Durrani__Advocate_",404
"Mr__Rana_Fateh_Muhammad_Rajput",404
"Mr_ferozuddin_Narejo",404
"Mrs__Khush_Bakhat_Shujaat",404
"Mudassar_Ejaz",404
"Muhamamd_Moin_Aamer_Pirzada",404
"Muhammad_Abdul_Rauf_Siddiqui",404
"Muhammad_Adrees",404
"Muhammad_Akhtar",404
"Muhammad_Akram_Arain_Advocate",404
"Muhammad_Aleem",404
"Muhammad_Ali_Jawad",404
"Muhammad_Ali_Rodeni",404
"Muhammad_Amin_Wattoo_",404
"Muhammad_Anwar_Khantareen",404
"Muhammad_Arif_Brohi",404
"Muhammad_Asif_Jah",404
"Muhammad_Aslam__Retired_",404
"Muhammad_Hafeez_Tabassum",404
"Muhammad_Hanif_Ansari",404
"Muhammad_Hussain_Awan",404
"Muhammad_Ilyas",404
"Muhammad_Imran_Gill",404
"Muhammad_Imran_Ijaz_Butt",404
"Muhammad_Jan_Rind",404
"Muhammad_Jawed_Hanif_Khan",404
"Muhammad_Jumma_Changazi",404
"Muhammad_Junaid_Niaz_Siddiqui",404
"Muhammad_Meraj_Ahmed",404
"Muhammad_Mureed_Brohi",404
"Muhammad_Muzammil_Qureshi",404
"Muhammad_Pervaiz",404
"Muhammad_Ramzan_Lashari",404
"Muhammad_Rashid_Saleem_Khanzada",404
"Muhammad_Rehan_Hashmi",404
"Muhammad_Roshan_Khan",404
"Muhammad_Saeed_Anwar",404
"Muhammad_Saleem",404
"Muhammad_Saleem_Langah",404
"Muhammad_Sarwar_Alvi",404
"Muhammad_Shafique_Bhatti",404
"Muhammad_Talib_Bhatti",404
"Muhammad_Tariq_Pachar",404
"Muhammad_Tufail_Thakar_Advocate",404
"Muhammad_Zakir_Shaikh",404
"Muhammad_Zunbair_Anjum",404
"Mujahid_Abbas_Khan",404
"Mulana_Abdul_Baqi_Torkhel",404
"Mumtaz_Bhai",404
"Munawar_Ali_Chohan",404
"Munawar_Ali_Choohan_",404
"Munir_Ahmed_Pathan",404
"Munzleen",404
"Mushtaq_Ali",404
"Mustafa_Kamal",404
"Muzammil_Hussain_Joyia",404
"Nadeem_Brohi_Bhai",404
"Naeem_Ajmal_Khan_Lashari_Bedar",404
"Najma",404
"Naseem_Akhtar",404
"Naseer_Ahmed_Farooqi",404
"Nasir_Ayyub_Awan_Advocate",404
"Naveed_Akhter_Khan",404
"Naveed_Hasan",404
"Nawab_Ali",404
"Nazir_Ahmed_Abbasi",404
"Nazir_Hussain",404
"Nazli_Ifat_Tabasum",404
"Nisar_Ahmed_Shar",404
"Nisar_Ahmed_Sultan_Tanoli",404
"Noor_Ahmad",404
"Noor_Mohammad_Sahito",404
"Paras",404
"Peer_Nasir_Saqlalin_Muhammadi",404
"Pir_Bux_Solangi",404
"Pir_Syed_Farzand_Ali_Shah",404
"Pir_Zaman_Shah",404
"Poonjo_Bheel_Advocate",404
"Prem_Chand",404
"Prof__Mushtaq_Hussain_Mughal",404
"Prof_muhammad_Sagheer_Choudhary_",404
"Professor_Khursheed_Ahmed_Siddiqui",404
"Qalib_Abbas_Malik",404
"Qayum_Khan",404
"Rai_Muhammad_Younas",404
"Raja_Ajaz_Hussain",404
"Rana_Abdul_Rehman_Sultani",404
"Rana_Farhat_Ali_Advocate",404
"Rana_Muhamamd_Ashraf",404
"Rana_Muhammad_Abu_Bakar",404
"Rana_Muhammad_Arif_Raza",404
"Rana_Muhammad_Arshad_Khan",404
"Rana_Nisar_Ahmed",404
"Rana_Sajid_Mehmood_Advocate",404
"Rana_Zafar_Ali_Khan",404
"Rana_Zahoor_Ul_Haq_Advocate",404
"Rana_Zulqarnain_Khan",404
"Rao_Abdul_Qayoum_Khan_Advocate",404
"Rao_Abdul_Qayyum_Khan_Advocate",404
"Rao_Muhammad_Farman_Uarf_Chotu_Chacha",404
"Razia_Iqbal",404
"Razziq_Mehmood_Bhatti",404
"Riaz_Shar",404
"Rizwan_Zafar",404
"S_a_iqbal_Qadri",404
"Saba_Anwar",404
"Sadiq_Iftikhar",404
"Saifullah_Khan",404
"Sajid_Ahmed",404
"Sajid_Wahab_Khanzada",404
"Sajjad_Ahmad_Naseem",404
"Sakhi_Dad_Mari",404
"Salahuddin",404
"Samia_Naz",404
"Sardar_Afzaal_Ahmed_Madahar_Advocate",404
"Sardar_Ameer_Qalam_Awan",404
"Sardar_Ghulam_Mujtaba_Khan",404
"Sardar_Nabeel_Ahmed_Gabol",404
"Sarfaraz_Khan",404
"Sarwar_Khan_Lashri_Advocate_High_Court_",404
"Shabbir_Ahmed_Qaimkhani",404
"Shah_Nawaz_Mahar",404
"Shahid_Akram",404
"Shahid_Khan_Advocate",404
"Shahid_Parvaiz_Dogar_Advocate",404
"Shahid_Sultan",404
"Shahinshah_Khuddar",404
"Shaikh_Salahuddin",404
"Shakeel_Ahmed",404
"Shaukatullah_Farooqui",404
"Shehbaz_Khan_Umrani",404
"Shehzad_Asif_Javed",404
"Sheikh_Qaisar_Javed",404
"Sheikh_Salahuddin",404
"Sher_Muhammad_Nohri",404
"Siraj-Ud-Din",404
"Sohail_Ahmed_Abbasi",404
"Sufyan_Yousuf",404
"Suhail_Ahmed_Abbasi_Advocate_",404
"Suheno",404
"Syed_Akhter_Ul_Iqbal_Qadri",404
"Syed_Ali_Abbas_Shah",404
"Syed_Ali_Raza_Abidi",404
"Syed_Ashraf_Hussain_Shah",404
"Syed_Asif_Hasnain",404
"Syed_Baqar_Ahsan",404
"Syed_Farzand_Ali_Shah",404
"Syed_Ghulam_Shabbir_Shah",404
"Syed_Haider_Abbas_Rizvi",404
"Syed_Imran_Abdullah_so_Syed_Muhammd_Abdullah_Shah",404
"Syed_Imran_Hyder_Shah",404
"Syed_Iqbal_Hussain",404
"Syed_Jamil_Ur_Rab",404
"Syed_Jehan_Shah__Retd_",404
"Syed_Munir_Ul_Haq_Advocate_Attock",404
"Syed_Murtaza_Hussain_Shah",404
"Syed_Nadeem_Hyder_Shah_Advocate",404
"Syed_Nadeem_Mansoor",404
"Syed_Naveed_Anjum_Bukhari",404
"Syed_Rafi_Uddin",404
"Syed_Riffat_Hussain_Shah",404
"Syed_Tayyab_Hussain",404
"Syed_Waseem_Hussain",404
"Syed_Zafar_Iqbal_Bukhari",404
"Syed_Zahid_Ali_Shah",404
"Ubedullah",404
"Waheed_Ahmed_Mughal",404
"Waheed_Ud_Din",404
"Walidad",404
"Waseem_Ahmed",404
"Waseem_Akhter",404
"Wasiullah_Lakhoo",404
"Wing_Commander_r__Muhammad_Nawaz_Asim",404
"Zaheer_Ahmed",404
"Zahid_Ali_Ujjan",404
"Zahid_Mehmood_Kiani",404
"Zair_Ullah_Khan",404
"Zameer_Ahmed",404
"Zeeshan_Hasan_Sidhu_Advocate",404
"Zulfiqar_Ali",404
"Abdul_Rashid",376
"Abdul_Mohsin",373
"Akhtar_Ali_Khan",373
"Akhtar_Muhammad",373
"Bilal_Qudrat_Butt",373
"Liaqat_Baloch",373
"Mahmood_Ul_Hassan",373
"Muhammad_Riaz_Farooq_Sahi",373
"Muhammad_Yousuf",373
"Sahibzada_Tariq_Ullah",373
"Shah_Faisal_Afridi",373
"Syed_Javed_Hussain_Shah",373
"Khalid_Mahmood",369
"Muhammad_Nasrullah",369
"Iftikhar_Ahmed",366
"Abdul_Wajid",354
"Muhammad_Iqbal",354
"Haji_Ghulam_Qadir_Noohani",331
"Malik_Sikandar_Khan",331
"Maulana_Fazal_Ur_Rehman",331
"Maulana_Mian_Hussain_Jalali",331
"Moulana_Abdullah_Pahore",331
"Rahat_Hussain",331
"Shah_Abdul_Aziz",312
"Muhammad_Saeed",307
"Waheed_Ahmad",304
"Javed_Iqbal",302
"Ghulam_Haider",299
"Ubaid_Ullah",298
"Abdul_Aziz",292
"Muhammad_Jamal_Ud_Din",292
"Muhammad_Wali_Shah",292
"Bibi_Yasmeen_Shah",284
"Ghous_Bux_Khan_Mahar",284
"Pir_Sajjad_Saeed_Jan_Sirhandi",284
"Syed_Qurban_Ali_Shah",284
"Maqsood_Ahmed",276
"Hamayun_Akhtar_Khan",269
"Muhammad_Amjad",264
"Naseer_Ahmed_Kakar",252
"Gul_Hassan",247
"Muhammad_Ijaz-Ul-Haq",246
"Sheikh_Rasheed_Ahmed",245
"Abdul_Rehman_Khan_Jamali",244
"Abdur_Raj_Khan",244
"Adeeba_Gul_Magsi",244
"Alhaaj_Malak_Aurangzeb_Khan",244
"Ali_Asjad_Malhi",244
"Altaf_Hussain_Unar",244
"Amanullah_Khan_Jadoon",244
"Amanullah_Paracha",244
"Ameer_Maqam",244
"Anwar_Ul_Haq_Alias_Anno",244
"Arbab_Zakaullah",244
"Asif_Tauseef_",244
"Aurangzaib_Khan_Khichi",244
"Azeem_u_Deen_Zahid",244
"Begum_Malik_Shoaib_Awan",244
"Brgd_r__Zulfiqar_Ahmad_Dhillon",244
"Ch__Abdul_Sattar",244
"Ch__Anwar_Ali_Cheema",244
"Ch__Bilal_Ijaz",244
"Ch__Ghais_Ahmed_Mela",244
"Ch__Imran_Ullah",244
"Ch__Muhammad_Ashiq_Dyial",244
"Ch__Nazir_Ahmed_Jatt",244
"Ch__Pervaiz_Ellahi",244
"Ch__Shahid_Akram_Bhinder",244
"Ch__Shamshad_Ahmad_Khan",244
"Ch__Shujaat_Hussain",244
"Ch__Zaffar_Iqbal_Warraich",244
"Ch_amir_Hussain_",244
"Ch_Anwar_Ali_Cheema",244
"Ch_Liaqat_Abbas_Bhatti",244
"Ch_muhammad_Saeed_Virk",244
"Ch_nauraiz_Shakoor_Khan",244
"Ch_Parvez_Elahi",244
"Ch_pervaiz_Elahi",244
"Ch_pervaiz_Ellahi",244
"Ch_Sajid_Hussain_Chatha",244
"Ch_shahbaz_Hussain",244
"Ch_Shoukat_Ali_Bhatti",244
"Ch_shujat_Hussain",244
"Ch_Wajahat_Hussain",244
"Chaudhary_Shahbaz_Hussain",244
"Chaudhary_Wajahat_Hussain",244
"Chaudhry_Muhammad_Anwar_Bhinder",244
"Choudhry_Adil_Saboor",244
"Choudhry_Farrukh_Altaf",244
"Choudhry_Tariq_Bashir_Cheema",244
"Dewan_Syed_Ashiq_Hussain_Bukhari",244
"Doctor_Nisar_Ahmad_Jat_",244
"Dr__Ghulam_Hyder_Samejo",244
"Dr_junaid_Mumtaz_Joya",244
"Dr_sher_Afghan_Khan_Niazi",244
"Engineer_Amir_Muqam",244
"Fahad_Malik",244
"Farhad_Ali_Khan",244
"Farkhanda_Amjad_Warraich",244
"Farooq_Ahmed_Khan_Leghari",244
"Fawad_Ahmad",244
"Fazal_Ahmad_Sheikh",244
"Ghias_Ahmad_Mela",244
"Ghulam_Sarwar_Siyal_Babu",244
"Habibullah_Khan_Kundi",244
"Haji_Bilal_Noor_Ansari_",244
"Haji_Mohammad_Islam_Qureshi",244
"Haleem_Adil_Shaikh",244
"Hamayun_Saifullah_Khan",244
"Hamid_Nasir_Chatha",244
"Hamid_Yar_Hiraj",244
"Haroon_Ehsan_Piracha",244
"Humayun_Akhtar_Khan",244
"Hussaini_Shahabuddin_Shah",244
"Ihsan_Ali_Jatoi",244
"Inam_Khan",244
"Irshad_Alam",244
"Ishaq_Khan_Khakwani",244
"Jaffar_Khan_Mandokhel",244
"Jam_Mir_Muhammad_Yousuf",244
"Javed_Iqbal_Satti",244
"Kh__Tahir_Zia",244
"Khalid_Ahmad_Gurmani",244
"Khan_Aftab_Ahmad_Khan_Khichi",244
"Khan_Amanullah_Khan",244
"Khan_Muhammad_Dhari",244
"Khawja_Sheeraz_Mehmood",244
"Khurram_Munawar_Manj",244
"Khurram_Munawwar_Munj",244
"Khurshid_Ali_Khan",244
"Liaquat_Ali_Qureshi",244
"Lietutant_Col__r_Ghulam_Rasul_Sahi_",244
"Liquat_Ali_Khan_Jatoi",244
"Maj__r__Habib_Ullah_Warraich",244
"Makhdom_Zada_Syed_Basit_Ahmad_Sultan_Bukhari",244
"Makhdoom_Khusru_Bakhtiar",244
"Makhdoom_Syed_Ahmad_Alam_Anwar",244
"Makhdoom_Syed_Ali_Akbar_Mehmood",244
"Makhdoom_Syed_Faisal_Saleh_Hayat",244
"Malik_Ghulam_Murtaza_Maitla",244
"Malik_Ghulam_Qasim_Hinjra",244
"Malik_Najab_Gul_Khalil_Adv_",244
"Malik_Nauman_Ahmad_Langrial",244
"Malik_Nauman_Ahmed_Langriyal",244
"Malik_Niaz_Ahmad_Jakhar",244
"Mian_Ahmad_Raza_Khan_Maneka",244
"Mian_Khursheed_Mehmood_Kasuri",244
"Mian_Mazhar_Ahmed_Qureshi",244
"Mian_Muhammad_Azhar",244
"Mian_Muhammad_Jehangir",244
"Mian_Muhammad_Kashif_Ashfaq",244
"Mian_Muhammad_Riaz_",244
"Mian_Najeeb_Ud_Din_Awasi",244
"Mian_Rajab_Ali_Khan_Baloch_",244
"Mian_Shamim_Haidar",244
"Mian_Yahya_Shah_Kaka_Khel",244
"Mir_Ahmadan_Khan_Bugti",244
"Mir_Ahmedan_Khan_Bugti",244
"Mir_Asim_Kurd",244
"Mir_Atta-Ur-Rehman_Mengal",244
"Mir_Zeeshan_Ali_Panhwar",244
"Mr__Ghulam_Sarwar_Siyal__Babu_",244
"Muhammad_Afrooq_Anwar_Abbasi",244
"Muhammad_Ajmal_Khan_Kanjoo",244
"Muhammad_Asim_Nazir",244
"Muhammad_Aslam_Khan_Kharral",244
"Muhammad_Ayub_Khan_Khattak",244
"Muhammad_Basharat_Raja",244
"Muhammad_Idrees",244
"Muhammad_Intikhab_Khan",244
"Muhammad_Naseer_Khan",244
"Muhammad_Nasir_Raja",244
"Muhammad_Raza_Hayat_Hiraj",244
"Muhammad_Saddique_Khan_Baluch",244
"Muhammad_Safdar_Shakir_",244
"Muhammad_Sarwar_Khan_Kakar",244
"Muhammad_Shah_Khagga",244
"Muhammad_Tahir_Shah",244
"Muhammad_Urs_Khero",244
"Muhtarma_Amna_Zulifqar_Dhillon",244
"Mukhdoom_Syed_Sami-Ul-Hassan_Gilani",244
"Mushtaq_Ali_Cheema_",244
"Nasir_Iqbal_Busal",244
"Nasrullah_Khan_Bijarani",244
"Nawab_Zada_Iftikhar_Ahmad_Khan_Babar",244
"Nawabzada_Sardar_Khan_Chandio",244
"Niloufer_Qasim_Mahdi",244
"Peer_Tariq_Ahmed_Shah",244
"Pir_Aslam_Bodla",244
"Pir_Muhammad_Shah_Khagga",244
"Professor_Engineer_Rana_Saeed_Ahmed_Zafar",244
"Qari_Mushtaque_Ahmed_Farooqui",244
"Rai_Mansab_Ali",244
"Rai_Muhammad_Aslam_Kharal",244
"Rais_Munir_Ahmad",244
"Raja_Qasim_Javaid_Ikhlas",244
"Raja_Talia_Saeed_Khan",244
"Rana_Asif_Touseef",244
"Rana_Tariq_Javed",244
"Rana_Zahid_Mahmood_",244
"Rao_Sikandar_Iqbal",244
"Rehman_Naseer",244
"Rehman_Naseer_Ch_",244
"Riaz_Fatiyana",244
"Rifat_Javed_Kahloon",244
"Rizwan_Sadiq_Khan",244
"Ruquiya_Saeed_Hashmi",244
"Sahibzada_Muhammad_Nazir_Sultan",244
"Said_Badshah",244
"Sajad_Hussain",244
"Saranzaib_Khan",244
"Sardar_Aqil_Omer",244
"Sardar_Ashiq_Hussain_Gopan",244
"Sardar_Bahadar_Ahmad_Khan_Seehar",244
"Sardar_Fateh_Muhammad_Muhammad_Hassani",244
"Sardar_Maqsood_Khan_Leghari",244
"Sardar_Masood_Ali_Khan_Luni",244
"Sardar_Muhammad_Asif_Nakai",244
"Sardar_Muhammad_Israr_Tareen",244
"Sardar_Muhammad_Jafar_Khan_Leghari",244
"Sardar_Muhammad_Nawab_Khan",244
"Sardar_Nasrullh_Khan_Dreshak_",244
"Sardar_Shajehan_Yousaf",244
"Sardar_Talib_Hassan_Nakai",244
"Sardar_Tofail_Ahmed_Khan",244
"Sardar_Yar_Muhammad_Rind",244
"Sayed_Murad_Ali_Shah",244
"Sh__Rasheed_Ahmed",244
"Shad_Ali_Khan",244
"Shahid_Manzoor_Gill",244
"Shahid_Manzoor_Gill_",244
"Shahida_Sattar_Laleka",244
"Shahzada_Muhyuddin",244
"Sheikh_Jafar_Khan_Mandokhail",244
"Sheikh_Muhammad_Anwar",244
"Sheikh_Muhammad_Tahir_Rasheed",244
"Sheikh_Waqas_Akram",244
"Shoukat_Ali_Khan",244
"Shujaat_Ali_Khan",244
"Sikandar_Hayat_Khan_Bossan",244
"Suhrab_Ali",244
"Sultan_Shahab_Jahangir",244
"Sumaira_Malik",244
"Syed_Ayaz_Ali_Shah_Sheerazi",244
"Syed_Gulzar_Sabtain_Shah",244
"Syed_Mujahid_Ali_Shah",244
"Syed_Noor-Ul-Hassan_Shah",244
"Syed_Obaidullah",244
"Syed_Riaz_Hussain_Shah_Sheerazi",244
"Tahir_Hussain_Shah_",244
"Taj_Mohammad_Shaikh",244
"Tariq_Bashir_Cheema",244
"Umar_Ayub_Khan",244
"Umar_Zeb_Khan",244
"Waseem_Gulzar",244
"Wazir_Mohammad_Safi",244
"Zafarullah_Tarar",244
"Zaheer_Ud_Din",244
"Zahid_Nazir",244
"Zardali_Khan",244
"Zargul_Khan",244
"Muhammad_Rizwan",240
"Amjad_Ali_Khan",237
"Muhammad_Bilal",236
"Muhammad_Sher_Khan",234
"Manzoor_Ahmed",232
"Saeed_Ahmed",232
"Nasir_Mahmood",232
"Muhammad_Saddiq",231
"Abd_Ul_Ghafoor",229
"Abdul_Haleem",229
"Abdul_Majeed_Anwar",229
"Abdul_Majeed_Hazarvi",229
"Abdul_Qayoom",229
"Abdul_Quyyum",229
"Abdul_Salam",229
"Abdul_Samad_Son_of_Muhammad_Yousuf",229
"Abdul_Wajid_Hussain",229
"Abdullah_Ahmed",229
"Abdur_Rahim_Khan",229
"Abu_Bakar_Brohi",229
"Adnan_Bin_Abdul_Aziz",229
"Agha_Syed_Muhammad_Ayyoob",229
"Ahmad_Mujeeb_Aslam",229
"Ahmed_Naseer",229
"Akhunzada_Irfan_Ullah_Shah",229
"Akram_Khan_Durrani",229
"Allama_Abdul_Raoof_Rabbani",229
"Amin_Ullah",229
"Aneela",229
"Arbab_Kamal_Ahmad",229
"Asad_Mahmood",229
"Asad_Mehmood",229
"Asghar_Ali_Nasir",229
"Asjad_Mahmood",229
"Asmat_Ullah",229
"Attaul_Haq",229
"Azam_Khan",229
"Ch_Waseem_Ahmed",229
"Engineer_Tahir_Iqbal_Orakzai",229
"Fakharul_Hassan",229
"Farooq_Hussain_Shah",229
"Fazal_Ali",229
"Fazal_Ur_Rehman",229
"Fazlullah",229
"Ghulam_Mohammad_Sadiq",229
"Gohar_Ali",229
"Gohar_Mohammad_Khan_Bangesh",229
"Gohar_Muhammad_Khan_Bangash",229
"Hafiz_Abdul_Qadeer",229
"Hafiz_Abdul_Razzak",229
"Hafiz_Abdul_Wadood",229
"Hafiz_Hamdullah",229
"Hafiz_Mahmood_Ul_Hassan",229
"Hafiz_Muhammad_Afzaal",229
"Hafiz_Muhammad_Azam",229
"Hafiz_Muhammad_Jameel_Ahmed",229
"Hafiz_Muhammad_Saeed",229
"Hafiz_Muhammad_Zubair",229
"Hafiz_Shahzad_Bashir",229
"Hajan_Khan_Leghari",229
"Haji_Abdul_Rasheed_Khan_Bhatti",229
"Haji_Ghulam_Ali",229
"Haji_Mangey_Khan_Rahija",229
"Haji_Manzoor_Ahmed_Mengal",229
"Hakeem_Muhammad_Asaad",229
"Hameed_Ullah_Jan_Afridi",229
"Hidayat_Ur_Rehman",229
"Ihsan_Ul_Haq",229
"Ijaz_Ul_Haq",229
"Ilhaj_Pervaiz_Khan_Khattak",229
"Imdad_Ullah_Yousafzai",229
"Ishfaq_Ullah_Khan",229
"Kaleem_Ullah_Khan",229
"Khalid_Mobeen",229
"Khalid_Waleed",229
"Kifayat_Ullah",229
"Liaq_Muhammad_Khan",229
"Makhdoom_Zada_Syed_Muhammad_Zakaria_Shah",229
"Malik_Gulfraz_Ahmad_Faraz",229
"Malik_Naveed_Ahmed_Advocate",229
"Malik_Qadir_Bukhsh",229
"Malik_Zafar_Borrana_Sahab",229
"Maulana_Abdul_Ghafar_Tauhadi",229
"Maulana_Abdullah_Ahmad",229
"Maulana_Abdur_Rashid",229
"Maulana_Fazli_Azeem",229
"Maulana_Haleem_Ur_Rahman",229
"Maulana_Muhammad_Gohar_Shah",229
"Maulana_Nizam_Ud_Din",229
"Maulana_Shirin_Muhammad",229
"Maulvi_Mohammad_Abdullah_Jatak",229
"Mehboobullah_Jan_Baqi",229
"Mir_Baz_Muhammad_Marri",229
"Mir_Hussain",229
"Misbah_Ud_Din_Wald_e_Ahmad_Din",229
"Misbahul_Alam",229
"Mohammad_Akram_Khan",229
"Mohammad_Ibrahim_Jatol",229
"Molana_Abdul_Ghafoor_Haideri",229
"Molana_Ameer_Zaman",229
"Molana_Fazal_Ur_Rehman",229
"Molana_Muhammad_Gohar_Shah",229
"Molana_Muhammad_Iqbal_Rasheed",229
"Molana_Muhammad_Sabir_Aarfi",229
"Molana_Qamar_Din",229
"Mollana_Ghulam_Qadir_Qasmi",229
"Molvi_Mohammad_Ishaque_Laghari",229
"Molvi_Muhammad_Saleh_Alhadad",229
"Moulana_Abdul_Ghafoor_Haideri",229
"Moulana_Abdul_Malik",229
"Moulana_Abdul_Naeem_Nomani",229
"Moulana_Hafiz_Sana_Ullah",229
"Moulana_Mohammad_Khan_Sherani",229
"Moulana_Muhammad_Yakoob_Mahar",229
"Moulana_Noor_Ul_Haq",229
"Moulvi_Agha_Muhammad",229
"Mualana_Muhammad_Qasim",229
"Mufti_Abdul_Shakoor",229
"Mufti_Faizul_Haq",229
"Mufti_Kifayat_Ullah",229
"Mufti_Nazir_Ahmed_Umrani",229
"Mufti_Taj_Ud_Din_Rabani",229
"Muhammad_Abdullah",229
"Muhammad_Akbar_Tabani",229
"Muhammad_Arif_Wald_Meer_Azam_Khan",229
"Muhammad_Ayaz_Chaudhary",229
"Muhammad_Ayub",229
"Muhammad_Hafeezur_Rahman",229
"Muhammad_Nabi",229
"Muhammad_Naseef_Awan",229
"Muhammad_Rafique_Abid_Alwi",229
"Muhammad_Riaz_Shaheen",229
"Muhammad_Saeed_Jan",229
"Muhammad_Safdar",229
"Muhammad_Safi_Ullah",229
"Muhammad_Saleh_Indhar",229
"Muhammad_Sardar",229
"Muhammad_Shah_Zaman",229
"Muhammad_Sharif_Sadwani_Mazari",229
"Muhammad_Sufyan_Muavia",229
"Muhammad_Tahir_Siddique",229
"Muhammad_Talha_Mahmood",229
"Muhammad_Usman_Badini",229
"Muhammad_Uzair_Jagirani",229
"Muhammad_Zakriya",229
"Muhammad_Zubair_Abbasi",229
"Mulana_Ain_u_Din_Shaker",229
"Mulana_Muhammad_Abdul_Majeed_Farooqe",229
"Musammir_Shah",229
"Mushtaq_Ahmad",229
"Niyaz_Ali",229
"Nizam_Din",229
"Nizam_Ud_Din_Lehri",229
"Nizamuddin",229
"Noor_Muhammad_Shah",229
"Obaid_Ullah",229
"Obaid_Ur_Rehman",229
"Pir_Muhammad_Aqal_Shah",229
"Pir_Syed_Alamzeb_Shah",229
"Qaiser_Khan",229
"Qari_Abdul_Aziz",229
"Qari_Attique_Ur_Rehman",229
"Qari_Khalil_Ur_Rehman",229
"Qari_Mohammad_Yousif",229
"Qari_Muhammad_Safdar_Javed",229
"Qari_Muhammad_Shair_Ali",229
"Raheem_Ullah",229
"Rashid_Ahmad_Khan",229
"Rashid_Mahmood_Soomro",229
"Rashid_Mehmood_Soomro",229
"Saad_Sultan",229
"Saeed_Ahmad_Awan",229
"Safeer_Alam",229
"Sahabzada_Hafiz_Aziz_Ur_Rehman_Darkhuwasti",229
"Saida_Jan",229
"Saif_Ullah_Saifi",229
"Saif_Ur_Rehman_Rashidi",229
"Saifullah_Khalid",229
"Salah_Ud_Din",229
"Salahuddin_",229
"Saleem_Ullah",229
"Sardar_Ibrar_Khan",229
"Shafqat_Rehman",229
"Shahzane_Khan",229
"Shamsuddin",229
"Shuja_Ul_Mulk",229
"Siraj_Ud_Din",229
"Sultan_Ahmad",229
"Syed_Abdul_Wadood_Azad",229
"Syed_Haroon_Sultan_Bukhari",229
"Syed_Muhammad_Athar",229
"Syed_Qasim_Shah",229
"Syed_Sami_Ullah",229
"Tanveer_Rasool_Qureshi",229
"Tariq_Sultan",229
"Tipu_Sultan",229
"Umer_Ali",229
"Zafarullah_Khan_Gichki",229
"Zahid_Akram_Durrani",229
"Zia_Ur_Rehman_Tamimi",229
"Muhammad_Latif",227
"Nasir_Mehmood",227
"Muhammad_Zahid",224
"Abd_Ur_Rasheed",224
"Abdul_Fatah_Pathan",224
"Abdul_Hameed_Alias_Arfan",224
"Abdul_Jamil_Khan",224
"Abdul_Kabeer",224
"Abdul_Razzaq_Khalil",224
"Abdul_Waheed_Akhtar",224
"Afifa_Athar",224
"Afrasiab_Khattak",224
"Ahktar_Hussain",224
"Ahmad_Jamil_Rashid",224
"Akbar_Ali_Khan",224
"Akhtar_Hussain_Qureshi",224
"Altaf_Ahmad_Khan",224
"Ameer_Ul_Azeem",224
"Amir_Mahmood_Cheema",224
"Amir_Siddiqui",224
"Anam_Hamza",224
"Anwar_Ul_Haq",224
"Asad_Ullah",224
"Asim_Muneer",224
"Aslam_Khan",224
"Atif_Imran",224
"Atta_Ullah_Hameed",224
"Azhar_Ul_Haq",224
"Babar_Rashid",224
"Bakht_Jehan_Khan",224
"Ch__Abid_Hussain",224
"Chaudhary_Abdul_Sattar",224
"Chaudhary_Asadullah",224
"Chaudhry_Irfan_Aslam",224
"Chaudry_Muhammad_Shoukat",224
"Chaudry_Zulfiqar_Advocate",224
"Dedar_Hussain_Behrani",224
"Dr_Atta_Ur_Rehman",224
"Engr_Muhammad_Sikandar_Asad",224
"Faiz_Miran",224
"Fazal_Ahmed",224
"Fazal_Subhan",224
"Fazal_Ur_Rehman_Niazi",224
"Ghanzanfar_Ali_Bajwa",224
"Ghazan_Iqbal",224
"Hafiz_Aqib_Ismail",224
"Hafiz_Muhammad_Arshad",224
"Hafiz_Nasrullah_Aziz",224
"Haji_Sami_Ullah",224
"Hameed_Ud_Din_Awan",224
"Hammad_Hasan_Lashari",224
"Hashmat_Khan",224
"Hizabullah_Jakhro",224
"Iftikhar_Ahmad_Shaikh",224
"Iftikhar_Nadeem",224
"Imdad_Khan",224
"Imran_Shafiq_Advocate",224
"Imtiaz_Ahmed",224
"Inayat_Ur_Rehman",224
"Iqbal_Khan",224
"Jahangir_Ahmad",224
"Jamal_d_Din",224
"Kamran_Aziz_Ghauri",224
"Kamran_Malik",224
"Kashif_Azam",224
"Khalid_Khan_Yousafzai",224
"Khalid_Mahmood_Mirza",224
"Mahmood_Urf_Mahmood_Illahi",224
"Mairaj_Ul_Huda_Siddiqui",224
"Malik_Abdul_Aziz",224
"Malik_Ghulam_Mohiuddin",224
"Malik_Mateeullah",224
"Malik_Muhammad_Naeem_Haider",224
"Mamtaz_Hussain",224
"Manzoor_Hussain",224
"Maulana_Abdul_Akbar_Chitrali",224
"Maulana_Mehboob_Janan",224
"Maulana_Muhammad_Ismail",224
"Mian_Mohammad_Aslam",224
"Mian_Muslim_Pervaiz",224
"Mir_Muhammad_Baldi",224
"Miraj_Ul_Huda_Siddiqui",224
"Mohtarma_Zaiba_Basharat",224
"Mudassar_Ahmad_Shah",224
"Mufti_Muhammad_Imtiaz_Marwat",224
"Muhammad_Ahmad_Raza",224
"Muhammad_Anwar_Khan",224
"Muhammad_Arif_Gujjar",224
"Muhammad_Arslan_Khan_Khakwani",224
"Muhammad_Ashique",224
"Muhammad_Asim_Khan",224
"Muhammad_Azeem_Tahir_Randhawa",224
"Muhammad_Babar_Khan",224
"Muhammad_Ejaz_Malik",224
"Muhammad_Faisal_Bin_Zair",224
"Muhammad_Hanif_Khan",224
"Muhammad_Ibrahim_Khan",224
"Muhammad_Irfan_Ullah",224
"Muhammad_Ishaq_Khan",224
"Muhammad_Islam",224
"Muhammad_Jabir",224
"Muhammad_Javed_Kasori",224
"Muhammad_Kashif_Chaudhry",224
"Muhammad_Kashif_Gujjar",224
"Muhammad_Musa",224
"Muhammad_Nasir_Nadeem_Gujjar",224
"Muhammad_Rehmat_Ullah_Watto",224
"Muhammad_Safdar_Iqbal",224
"Muhammad_Sami_Ul_Qazi",224
"Muhammad_Shabir_Khanzada",224
"Muhammad_Shahid_Abbas",224
"Muhammad_Sufyan_Abbasi",224
"Muhammad_Tahir_Malik",224
"Muhammad_Tariq_Javed",224
"Muhammad_Tauseef",224
"Muhammad_Umar_Farooq",224
"Muhammad_Usama_Razi_Khan",224
"Muhammad_Waris",224
"Muhammad_Yousaf_Khan",224
"Muhmmad_Mudabbar_Siddique",224
"Mumtaz_Hussain",224
"Munam_Zafar_Khan",224
"Munir_Ahmed_Anjum",224
"Mussawair_Shah",224
"Naeem_Ullah",224
"Naeem_Ur_Rehman_Khan",224
"Nageena",224
"Naheem_Ur_Rehman_Khan",224
"Naveed_Ali_Baig",224
"Noor_Ali",224
"Qamar_Zaman_Cheema",224
"Qari_Saeed_Ahmad",224
"Qasim_Mehmood",224
"Raja_Sajid_Sharif",224
"Rana_Abdul_Waheed",224
"Rana_Muhammad_Afzal",224
"Rana_Muhammad_Sikandar_Azam_Khan",224
"Rasheed_Ahmad",224
"Rashid_Farooq",224
"Rustam_Ali_Saqi",224
"Safia_Khanum",224
"Sahibzada_Haroon_u_Rasheed",224
"Saif_Ud_Din",224
"Sakeena",224
"Salman_Ahmed",224
"Samina_Saeed",224
"Sardar_Abdul_Razaq",224
"Sardar_Karam_Khan",224
"Shafiq_Ahmad_Rouf",224
"Shakeela",224
"Shamas_Ur_Rehman",224
"Sharaf_Ud_Din",224
"Sheikh_Muhammad_Afzaal_Shaheen",224
"Shiekh_Usman_Farooq",224
"Shiraz_Khan_Jadoon",224
"Shoukat_Ali_Bhatti",224
"Siraj_Ul_Haq",224
"Sufi_Khalique_Ahmad_Butt",224
"Sultan_Ahmed_Lashari",224
"Syed_Abdul_Rasheed",224
"Syed_Ahmad",224
"Syed_Arif_Shirazi",224
"Syed_Ghaffar",224
"Syed_Ihsan_Ullah_Waqas",224
"Syed_Tariq_Hussain_Shah_Sherazi",224
"Syed_Umer_Farooq",224
"Syed_Ziaullah_Shah_Bukhari",224
"Tahir_Majeed",224
"Tahir_Mehmood_Butt",224
"Talib_Jan",224
"Tariq_Mateen",224
"Tasheen",224
"Tasnim_Khurshid",224
"Tofiq_Ul_Din_Siddiqui",224
"Tohfa_Dastgir_Ahmad",224
"Umar_Farooq_Kanju",224
"Umar_Gul",224
"Zabeeh_Ullah_Balgan",224
"Zafar_Ali",224
"Zafar_Hussain_Khan",224
"Zaheer_Babar",224
"Zaheer_Ud_Din_Jatoi",224
"Zubair_Ahmed_Gondal",224
"Zubair_Khadim",224
"Zulifqar_Ali_Ahmad",224
"Naveed_Anjum_Khan",214
"Abrar_Hussain",212
"Abdul_Rehman_Shar",212
"Abrar_Ahmad",212
"Aftab_Ahmad_Joiya",212
"Alaf_Khan",212
"Allah_Bachaya",212
"Allah_Bakhsh",212
"Allah_Baksh",212
"Ameen",212
"Amjad_Naeem",212
"Anbreen_aka_Hena",212
"Asad_Jawad_Khan_Sherwani",212
"Ashique_Hussain",212
"Asif_Mahmood",212
"Asim_Irshad_Khan",212
"Atiq_Ur_Rehman",212
"Azhar_Hussain",212
"Azhar_Mehmood",212
"Bilal_Liaqat",212
"Chaudhary_Zulfiqar_Ali_Gujjar",212
"Chaudhry_Abdul_Kraim",212
"Chaudhry_Alhamza_Hussain_Cheema",212
"Chuadhary_Muhammad_Riaz",212
"Faisal_Bashir",212
"Faisal_Hasan_Khan",212
"Faqeer_Hussain_Dogar",212
"Farzand_Nasim",212
"Ghulam_Farid",212
"Ghulam_Meeran_Shah_Gilani",212
"Ghulam_Mohyu_Din",212
"Ghulam_Murtaza",212
"Ghulam_Rasool_Kalwar",212
"Ghulam_Sarwar_Khatti",212
"Ghulam_Yaseen",212
"Habib_Ul_Maalik_Khan",212
"Hafiz_Abid_Hussain",212
"Hafiz_Farrukh_Saleem",212
"Hafiz_Imran_Siddiq",212
"Hafiz_Khawar_Ikhlas",212
"Hafiz_Muhammad_Abubakar",212
"Hafiz_Muhammad_Ahmad_Bukhari",212
"Hafiz_Muhammad_Hamid",212
"Hafiz_Muhammad_Hamid_Mehmood_Kagani",212
"Hafiz_Muhammad_Saad_Rizvi",212
"Hafiz_Muneeb_Ahmad",212
"Hafiz_Sher_Muhammad_Sialvi",212
"Hafiz_Shoukat_Ali_Jatoi",212
"Haji_Allah_Dad",212
"Hamid_Mehmood_Faizi",212
"Ikram_Ullah",212
"Imran_Haider",212
"Imtiaz_Dogar",212
"Irfan_Ali_Bhatti",212
"Irshad_Ali_Babar",212
"Israr_Ahmed",212
"Javed_Akhtar_Abbasi",212
"Kashif_Ullah",212
"m_Habib",212
"Majid_Hussain",212
"Malik_Azhar_Ahmad_Sandila",212
"Malik_Kamran_Rasheed",212
"Manzoor_Elahi",212
"Matloob_Ahmad",212
"Mehtab_Ahmad",212
"Mir_Muhammad_Aslam",212
"Mohammad_Zaheer_u_Din_Pechuho",212
"Mohsin_Raza",212
"Mudassar_Ali",212
"Muhamamd_Mazhar_Mahmood",212
"Muhamamd_Waseem",212
"Muhammad_Ahmad_Majeed",212
"Muhammad_Ahsan",212
"Muhammad_Akbar",212
"Muhammad_Akhtar_Abbasi",212
"Muhammad_Akram",212
"Muhammad_Akram_Tahir",212
"Muhammad_Ali",212
"Muhammad_Ali_Langrial",212
"Muhammad_Amad_Khan_Wajid",212
"Muhammad_Amin_Uddin_Sialvi",212
"Muhammad_Amjad_Ali",212
"Muhammad_Amjad_Jameel",212
"Muhammad_Arif",212
"Muhammad_Asad_Iqbal",212
"Muhammad_Athar_Amin",212
"Muhammad_Farooq",212
"Muhammad_Farooq_Ul_Hassan",212
"Muhammad_Ghulam_Rasool",212
"Muhammad_Hussain_Babar",212
"Muhammad_Irfan_Qureshi",212
"Muhammad_Ismail_Hussaini",212
"Muhammad_Ismail_Shah",212
"Muhammad_Jahangeer",212
"Muhammad_Jawad_Saleem",212
"Muhammad_Kamran_Aulakh",212
"Muhammad_Khurram_Riaz",212
"Muhammad_Luqman",212
"Muhammad_Mehmood_Qadri",212
"Muhammad_Munir",212
"Muhammad_Mushtaq_Rehmani",212
"Muhammad_Noman_Khalid",212
"Muhammad_Qasim_Jakhro",212
"Muhammad_Rashid_Shah",212
"Muhammad_Raza_Khan",212
"Muhammad_Sajid",212
"Muhammad_Saleh",212
"Muhammad_Sarfraz",212
"Muhammad_Shafi_Khan",212
"Muhammad_Shafiq",212
"Muhammad_Shafiq_Ul_Hai",212
"Muhammad_Shahid_Iqbal",212
"Muhammad_Sharjil_Gopalani",212
"Muhammad_Sohail_Manzoor",212
"Muhammad_Taimoor_Khalid",212
"Muhammad_Tayyab",212
"Muhammad_Umer_Jan",212
"Muhammad_Wakeel",212
"Muhammad_Waseem",212
"Muhammad_Yaqub",212
"Muhammad_Yar_Mehboob_Khar",212
"Muhammad_Younis",212
"Muhammad_Zaheer_Mughal",212
"Munawar_Ali",212
"Nadeem_Zafar",212
"Najeeb_Ullah_Durrani",212
"Naseer_Ahmed",212
"Nasir_Ali",212
"Niamat_Ullah",212
"Pie_Muhammad_Ali_Sarhandi",212
"Qari_Ghulam_Akber",212
"Qazi_Tahir_Mahmood",212
"Raja_Saleem_Abid",212
"Raja_Sohail_Akhtar_Satti",212
"Rana_Muhammad_Rafique",212
"Rao_Atif_Ali_Khan",212
"Rao_Dilnawaz",212
"Ray_Munsif_Shabbir_Ahmad",212
"Rehmat_Ullah",212
"Sadam_Hussain",212
"Saeed_Ullah",212
"Saif_Ur_Rahman",212
"Sajjad_Akbar_Abbasi",212
"Sajjad_Hussain_Shah",212
"Saqib_Hussain",212
"Shabana_Kouser",212
"Shahbaz_Ahmed",212
"Shahid_Ullah",212
"Shahzada_Shahbaz",212
"Shehzad_Ullah_Chatha",212
"Shujaat_Ali",212
"Sohail_Anwar",212
"Syed_Asif_Ullah_Shah_Bukhari",212
"Syed_Atta_Ullah_Shah_Bukhari",212
"Syed_Iqbal_Hussain_Shah",212
"Syed_Ishrat_Jahania_Bukhari",212
"Syed_Jahanzaib_Bukhari",212
"Syed_Kashif_Ali_Shah",212
"Syed_Muhammad_Ali_Shah",212
"Syed_Muhammad_Atta_Ul_Hasnain_Ali",212
"Syed_Muhammad_Irfan_Shah",212
"Syed_Muhammad_Sarwar_Shah",212
"Syed_Munir_Hussain",212
"Syed_Shahid_Zahoor_Gillani",212
"Syed_Shamin_Raza",212
"Syed_Zaheer_Ul_Hassan_Shah",212
"Syed_Zaman_Ali_Jafri",212
"Tahir_Riaz",212
"Tahir_Uddin_Shah",212
"Tariq_Maqsood",212
"Ubedullah_Jamro",212
"Wahid_Bakhsh",212
"Waseem_Nisar",212
"Waseem_Zafar",212
"Wazir_Ahmed_Noorani",212
"Zahid_Hameed_Gujjar",212
"Zahir_Shah",212
"Zameer_Hussain",212
"Zamurd_Abbas_Khan",212
"Muhammad_Jameel",208
"Ashiq_Ali",208
"Majid_Khan",205
"Muhammad_Saleem_Khan",205
"Ghulam_Mustafa",202
"Hizbullah",183
"Muhammad_Asghar",173
"Imran_Ali",169
"Abdul_Rasheed",167
"Babar_Ali",161
"Abdul_Akbar_Chitrali",161
"Abdul_Jameel_Khan",161
"Abdul_Majeed_Pathan_Advocate",161
"Abdul_Mateen_Akhondzada",161
"Abdul_Mustaan",161
"Akhtar_Mohammad",161
"Anwar_Ul_Haq_Butt",161
"Arshad_Mahmood_Baggu",161
"Asadullah_Bhutto",161
"Atta_Muhammad_Jafri",161
"Atta_Ur_Rahman",161
"Bakhtiar_Maani",161
"Basheer_Ahmed_Mandai",161
"Ch__Ansar_Mahmood",161
"Ch_Manzoor_Hussain",161
"Ch_Zahid_Imran_Korotana",161
"Chaudhary_Bashir_Ahmed",161
"Chaudhery_Asghar_Ali_Gujjar",161
"Chaudhry_Ihsan_Ali",161
"Chaudhry_Sajid_Ali_Chadhar",161
"Choudhry_Abdul_Rehman_Ranga",161
"Choudhry_Muhammad_Anwar",161
"Doctor_Muhammad_Anwar_Shah",161
"Dr__Abdul_Rehman_Ranjha",161
"Dr_Mairaj_Ul_Huda_Siddiqui",161
"Dr_Muhammad_Abdullah",161
"Dr_Muhammad_Arshad_Shahid",161
"Dr_muhammad_Ashraf",161
"Dr_Muhammad_Ubaid_Ullah_Gohar",161
"Engineer_Muhammad_Azeem_Randhawa",161
"Farid_Ahmed_Piracha",161
"Farooq_Ahmad_Chatha",161
"Fazale_Subhan",161
"Gul_Nawaz_Khan",161
"Gulab_Baloch",161
"Habib_Ullah_Cheema",161
"Habib_Ur_Rehman_Abbasi",161
"Hafiz_Khalid_Rauf",161
"Hafiz_Muhammad_Tahir_Aslam",161
"Hafiz_Nasrullah",161
"Hafiz_Salman_Butt",161
"Hafiz_Zubair_Ahmad",161
"Haji_Abdul_Aziz",161
"Haji_Muhammad_Irshad_Mund",161
"Haji_Muhammad_Khalid",161
"Haji_Muhammad_Ramzan",161
"Hameed_u_Deen_Awan",161
"Haroon_Ur_Rasheed_Nizami_Advocate",161
"Hikmat_Khan",161
"Hizbullah_Jhakro",161
"Israr_Ahmed_Sheikh",161
"Israr_Ullah",161
"Jaffer_Ali_Nizamani",161
"Khalid_Mahmood_Virk",161
"Khalid_Mehmood_Mirza",161
"Khawaja_Muhammad_Waqar_Khan",161
"Khuda_Dino",161
"Maehrullah_Khan",161
"Major_r_Muhammad_Ghulam_Sarwar",161
"Major_Retired_Haq_Daad_Ali_Khan",161
"Maulana_Abdul_Malik",161
"Mehrab_Ali",161
"Mian_Asad_Ullah",161
"Mian_Muhammad_Ibhrahim",161
"Mian_Muhammad_Younis",161
"Mian_Mukhtar_Ahmad",161
"Mian_Saleem_Akbar",161
"Mohammad_Awais_Ghumman",161
"Mohammad_Laeeque_Khan",161
"Mohammad_Tariq_Javed_Dar",161
"Mr_Niamatullah_Khan",161
"Muhammad_Arshad_Khan",161
"Muhammad_Farooq_Sheikh",161
"Muhammad_Hanif_Chaudhary",161
"Muhammad_Haq_Nawaz_Khan_Durani",161
"Muhammad_Husain_Mehenti",161
"Muhammad_Ibraheem",161
"Muhammad_Iqbal_Khalil",161
"Muhammad_Irshad_Anwar",161
"Muhammad_Mashal_Khan",161
"Muhammad_Rafique_Nizami_Advocate",161
"Muhammad_Rasool",161
"Muhammad_Sadiq_Malik",161
"Muhammad_Saeed_Khan",161
"Muhammad_Tasleem_Iqbal",161
"Muhammad_Younis_Khattak",161
"Mumtaz_Hussain_Sahto",161
"Naseer_Ahmad",161
"Naveed_Zafar_Shah",161
"Professor_Muhammad_Ibrahim_Khan",161
"Qari_Muhammad_Asif_Gujjar",161
"Rai_Muhammad_Akram_Khan",161
"Raj_Muhammad",161
"Raja_Muhammad_Jawwad",161
"Raja_Muhammad_Nawaz_Kayani",161
"Rana_Javed_Iqbal",161
"Rana_Muhammad_Adnan_Khan",161
"Rana_Zahid_Farooq",161
"Rashid_Nasim",161
"Raza_Ahmed_Shah",161
"Riaz_Ahmad_Bhulla_Advocate",161
"Riaz_Ali_Kazmi",161
"Rizwan_Ahmed",161
"Sabir_Hussain_Awan",161
"Sahib_Zada_Haroon_Ur_Raheed",161
"Sami_Ullah_Jan",161
"Sardar_Riaz_Ahmad_Khan",161
"Sardar_Zafar_Hussain_Khan",161
"Sarfraz_Ahmad_Khan",161
"Shahib_Zada_Muhammad_Yaqub",161
"Sheikh_Muhammad_Mushtaq",161
"Shoukat_Ali_Shaikh",161
"Solat_Majeed_Satti_Advocate",161
"Sultan_Muhammad",161
"Syed_Attaullah_Shah",161
"Syed_Mehr_Hassan_Gillani",161
"Syed_Mohammad_Faheem",161
"Syed_Muhammad_Bilal",161
"Tahir_Siraj",161
"Taj_Muhammad_Khan",161
"Tariq_Javeed_Janjua",161
"Tashkeel_Ahmed_Siddiqui",161
"Taufeequddin_Siddiqui",161
"Uzair_Latif",161
"Waheed_Akhtar",161
"Waleed_Nasir_Choudhary",161
"Yahya_Bakhtiar",161
"Zafar_Jamal_Khan_Advocate",161
"Zahid_Mohibullah_Khan_Advocate",161
"Zahid_Saeed",161
"Zahoor_Ahmad_Watto",161
"Zar_Noor_Afridi",161
"Zubair_Ahmad_Gondal",161
"Zubair_Farooq_Khan",161
"Muhammad_Imran",160
"Shah_Nawaz",155
"Muhammad_Irfan",154
"Abdul_Matin_Khan",148
"Abdul_Rasheed_Nasir",148
"Abdul_Rehman_Khan_Yousufzai",148
"Abdur_Rauf",148
"Ahmad_Ali",148
"Ahmad_Khan",148
"Ahmadullah",148
"Ahmed_Zaman",148
"Aimal_Wali_Khan",148
"Alhaj_Ghulam_Ahmad_Bilour",148
"Aman_Masood",148
"Ameer_Haider_Azam_Khan",148
"Amir_Haider_Khan",148
"Amir_Nawab",148
"Anwar_Zaib",148
"Arbab_Inam_Ullah_Khan",148
"Arbab_Mohammad_Ayub_Jan",148
"Arbab_Muhammad_Zahir_Khan",148
"Arbab_Najeeb_Ullah_Khan",148
"Arbab_Najeeb_Ullah_Khan_Khalil",148
"Arshad_Mansoor_Shah",148
"Arshad_Sohail",148
"Asfandiyar_Wali_Khan",148
"Asfandyar_Wali_Khan",148
"Asghar_Khan",148
"Ashraf_Ullah",148
"Asif_Ali",148
"Bahadar_Khan",148
"Bashir_Khan_Umerzai",148
"Bismillah_Jan",148
"Bismillah_Jan_Luni",148
"Ch__Ghulam_Mustafa",148
"Dost_Muhammad",148
"Doulat_Ali",148
"Dr_Sherbaz_Khan",148
"Engineer_Noor_Ahmed_Khan",148
"Faisal_Imran_Khan_Niazi",148
"Farid_Ullah_Dumar",148
"Gul_Afzal",148
"Habib_Ullah_Khan",148
"Hafiz_Zardullah_Khan_Hassan_Zai_",148
"Haji_Ghulam_Ahmad_Bilour",148
"Haji_Naseem-Ur-Rehman",148
"Haji_Nizamuddin_Kakar",148
"Haji_Rehmanullah",148
"Hameed_Ullah",148
"Hamid_Khan_Toofan",148
"Hamidullah_Khan",148
"Inayat_Khan",148
"Iqbal_Zaib_Khan",148
"Irfan_Ali",148
"Irshad_Khan",148
"Jumma_Khan_Babar",148
"Kabir_Ahmed_Sher",148
"Khadija_Bibi",148
"Khan_Parvez",148
"Khan_Zeb",148
"Khudai_Dad",148
"Khursheed_Begum_Saeed",148
"Khurshid",148
"m_Shafi",148
"Maj_r__Mahr_Muhammad_Ramzan",148
"Malik_Dad_Muhammad_Tareen",148
"Malik_Darya_Khan",148
"Malik_Muhammad_Usman_Achakzai_",148
"Mamoon_Khan_Kakar",148
"Masood_Abbas",148
"Masood_Abbas_Khattak",148
"Mian_Babar_Shah_Kaka_Khel",148
"Mohammad_Ayub_Khan_Advocate",148
"Mohammad_Farooq_Khan",148
"Muhammad_Ayaz_Khan",148
"Muhammad_Ayub_Khan",148
"Muhammad_Azam_Khan",148
"Muhammad_Daud_Khan_Khattak",148
"Muhammad_Farooq_Bangsh",148
"Muhammad_Farooq_Khan",148
"Muhammad_Fayaz_Khan",148
"Muhammad_Hashim_Babar",148
"Muhammad_Kamal",148
"Muhammad_Khan_Afridi",148
"Muhammad_Riaz_Khan",148
"Muhammad_Sajid_Taheem_Advocate",148
"Muhammad_Sharif_Khattak",148
"Muhammad_Taimoor_Khan",148
"Muhammad_Younus_Khan",148
"Muhammad_Zahid_Khan",148
"Muhibullah_Kakar",148
"Munir_Shah",148
"Muzafer_Ul_Mulk",148
"Muzaffar-Ul-Mulk",148
"Naik_Muhammad_Kakar",148
"Naimat_Khalil",148
"Nawabzada_Khawaja_Muhammad_Khan_Hoti_Alias_Toti_Khan",148
"Nawabzada_Mohamamd_Amin_Khan_Jogezai",148
"Nawaz_Ali_Burfat",148
"Nisar_Ahmed",148
"Noor_Ahmed",148
"Noor_Aslam",148
"Owais_Khan",148
"Perviz_Khan_Advocate",148
"Qalandar_Bux",148
"Rahmat_Shah_Sael",148
"Rana_Mushtaq_Ahmad",148
"Sadeed_Ur_Rehman",148
"Sadid_Ur_Rahman",148
"Sajid_Mahmood",148
"Saqib_Ullah_Khan",148
"Sarfaraz_Khan_Jadoon",148
"Shah_Hussain",148
"Shah_Mohammad",148
"Shahi_Khan",148
"Shahi_Khan_Sherani",148
"Shahnawaz_Khanzada",148
"Shahzia_Batul",148
"Shazia_Bibi",148
"Sheheryar_Khan",148
"Sher_Nawaz_Khattak",148
"Sherullah_Khan",148
"Sultan_Khan_Mandokhail",148
"Sultan_Khan_Mandokhel",148
"Syed_Abdul_Qayyum",148
"Syed_Basharat_Hussain",148
"Syed_Haider_Ali_Shah",148
"Syed_Haroon_Shah",148
"Syed_Karam_Darwesh",148
"Syed_Masood_Shah",148
"Syed_Muhammad_Afzal",148
"Syed_Muhammad_Hanif",148
"Syed_Muzafar_Ali_Shah_Jan",148
"Tariq_Hameed_Khattak",148
"Umar_Hayat",148
"Umar_Khan",148
"Waris_Khan",148
"Zain_Umar_Arbab",148
"Zarbali_Syed",148
"Aasim_Nisar",144
"Abdul_Azeem",144
"Abdul_Azeem_Khan",144
"Abdul_Aziz_Aziz",144
"Abdul_Mateen",144
"Abdul_Nisar",144
"Abdul_Raheem",144
"Abdul_Rahim",144
"Abdul_Rehman_Muslim",144
"Abdul_Waheed_Abid",144
"Abu_Zar",144
"Adil_Hussain",144
"Ahmad_Bakhsh",144
"Ahmad_Sher",144
"Aisha",144
"Akhtari_Bibi",144
"Amir_Zeb",144
"Amjad_Islam_Amjad",144
"Ansar_Javed_Tarar",144
"Arshad_Nawab",144
"Asad_Munawar",144
"Asmat_Bibi",144
"Azmat_Ali_Kiyani",144
"Babar_Ijaz_Virk",144
"Balquees_Begum",144
"Basmeeda",144
"Chaudhry_Zulfiqar_Ali_Aulakh",144
"Choudhary_Muhammad_Yaqoob_Chahal",144
"Danish_Anam",144
"Faisal_Ahmad_Cheema",144
"Faisal_Nadeem_Shaikh",144
"Fazal_Rahim",144
"Fiaz_Ahmad",144
"Ghulam_Ali_Shakar_Toor",144
"Hafeez_Ullah_Rehman",144
"Hafiz_Ameer_Hamza",144
"Hafiz_Muhammad_Masood",144
"Hafiz_Muhammad_Rizwan",144
"Hafiz_Safi_Ur_Rehman",144
"Hafiz_Talha_Saeed",144
"Haq_Nawaz",144
"Imran_Liaquat",144
"Jahanzaib_Zahid",144
"Jamil_Badshah",144
"Kashif_Altaf",144
"Khalid_Mahmood_Cheema",144
"Khalid_Masood_Sandhu",144
"Mahar_Muhammad_Mujahid",144
"Maqbool_Bibi",144
"Mehak_Rafiq",144
"Mehdi_Ishaq",144
"Mir_Hazoor_Bakhsh",144
"Mudassir_Yaqoob",144
"Muhamamd_Ehsan",144
"Muhamamd_Saif_Ullah_Saif",144
"Muhamamd_Shahid_Siddique",144
"Muhammad_Abid",144
"Muhammad_Ajmal_Khan",144
"Muhammad_Akmal_Javed",144
"Muhammad_Ameen",144
"Muhammad_Arshad_Bhatti",144
"Muhammad_Ashfaq",144
"Muhammad_Bilal_Haider",144
"Muhammad_Ghalib",144
"Muhammad_Haroon_Rafiq",144
"Muhammad_Hussain_Amir",144
"Muhammad_Ijaz_Malik",144
"Muhammad_Irfan_Ashraf",144
"Muhammad_Mansha",144
"Muhammad_Munawar",144
"Muhammad_Nadeem_Tabasum",144
"Muhammad_Rizwan_Sarwar",144
"Muhammad_Sajjad",144
"Muhammad_Shafiq_Ur_Rahman",144
"Muhammad_Shamshad",144
"Muhammad_Shoaib",144
"Muhammad_Shoaib_Ahmad",144
"Muhammad_Siraj",144
"Muhammad_Usaman",144
"Muhammad_Zafar_Iqbal",144
"Muzamil_Iqbal_Hashmi",144
"Nabi_Ahmad_Virk",144
"Nighat_Fardoos",144
"Noreen_Kamran",144
"Qaisar_Haroon_Toor",144
"Qaisar_Mustafa_Jajja",144
"Qaisar_Sardar",144
"Qaiser_Mustafa_Jajja",144
"Qasim_Ali_Khan",144
"Rahila_Khanum",144
"Rana_Abu_Khubaib_Rehman_Khan",144
"Rana_Shahid_Iqbal_Chachar",144
"Rana_Tariq_Jamal",144
"Rashid_Mahmood",144
"Raza_Ullah_Khan",144
"Ruqia_Bibi",144
"s_m_Yousuf_Ali_Bhatti",144
"Saeed_Ahmed_Khalid",144
"Saeeda_Zafar",144
"Sajid_Bashir",144
"Sajid_Iqbal",144
"Sajjad_Ahmed_Khan",144
"Salma_Bibi",144
"Sardar_Abdul_Sattar_Khan",144
"Shaban_Akhtar",144
"Shahbaz",144
"Shahbaz_Hussain_Sidhu",144
"Shakeela_Yasmeen",144
"Sohail_Qaiser",144
"Syed_Rabab_Haider",144
"Tahir_Javed_Khan",144
"Taj_Mehal",144
"Taj_Mehmood",144
"Tasneem_Gul",144
"Waqar_Murtaza",144
"Wasim_Shaukat",144
"Yasira_Bibi",144
"Yawar_Aftab",144
"Zain_Ullah",144
"Abdul_Khaliq_Rehmani",121
"Imdad_Ali",121
"Abdul_Majeed",120
"Abdul_Ghafoor",114
"Muhammad_Owais_Siddiqui",112
"Muhammad_Qasim",109
"Abdul_Aziz_Baloch",108
"Abdul_Aziz_Khan_Khilji_Advocate",108
"Abdul_Moeen_Qureshi",108
"Abdullah_Shaikh",108
"Allama_Doctor_Muhammad_Anees_Rohani",108
"Anwar_Ul_Habib",108
"Aslam_Katchela",108
"Attaullah_Khoso",108
"Aziz_Ud_Din",108
"Doctor_Muhammad_Khalid_Raza_Pir_Zakori_Sharif",108
"Dr__Abdul_Rehman_Shakir",108
"Dr__Abid_Rauf_Orakzai",108
"Ehsan_Bari_Mian_Doctor_Sahib",108
"Ghulam_Kibriya_Rizwan__G_k__Rizwan_Advocate_",108
"Hafiz_Abdul_Razaq_Parhyar",108
"Hafiz_Muhammad_Ejaz-Ul-Haq_Ch_",108
"Hafiz_Muhammad_Hanif_Zafar__Advocate_",108
"Hafiz_Muhammad_Ibrahim_Soomro",108
"Hafiz_Muhammad_Idrees",108
"Hafiz_Muhammad_Nadeem",108
"Hafiz_Saeed_Ahmad",108
"Hafiz_Sana_Ullah",108
"Haji_Abdul_Jalil_Jan",108
"Haji_Rozuddin",108
"Hidayat-Ur-Rehman",108
"Ibrahim_Rais_Advocate",108
"Iftikhar_Ahmed_Haqani",108
"Iftikhar_Ahmed_Haqqani",108
"Imdad_Hussain_Pitafi",108
"Kari_Abdul_Rasheed_Awan__Retired_",108
"Khawja_Ghulam_Nizam_Ud_Din",108
"Malik_Faiz_Muhammad_Adovocate",108
"Manzoor_Ahmed_Soomro",108
"Maulana_Atta-Ul-Haq",108
"Maulana_Malik_Muhammad_Khan_Sherani",108
"Maulana_Mohammad_Qasim",108
"Maulana_Nisar_Khan",108
"Maulana_Rehmat_Ullah",108
"Maulana_Sadiq_Ahmad",108
"Maulana_Zahoor_Ahmad_Ranjha",108
"Mir_Wali",108
"Mohammad_Hafizur_Rehman",108
"Molana_Abdul_Ghafoor_Hyderi_",108
"Molana_Abdul_Ghafoor_Qasimi",108
"Molana_Abdul_Hai",108
"Molana_Fazal_Azim",108
"Molana_Shujah-Ul-Mulk",108
"Molvi_Agha_Muhammad",108
"Molvi_Attaullah",108
"Molvi_Faizullah",108
"Molvi_Fateh_Mohammad_Maheri",108
"Molvi_Karimdad",108
"Molvi_Muhammad_Idrees_Soomro",108
"Molvi_Muhammad_Jehangir_Khan",108
"Molvi_Qamar-Ud-Din",108
"Moulana_Abdul_Karim_Abid",108
"Moulana_Abdul_Razaque_Abid_Lakho_",108
"Moulana_Abdul_Samad_Shahwani___r_",108
"Moulana_Muhammad_Zahid_Anwar",108
"Moulana_Siddique_Mughari",108
"Moulanataj_Muhammad_Nahiyon",108
"Mr__Mufti_Wali_Muhammad",108
"Mufti_Abdul_Nabi_Langah",108
"Mufti_Ahtisham-Ul-Haq_Asia_Abadi",108
"Mufti_Ajmal_Khan",108
"Mufti_Ali_Hassan_Buriro_",108
"Mufti_Fazal-Ur-Rehman_Nasir_",108
"Mufti_Hafiz_Muhammad_Usman",108
"Mufti_Muhammad_Hanif_Khoso",108
"Mufti_Muhammad_Sajjad",108
"Mufti_Muhammad_Younas",108
"Muhammad_Akram_Abbasi",108
"Muhammad_Faiz-Ur-Rehman",108
"Muhammad_Idrees_Haqani",108
"Muhammad_Ilyas_Siddique_Advocate",108
"Muhammad_Rab_Nawaz",108
"Muhammad_Ramzan_Phulpoto",108
"Muhammad_Riaz_Noori",108
"Muhammad_Siddique_Rathor",108
"Muhammad_Zubair_Kayani",108
"Prof__Abdul_Rehman_Ludhanvi",108
"Professor_Raja_Aurangzeb_Khan",108
"Qari_Muhammad_Usman",108
"Qari_Muhammad_Yousaf",108
"Qari_Muhammad_Zawar_Bahadur",108
"Qari_Muhammad_Zawar_Bahadur__Retired_",108
"Qari_Syed_Abdul_Rahim_Shah",108
"Qazi_Fazal_Ullah",108
"Qazi_Hameed_Ullah_Khan",108
"Raja_Ishtiaq_Ahmed",108
"Rauy_Bashir_Ahmad",108
"Rehmatullah_Tunsuwani",108
"Sahibzada_Abul_Khair_Muhammad_Zubair",108
"Sahibzada_Khalid_Jan",108
"Said_Mukhtar_Ahmed",108
"Saleemullah_Khan_Tarak",108
"Saqib_Rehman_",108
"Shabbir_Abu_Talib",108
"Sibghatullah_Chuadhry",108
"Syed_Abdul_Salam_Hassan_Raza_Naqvi",108
"Syed_Muhammad_Ayoub_",108
"Sana_Ullah",103
"Muhammad_Tahir_Makhdoom",90
"Deedar_Ali",86
"Abdul_Hai_Sheikh_Qari_Sahab",86
"Abdul_Hakam",86
"Abdul_Hanan",86
"Amanullah_Usmani",86
"Anus_Bin_Malik",86
"Asghar_Ali_Abbasi",86
"Atta_Ullah",86
"Bashir_Ahmad",86
"Bilal_Ahmed",86
"Chand_Faisal",86
"Faridullah",86
"Fiaz_Ur_Rehman_Siddiqui",86
"Gul_Wazir_Shaheen",86
"Habibullah_Mukhtiar",86
"Hafeezullah_Chandio",86
"Hafiz_Asim_Makdoom",86
"Hafiz_Manzoor_Ahmed_Solangi",86
"Hafiz_Mohammad_Akber",86
"Hafiz_Muhammad_Hanif_Usmani",86
"Hafiz_Muhammad_Safdar_Qasmi",86
"Hafiz_Orangzaib",86
"Hafiz_Qudratullah_Arif_Khan",86
"Hafiz_Rana_Muhammad_Usman_Shakar",86
"Hakeem_Jameel_Asghar_Khizri",86
"Hakeem_Muhammad_Sadique",86
"Ishtiaq_Ahmad",86
"Khalifa_Abdul_Qayyum",86
"Khwaja_Muhammad",86
"Mahar_Ghulam_Shabir",86
"Maulana_Rasheed_Ahmad",86
"Maulana_Umar_Farooq_Saddiqui",86
"Mohammad_Ramzan_Malik_Mdm",86
"Mohammad_Tayyab",86
"Molana_Abdul_Waheed",86
"Molana_Hamid_Ul_Haq_Haqqani",86
"Molana_Hidayat_Ullah_Khan_Chishti",86
"Molana_Iftikhar_Ahmed",86
"Molana_Muhammad_Ahmad_Ludhianvi",86
"Molana_Muhammad_Bilal_Umer",86
"Molana_Taj_Muhammad_Hanfi",86
"Mollana_Abdul_Kabeer_Shahkir",86
"Molvi_Abdul_Hai",86
"Mr_ayoub_Chandio",86
"Muhammad_Arfan_Siddiquei_Advocate",86
"Muhammad_Ashiq_Khan",86
"Muhammad_Aslam_Siddiqui",86
"Muhammad_Basir_Sikhan_Advocate",86
"Muhammad_Hayat_Muhammad_Hassani",86
"Muhammad_Ibrahim_Qasmi",86
"Muhammad_Iqbal_Jutt",86
"Muhammad_Muhsan_Rahmani",86
"Muhammad_Naseem_Khan",86
"Muhammad_Sarwar",86
"Mulana_Muhammad_Asif_Moavia_Sial",86
"Qari_Abdul_Majeed",86
"Qari_Abdul_Majeed_Pitafi",86
"Qari_Asghar_Ali",86
"Qari_Faqir_Mohammad_Hazarvi",86
"Qari_Hussain_Ahmad_Shad",86
"Qazi_Naeem_Akhtar",86
"Qazi_Saif_Ullah_Khan",86
"Qudratullah_Rajput",86
"Raheem_Bukhsh",86
"Rana_Hafiz_Abdul_Jabbar_Muavia",86
"Rao_Habib_Ur_Rehman",86
"Rao_Muhammad_Javaid_Iqbal",86
"Rehan_Mehmood_Zia",86
"Syed_Bahroon_Shah",86
"Syed_Faisal_Hussain_Shah_Gillani",86
"Syed_Muhammad_Subtain_Shah_Naqvi",86
"Tahir_Aqeel",86
"Zaheer_Uddin_Baber",86
"Zar_Wali_Khan",86
"Jehangir_Khan",86
"Abdul_Malik",79
"Abdul_Jabbar",76
"Akhtar_Nawaz_Faisal_Daryana",75
"Amoon_Pasha",75
"Arshad_Ali",75
"Asghar_Abbas",75
"Ashar_Jahangir",75
"Ch__Muhamamd_Ilyas",75
"Ch_Ghulam_Dastageer",75
"Chaudhary_Tanveer_Ahmed_Advocate",75
"Choudhry_Gulzar_Hussain_Gohar_Advocate",75
"Dilshad_Rind",75
"Farid_Ullah_Bazai",75
"Ghulam_Qadir_Bajwa",75
"Haji_Rashid_Ahmed_Khan_Rana",75
"Iftikhar_Ud_Din",75
"Israr_Ahmad_Chishti_Advocate",75
"Jawaid_Ahmed_Khan",75
"Khalid_Ibrar",75
"Makhdeem_Syed_Zahid_Hussain",75
"Makhodzada_Syed_Hasan_Raza_Gillini",75
"Malik_Azhar_Mehmood",75
"Malik_Fakhar_Iqbal_Wattoo",75
"Malik_Hamid_Mehmood",75
"Malik_Muhammad_Iqbal_Jora",75
"Malik_Muhammad_Siddique_Advocate",75
"Malik_Nisar_Ahmad_Thind",75
"Malik_Shamriz_Awan",75
"Malik_Zia_Ul_Haque_Tiwana",75
"Mashood_Ahsan_Gill",75
"Mian_Nadeem_Ahmed_Saleemi",75
"Mirza_Bilal_Baig",75
"Mohammad_Sharif_Rind",75
"Muhammad_Asim_Ishtiaq",75
"Muhammad_Ghufran_Rajput",75
"Muhammad_Khaliq_Siddique",75
"Muhammad_Naseer",75
"Muhammad_Nisar_Butt",75
"Muhammad_Sharif_Noori",75
"Muhammad_Zeb",75
"Mushtaq_Ahmed_Khan_Mughal",75
"Nadir_Khan",75
"Nasar_Ullah_Khan_Jarral",75
"Paras_Shah",75
"Qaiser_Nawaz_Khan_Babar",75
"Qasim_Ali",75
"Raja_Amir_Rasheed",75
"Rana_Arshad_Saeed_Khan",75
"Riaz_Ahmad",75
"Riaz_Hussain_Sewag",75
"Sahibzada_Ahmed_Raza_Khan_Qasoori",75
"Saira_Goga_Daughter_of_Goga_Pehalwan",75
"Saqlain_Abbas_Bangash",75
"Saradar_Sikandar_Hayat_Khan_Goopang",75
"Sardar_Ghulam_Mustafa",75
"Sarmir_Khan",75
"Shafiur_Rahman",75
"Shaheen_Munawer",75
"Shoaib_Khaskhali",75
"Syed_Adnan_Haider_Jafri",75
"Syed_Ali_Abbas_Kazmi",75
"Syed_Imran_Sultan",75
"Syed_Marghoob_Hussain_Abdi",75
"Syed_Naveed_Ali_Shah",75
"Syed_Sajjad_Hussain_Shah_Kazmi",75
"Syed_Zakir_Shah",75
"Tayyaba_Zameer",75
"Waheed_Depal",75
"Waseem_Akhter_Raja",75
"Yar_Badshah",75
"Muhammad_Azhar",72
"Naqeeb_Ullah",72
"Abdul_Razzaque",71
"Aziz_Ullah",67
"Abdul_Nabi",66
"Abdul_Nasir",66
"Abdul_Qadir_Luni",66
"Abdul_Sadiq",66
"Abdul_Wahid",66
"Abul_Khair_Muhammad_Zubair",66
"Ameer_Ullah",66
"Arman_Ahmed",66
"Azizullah_Satakzai",66
"Faaiz_Mehmood",66
"Faiz_Ul_Hassan",66
"Fazal_Muhammad_Kakar",66
"Ghous_Baksh_Fareed",66
"Gul_Naseeb_Khan",66
"Hafiz_Ahmed_Ali",66
"Hafiz_Muhammad_Muzaffar",66
"Haji_Naseem_Shah",66
"Ishfaq_Ahmad",66
"Islam_Noor",66
"Khalil_Ahmad",66
"m_Ajmal_Qadri",66
"m_Esa",66
"m_Iqbal",66
"Mahmood_Ahmed_Qadri",66
"Malik_Amjad_Kakar",66
"Mher_Ullah",66
"Mohammad_Ismail_Buledi",66
"Moheb_Ullah",66
"Mufti_Syed_Zain_Ul_Abidin",66
"Muhammad_Bashir_Yousaf",66
"Muhammad_Dawood",66
"Muhammad_Ishtiaq_Khan_Jadoon",66
"Muhammad_Jan",66
"Muhammad_Khalid_Shakir",66
"Muhammad_Maroof",66
"Muhammad_Rizwan_Sheikh",66
"Muhammad_Sadiq_Serani",66
"Noor_Ahmad_Sial",66
"Rao_Azmat_Ullah",66
"Shafi_Ud_Din",66
"Shafi_Ullah",66
"Shaheen_Iqbal",66
"Shuja_Al_Malik",66
"Zubair_Ahmad",66
"Abdul_Ali",58
"Abdul_Qayyum_Bajwa",58
"Adeel_Ahmad",58
"Aman_Ullah_Khan",58
"Amir_Hamza_Dogar_Advocate",58
"Amir_Muhammad",58
"Amjid_Pervaiz",58
"Aqeel_Shahzad",58
"Asif_Iqbal",58
"Ch_Tanveer_Ahmad_Kambo",58
"Doctor_Abdul_Rashid",58
"Doctor_Nasir_Razzaq",58
"Dr__Rafique_Ahmed_Ghuncha",58
"Ghulam_Abbass",58
"Iftikhar_Ali",58
"Kamal_Azfar",58
"Khizar_Hayat",58
"Maki_Muhammad",58
"Malik_Gul_Zali_Khan_Zakheli",58
"Malik_Nazar_Fareed_Khokhar",58
"Malik_Zafar_Iqbal_Rajput_Panwar",58
"Mian_Abdul_Waheed",58
"Moin_Ud_Din",58
"Mr_mumtaz_Ali",58
"Muhammad_Abu_Bakar_Watto",58
"Muhammad_Ahmad_Chaudhary",58
"Muhammad_Arshad_Taqi",58
"Muhammad_Irfan_Ud_Din",58
"Muhammad_Muzzammil",58
"Muhammad_Nawaz_Cheema",58
"Muhammad_Rafique_Advocate",58
"Muhammad_Sharif",58
"Naseer_Ahmed_Chandio",58
"Nek_Daraz_Khan",58
"Peer_Abdul_Shakoor_Naqsh_Bandi",58
"Qazi_Aslam_Khan",58
"Rahimullah_Khan",58
"Raja_Izat_Ali",58
"Rana_Muhammad_Saeed_Khan",58
"Rana_Muhammad_Sharif",58
"Rao_Muhammad_Akbar_Khan_Mayyo",58
"Rao_Wajid_Ali_Khan",58
"Saghir_Hussain",58
"Sahahbaz_Yasir_Ali",58
"Shamim_Khan",58
"Waheed_Ahmad_Khan",58
"Zaheer_Ahmad_Zia_Warraich",58
"Zahid_Sadique_Ansari",58
"Zaib_Ali",58
"Malik_Matloob_Ali_Awan",57
"Syed_Ali_Hussain",51
"Mehmood_Khan_Achakzai",49
"Muhammad_Ashraf",49
"Aamir_Rasheed",47
"Afzal_Ahmad_Gondal",47
"Ali_Akbar_Kalhoro",47
"Ali_Nawaz_Qasmi",47
"Allama_Mujhahid_Abdul_Rasool_Khan",47
"Allama_Shabbir_Ahmed_Chasti_Nazimi_Off_Sakka",47
"Arshad_Mehmood",47
"Awal_Jan_Mazari",47
"Basharat_Ali_Gujjar",47
"Hafiz_Gul_Sher",47
"Hafiz_Malik_Muhammad_Bashir",47
"Hafiz_Raja_Muhammad_Sana_Ul_Haq",47
"Imtiaz",47
"Jahangir_Qadri",47
"Jhangir_Qadri",47
"Mahboob_Ali_Sahto",47
"Malik_Muhammad_Iqbal_Khokhar",47
"Matloob_Awan",47
"Mian_Ghulam_Shabir_Qadri",47
"Mohammad_Kashif",47
"Mohammad_Younis_Ansari",47
"Mollana_Mohammad_Illyas_Gabool",47
"Muhammad_Afzal_Qadri",47
"Muhammad_Ajmal_Umar",47
"Muhammad_Arif_Mansoori",47
"Muhammad_Imran_Javaid",47
"Muhammad_Jamal_Barket",47
"Muhammad_Kaleem",47
"Muhammad_Murtaza_Rizvi_Wattoo",47
"Muhammad_Tahir_Qadri",47
"Peer_Sayed_Munir_Hussain_Shah_Noori",47
"Pir_Syed_Mubashar_Hussain_Shah_Shakreelvy",47
"Professor_Farooq_Ahmed_Tajra",47
"Rana_Muhammad_Riaz_Qadri",47
"Raza_e_Mustafa",47
"Rizwan_Ali",47
"Rizwan_Qureshi",47
"Sajid_Mehmood_Qadri",47
"Sajjad_Haider",47
"Shoukat_Ali_Lehri",47
"Syed_Ahmad_Shah",47
"Syed_Tawaqal_Hussain_Shah_Bukhari",47
"Abu_Khair_Muhammad_Zubair",46
"Abul_Khair_Mohammad_Zubair",46
"Akhtar_Hussain_Gil",46
"Allama_Muhammad_Yaqoob",46
"Badshah_Muain",46
"Chaudhary_Tariq_Maqsood_Sahi",46
"Doctor_Muhammad_Aslam_Javaid_Awan",46
"Ghulam_Hussain_Farooqi",46
"Hafiz_Ahmed_Ali_Abbasi",46
"Hafiz_Munawar_Hussain",46
"Hafiz_Saeed_Ahmed",46
"Jan_Muhammad_Jat",46
"Khalid_Mahmood_Akhtar_Jajja",46
"Malik_Bashir_Ahmad_Nizami",46
"Mehmood_Ahmad",46
"Mir_Maqbool_Ahmed_Khosa",46
"Mirza_Mukhtar_Ali_Khan",46
"Mohammad_Jaffar",46
"Molana_Miraj_Ud_Din_Sirkani",46
"Molvi_Muhammad_Qasim",46
"Mufti_Abdul_Shakoor_Rizvi",46
"Muhammad_Awais_Siddiqi",46
"Muhammad_Fayaz",46
"Muhammad_Sajjad_Ali_Hamdi",46
"Muhammad_Siddiq_Rathore",46
"Muhammad_Tassaduq_Hussain",46
"Muhammad_Younus",46
"Niaz_Muhammad_Chandio",46
"Pir_Muhammad_Saeed_Ahmad_Nuqshbandi",46
"Pir_Syed",46
"Qari_Hafiz_Muhammad_Zawar_Bahadar",46
"Qazi_Shehzada_Sultan_Ul_Haq",46
"Rajab_Ali",46
"Rao_Azmat_Ullah_Khan",46
"Rashid_Imran_Khan",46
"Seikh_Muhammad_Akram",46
"Shad_Mohammad_Khan",46
"Shah_Muhammad_Owais_Noorani",46
"Tauqeer_Ahmed_Bajwa",46
"Wahid_Ali_Naqshband",46
"Ali_Akber_Nizamani",43
"Ali_Asghar_Halepoto",43
"Amjad_Hussain",43
"Chakar_Khan_Shahani",43
"Fakir_Ghulam_Nabi_Mangrio",43
"Ghulam_Dastgir_Rajar",43
"Imamuddin_Shaookeen",43
"Inayatullah",43
"Jam_Mashooque_Ali",43
"Khuda_Bux_Dars",43
"Main_Sajjad_Ahmad_Sajid",43
"Maj___Rtd__Syed_Tanveer_Hussain_Satara_Juraat",43
"Makhdoom_Syed_Ahmad_Mahmood",43
"Makhdum_Syed_Ahmad_Mahmud",43
"Malik_Ghulam_Mustafa_Khar",43
"Mehtab_Akbar_Rashidi",43
"Mian_Abdul_Malik",43
"Mir_Hassan_Khoso",43
"Mir_Naseer_Khan_Khoso_",43
"Muhammad_Jadam_Mangrio",43
"Musharraf_Ali_Khan_Khoso",43
"Nadeem_Qadir_Bhutto",43
"Pir_Bux_Junejo",43
"Pir_Noor_Mohammad_Shah_Jeelani",43
"Pir_Sadruddin_Shah",43
"Pir_Syed_Saddaruddin_Shah_Rashdi",43
"Sardar_Mir_Hakim_Ali_Khan_Sundrani",43
"Sarfaraz_Ali_Bughio",43
"Shabir_Ahmed_Qaim_Khani",43
"Shehzad_Mughal",43
"Syed_Ghulam_Abbas",43
"Syed_Kazim_Ali_Shah_Lakyari",43
"Syed_Mehr_Mohi_Ud_Din_Hashmi",43
"Syed_Qazim_Ali_Shah",43
"Syed_Safdar_Ali_Shah",43
"Syed_Zahid_Hussain_Shah",43
"Khalil_Ur_Rehman",39
"Ahmad_Ikhwan",37
"Ali_Hassan",37
"Aman_Ullah",37
"Amjad_Arbab_Abbasi",37
"Asjad_Hussain",37
"Fayyaz_Ahmed_Tabassum",37
"Haji_Fateh_Din",37
"Latif_Ahmed_Hussain",37
"Mian_Muhammad_Raza",37
"Mian_Noor_Ahmad",37
"Mubashir_Hussain",37
"Mudassar_Hussain_Shah",37
"Muhammad_Amir_Awan",37
"Muhammad_Anwar_Abbasi",37
"Muhammad_Asif_Sulehria",37
"Muhammad_Ayoub_Butt",37
"Muhammad_Aziz",37
"Muhammad_Ijaz_Arshad",37
"Muhammad_Khalil",37
"Muhammad_Nadeem",37
"Muhammad_Naveed_Akhtar",37
"Muhammad_Rafi",37
"Muhammad_Shahzad",37
"Muhammad_Usman",37
"Mujahid_Mahmood",37
"Naseer_Khan",37
"Naveed_Akram",37
"Pervaiz_Iqbal_Virk",37
"Salwat_Shahzad_Khan",37
"Sardar_Muhammad_Mansoor_Khan",37
"Shafique_Ahmad",37
"Sohail_Babar",37
"Abdul_Ahad",37
"Abdul_Khaliq_s_o_Haji_Fazal_m",37
"Abdul_u_Haq_Malik",37
"Ali_Nawaz",37
"Asgher_Ali",37
"Ata_Muhammad",37
"Eid_Nazar",37
"Ghulam_Shabbir",37
"Gul_Faraz",37
"Hafiz_Aurangzaib_Farooqui",37
"Hamza_Tariq",37
"Iftikhar_Ahmed_Farooqi",37
"Kamran_Khalid_Butt",37
"Khuda_Nazar",37
"Muhammad_Abu_Bakar_Saddique",37
"Muhammad_Ahmad_Khan",37
"Muhammad_Ishaque",37
"Muhammad_Ishfaq",37
"Muhammad_Safder_Hashmi",37
"Muhammad_Sikandar",37
"Naimatullah",37
"Saeed_Khan",37
"Shakil_Ahmed",37
"Syed_Abdul_Rafay",37
"Syed_Kaleem_Ullah",37
"Tariq_Aziz",37
"Ubaid_Ullah_Khan",37
"Waqas_Ahmed",37
"Mir_Ali_Nawaz_Talpur",33
"Habib_Ur_Rehman",30
"Arbab_Ghulam_Rahim",28
"Aurangzaib_Khan",28
"Dilawar_Gulzar",28
"Ghullam_Murtaza_Khan_Jatoi",28
"Kausar_Fatima_Zaidi",28
"Liaquat_Ali_Jatoi",28
"m_Khan_Junejo",28
"Mir_Hussain_Bakhash_Talpur",28
"Muhammad_Faisal",28
"Muhammad_Hassam_Mirza",28
"Muhammad_Mushtaq_Ahmed",28
"Pir_Sadar_Uddin_Shah",28
"Rahila_Magsi",28
"Safdar_Ali_Abbasi",28
"Saira_Bano",28
"Shaheen_Khan",28
"Shaheena",28
"Shaista_Ameer",28
"Shumaila",28
"Syed_Munir_Hyder_Shah",28
"Syed_Mushtaq_Hussain",28
"Syed_Zainulabdin",28
"Umair_Naeem",28
"Abdul_Qadir_Khan_Wadan",28
"Abdul_Rahim_Mandokhail",28
"Abdul_Razzaq_Achakzai",28
"Ahmed_Jan_Khan",28
"Akhtar_Shah_Kudezai",28
"Burhan_Ul_Din",28
"Dr__Abdullah_Khan",28
"Haji_Muhammad_Barki",28
"Ikram_Ul_Haq_Khan",28
"Jan_Dad_Khan",28
"Khurshid_Ali",28
"Main_Asmatullah_Shah",28
"Malik_Khaliq_Dad",28
"Mohammad_Nawaz_Khan",28
"Mohammad_Usman",28
"Muhammad_Bakhsh_Mengal",28
"Muhammad_Essa_Roshan",28
"Muhammad_Mukhtiar",28
"Murad_Ali",28
"Noor_Ullah_Tareen",28
"Rafi_Ullah",28
"Raza_Mohammad_Raza",28
"Saleem_Khan_Kakar",28
"Syed_Muhammad_Yousuf_Agha",28
"Zameen_Dad_Shah",28
"Zia_Watan_Dost",28
"Aiman_Javed",26
"Bukhtiyar_Ali",26
"Firdous_Ashiq_Awan",26
"Ghulam_Sarwar",26
"Jairam_Das",26
"Jalil_Ahmad_Khan",26
"Mahmood_Baqi_Molvi",26
"Malik_Muhammad_Ahmad_Langrial",26
"Mir_Faiz_Ahmad",26
"Muhammad_Anwar_Azeem_Khan",26
"Muhammad_Aon_Saqlain",26
"Muhammad_Ayaz_Khan_Niazi",26
"Muhammad_Hashim_Dogar",26
"Nargis_Jabeen",26
"Noureen_Iqbal",26
"Rana_Nazeer_Ahmad_Khan",26
"Rasheed_Ahmed",26
"Sharjeel_Mir",26
"Tariq_Mehmood_Qadri",26
"Zunaira_Rehman",26
"Ajab_Khan",26
"Abdullah_Mangi",25
"Aijaz_Ahmed_Sanjrani",25
"Allama_Muhammad_Hasnain_Arif",25
"Asghar_Ali_Mubarik",25
"Darban_Ali_Jaffry",25
"Ehsan_Ullah_Khan_Baluch",25
"Ghulam_Hussain",25
"Hakeem_Muhammad_Tufail",25
"Hakeem_Syed_Jaffar_Hussain_Bukhari",25
"Khair_Mohammad",25
"Khuwaja_Aftab_Ali_Jaafri",25
"Maqsood_Ali_Domki",25
"Molana_Moula_Bux_Murtazai",25
"Muhammad_Askari_Ul_Hidayat",25
"Muhammad_Hussain_Karimi",25
"Muhammad_Ismail_Jaffery",25
"Muhammad_Sarwer",25
"Mukhtar_Ahmed_Chandio",25
"Rasool_Bux_Shah",25
"Shumaila_Bibi",25
"Syed_Asghar_Abbas_Zaidi",25
"Syed_Basheer_Ahmed_Shah_Naqvi",25
"Syed_Muhammad_Hassan_Zaidi",25
"Zaheer_Abass_Hajano",25
"Agha_Hassan_Baloch_Advocate",24
"Gaman_Khan",24
"Ghulam_Hadiar",24
"Haji_Noor_Muhammad_Shahwani",24
"Haq_Nawaz_Buzdar",24
"Jahanzaib_Baloch",24
"Khuda_Bukhsh",24
"Malik_Naveed_Dehwar",24
"Maqbool_Ahmed_Lehri",24
"Mir_Abdul_Ghafoor_Mengal",24
"Mir_Abdul_Rauf_Mengal",24
"Mohammad_Qasim_Roonjho",24
"Muhamamd_Akhtar_Mengal",24
"Muhammad_Akhtar_Mengal",24
"Muhammad_Akhter_Mengal",24
"Muhammad_Hashim",24
"Naib_Faqeer_Muhammad_Zahri",24
"Nawabzada_Aurangzeb_Jogezai",24
"Sayed_Essa_Nori",24
"Shair_Afgan",24
"Syed_Ahsan_Shah",24
"Wadera_Gulzar_Khan",24
"Zahid_Hussain",24
"Abdul_Rauf_Rind",18
"Ghulam_Farooq",18
"Gulam_Farooq",18
"Haji_Muhamad_Azeem",18
"Mir_Ali_Akbar",18
"Mir_Muhammad_Khan_Chandio",18
"Mir_Muhammad_Shoaib_Baloch",18
"Mir_Mujeeb_Rahman_Shahwani",18
"Muhammad_Arif_Badini",18
"Muhammad_Hanif_Baloch",18
"Muhammad_Qayyum_Baluch",18
"Noor_Ahmed_Adil",18
"Noor_Ahmed_Umrani",18
"Sayed_Akber_Shah",18
"Yaqoob_Bizenjo_",18
"Abdul_Shakoor",18
"Abdul_Khaliq_Shamas",17
"Abdul_Razaque",17
"Begum_Shahmeem_Arshad_Minhas",17
"Ch_Dilbar_Hussain_Ghaffari",17
"Chaudhary_Muhammad_Iqbal_Gujjar",17
"Gulana_Bibi",17
"Kanwar_Aamir_Sami",17
"Mahboob_Aftab_Khan",17
"Muhammad_Nasrullah_Arain",17
"Muhammad_Rashid",17
"Muhammad_Usama_Nawaz",17
"Nawab_Imran_Khan_Khilji",17
"Sheikh_Rashid_Ahmed",17
"Syed_Mustafsir_Hussain_Bukhari",17
"Syed_Rehan_Ali",17
"Zafar_Ahmed_Ghori",17
"Muhammad_Khan",17
"Admiral_r_Javaid_Iqbal",16
"Admiral_r_Javed_Iqbal",16
"Ameer_Ahmad_Awan",16
"Asghar_Ali_Javed",16
"Choudhary_Muhammad_Rafi",16
"Hafiz_Muhammad_Abid_Khan_Saeedi",16
"Khalid_Jamal_Siddiqui",16
"Muhammad_Salman_Ansari",16
"Nasir_Raheem",16
"Nazar_Ali_Mazari",16
"Rahmaan_Alli",16
"Syed_Ahmed_Ali",16
"Syed_Iqbal_Shah",16
"Syed_Rashid_Ali_Gerdazi",16
"Tariq_Yaseen",16
"Allah_Rakha_Waseem",16
"Basharat_Ali_Khan_Advocate",16
"Haji_Rana_Sharafat_Ali_Qadri",16
"Hameed_Ghazi_Dogar",16
"Malik_Muhammad_Siddique_Khokhar",16
"Mofti_Mohammad_Hayat_Qadri",16
"Muhammad_Anwar_Ali",16
"Muhammad_Haseeb",16
"Muhammad_Sarfraz_Akbar",16
"Qari_Fateh_Khan",16
"Rana_Muhammad_Irfan",16
"Saeed_Ahmed_Zafar",16
"Sardar_Mulana_Muhammad_Wazeer_Ul_Qadri",16
"Tariq_Mehboob",16
"Abdul_Khalique",13
"Faiza_Rafique",13
"Ijaz_Hussain",13
"m_Naeem",13
"Mir_Kabeer_Ahmed",13
"Muhammad_Hussain_Wattoo",13
"Phaleen",13
"Sabira_Asad",13
"Yar_Muhammad",13
"Yasar_Altaf_Rana",13
"Yasmeen_Bibi_Lehri",13
"Adil_Farooq_Khan",13
"Asif_Mamon",13
"Chaudhary_Muhammad_Younas_Hanjra",13
"Choudhary_Amjad_Mehmood",13
"Fozia_Ashraf",13
"Ijaz_Ahmed_Cheena",13
"Imran_Ahmad_Khan",13
"Mozaffer_Ali",13
"Muhammad_Ahmad_Chatha",13
"Muhammad_Fiaz_Qadri",13
"Muhammad_Mutahar_Ramzan",13
"Syed_Ghulam_Abbas_Shah",13
"Syed_Safdar_Ali",13
"Aamir_Khan",13
"Abdullah_Abbasi",13
"Afzal_Hayat",13
"Fateh_Ali_Muawiya",13
"Fehmeed_Nawaz",13
"Hafiz_Allah_Ditta",13
"Khurram_Shehzad",13
"Luqman_Khan",13
"Muhammad_Arsalan_Khalid",13
"Muhammad_Aslam_Iqbal",13
"Muhammad_Muzammal_Nazir",13
"Rustam_Khan",13
"Wajid_Kiyani",13
"Waqas_Qudoos",13
"Abdul_Ghaffar_Khan_Mohmand",13
"Ahmad_Raza",13
"Akbar_Khan",13
"Dr_Siraj_Ud_Din",13
"Farooq_Ahmad",13
"Haji_Muhammad_Umar",13
"Irshad_Alam_Khan",13
"Khalil_Saeed",13
"Masood_Ahmed_Saeed",13
"Muhamamd_Ibrar",13
"Nasir_Mahmood_Chaudhry",13
"Sami_Ullah_Luni",13
"Dad_Muhammad",12
"Ghulam_Hyder_Jakhro",12
"Hafiz_Fazal_Muhammad_Barech",12
"Haji_Molvi_Muhammad_Hanif",12
"Malik_Abdul_Qayum_Kakar",12
"Mohammad_Nawaz_Katoher",12
"Molana_Abdul_Qadir_Luni",12
"Mollana_Mehmood_Ul_Hassan_Qasmi",12
"Moulana_Asmatullah",12
"Muhammad_Nazeer",12
"Qari_Nazir_Ahmed",12
"Sardarzada_Mir_Saeed_Ahmed_Langove",12
"Ubaid_Ur_Rehman",12
"Ch_Ijaz_Hussain_Gujjar_Advocate",12
"Ch_Muhammad_Majeed_Gill_Advocate",12
"Chudhary_Ghulam_Rasool_Mehr",12
"Malik_Mansaf_Awan_Advocate",12
"Malik_Noor_Muhammad_Sarfraz_Awan_Advocate",12
"Mian_Ghulam_Rasool_Advocate",12
"Muhammad_Arshad_Faqir",12
"Muhammad_Naeem_Kashif_Adv",12
"Muhammad_Shakeel_Tahir",12
"Qari_Nadeem_Ahmad_Owaisi",12
"Rai_Muhammad_Nawaz_Kharal_Advocate",12
"Zafar_Iqbal_Rajput_Khokhar",12
"Abdul_Rab",12
"Jamal_Khan",12
"Muhammad_Akram_Tareen",12
"Muhammad_Rahim",12
"Nawab_Muhammad_Ayaz_Khan_Jogezai",12
"Palwasha_Ramzan",12
"Riaz_Mahammad_Yousafzai",12
"Aneela_Iftikhar",12
"Arshad_Ahmad_Qamar",12
"Chaudhry_Salik_Hussain",12
"Chaudhry_Tariq_Bashir_Cheema",12
"Hussain_Ellahi",12
"Muhammad_Jameel_Ahmed_Khan",12
"Muhammad_Tariq_Hassan",12
"Musa_Elahi",12
"Riaz_Ahmed_Jan",12
"Shakeel_Ahmed_Roshan",12
"Syed_Faizan_Anis",12
"Abdul_Kareem_Khetran",11
"Abdul_Khaliq_Baloch",11
"Dr_Abdul_Hayee_Baloch",11
"Haji_Musa_Jan_Khilji",11
"Mir_Muhammad_Ayoub_Jattak",11
"Mmad_Yasin_Baloch",11
"Sardar_Kamal_Khan_Bangulzai",11
"Sardar_Sanaullah_Zehri_",11
"Yar_Muhammad_Bangulzai",11
"Fanoos_Gujar",10
"Gul_Muhammad",10
"Muhammad_Farooq_Rajput",10
"Nawabzada_Shazain_Bugti",10
"Nawabzada_Talal_Akbar_Bughti",10
"Nawabzada_Talal_Akbar_Bugti",10
"Rana_Umar_Nazir_Ahmad_Khan",10
"Sardar_Zia_Ul_Haq",10
"Shah_Wali",10
"Talal_Akbar_Bugti",10
"Amjad_Ali",10
"Bakhtiar_Ali",10
"Fida_Mohammad",10
"Malik_Haider_Khan",10
"Mian_Abdul_Latif",10
"Najeebullah_Durrani",10
"Sher_Wali",10
"Sikandar_Hayat_Khan",10
"Allama_Haider_Alvi",10
"Hamid_Idrees",10
"Mian_Muhammad_Asif_Raza_",10
"Moulana_Nalay_Mitho_Shaikh",10
"Muhammad_Javed_Qadri",10
"Sikandar_Khan",10
"Sohail_Baig_Noori",10
"Commander__r__Ayoub_Malik",9
"Ghulam_Qadir_Alias_Papu",9
"Khan_Zada",9
"Mian_Abdul_Qayum",9
"Mian_Ashiq_Hussain_Kamyana_Advocate",9
"Muhammad_Aslam_Miraj",9
"Muhammad_Athar_Khan_Advocate",9
"Asadullah_Khan",9
"Khushal_Khan_Kakar",9
"Malik_Zada",9
"Mehar_Ullah",9
"Muhammad_Essa_Achakzai",9
"Muhammad_Mukhtar",9
"Nasrullah_Khan_Barech",9
"Noor_Gul_Khan",9
"Parveen_Usman",9
"Bahi_Khan",8
"Jasim",8
"Khalid_Hussain_Magsi",8
"Mir_Shah_Jahan_Khan_Khetran",8
"Prince_Ahmed_Omar_Ahmedzai",8
"Qadha_Babar",8
"Rubina_Irfan",8
"Syed_Abdul_Karim",8
"Agha_Syed_Sibtian_Haider_Sabzwari",8
"Ali_Gohar_Shah__Retired_",8
"Kazim_Ali_Shah",8
"Manzoor_Ali",8
"Rana_Intizar_Hussain",8
"Riaz_Hussain_Al_Hussaini__Retired_",8
"Syed_Azizullah_Shah",8
"Syed_Gazanfar_Abbas",8
"Syed_Mujahid_Abbas_Shah",8
"Abdul_Nazeer",8
"Aurang_Sher",8
"Bakhtiar_Ahmed_Maitlo",8
"Dr_Babur_Zaheer_Uddin",8
"Muhammad_Farooq_Ali",8
"Muhammad_Sarwar_Bin_Pakistan",8
"Muhammad_Yousuf_Nawaz",8
"Sarfraz_Ahmed_Chandio",8
"Fakhar_Ul_Din",8
"Fathe_Muhammad",8
"Ghazanfar_Aziz",8
"Hussain_Ahmed_Madni",8
"Muhammad_Tasadduq",8
"Noor_Alam",8
"Saddam_Ul_Haq",8
"Zia_Ur_Rehman_Amazai",8
"Mahr_Ghulam_Mustafa_Mangan_Advocate",7
"Mohtarma_Nazish_Aslam_Advocate",7
"Muhammad_Zafar_Iqbal_Gujjar",7
"Mushtaq_Ahmad_Bhatti",7
"Qari_Nasir_Mahmood_Mughal",7
"Rana_Akbar_Abbas",7
"Rana_Basharat_Ali",7
"Sayyeda_Nighat_Ishfaq",7
"Abid_Wazir",7
"Mohsin_Khan",7
"Muhammad_Ajmal_Siddique",7
"Muhammad_Fahad",7
"Muhammad_Mazhar_Jaffar",7
"Nisar_Ahmad_Khattak",7
"Syed_Anis_Raza_Naqvi",7
"Waqas_Ahmad",7
"Arbab_Liaquat_Ali",7
"Jaffar_Ali",7
"Mohsin_Sajjad_Utraa",7
"Muntazir_Mehdi",7
"Ruqia_Sultana",7
"Syed_Arif_Raza_Zaidi",7
"Syeda_Zainab_Kazmi",7
"Muhammad_Ijaz_Ul_Haq",7
"Daud_Ahmed_Fakhri",7
"Farzana_Parveen",7
"Jahangir_Hussain_Jafari",7
"Muhammad_Bilal_Hussain",7
"Muhammad_Zahid_Bashir",7
"Rizwan_Ahmed_Khan",7
"Sumbul_Akhtar",7
"Syed_Muhammad_Ishrat_Ghazali",7
"Abdul_Samad_Khan",7
"Hazrat_Umar",7
"Irfan_Karim",7
"Muhammad_Arif_Khan",7
"Muhammad_Jibran",7
"Sara_Ashfaq",7
"Shahbaz_Ali",7
"Yasir_Ali",7
"Aftab_Khurram",7
"Malik_Abdul_Rasheed",7
"Malik_Jahanzaib_Waran",7
"Mirza_Asif_Baig",7
"Muhammad_Jan_Mohmand",7
"Muhammad_Sohail_Akhter",7
"Syed_Muhammad_Shakeel_Ali_Shah",7
"Abdul_Basit",6
"Hazoor_Baksh",6
"Ijaz_Ahmad",6
"Ikhtiar_Ahmed",6
"Mir_Muhammad_Ali_Reki_Baloch",6
"Muhammad_Jawad",6
"Nawab_Zada_Shahzain",6
"Essa_Khan",6
"Gul_Meer_Khan",6
"Gulab_Khan",6
"Gull_Meer_Khan",6
"Hakeem_Khan",6
"Badshah_Rawan",6
"Mohsin_Faraz",6
"Muhammad_Ebrahim_Ali",6
"Sohail_Wahab",6
"Ali_Afsar_Tanoli",6
"Fakhar_e_Alam_Urf_Hazrat",6
"Fida_Hussain",6
"Major_Rtd_Jameel_Ehsan_Kiyani",6
"Mohammad_Ashfaque",6
"Sardar_Haider_Zaman",6
"Sardar_Muhammad_Iqbal_Khan",6
"Abdul_Mujeeb_Pirzada",5
"Ghulam_Murtaza_Khan_Jatoi",5
"Ghulam_Rasool_Khan_Jatoi",5
"Muhammad_Ibrahim_Jatoi",5
"Rais_Ghulam_Murtaza_Jatoi",5
"Ahmad_Jaan",5
"Aimal_Nasir_Khan",5
"Mohsin_Javed",5
"Muhammad_Asghar_Khan",5
"Syed_Nadeem_Shah",5
"Saleem_Abbas",5
"Imtiaz_Khan",5
"Mubeen_Malik",5
"Shabbir_Ahmed_Anjum",5
"Shafaqaat_Ahmad",5
"Taimoor_Ahmad_Yar_Khan",5
"Tayyaba_Mubarak",5
"Abdul_Rehman_Jameel",5
"Ahmad_Deen_Malik",5
"Arshad_Ali_Khan",5
"Muhammad_Allah_Dad_Cheema",5
"Muhammad_Anwar_Ulhaq",5
"Arslan_Khan_Manj",4
"Mirza_Tariq_Mehmood",4
"Muhammad_Ali_Khan_Yousafzai",4
"Muhammad_Amin_Watoo",4
"Jawad_Aziz",4
"M_iqbal_Haider",4
"Molvi_Iqbal_Haider_Advocate",4
"Moulvi_Iqbal_Haider",4
"Bakht_Zar",4
"Muhammad_Asad_Thaniwi_",4
"Rana_Zia_Ahmed_Farooqi_Advocate",4
"Zaheer_Ud_Din_Bader",4
"Doctor_Muhammad_Rashid_Qammar",4
"Muhammad_Arshad_Hussain_Chishti",4
"Sardar_Naseer_Ahmed",4
"Sufi_Muhammad_Ali_Naqshbandi",4
"Abdul_Ghafoor_Kolachi",4
"Malik_Zulfiqar_Hussain",4
"Muhammad_Amir_Wattoo",4
"Syed_Muhammad_Asad_Shah_Athar",4
"Tariq_Iqbal",4
"Atif_Atta",4
"Aziz_Ul_Islam",4
"Javed_Sharif",4
"Khuwaja_Tariq_Sarfaraz",4
"Riaz_Shahid_Khan_Punian_Advocate",4
"Shahid_Naeem_Advocate",4
"Syed_Muhammad_Abbas",4
"Abul_Salam",4
"Eid_Muhammad",4
"Zia_Ul_Haq",4
"Mr_zulfiquar_Ali_Khoso__Retired_",3
"Muhammad_Lateef_Lajpal_Sial",3
"Munir_Ahmad_Zafar",3
"Hafiz_Hasham_Elahi_Zaheer",3
"Ibtesam_Elahi_Zaheer",3
"Ibtisam_Elahi_Zaheer",3
"Mutasim_Elahi_Zaheer",3
"Ali_Muhammad",3
"Masood_Ahmed",3
"Zaeem_Ud_Din_Abid",3
"Asia_Chudhary",3
"Mirza_Zaheer_Ahmed_Babar",3
"Raja_Muhammad_Aftab_Satti",3
"Abdul_Aziz_Khan",3
"Ghulam_Habib_Marwat",3
"Makhdoom_Nasir_Farid_Chishti",3
"Rubina_Shaheen_Wattoo",3
"Faqir_Jamshid_Ahmad",3
"Farah_Noreen",3
"Rasheed_Ahmad_Khan_Langha",3
"Alamgir_Khan",3
"Ihsan_Ullah_Khan_Mahsood",3
"Muhammad_Sultan",3
"Raja_Muhammad_Ashraf",3
"Azmat_Ali",3
"Syed_Mazhar_Ali",3
"Faiza_Bibi_Rasheed",3
"Naseeb_Zaman",3
"Majeeda_Maria",3
"Malik_Muhammad_Tufail",3
"Syed_Ali_Raza",3
"Zawar_Hussain",3
"m_Raza",3
"Moulana_Abdul_Quddoos",3
"Mukhtar_Ali",3
"Nasar_Ullah_Khan",3
"Nawab_Amber_Shahzada",2
"Nawab_Doctor_Amber_Shahzada",2
"Nawab_Dr__Amber_Shehzada",2
"Noor_Hussain",2
"Rashida_Naeem",2
"Waqar_Ahmed",2
"Bashir_Khan",2
"Malik_Annayat_Ullah_Khokhar",2
"Rajkumar",2
"Gul_Muhammad_Bhatti",2
"Gull_Muhammad_Bhatti__Retired_",2
"Sardar_Sher_Zaman_Khan_Qaisrani",2
"Abdul_Khaliq_Hazara",2
"Barkat_Ali_Thamki",2
"Muhammad_Raza",2
"Amir_Shehzad",2
"Muhammad_Zia_Khan",2
"Dr_Sarfraz_Ahmad_Cheema",2
"Syed_Ghulam_Abul_Hassan_Shah",2
"Wajid_Hussain_Mughal",2
"Habib_Noor",2
"Malik_Habib_Malak_Orakzai",2
"Noor_Jamal_Shah",2
"Saira_Khatoon",2
"Sayyed_Khalid_Mehmood_Shah",2
"Shahid_Ahmad",2
"Danish_Channa",2
"Muhammad_Jaffar_Jatoi",2
"Raheeman",2
"Akbar_Dars",2
"Mohammad_Hussain",2
"Muhammad_Asghar_Dars",2
"Gohar_Ali_Khan",2
"Meher_Muhammad_Jhangir_Advocate",2
"Tauseef_Ur_Rehman_Bhatti_Advocate",2
"Mian_Abu_Bakar_Hamza",2
"Anwar_Hussain",2
"Shahid_Iqbal",2
"Syed_Rashid_Hussain_Shah",2
"Muhammad_Mumtaz",2
"Zaffar_Iqbal_Gurmani",2
"Aijaz_Ali_Khokhar",2
"Rahim_Bakhsh",2
"Shahid_Anjum",2
"Ghulam_Fareed_Koreja",2
"Khawja_Ghulam_Fareed_Koreja",2
"Muhammad_Wazeer_Khan_Dundam_Advocate",2
"Khalil_Ahmed",2
"Waleed_Ahmad",2
"Zahid_Iqbal",2
"Muhammad_Jahangir_Malik",2
"Shah_Zia_Udin_Khan",2
"Sadeed_Anver_Malik_Kashir",1
"Zain_Ul_Abideen",1
"Sheikh_Rashid_Shafiq",1
"Bahri_Room",1
"Makhdoom_Syed_Sami_Ul_Hassan_Gillani",1
"Muhammd_Farooq_Azam_Malik",1
"Nadeem_k_Joseph",1
"Naila_Joseph_Dayal",1
"Mirza_Hussain",1
"Imtiaz_Alam",1
"Muhammad_Muzammil",1
"Muhammad_Ashraf_Khan_Niazi",1
"Rana_Muhammad_Ashraf_Advocate",1
"Muhammad_Hanif_Ullah",1
"Syed_Manzoor_Gillani",1
"Mir_Abdul_Majid_Abro",1
"Mir_Abdul_Majid_Abroo",1
"Majida_Abro",1
"Muhammad_Faiq",1
"Aizaz_Haider",1
"Baqa_Muhammad",1
"Ahmed_Noonari",1
"Zeeshan",1
"Alhaaj_Choudhry_Zulfiqar_Ali",1
"Khadam_Hussain",1
"Nadeem_Mumtaz_Qureshi",1
"Major_General_Saad_Khattak",1
"Zulfiqar_Ali_Dasti",1
"Moulana_Abdul_Hafiz",1
"S_m_Farooq",1
"Ali_Adrees",1
"Syed_Zahid_Abbas_Kazmi",1
"Raziq_Dad",1
"Ch_muhammad_Ashraf",1
"Nawab_Zada_Mansoor_Ahmad_Khan",1
"Miss_Mehwish_Chaudhary",1
"Mrs_Mehwish_Chaudhry_Advocate",1
"Abd-Ul-Qadoos_Awan",1
"Syed_Yousaf_Shah",1
"Ch_Muhammad_Yaseen_Cheema",1
"Ch_Shoukat_Ali_Cabail",1
"Mahmood_Ahmad_Khan_Qalandar_",1
"Mehmood_Qalandar",1
"Kaleem_Ullah",1
"Sardar_Taimoor",1
"Ahmad_Nawaz_Khan",1
"Prof_javeed_Sandhu",1
"Maazullah_Khan",1
"Muhammad_Sherwan_Amirzada",1
"Ibtsaam_Illahi_Zahir",1
"Sardar_Rafiq_Ar_Sanjrani",1
"Ameer_Ali_Pate_Wale",1
"Muhammad_Aslam_Khan",1
"Ahmad_Kamran_Thaeem_Ansari",1
"Allah_Nawaz",1
"Himmat_Ali",1
"Mirza_Zulfiqar_Ahmed",0
"Ehsaamuddin",0
"Syed_Muhammad_Hussain",0
"Rana_Muhammad_Ali",0
"Mian_Saghir_Ahmed_Malvi",0
"Muhammad_Naseem_Sadiq",0
"Shoaib_Amjad_Pervaiz",0
"Makhdoom_Muhammad_Ehsan",0
"Engineer_Usman_Khan_Tarrakai",0
"Bashir_Hussain_Shah",0
"Chaudhary_Muhammad_Adnan_Mushtaq_Chanjotra",0
"Asad_Javed_Khan",0
"Hussain_Baloch",0
"Hidayat_Ur_Rehman_Baloch",0
"Raja_Zafar_Iqbal",0
"Syed_Nadeem_Anjum",0
"Syed_Muhammad_Mafooz_Mushadi",0
"Meer_Rab_Nawaz_Khan",0
"Imam_Ali_Brohi",0
"Muhammad_Ali_Sheikh",0
"Ilhaaj_Muhammad_Hassan_Chaudhry",0
"Muhammad_Yousuf_Kureshy",0
"Arslan_Ul_Mulk_Dhariwal",0
"Meharban_Saeen_Rana_Abdul_Ghafoor_Mian",0
"Inzar_Gul",0
"Safdar_Zaman",0
"Mir_Zarak_Khan_Zehri",0
"Naveed_Akhtar_Khan",0
"Khurram_Muhammad_Qamar",0
"Khaqan_Waheed_Khuwaja",0
"Muhammad_Syed",0
"Chaudhry_Zahid_Iqram",0
"Qadeer_Hussain",0
"Muzaffar_Ahmed",0
"Syed_Faqir_Hussain_Shah_Bukhari",0
"Zahid_Parvez",0
"Hafiz_Abdul_Rauf",0
"Waseem_Ahmad",0
"Muhammad_Majeed",0
"Abdul_Razaq_Shahid",0
"Muhammad_Hanif_Mughal",0
"Muhammad_Yaqub_Alvi",0
"Hajiani",0
"Muhammad_Sardar_Bahadur_Khan",0
"Muhammad_Asim",0
"Manzoor_Ali_Bhatti",0
"Farrukh_Bashir",0
