"Candidate_ID","Eccentricity"
"Mirza_Zulfiqar_Ahmed",0
"Ehsaamuddin",0
"Syed_Muhammad_Hussain",0
"Rana_Muhammad_Ali",0
"Mian_Saghir_Ahmed_Malvi",0
"Muhammad_Naseem_Sadiq",0
"Shoaib_Amjad_Pervaiz",0
"Makhdoom_Muhammad_Ehsan",0
"Engineer_Usman_Khan_Tarrakai",0
"Bashir_Hussain_Shah",0
"Chaudhary_Muhammad_Adnan_Mushtaq_Chanjotra",0
"Asad_Javed_Khan",0
"Hussain_Baloch",0
"Hidayat_Ur_Rehman_Baloch",0
"Raja_Zafar_Iqbal",0
"Syed_Nadeem_Anjum",0
"Syed_Muhammad_Mafooz_Mushadi",0
"Meer_Rab_Nawaz_Khan",0
"Imam_Ali_Brohi",0
"Muhammad_Ali_Sheikh",0
"Ilhaaj_Muhammad_Hassan_Chaudhry",0
"Muhammad_Yousuf_Kureshy",0
"Arslan_Ul_Mulk_Dhariwal",0
"Meharban_Saeen_Rana_Abdul_Ghafoor_Mian",0
"Inzar_Gul",0
"Safdar_Zaman",0
"Mir_Zarak_Khan_Zehri",0
"Naveed_Akhtar_Khan",0
"Khurram_Muhammad_Qamar",0
"Khaqan_Waheed_Khuwaja",0
"Muhammad_Syed",0
"Chaudhry_Zahid_Iqram",0
"Qadeer_Hussain",0
"Muzaffar_Ahmed",0
"Syed_Faqir_Hussain_Shah_Bukhari",0
"Zahid_Parvez",0
"Hafiz_Abdul_Rauf",0
"Waseem_Ahmad",0
"Muhammad_Majeed",0
"Abdul_Razaq_Shahid",0
"Muhammad_Hanif_Mughal",0
"Muhammad_Yaqub_Alvi",0
"Hajiani",0
"Muhammad_Sardar_Bahadur_Khan",0
"Muhammad_Asim",0
"Manzoor_Ali_Bhatti",0
"Farrukh_Bashir",0
"Nawab_Amber_Shahzada",1
"Nawab_Doctor_Amber_Shahzada",1
"Nawab_Dr__Amber_Shehzada",1
"Noor_Hussain",1
"Rashida_Naeem",1
"Waqar_Ahmed",1
"Sadeed_Anver_Malik_Kashir",1
"Zain_Ul_Abideen",1
"Bashir_Khan",1
"Malik_Annayat_Ullah_Khokhar",1
"Rajkumar",1
"Mahr_Ghulam_Mustafa_Mangan_Advocate",1
"Mohtarma_Nazish_Aslam_Advocate",1
"Muhammad_Zafar_Iqbal_Gujjar",1
"Mushtaq_Ahmad_Bhatti",1
"Qari_Nasir_Mahmood_Mughal",1
"Rana_Akbar_Abbas",1
"Rana_Basharat_Ali",1
"Sayyeda_Nighat_Ishfaq",1
"Gul_Muhammad_Bhatti",1
"Gull_Muhammad_Bhatti__Retired_",1
"Sardar_Sher_Zaman_Khan_Qaisrani",1
"Makhdoom_Syed_Sami_Ul_Hassan_Gillani",1
"Muhammd_Farooq_Azam_Malik",1
"Abid_Wazir",1
"Mohsin_Khan",1
"Muhammad_Ajmal_Siddique",1
"Muhammad_Fahad",1
"Muhammad_Mazhar_Jaffar",1
"Nisar_Ahmad_Khattak",1
"Syed_Anis_Raza_Naqvi",1
"Waqas_Ahmad",1
"Nadeem_k_Joseph",1
"Naila_Joseph_Dayal",1
"Abdul_Khaliq_Hazara",1
"Barkat_Ali_Thamki",1
"Muhammad_Raza",1
"Imtiaz_Alam",1
"Muhammad_Muzammil",1
"Agha_Syed_Sibtian_Haider_Sabzwari",1
"Ali_Gohar_Shah__Retired_",1
"Kazim_Ali_Shah",1
"Manzoor_Ali",1
"Rana_Intizar_Hussain",1
"Riaz_Hussain_Al_Hussaini__Retired_",1
"Syed_Azizullah_Shah",1
"Syed_Gazanfar_Abbas",1
"Syed_Mujahid_Abbas_Shah",1
"Muhammad_Ashraf_Khan_Niazi",1
"Rana_Muhammad_Ashraf_Advocate",1
"Muhammad_Hanif_Ullah",1
"Syed_Manzoor_Gillani",1
"Hafiz_Hasham_Elahi_Zaheer",1
"Ibtesam_Elahi_Zaheer",1
"Ibtisam_Elahi_Zaheer",1
"Mutasim_Elahi_Zaheer",1
"Dad_Muhammad",1
"Ghulam_Hyder_Jakhro",1
"Hafiz_Fazal_Muhammad_Barech",1
"Haji_Molvi_Muhammad_Hanif",1
"Malik_Abdul_Qayum_Kakar",1
"Mohammad_Nawaz_Katoher",1
"Molana_Abdul_Qadir_Luni",1
"Mollana_Mehmood_Ul_Hassan_Qasmi",1
"Moulana_Asmatullah",1
"Muhammad_Nazeer",1
"Qari_Nazir_Ahmed",1
"Sardarzada_Mir_Saeed_Ahmed_Langove",1
"Ubaid_Ur_Rehman",1
"Mir_Abdul_Majid_Abro",1
"Mir_Abdul_Majid_Abroo",1
"Majida_Abro",1
"Muhammad_Faiq",1
"Abdul_Basit",1
"Hazoor_Baksh",1
"Ijaz_Ahmad",1
"Ikhtiar_Ahmed",1
"Mir_Muhammad_Ali_Reki_Baloch",1
"Muhammad_Jawad",1
"Nawab_Zada_Shahzain",1
"Aizaz_Haider",1
"Baqa_Muhammad",1
"Ahmed_Noonari",1
"Zeeshan",1
"Dr_Sarfraz_Ahmad_Cheema",1
"Syed_Ghulam_Abul_Hassan_Shah",1
"Wajid_Hussain_Mughal",1
"Khadam_Hussain",1
"Nadeem_Mumtaz_Qureshi",1
"Habib_Noor",1
"Malik_Habib_Malak_Orakzai",1
"Noor_Jamal_Shah",1
"Major_General_Saad_Khattak",1
"Zulfiqar_Ali_Dasti",1
"Saira_Khatoon",1
"Sayyed_Khalid_Mehmood_Shah",1
"Shahid_Ahmad",1
"Moulana_Abdul_Hafiz",1
"S_m_Farooq",1
"Ali_Adrees",1
"Syed_Zahid_Abbas_Kazmi",1
"Abdul_Aziz_Khan",1
"Ghulam_Habib_Marwat",1
"Makhdoom_Nasir_Farid_Chishti",1
"Rubina_Shaheen_Wattoo",1
"Danish_Channa",1
"Muhammad_Jaffar_Jatoi",1
"Raheeman",1
"Ch_muhammad_Ashraf",1
"Nawab_Zada_Mansoor_Ahmad_Khan",1
"Miss_Mehwish_Chaudhary",1
"Mrs_Mehwish_Chaudhry_Advocate",1
"Abdul_Ghafoor_Kolachi",1
"Malik_Zulfiqar_Hussain",1
"Muhammad_Amir_Wattoo",1
"Syed_Muhammad_Asad_Shah_Athar",1
"Tariq_Iqbal",1
"Abd-Ul-Qadoos_Awan",1
"Syed_Yousaf_Shah",1
"Ch_Muhammad_Yaseen_Cheema",1
"Ch_Shoukat_Ali_Cabail",1
"Akbar_Dars",1
"Mohammad_Hussain",1
"Muhammad_Asghar_Dars",1
"Gohar_Ali_Khan",1
"Meher_Muhammad_Jhangir_Advocate",1
"Tauseef_Ur_Rehman_Bhatti_Advocate",1
"Mahmood_Ahmad_Khan_Qalandar_",1
"Mehmood_Qalandar",1
"Alamgir_Khan",1
"Ihsan_Ullah_Khan_Mahsood",1
"Muhammad_Sultan",1
"Raja_Muhammad_Ashraf",1
"Kaleem_Ullah",1
"Sardar_Taimoor",1
"Ahmad_Nawaz_Khan",1
"Prof_javeed_Sandhu",1
"Daud_Ahmed_Fakhri",1
"Farzana_Parveen",1
"Jahangir_Hussain_Jafari",1
"Muhammad_Bilal_Hussain",1
"Muhammad_Zahid_Bashir",1
"Rizwan_Ahmed_Khan",1
"Sumbul_Akhtar",1
"Syed_Muhammad_Ishrat_Ghazali",1
"Imtiaz_Khan",1
"Mubeen_Malik",1
"Shabbir_Ahmed_Anjum",1
"Shafaqaat_Ahmad",1
"Taimoor_Ahmad_Yar_Khan",1
"Tayyaba_Mubarak",1
"Anwar_Hussain",1
"Shahid_Iqbal",1
"Syed_Rashid_Hussain_Shah",1
"Aijaz_Ali_Khokhar",1
"Rahim_Bakhsh",1
"Shahid_Anjum",1
"Abdul_Samad_Khan",1
"Hazrat_Umar",1
"Irfan_Karim",1
"Muhammad_Arif_Khan",1
"Muhammad_Jibran",1
"Sara_Ashfaq",1
"Shahbaz_Ali",1
"Yasir_Ali",1
"Aamir_Khan",1
"Abdullah_Abbasi",1
"Afzal_Hayat",1
"Fateh_Ali_Muawiya",1
"Fehmeed_Nawaz",1
"Hafiz_Allah_Ditta",1
"Khurram_Shehzad",1
"Luqman_Khan",1
"Muhammad_Arsalan_Khalid",1
"Muhammad_Aslam_Iqbal",1
"Muhammad_Muzammal_Nazir",1
"Rustam_Khan",1
"Wajid_Kiyani",1
"Waqas_Qudoos",1
"Maazullah_Khan",1
"Muhammad_Sherwan_Amirzada",1
"Ibtsaam_Illahi_Zahir",1
"Sardar_Rafiq_Ar_Sanjrani",1
"Ameer_Ali_Pate_Wale",1
"Muhammad_Aslam_Khan",1
"Ghulam_Fareed_Koreja",1
"Khawja_Ghulam_Fareed_Koreja",1
"Muhammad_Wazeer_Khan_Dundam_Advocate",1
"Ahmad_Kamran_Thaeem_Ansari",1
"Allah_Nawaz",1
"Majeeda_Maria",1
"Malik_Muhammad_Tufail",1
"Syed_Ali_Raza",1
"Zawar_Hussain",1
"Ali_Afsar_Tanoli",1
"Fakhar_e_Alam_Urf_Hazrat",1
"Fida_Hussain",1
"Major_Rtd_Jameel_Ehsan_Kiyani",1
"Mohammad_Ashfaque",1
"Sardar_Haider_Zaman",1
"Sardar_Muhammad_Iqbal_Khan",1
"m_Raza",1
"Moulana_Abdul_Quddoos",1
"Mukhtar_Ali",1
"Nasar_Ullah_Khan",1
"Muhammad_Kashif",4
"Ghulam_Haider",4
"Sardar_Ghulam_Mustafa_Khaskheli",4
"Syed_Mukhtar_Hussain_Shah",4
"Waheed_Ahmad",4
"Sheikh_Rasheed_Ahmed",4
"Abdul_Qayyum",4
"Abdul_Rashid",4
"Aurang_Zeb_Khan",4
"Aziz_Ur_Rehman",4
"Imtiaz_Hussain",4
"Majid_Khan",4
"Muhammad_Ishaq",4
"Muhammad_Ismail",4
"Muhammad_Saleem_Khan",4
"Pir_Dilawar_Shah",4
"Saif_Ullah",4
"Tahir_Iqbal",4
"Abdul_Qadir",4
"Malik_Tariq_Mehmood",4
"Ghulam_Abbas",4
"Kamal_Shah",4
"Usman_Ghani",4
"Muhammad_Ramzan",4
"Abdul_Jabbar",4
"Sajid_Ali",4
"Karim_Ali_Jatoi",4
"Syed_Ghous_Ali_Shah",4
"Muhammad_Saddiq",4
"Muhammad_Zahid",4
"Abdul_Aleem_Khan",4
"Gul_Asghar_Khan",4
"Jahangir_Khan_Tareen",4
"Muhammad_Azhar",4
"Muhammad_Qasim",4
"Muhammad_Latif",4
"Ghulam_Rasool",4
"Syed_Faisal_Imam",4
"Abdul_Jabbar_Khan",4
"Saeed_Ur_Rehman",4
"Syed_Asghar_Ali_Shah",4
"Abdul_Hameed",4
"Abdul_Hameed_Khan",4
"Abdul_Mohsin",4
"Akhtar_Ali_Khan",4
"Akhtar_Muhammad",4
"Bilal_Qudrat_Butt",4
"Ghulam_Nabi",4
"Liaqat_Ali",4
"Liaqat_Baloch",4
"Mahmood_Ul_Hassan",4
"Muhammad_Aslam",4
"Muhammad_Javed",4
"Muhammad_Rafiq",4
"Muhammad_Riaz_Farooq_Sahi",4
"Muhammad_Tahir",4
"Muhammad_Yousuf",4
"Nazir_Ahmed",4
"Nisar_Ahmad",4
"Sahibzada_Tariq_Ullah",4
"Sardar_Khan",4
"Shah_Faisal_Afridi",4
"Sher_Akbar_Khan",4
"Syed_Javed_Hussain_Shah",4
"Abd_Ur_Rasheed",4
"Abdul_Bari",4
"Abdul_Fatah_Pathan",4
"Abdul_Hameed_Alias_Arfan",4
"Abdul_Jamil_Khan",4
"Abdul_Kabeer",4
"Abdul_Razzaq_Khalil",4
"Abdul_Rehman",4
"Abdul_Waheed_Akhtar",4
"Afifa_Athar",4
"Afrasiab_Khattak",4
"Ahktar_Hussain",4
"Ahmad_Jamil_Rashid",4
"Aijaz_Ali",4
"Akbar_Ali_Khan",4
"Akhtar_Hussain_Qureshi",4
"Altaf_Ahmad_Khan",4
"Ameer_Ul_Azeem",4
"Amir_Mahmood_Cheema",4
"Amir_Siddiqui",4
"Amjad_Ali_Khan",4
"Anam_Hamza",4
"Anwar_Ul_Haq",4
"Asad_Ullah",4
"Asim_Muneer",4
"Aslam_Khan",4
"Atif_Imran",4
"Atta_Ullah_Hameed",4
"Atta_Ur_Rehman",4
"Azhar_Ul_Haq",4
"Babar_Rashid",4
"Bakht_Jehan_Khan",4
"Ch__Abid_Hussain",4
"Chaudhary_Abdul_Sattar",4
"Chaudhary_Asadullah",4
"Chaudhry_Irfan_Aslam",4
"Chaudry_Muhammad_Shoukat",4
"Chaudry_Zulfiqar_Advocate",4
"Dedar_Hussain_Behrani",4
"Dr_Atta_Ur_Rehman",4
"Engr_Muhammad_Sikandar_Asad",4
"Faiz_Miran",4
"Fazal_Ahmed",4
"Fazal_Subhan",4
"Fazal_Ur_Rehman_Niazi",4
"Ghanzanfar_Ali_Bajwa",4
"Ghazan_Iqbal",4
"Hafiz_Aqib_Ismail",4
"Hafiz_Muhammad_Arshad",4
"Hafiz_Nasrullah_Aziz",4
"Haji_Sami_Ullah",4
"Hameed_Ud_Din_Awan",4
"Hammad_Hasan_Lashari",4
"Hashmat_Khan",4
"Hizabullah_Jakhro",4
"Iftikhar_Ahmad_Shaikh",4
"Iftikhar_Ahmed",4
"Iftikhar_Nadeem",4
"Imdad_Khan",4
"Imran_Shafiq_Advocate",4
"Imtiaz_Ahmed",4
"Inayat_Ur_Rehman",4
"Iqbal_Khan",4
"Irfan_Ahmed",4
"Irfan_Ullah",4
"Jahangir_Ahmad",4
"Jamal_d_Din",4
"Kamran_Aziz_Ghauri",4
"Kamran_Malik",4
"Kashif_Azam",4
"Khalid_Khan_Yousafzai",4
"Khalid_Mahmood_Mirza",4
"Mahmood_Urf_Mahmood_Illahi",4
"Mairaj_Ul_Huda_Siddiqui",4
"Malik_Abdul_Aziz",4
"Malik_Ghulam_Mohiuddin",4
"Malik_Mateeullah",4
"Malik_Muhammad_Naeem_Haider",4
"Mamtaz_Hussain",4
"Manzoor_Hussain",4
"Maulana_Abdul_Akbar_Chitrali",4
"Maulana_Mehboob_Janan",4
"Maulana_Muhammad_Ismail",4
"Mian_Mohammad_Aslam",4
"Mian_Muslim_Pervaiz",4
"Mir_Muhammad_Baldi",4
"Miraj_Ul_Huda_Siddiqui",4
"Mohtarma_Zaiba_Basharat",4
"Mudassar_Ahmad_Shah",4
"Mufti_Muhammad_Imtiaz_Marwat",4
"Muhammad_Ahmad_Raza",4
"Muhammad_Anwar_Khan",4
"Muhammad_Arif_Gujjar",4
"Muhammad_Arslan_Khan_Khakwani",4
"Muhammad_Ashique",4
"Muhammad_Asim_Khan",4
"Muhammad_Azeem_Tahir_Randhawa",4
"Muhammad_Babar_Khan",4
"Muhammad_Bilal",4
"Muhammad_Ejaz_Malik",4
"Muhammad_Faisal_Bin_Zair",4
"Muhammad_Hanif_Khan",4
"Muhammad_Ibrahim",4
"Muhammad_Ibrahim_Khan",4
"Muhammad_Ijaz",4
"Muhammad_Irfan_Ullah",4
"Muhammad_Ishaq_Khan",4
"Muhammad_Islam",4
"Muhammad_Jabir",4
"Muhammad_Javed_Kasori",4
"Muhammad_Kashif_Chaudhry",4
"Muhammad_Kashif_Gujjar",4
"Muhammad_Musa",4
"Muhammad_Mushtaq",4
"Muhammad_Naeem",4
"Muhammad_Nasir_Nadeem_Gujjar",4
"Muhammad_Rafique",4
"Muhammad_Rehmat_Ullah_Watto",4
"Muhammad_Riaz",4
"Muhammad_Saeed",4
"Muhammad_Safdar_Iqbal",4
"Muhammad_Sami_Ul_Qazi",4
"Muhammad_Shabir_Khanzada",4
"Muhammad_Shahid_Abbas",4
"Muhammad_Sufyan_Abbasi",4
"Muhammad_Tahir_Malik",4
"Muhammad_Tariq_Javed",4
"Muhammad_Tauseef",4
"Muhammad_Umar_Farooq",4
"Muhammad_Usama_Razi_Khan",4
"Muhammad_Waris",4
"Muhammad_Yousaf_Khan",4
"Muhammad_Zubair",4
"Muhmmad_Mudabbar_Siddique",4
"Mumtaz_Hussain",4
"Munam_Zafar_Khan",4
"Munir_Ahmed_Anjum",4
"Mussawair_Shah",4
"Naeem_Ullah",4
"Naeem_Ur_Rehman_Khan",4
"Nageena",4
"Naheem_Ur_Rehman_Khan",4
"Nasir_Mehmood",4
"Naveed_Ali_Baig",4
"Naveed_Iqbal",4
"Niaz_Muhammad",4
"Noor_Ali",4
"Qamar_Zaman_Cheema",4
"Qari_Saeed_Ahmad",4
"Qasim_Mehmood",4
"Raja_Sajid_Sharif",4
"Rana_Abdul_Waheed",4
"Rana_Muhammad_Afzal",4
"Rana_Muhammad_Sikandar_Azam_Khan",4
"Rasheed_Ahmad",4
"Rashid_Farooq",4
"Rustam_Ali_Saqi",4
"Safia_Khanum",4
"Sahibzada_Haroon_u_Rasheed",4
"Saif_Ud_Din",4
"Saif_Ur_Rehman",4
"Sakeena",4
"Saleh_Muhammad",4
"Salman_Ahmed",4
"Samina_Saeed",4
"Sardar_Abdul_Razaq",4
"Sardar_Karam_Khan",4
"Shafiq_Ahmad_Rouf",4
"Shakeela",4
"Shamas_Ur_Rehman",4
"Sharaf_Ud_Din",4
"Sheikh_Muhammad_Afzaal_Shaheen",4
"Shiekh_Usman_Farooq",4
"Shiraz_Khan_Jadoon",4
"Shoukat_Ali_Bhatti",4
"Siraj_Ul_Haq",4
"Sufi_Khalique_Ahmad_Butt",4
"Sultan_Ahmed_Lashari",4
"Syed_Abdul_Rasheed",4
"Syed_Ahmad",4
"Syed_Arif_Shirazi",4
"Syed_Ghaffar",4
"Syed_Ihsan_Ullah_Waqas",4
"Syed_Tariq_Hussain_Shah_Sherazi",4
"Syed_Umer_Farooq",4
"Syed_Ziaullah_Shah_Bukhari",4
"Tahir_Majeed",4
"Tahir_Mehmood_Butt",4
"Talib_Jan",4
"Tariq_Mateen",4
"Tasheen",4
"Tasnim_Khurshid",4
"Tofiq_Ul_Din_Siddiqui",4
"Tohfa_Dastgir_Ahmad",4
"Umar_Farooq",4
"Umar_Farooq_Kanju",4
"Umar_Gul",4
"Usman_Ali",4
"Zabeeh_Ullah_Balgan",4
"Zafar_Ali",4
"Zafar_Hussain_Khan",4
"Zaheer_Babar",4
"Zaheer_Ud_Din_Jatoi",4
"Zubair_Ahmed_Gondal",4
"Zubair_Khadim",4
"Zulfiqar_Ali_Shah",4
"Zulifqar_Ali_Ahmad",4
"Abdul_Aziz",4
"Abdul_Khaliq",4
"Abdul_Latif",4
"Abdul_Waheed_Khan",4
"Atta_Ullah_Khan",4
"Khalid_Mehmood",4
"Muhammad_Alam",4
"Muhammad_Anwar",4
"Muhammad_Ayoub",4
"Muhammad_Hassan",4
"Muhammad_Jamal_Ud_Din",4
"Muhammad_Wali_Shah",4
"Abd_Ul_Ghafoor",4
"Abdul_Haleem",4
"Abdul_Majeed_Anwar",4
"Abdul_Majeed_Hazarvi",4
"Abdul_Qayoom",4
"Abdul_Quyyum",4
"Abdul_Salam",4
"Abdul_Samad_Son_of_Muhammad_Yousuf",4
"Abdul_Wajid_Hussain",4
"Abdullah_Ahmed",4
"Abdur_Rahim_Khan",4
"Abu_Bakar_Brohi",4
"Adnan_Bin_Abdul_Aziz",4
"Agha_Syed_Muhammad_Ayyoob",4
"Ahmad_Mujeeb_Aslam",4
"Ahmed_Naseer",4
"Akhunzada_Irfan_Ullah_Shah",4
"Akram_Khan_Durrani",4
"Allama_Abdul_Raoof_Rabbani",4
"Amanullah_Khan",4
"Amin_Ullah",4
"Aneela",4
"Arbab_Kamal_Ahmad",4
"Asad_Mahmood",4
"Asad_Mehmood",4
"Asghar_Ali_Nasir",4
"Asjad_Mahmood",4
"Asmat_Ullah",4
"Attaul_Haq",4
"Azam_Khan",4
"Ch_Waseem_Ahmed",4
"Engineer_Tahir_Iqbal_Orakzai",4
"Fakharul_Hassan",4
"Farooq_Hussain_Shah",4
"Fazal_Ali",4
"Fazal_Ur_Rehman",4
"Fazlullah",4
"Ghulam_Mohammad_Sadiq",4
"Ghulam_Qadir",4
"Gohar_Ali",4
"Gohar_Mohammad_Khan_Bangesh",4
"Gohar_Muhammad_Khan_Bangash",4
"Hafiz_Abdul_Qadeer",4
"Hafiz_Abdul_Razzak",4
"Hafiz_Abdul_Wadood",4
"Hafiz_Hamdullah",4
"Hafiz_Mahmood_Ul_Hassan",4
"Hafiz_Muhammad_Afzaal",4
"Hafiz_Muhammad_Azam",4
"Hafiz_Muhammad_Jameel_Ahmed",4
"Hafiz_Muhammad_Saeed",4
"Hafiz_Muhammad_Zubair",4
"Hafiz_Shahzad_Bashir",4
"Haider_Ali_Khan",4
"Hajan_Khan_Leghari",4
"Haji_Abdul_Rasheed_Khan_Bhatti",4
"Haji_Ghulam_Ali",4
"Haji_Ghulam_Qadir_Noohani",4
"Haji_Mangey_Khan_Rahija",4
"Haji_Manzoor_Ahmed_Mengal",4
"Hakeem_Muhammad_Asaad",4
"Hameed_Ullah_Jan_Afridi",4
"Hidayat_Ur_Rehman",4
"Ihsan_Ul_Haq",4
"Ijaz_Ul_Haq",4
"Ilhaj_Pervaiz_Khan_Khattak",4
"Imdad_Ullah_Yousafzai",4
"Ishfaq_Ullah_Khan",4
"Kaleem_Ullah_Khan",4
"Khalid_Mahmood",4
"Khalid_Mobeen",4
"Khalid_Waleed",4
"Kifayat_Ullah",4
"Liaq_Muhammad_Khan",4
"Makhdoom_Zada_Syed_Muhammad_Zakaria_Shah",4
"Malik_Gulfraz_Ahmad_Faraz",4
"Malik_Naveed_Ahmed_Advocate",4
"Malik_Qadir_Bukhsh",4
"Malik_Sikandar_Khan",4
"Malik_Zafar_Borrana_Sahab",4
"Maulana_Abdul_Ghafar_Tauhadi",4
"Maulana_Abdullah_Ahmad",4
"Maulana_Abdur_Rashid",4
"Maulana_Fazal_Ur_Rehman",4
"Maulana_Fazli_Azeem",4
"Maulana_Haleem_Ur_Rahman",4
"Maulana_Mian_Hussain_Jalali",4
"Maulana_Muhammad_Gohar_Shah",4
"Maulana_Nizam_Ud_Din",4
"Maulana_Shirin_Muhammad",4
"Maulvi_Mohammad_Abdullah_Jatak",4
"Mehboobullah_Jan_Baqi",4
"Mian_Muhammad_Asif",4
"Mir_Baz_Muhammad_Marri",4
"Mir_Hussain",4
"Misbah_Ud_Din_Wald_e_Ahmad_Din",4
"Misbahul_Alam",4
"Mohammad_Akram_Khan",4
"Mohammad_Ibrahim_Jatol",4
"Molana_Abdul_Ghafoor_Haideri",4
"Molana_Ameer_Zaman",4
"Molana_Fazal_Ur_Rehman",4
"Molana_Muhammad_Gohar_Shah",4
"Molana_Muhammad_Iqbal_Rasheed",4
"Molana_Muhammad_Sabir_Aarfi",4
"Molana_Qamar_Din",4
"Mollana_Ghulam_Qadir_Qasmi",4
"Molvi_Mohammad_Ishaque_Laghari",4
"Molvi_Muhammad_Saleh_Alhadad",4
"Moulana_Abdul_Ghafoor_Haideri",4
"Moulana_Abdul_Malik",4
"Moulana_Abdul_Naeem_Nomani",4
"Moulana_Abdullah_Pahore",4
"Moulana_Hafiz_Sana_Ullah",4
"Moulana_Mohammad_Khan_Sherani",4
"Moulana_Muhammad_Yakoob_Mahar",4
"Moulana_Noor_Ul_Haq",4
"Moulvi_Agha_Muhammad",4
"Mualana_Muhammad_Qasim",4
"Mufti_Abdul_Shakoor",4
"Mufti_Faizul_Haq",4
"Mufti_Kifayat_Ullah",4
"Mufti_Nazir_Ahmed_Umrani",4
"Mufti_Taj_Ud_Din_Rabani",4
"Muhammad_Abdullah",4
"Muhammad_Afzal",4
"Muhammad_Akbar_Tabani",4
"Muhammad_Arif_Wald_Meer_Azam_Khan",4
"Muhammad_Ayaz_Chaudhary",4
"Muhammad_Ayub",4
"Muhammad_Hafeezur_Rahman",4
"Muhammad_Nabi",4
"Muhammad_Naseef_Awan",4
"Muhammad_Nasrullah",4
"Muhammad_Rafique_Abid_Alwi",4
"Muhammad_Riaz_Shaheen",4
"Muhammad_Saeed_Jan",4
"Muhammad_Safdar",4
"Muhammad_Safi_Ullah",4
"Muhammad_Saleh_Indhar",4
"Muhammad_Sardar",4
"Muhammad_Shah_Zaman",4
"Muhammad_Sharif_Sadwani_Mazari",4
"Muhammad_Sher_Khan",4
"Muhammad_Sufyan_Muavia",4
"Muhammad_Tahir_Siddique",4
"Muhammad_Talha_Mahmood",4
"Muhammad_Usman_Badini",4
"Muhammad_Uzair_Jagirani",4
"Muhammad_Yousaf",4
"Muhammad_Zakriya",4
"Muhammad_Zia_Ul_Haq",4
"Muhammad_Zubair_Abbasi",4
"Mulana_Ain_u_Din_Shaker",4
"Mulana_Muhammad_Abdul_Majeed_Farooqe",4
"Musammir_Shah",4
"Mushtaq_Ahmad",4
"Nasir_Khan",4
"Nasir_Mahmood",4
"Niyaz_Ali",4
"Nizam_Din",4
"Nizam_Ud_Din_Lehri",4
"Nizamuddin",4
"Noor_Alam_Khan",4
"Noor_Muhammad",4
"Noor_Muhammad_Shah",4
"Obaid_Ullah",4
"Obaid_Ur_Rehman",4
"Pir_Muhammad_Aqal_Shah",4
"Pir_Syed_Alamzeb_Shah",4
"Qaiser_Khan",4
"Qari_Abdul_Aziz",4
"Qari_Attique_Ur_Rehman",4
"Qari_Khalil_Ur_Rehman",4
"Qari_Mohammad_Yousif",4
"Qari_Muhammad_Safdar_Javed",4
"Qari_Muhammad_Shair_Ali",4
"Rahat_Hussain",4
"Raheem_Ullah",4
"Rashid_Ahmad_Khan",4
"Rashid_Mahmood_Soomro",4
"Rashid_Mehmood_Soomro",4
"Saad_Sultan",4
"Saeed_Ahmad_Awan",4
"Safeer_Alam",4
"Sahabzada_Hafiz_Aziz_Ur_Rehman_Darkhuwasti",4
"Saida_Jan",4
"Saif_Ullah_Saifi",4
"Saif_Ur_Rehman_Rashidi",4
"Saifullah_Khalid",4
"Sajjad_Ahmad",4
"Salah_Ud_Din",4
"Salahuddin_",4
"Saleem_Ullah",4
"Sardar_Ibrar_Khan",4
"Sardar_Meer_Badshah_Khan_Qaisrani",4
"Shafqat_Rehman",4
"Shah_Abdul_Aziz",4
"Shahzane_Khan",4
"Shamsuddin",4
"Shuja_Ul_Mulk",4
"Siraj_Ud_Din",4
"Sultan_Ahmad",4
"Syed_Abdul_Wadood_Azad",4
"Syed_Haroon_Sultan_Bukhari",4
"Syed_Muhammad_Athar",4
"Syed_Qasim_Shah",4
"Syed_Sami_Ullah",4
"Tanveer_Rasool_Qureshi",4
"Tariq_Sultan",4
"Tipu_Sultan",4
"Umer_Ali",4
"Zafarullah_Khan_Gichki",4
"Zahid_Akram_Durrani",4
"Zia_Ur_Rehman_Tamimi",4
"Naseer_Ahmed_Kakar",4
"Muhammad_Arshad",4
"Muhammad_Tahir_Khan",4
"Muhammad_Sadiq",4
"Aasia_Ishaq",4
"Abdul_Baqi",4
"Abdul_Jalil_Bazai",4
"Abdul_Kareem",4
"Abdul_Khalid",4
"Abdul_Majeed_Chohan",4
"Abdul_Qadeer_Khan",4
"Abdul_Qadir_Solangi",4
"Abdul_Rasheed_Godil",4
"Abdul_Salam_Ansari",4
"Abdul_Sattar",4
"Abdul_Sattar_Chaudhary",4
"Abdul_Sattar_Jatoi",4
"Abdul_Waseem",4
"Abdul_Waseem_Khan_Ghouri",4
"Abid_Hussain",4
"Adbul_Rashid_Godil",4
"Advocate_Sikandar_Ali_Keerio",4
"Advocate_Zulfiqar_Ali_Qazi",4
"Afaq_Shafqat",4
"Aftab_Ahmed_Rajput",4
"Aftikhar_Akbar_Randhawa",4
"Agha_Muhammad_Ali_Khan",4
"Agha_Muhammad_Naved",4
"Ahmed_Ali_Buriro",4
"Ahmed_Gabol",4
"Ahmed_Saleem_Siddiqui",4
"Alam_Dar_Hussain_Shah",4
"Alama_Syed_Farman_Raza_Abidi",4
"Alambardar_Hussain_Rizvi",4
"Ali_Asghar_Rind",4
"Ali_Muhammad_Memon",4
"Amin",4
"Aminul_Haque",4
"Anwar_Ali_Khan",4
"Anwer_Sial_Bhai_",4
"Arbab_Abdul_Ghani_Kasi",4
"Arif_Jamal",4
"Arshad_Abdullah_Vohra",4
"Arshad_Iqbal",4
"Arshad_Mahmood_Rabbani",4
"Asad_Ullah_Shah",4
"Asghar_Ali_Parhiar",4
"Asghar_Ali_Parhiar_Advocate",4
"Ashfaq",4
"Atta_Shaikh_Advocate",4
"Aziz_Ullah_Marwat",4
"Babar_Siraj_Mirza",4
"Basir_Ahmad",4
"Begum_Tahira_Asif",4
"Bilal_Hussain",4
"Bisma_Asif",4
"Ch__Hamid_Ali_Wahla",4
"Ch__Muahmmad_Shabbir_Kamboh",4
"Ch__Muhammad_Safdar_Jamna",4
"Ch__Muhammad_Suleman_Gujar",4
"Ch__Zafar_Iqbal",4
"Ch_Abdul_Qayyum_Bajwa_Advocate",4
"Ch_Khalid_Hussain_Bhatti_Advocate",4
"Chaudhry_Iftikhar_Ahmed_Siddhu_Advocate",4
"Chaudhry_Javed_Sarwar",4
"Chaudhry_Munawar_Hafeez",4
"Choudhary_Anwar_Ali_Gill_Advocate",4
"Choudhary_Muhammad_Ilyas",4
"Dev_Das",4
"Dildar_Ahmed_Khaskheli",4
"Doctor_Asif_Rafique",4
"Doctor_Hafiz_Mohammad_Sarwar_Joyia",4
"Dr__Abdul_Qadir_Khanzada",4
"Dr__Ejaz_Hussain",4
"Dr__Farooq_Sattar",4
"Dr__K_s__Mujahid_Khan_Baloch",4
"Dr__Khalid_Maqbool_Siddiqui",4
"Dr__Lala_Rukh_Mustafa",4
"Dr__Muhammad_Ayoub_Shaikh",4
"Dr__Muhammad_Farooq_Sattar",4
"Dr__Mumtaz_Ali_Chandio",4
"Dr__Taj_Hussain_Fani",4
"Dr_Abdul_Razaque_Lashari",4
"Dr_imam_Bux_Khilji",4
"Dr_Muhammad_Musa_Advocate",4
"Dr_nadeem_Ehsan",4
"Dr_Zaib_Un_Nisa",4
"Engineer_Afridi",4
"Engineer_Muhammad_Zakir",4
"Fahmida_Shah_Bukhari",4
"Faiz_Muhammad",4
"Farhan_Chishti",4
"Farhat_Muhammad_Khan",4
"Farkhanda_Khalid",4
"Farrukh_Hussain",4
"Fayyaz_Ali",4
"Fazal_Ul_Rehman",4
"Feroz_Khan",4
"Fouzia_Hameed",4
"Ghaman",4
"Ghazanfar_Anjum_Yousafzai_Advocate",4
"Ghazi_Salahuddin",4
"Ghulam_Akber_Mallah",4
"Ghulam_Asghar_Rind",4
"Ghulam_Farooq_Shahwani",4
"Ghulam_Muhammad_Rajoka",4
"Ghulam_Murtza_Solangi",4
"Ghulam_Mustafa_Sumsam_Qureshi",4
"Ghulam_Yasin",4
"Gulzar_Ali_Mugheri",4
"Habibullah_Khan",4
"Hafeezuddin",4
"Hafiz_Muhammad_Hanif",4
"Haji_Muhammad_Saeed_Arian",4
"Hameed_Hussain",4
"Hamid_Mehmood",4
"Hassan_Sabir",4
"Heer_Soho",4
"Hubdar_Ali",4
"Humayu_Usman",4
"Hussain_Bakhsh_Panhwar",4
"Iftikhar_Mughal",4
"Imran_Khan",4
"Imran_Khan_Rajput",4
"Imtiaz_Ali",4
"Imtiaz_Ali_Lakho",4
"Inayat_Ali_Rind",4
"Inayat_Ul_Haq",4
"Iqbal_Muhammad_Ali_Khan",4
"Irfan_Ali_Bikak",4
"Irfan_Siddique",4
"Irshad_Bano",4
"Izhar_Ul_Haq_Qureshi_Siddiqui",4
"Junaid_Ahmed_Samejo",4
"Junaid_Tariq_Qureshi_Advocate",4
"Kaleem_Khan",4
"Karim_Khan",4
"Kashif_Ali_Khan",4
"Khair_Bux_Khosa",4
"Khalid_Maqbool_Siddiqui",4
"Khawaja_Awais_Mushtaq",4
"Khawaja_Izhar_Ul_Hassan",4
"Khawaja_Sohail_Mansoor",4
"Khursheed_Abbas",4
"Khursheed_Ali",4
"Khushbakht_Shujat",4
"Kiran_Muhammad_Ali",4
"Kokab_Bukhari",4
"m_Ameen_Watoo",4
"Mahrukh_Mirza",4
"Major_r__Habib_Ur_Rehman_Khan_Myo_Advocate",4
"Makhdoom_Syyed_Zawar_Hussain",4
"Malik_Abdul_Hameed_Awan",4
"Malik_Abdul_Rehman_Dehwar",4
"Malik_Ameer_Abdullah_Awan",4
"Malik_Amjid_Hussain_Uttera",4
"Malik_Aurang_Zaib_Awan",4
"Malik_Ejaz_Ahmad_Channar",4
"Malik_Javed_Khan",4
"Malik_Mazhar_Hussain",4
"Malik_Muhammad_Asif_Awan",4
"Malik_Muhammad_Asim",4
"Malik_Subhoh_Saddiq",4
"Malik_Tanveer_Hussain",4
"Malik_Zafar_Iqbal_Boorh",4
"Mangharam",4
"Manzoor_Joori",4
"Maqsood_Ahmed_Awan",4
"Maryam_Bibi",4
"Maulana_Noor_Ul_Haq",4
"Mazhar_Ali_Alvi",4
"Mazhar_Hussain",4
"Mehar_Tajamal_Hussain_Luck",4
"Mehboob_Alam",4
"Mehmood_Qadir_Khanzada",4
"Mehr_Tariq_Maqsood_Advocate",4
"Mian_Aftab_Ahmad_Qureshi",4
"Mian_Muhammad_Ateeq_Sheikh",4
"Mian_Nadeem_Anwar",4
"Mian_Sarfraz_Watto",4
"Mian_Tariq_Ali_Bodla",4
"Mian_Tariq_Mehmood",4
"Mihtab_Hayat_Khan",4
"Mir_Sanaullah_Khan_Murghazani",4
"Mirza_Muhammad_Jameel_Raza",4
"Mohammad_Salman_Khan_Baloch",4
"Mohammad_Umer_Agha_Awaan",4
"Mohammad_Zubair_Anjum",4
"Mohsin_Badshah_Advocate",4
"Mr__Ghulam_Mohiuddin_Durrani__Advocate_",4
"Mr__Rana_Fateh_Muhammad_Rajput",4
"Mr_ferozuddin_Narejo",4
"Mrs__Khush_Bakhat_Shujaat",4
"Mudassar_Ejaz",4
"Muhamamd_Moin_Aamer_Pirzada",4
"Muhammad_Abdul_Rauf_Siddiqui",4
"Muhammad_Adrees",4
"Muhammad_Akhtar",4
"Muhammad_Akram_Arain_Advocate",4
"Muhammad_Aleem",4
"Muhammad_Ali_Jawad",4
"Muhammad_Ali_Rashid",4
"Muhammad_Ali_Rodeni",4
"Muhammad_Amin",4
"Muhammad_Amin_Wattoo_",4
"Muhammad_Anwar_Khantareen",4
"Muhammad_Arif_Brohi",4
"Muhammad_Asif_Jah",4
"Muhammad_Aslam__Retired_",4
"Muhammad_Azam",4
"Muhammad_Hafeez_Tabassum",4
"Muhammad_Hanif_Ansari",4
"Muhammad_Hussain_Awan",4
"Muhammad_Ilyas",4
"Muhammad_Imran_Gill",4
"Muhammad_Imran_Ijaz_Butt",4
"Muhammad_Iqbal_Khan",4
"Muhammad_Jan_Rind",4
"Muhammad_Jawed_Hanif_Khan",4
"Muhammad_Jumma_Changazi",4
"Muhammad_Junaid_Niaz_Siddiqui",4
"Muhammad_Malik",4
"Muhammad_Meraj_Ahmed",4
"Muhammad_Mureed_Brohi",4
"Muhammad_Muzammil_Qureshi",4
"Muhammad_Nawaz",4
"Muhammad_Pervaiz",4
"Muhammad_Ramzan_Lashari",4
"Muhammad_Rashid_Saleem_Khanzada",4
"Muhammad_Rehan_Hashmi",4
"Muhammad_Roshan_Khan",4
"Muhammad_Saeed_Anwar",4
"Muhammad_Saleem",4
"Muhammad_Saleem_Langah",4
"Muhammad_Sarwar_Alvi",4
"Muhammad_Shafique",4
"Muhammad_Shafique_Bhatti",4
"Muhammad_Shahid",4
"Muhammad_Talib_Bhatti",4
"Muhammad_Tariq_Pachar",4
"Muhammad_Tufail_Thakar_Advocate",4
"Muhammad_Yaqoob",4
"Muhammad_Yaseen",4
"Muhammad_Zakir_Shaikh",4
"Muhammad_Zunbair_Anjum",4
"Mujahid_Abbas_Khan",4
"Mulana_Abdul_Baqi_Torkhel",4
"Mumtaz_Bhai",4
"Munawar_Ali_Chohan",4
"Munawar_Ali_Choohan_",4
"Munir_Ahmad",4
"Munir_Ahmed_Pathan",4
"Munzleen",4
"Mushtaq_Ali",4
"Mustafa_Kamal",4
"Muzammil_Hussain_Joyia",4
"Nabeel_Ahmed_Gabol",4
"Nadeem_Brohi_Bhai",4
"Naeem_Ajmal_Khan_Lashari_Bedar",4
"Najma",4
"Naseem_Akhtar",4
"Naseer_Ahmed_Farooqi",4
"Nasir_Ayyub_Awan_Advocate",4
"Naveed_Akhter_Khan",4
"Naveed_Hasan",4
"Nawab_Ali",4
"Nazir_Ahmed_Abbasi",4
"Nazir_Hussain",4
"Nazli_Ifat_Tabasum",4
"Nisar_Ahmed_Shar",4
"Nisar_Ahmed_Sultan_Tanoli",4
"Noor_Ahmad",4
"Noor_Mohammad_Sahito",4
"Paras",4
"Peer_Nasir_Saqlalin_Muhammadi",4
"Pir_Bux_Solangi",4
"Pir_Syed_Farzand_Ali_Shah",4
"Pir_Zaman_Shah",4
"Poonjo_Bheel_Advocate",4
"Prem_Chand",4
"Prof__Mushtaq_Hussain_Mughal",4
"Prof_muhammad_Sagheer_Choudhary_",4
"Professor_Khursheed_Ahmed_Siddiqui",4
"Qalib_Abbas_Malik",4
"Qayum_Khan",4
"Rai_Muhammad_Younas",4
"Raja_Ajaz_Hussain",4
"Raja_Imran_Ashraf",4
"Rana_Abdul_Rehman_Sultani",4
"Rana_Farhat_Ali_Advocate",4
"Rana_Muhamamd_Ashraf",4
"Rana_Muhammad_Abu_Bakar",4
"Rana_Muhammad_Arif_Raza",4
"Rana_Muhammad_Arshad_Khan",4
"Rana_Nisar_Ahmed",4
"Rana_Sajid_Mehmood_Advocate",4
"Rana_Zafar_Ali_Khan",4
"Rana_Zahoor_Ul_Haq_Advocate",4
"Rana_Zulqarnain_Khan",4
"Rao_Abdul_Qayoum_Khan_Advocate",4
"Rao_Abdul_Qayyum_Khan_Advocate",4
"Rao_Muhammad_Farman_Uarf_Chotu_Chacha",4
"Razia_Iqbal",4
"Razziq_Mehmood_Bhatti",4
"Riaz_Ahmed",4
"Riaz_Shar",4
"Rizwan_Zafar",4
"S_a_iqbal_Qadri",4
"Saba_Anwar",4
"Sadiq_Iftikhar",4
"Safdar_Ali",4
"Saifullah_Khan",4
"Sajid_Ahmed",4
"Sajid_Wahab_Khanzada",4
"Sajjad_Ahmad_Naseem",4
"Sakhi_Dad_Mari",4
"Salahuddin",4
"Samia_Naz",4
"Sardar_Afzaal_Ahmed_Madahar_Advocate",4
"Sardar_Ameer_Qalam_Awan",4
"Sardar_Ghulam_Mujtaba_Khan",4
"Sardar_Nabeel_Ahmed_Gabol",4
"Sarfaraz_Khan",4
"Sarwar_Khan_Lashri_Advocate_High_Court_",4
"Shabbir_Ahmed_Qaimkhani",4
"Shah_Nawaz_Mahar",4
"Shahid_Akram",4
"Shahid_Khan_Advocate",4
"Shahid_Parvaiz_Dogar_Advocate",4
"Shahid_Sultan",4
"Shahinshah_Khuddar",4
"Shaikh_Salahuddin",4
"Shakeel_Ahmed",4
"Shaukatullah_Farooqui",4
"Shehbaz_Khan_Umrani",4
"Shehzad_Asif_Javed",4
"Sheikh_Qaisar_Javed",4
"Sheikh_Salahuddin",4
"Sher_Muhammad_Nohri",4
"Siraj-Ud-Din",4
"Sohail_Ahmed_Abbasi",4
"Sohail_Mansoor_Khawaja",4
"Sufyan_Yousuf",4
"Suhail_Ahmed_Abbasi_Advocate_",4
"Suheno",4
"Syed_Akhter_Ul_Iqbal_Qadri",4
"Syed_Ali_Abbas_Shah",4
"Syed_Ali_Raza_Abidi",4
"Syed_Ashraf_Hussain_Shah",4
"Syed_Asif_Hasnain",4
"Syed_Baqar_Ahsan",4
"Syed_Farzand_Ali_Shah",4
"Syed_Ghulam_Shabbir_Shah",4
"Syed_Haider_Abbas_Rizvi",4
"Syed_Imran_Abdullah_so_Syed_Muhammd_Abdullah_Shah",4
"Syed_Imran_Hyder_Shah",4
"Syed_Iqbal_Hussain",4
"Syed_Jamil_Ur_Rab",4
"Syed_Jehan_Shah__Retd_",4
"Syed_Munir_Ul_Haq_Advocate_Attock",4
"Syed_Murtaza_Hussain_Shah",4
"Syed_Nadeem_Hyder_Shah_Advocate",4
"Syed_Nadeem_Mansoor",4
"Syed_Naveed_Anjum_Bukhari",4
"Syed_Rafi_Uddin",4
"Syed_Riffat_Hussain_Shah",4
"Syed_Sajjad_Hussain_Shah",4
"Syed_Tayyab_Hussain",4
"Syed_Waseem_Hussain",4
"Syed_Zafar_Iqbal_Bukhari",4
"Syed_Zahid_Ali_Shah",4
"Ubedullah",4
"Waheed_Ahmed_Mughal",4
"Waheed_Ud_Din",4
"Walidad",4
"Waseem_Ahmed",4
"Waseem_Akhter",4
"Wasiullah_Lakhoo",4
"Wing_Commander_r__Muhammad_Nawaz_Asim",4
"Zafar_Iqbal",4
"Zaheer_Ahmed",4
"Zahid_Ali_Ujjan",4
"Zahid_Mehmood_Kiani",4
"Zair_Ullah_Khan",4
"Zameer_Ahmed",4
"Zeeshan_Hasan_Sidhu_Advocate",4
"Zulfiqar_Ali",4
"Ghulam_Muhammad",4
"Haji_Muhammad_Gulzar_Awan",4
"Nasir_Abbas",4
"Abdul_Rehman_Khan_Jamali",4
"Abdur_Raj_Khan",4
"Adeeba_Gul_Magsi",4
"Alhaaj_Malak_Aurangzeb_Khan",4
"Ali_Asjad_Malhi",4
"Altaf_Hussain_Unar",4
"Amanullah_Khan_Jadoon",4
"Amanullah_Paracha",4
"Ameer_Maqam",4
"Anwar_Ul_Haq_Alias_Anno",4
"Arbab_Zakaullah",4
"Asif_Tauseef_",4
"Aurangzaib_Khan_Khichi",4
"Azeem_u_Deen_Zahid",4
"Begum_Malik_Shoaib_Awan",4
"Bibi_Yasmeen_Shah",4
"Brgd_r__Zulfiqar_Ahmad_Dhillon",4
"Ch__Abdul_Sattar",4
"Ch__Anwar_Ali_Cheema",4
"Ch__Bilal_Ijaz",4
"Ch__Ghais_Ahmed_Mela",4
"Ch__Imran_Ullah",4
"Ch__Muhammad_Ashiq_Dyial",4
"Ch__Nazir_Ahmed_Jatt",4
"Ch__Pervaiz_Ellahi",4
"Ch__Shahid_Akram_Bhinder",4
"Ch__Shamshad_Ahmad_Khan",4
"Ch__Shujaat_Hussain",4
"Ch__Zaffar_Iqbal_Warraich",4
"Ch_amir_Hussain_",4
"Ch_Anwar_Ali_Cheema",4
"Ch_Liaqat_Abbas_Bhatti",4
"Ch_muhammad_Saeed_Virk",4
"Ch_nauraiz_Shakoor_Khan",4
"Ch_Parvez_Elahi",4
"Ch_pervaiz_Elahi",4
"Ch_pervaiz_Ellahi",4
"Ch_Sajid_Hussain_Chatha",4
"Ch_shahbaz_Hussain",4
"Ch_Shoukat_Ali_Bhatti",4
"Ch_shujat_Hussain",4
"Ch_Wajahat_Hussain",4
"Chaudhary_Shahbaz_Hussain",4
"Chaudhary_Wajahat_Hussain",4
"Chaudhry_Muhammad_Anwar_Bhinder",4
"Choudhry_Adil_Saboor",4
"Choudhry_Farrukh_Altaf",4
"Choudhry_Tariq_Bashir_Cheema",4
"Daniyal_Aziz",4
"Dawa_Khan",4
"Dewan_Syed_Ashiq_Hussain_Bukhari",4
"Doctor_Nisar_Ahmad_Jat_",4
"Dr__Ghulam_Hyder_Samejo",4
"Dr_junaid_Mumtaz_Joya",4
"Dr_sher_Afghan_Khan_Niazi",4
"Ehsanullah_Reki",4
"Engineer_Amir_Muqam",4
"Fahad_Malik",4
"Farhad_Ali_Khan",4
"Farkhanda_Amjad_Warraich",4
"Farooq_Ahmed_Khan_Leghari",4
"Fawad_Ahmad",4
"Fazal_Ahmad_Sheikh",4
"Ghias_Ahmad_Mela",4
"Ghous_Bux_Khan_Mahar",4
"Ghulam_Bibi_Bharwana",4
"Ghulam_Sarwar_Khan",4
"Ghulam_Sarwar_Siyal_Babu",4
"Habibullah_Khan_Kundi",4
"Haji_Bilal_Noor_Ansari_",4
"Haji_Mohammad_Islam_Qureshi",4
"Haleem_Adil_Shaikh",4
"Hamayun_Saifullah_Khan",4
"Hamid_Nasir_Chatha",4
"Hamid_Yar_Hiraj",4
"Haroon_Ehsan_Piracha",4
"Humayun_Akhtar_Khan",4
"Hussaini_Shahabuddin_Shah",4
"Ihsan_Ali_Jatoi",4
"Inam_Khan",4
"Irshad_Alam",4
"Ishaq_Khan_Khakwani",4
"Jaffar_Khan_Mandokhel",4
"Jam_Mir_Muhammad_Yousuf",4
"Javed_Iqbal",4
"Javed_Iqbal_Satti",4
"Kh__Tahir_Zia",4
"Khalid_Ahmad_Gurmani",4
"Khalid_Ahmed_Khan_Lund",4
"Khan_Aftab_Ahmad_Khan_Khichi",4
"Khan_Amanullah_Khan",4
"Khan_Muhammad_Dhari",4
"Khawja_Sheeraz_Mehmood",4
"Khurram_Munawar_Manj",4
"Khurram_Munawwar_Munj",4
"Khurshid_Ali_Khan",4
"Liaquat_Ali_Qureshi",4
"Lietutant_Col__r_Ghulam_Rasul_Sahi_",4
"Liquat_Ali_Khan_Jatoi",4
"Maj__r__Habib_Ullah_Warraich",4
"Makhdom_Zada_Syed_Basit_Ahmad_Sultan_Bukhari",4
"Makhdoom_Khusru_Bakhtiar",4
"Makhdoom_Syed_Ahmad_Alam_Anwar",4
"Makhdoom_Syed_Ali_Akbar_Mehmood",4
"Makhdoom_Syed_Faisal_Saleh_Hayat",4
"Malik_Ghulam_Murtaza_Maitla",4
"Malik_Ghulam_Qasim_Hinjra",4
"Malik_Najab_Gul_Khalil_Adv_",4
"Malik_Nauman_Ahmad_Langrial",4
"Malik_Nauman_Ahmed_Langriyal",4
"Malik_Niaz_Ahmad_Jakhar",4
"Mian_Ahmad_Raza_Khan_Maneka",4
"Mian_Khursheed_Mehmood_Kasuri",4
"Mian_Mazhar_Ahmed_Qureshi",4
"Mian_Muhammad_Azhar",4
"Mian_Muhammad_Jehangir",4
"Mian_Muhammad_Kashif_Ashfaq",4
"Mian_Muhammad_Riaz_",4
"Mian_Najeeb_Ud_Din_Awasi",4
"Mian_Rajab_Ali_Khan_Baloch_",4
"Mian_Riaz_Hussain_Pirzada",4
"Mian_Shamim_Haidar",4
"Mian_Yahya_Shah_Kaka_Khel",4
"Mir_Ahmadan_Khan_Bugti",4
"Mir_Ahmedan_Khan_Bugti",4
"Mir_Asim_Kurd",4
"Mir_Atta-Ur-Rehman_Mengal",4
"Mir_Zeeshan_Ali_Panhwar",4
"Mr__Ghulam_Sarwar_Siyal__Babu_",4
"Muhammad_Afrooq_Anwar_Abbasi",4
"Muhammad_Ajmal_Khan_Kanjoo",4
"Muhammad_Asim_Nazir",4
"Muhammad_Aslam_Khan_Kharral",4
"Muhammad_Ayub_Khan_Khattak",4
"Muhammad_Basharat_Raja",4
"Muhammad_Idrees",4
"Muhammad_Ijaz-Ul-Haq",4
"Muhammad_Intikhab_Khan",4
"Muhammad_Mehboob_Sultan",4
"Muhammad_Naseer_Khan",4
"Muhammad_Nasir_Raja",4
"Muhammad_Nawaz_Khan",4
"Muhammad_Raza_Hayat_Hiraj",4
"Muhammad_Saddique_Khan_Baluch",4
"Muhammad_Safdar_Shakir_",4
"Muhammad_Sarwar_Khan_Kakar",4
"Muhammad_Shah_Khagga",4
"Muhammad_Tahir_Shah",4
"Muhammad_Urs_Khero",4
"Muhtarma_Amna_Zulifqar_Dhillon",4
"Mukhdoom_Syed_Sami-Ul-Hassan_Gilani",4
"Mushtaq_Ali_Cheema_",4
"Mustafa_Nawaz_Khokhar",4
"Naseem_Muhammad_Khan",4
"Nasir_Iqbal_Busal",4
"Nasrullah_Khan_Bijarani",4
"Nawab_Zada_Iftikhar_Ahmad_Khan_Babar",4
"Nawabzada_Sardar_Khan_Chandio",4
"Niloufer_Qasim_Mahdi",4
"Peer_Tariq_Ahmed_Shah",4
"Pir_Aslam_Bodla",4
"Pir_Muhammad_Shah_Khagga",4
"Pir_Sajjad_Saeed_Jan_Sirhandi",4
"Professor_Engineer_Rana_Saeed_Ahmed_Zafar",4
"Qari_Mushtaque_Ahmed_Farooqui",4
"Rai_Mansab_Ali",4
"Rai_Muhammad_Aslam_Kharal",4
"Rais_Munir_Ahmad",4
"Raja_Qasim_Javaid_Ikhlas",4
"Raja_Talia_Saeed_Khan",4
"Rana_Asif_Touseef",4
"Rana_Tariq_Javed",4
"Rana_Zahid_Mahmood_",4
"Rao_Muhammad_Ajmal_Khan",4
"Rao_Sikandar_Iqbal",4
"Rehman_Naseer",4
"Rehman_Naseer_Ch_",4
"Riaz_Fatiyana",4
"Rifat_Javed_Kahloon",4
"Rizwan_Sadiq_Khan",4
"Ruquiya_Saeed_Hashmi",4
"Sahibzada_Muhammad_Nazir_Sultan",4
"Said_Badshah",4
"Sajad_Hussain",4
"Saranzaib_Khan",4
"Sardar_Aqil_Omer",4
"Sardar_Ashiq_Hussain_Gopan",4
"Sardar_Awais_Ahmad_Khan_Leghari",4
"Sardar_Bahadar_Ahmad_Khan_Seehar",4
"Sardar_Fateh_Muhammad_Muhammad_Hassani",4
"Sardar_Maqsood_Khan_Leghari",4
"Sardar_Masood_Ali_Khan_Luni",4
"Sardar_Muhammad_Asif_Nakai",4
"Sardar_Muhammad_Israr_Tareen",4
"Sardar_Muhammad_Jafar_Khan_Leghari",4
"Sardar_Muhammad_Nawab_Khan",4
"Sardar_Muhammad_Yaqoob",4
"Sardar_Nasrullh_Khan_Dreshak_",4
"Sardar_Shajehan_Yousaf",4
"Sardar_Talib_Hassan_Nakai",4
"Sardar_Tofail_Ahmed_Khan",4
"Sardar_Yar_Muhammad_Rind",4
"Sayed_Murad_Ali_Shah",4
"Sh__Rasheed_Ahmed",4
"Shad_Ali_Khan",4
"Shahid_Manzoor_Gill",4
"Shahid_Manzoor_Gill_",4
"Shahida_Sattar_Laleka",4
"Shahzada_Muhyuddin",4
"Sheikh_Jafar_Khan_Mandokhail",4
"Sheikh_Muhammad_Anwar",4
"Sheikh_Muhammad_Tahir_Rasheed",4
"Sheikh_Waqas_Akram",4
"Shoukat_Ali_Khan",4
"Shujaat_Ali_Khan",4
"Sikandar_Hayat_Khan_Bossan",4
"Suhrab_Ali",4
"Sultan_Shahab_Jahangir",4
"Sumaira_Malik",4
"Syed_Ayaz_Ali_Shah_Sheerazi",4
"Syed_Gulzar_Sabtain_Shah",4
"Syed_Mujahid_Ali_Shah",4
"Syed_Noor-Ul-Hassan_Shah",4
"Syed_Obaidullah",4
"Syed_Qurban_Ali_Shah",4
"Syed_Riaz_Hussain_Shah_Sheerazi",4
"Tahir_Bashir_Cheema",4
"Tahir_Hussain_Shah_",4
"Taj_Mohammad_Shaikh",4
"Tariq_Bashir_Cheema",4
"Umar_Ayub_Khan",4
"Umar_Zeb_Khan",4
"Waseem_Gulzar",4
"Wazir_Mohammad_Safi",4
"Zafarullah_Tarar",4
"Zaheer_Ud_Din",4
"Zahid_Nazir",4
"Zardali_Khan",4
"Zargul_Khan",4
"Syed_Inayat_Ali_Shah",4
"Syed_Javed_Ali_Shah",4
"Abdul_Razzaq",4
"Muhammad_Younas",4
"Abbas_Khan_Afridi",4
"Abdul_Ghaffar_Dogar",4
"Abdul_Hakeem_Baloch",4
"Abdul_Hameed_Rajput",4
"Abdul_Hamid_Orakzai",4
"Abdul_Khaliq_Khar",4
"Abdul_Majeed_Khan",4
"Abdul_Qadeer",4
"Abdul_Qadir_Khan",4
"Abdul_Rehman_Khan_Kanju",4
"Abdul_Subhan",4
"Abdulkhaliq",4
"Abdullah",4
"Abdullah_Sheedi",4
"Abid_Ali",4
"Abid_Ali_",4
"Abid_Azeem",4
"Abid_Sheer_Ali",4
"Adrees_Bajwa_",4
"Agha_Muhammad_Munwar",4
"Ahmad_Atteeq_Anwer",4
"Ahmad_Hussain_Dehar",4
"Ahmad_Raza_Maneka",4
"Ahsan_Iqbal",4
"Akhlaq_Younas",4
"Akhtar_Hussain_Jadoon",4
"Akhtiar_Wali",4
"Akhundzada_Badruddin",4
"Alam_Dad_Laleka",4
"Alamzeb_Khan",4
"Alhaj_Muhammad_Farid_Mufakkar",4
"Ali_Gohar_Khan",4
"Ali_Mohammad_Khan_Juna_Advocate",4
"Ali_Raza_Cholyani",4
"Ali_Sher_Khan",4
"Ali_Zahid",4
"Allando_Shah_Alias_Zafar_Ali_Shah",4
"Amir_Muqam",4
"Amir_Talal_Gopang",4
"Ammar_Ahmad_Khan_Leghari",4
"Anjum_Aqeel_Khan",4
"Anwar_Ul_Haq_Chaudhary",4
"Arshad_Manan_Yousaf_Zai",4
"Asghar_Ali_Awan",4
"Asghar_Ali_Shah",4
"Asif_Ali_Malik",4
"Asif_Aqeel",4
"Aslam_Bodla",4
"Atta_Ullah_Tarar",4
"Ayaz_Amir",4
"Azad_Ali_Tabassum",4
"Azhar_Qayyum_Nahra",4
"Azhar_Qayyum_Nehra",4
"Babar_Nawaz_Khan",4
"Bashir_Ahmed",4
"Baz_Gul_Afridi",4
"Begum_Tehmina_Doultana",4
"Bilal_Azhar_Kayani",4
"Bilal_Yaseen",4
"Capt_r_Muhammad_Safdar",4
"Ch__Abid_Raza",4
"Ch__Ashfaq_Ahmed_Mattu",4
"Ch__Mehmood_Bashir_Virk",4
"Ch__Mubashir_Hussain",4
"Ch__Muhammad_Jafar_Iqbal",4
"Ch__Muhammad_Riaz",4
"Ch__Nisar_Ali_Khan",4
"Ch__Safdar-Ur-Rehman",4
"Ch__Saud_Majeed",4
"Ch_Armaghan_Subhani",4
"Ch_Asad_Ur_Rehman",4
"Ch_bilal_Ahmed_Virk",4
"Ch_Jaffar_Iqbal",4
"Ch_muhammad_Ali_Gujar__Advocate",4
"Ch_Muhammad_Ashraf",4
"Ch_muhammad_Munir_Azhar",4
"Ch_Nadeem_Abbas_Rebera",4
"Ch_Nisar_Ali_Khan",4
"Chaudhary_Abid_Raza",4
"Chaudhary_Asad-Ur-Rehman",4
"Chaudhary_Asad_Ur_Rehman",4
"Chaudhary_Farrukh_Altaf",4
"Chaudhary_Iftikhar_Nazir",4
"Chaudhary_Khalid_Javed",4
"Chaudhary_Mahmood_Bashir_Virk",4
"Chaudhary_Muhammad_Ashraf",4
"Chaudhary_Muhammad_Ashraf_Gujjar",4
"Chaudhary_Muhammad_Barjees_Tahir",4
"Chaudhary_Muhammad_Iqbal",4
"Chaudhary_Muhammad_Shahbaz_Babar",4
"Chaudhary_Naseer_Ahmed_Sidhu",4
"Chaudhary_Nazeer_Ahmad",4
"Chaudhary_Nazir_Ahmad",4
"Chaudhary_Nisar_Ali_Khan",4
"Chaudhry_Khadim_Hussain",4
"Chaudhry_Khalid_Javed_Warraich",4
"Chaudhry_Mahmood_Bashir_Virk",4
"Chaudhry_Muhammad_Jamil_Johar_Advocate",4
"Chaudhry_Muhammad_Munir_Azhar",4
"Chaudhry_Naseer_Ahmed_Bhutta",4
"Chaudry_Armaghan_Subhani",4
"Choudhary_Iftikhar_Nazir",4
"Choudhary_Muhammad_Barjees_Tahir",4
"Choudhry_Muhammad_Shahbaz_Babar",4
"Choudhry_Muhammad_Tarique",4
"Chudhary_Bilal_Ahmed_Virk",4
"Chudhary_Hamid_Hameed",4
"Col_r__Mian_Muhammad_Akram_Advocate",4
"Daniyal_Ahmed",4
"Danyal_Choudhary",4
"Dewan_Ashiq_Hussain_Bukhari",4
"Dewan_Syed_Jaffar_Hussain",4
"Dilawar_Khan",4
"Doctor_Hafeez_Ur_Rehman_Khan_Drishak",4
"Doctor_Liaquat_Ali_Khan",4
"Dr__Abu-Ul-Hassan_Ansari",4
"Dr__Azeem-Ud-Din_Zahid_Lakhvi",4
"Dr__Imtiaz_Ahmed",4
"Dr__Mian_Akhtar_Ali_Lalika",4
"Dr__Muhammad_Afzal_Khan_Dhandla",4
"Dr__Syed_Ali_Hyder_Shah",4
"Dr__Tariq_Fazal_Chudhary",4
"Dr__Zulfiqar_Ali_Bhatti",4
"Dr_hafiz_Shabbir_Ahmed",4
"Dr_Rahila_Gul_Magsi",4
"Dr_syed_Khawar_Ali_Shah",4
"Dr_tariq_Fazal_Chaudhry",4
"Ehsan-Ul-Haq_Idrees_Advocate",4
"Ehsan_Ul_Haq_Bajwa",4
"Engineer_Abdul_Munim_Khan",4
"Engineer_Iqbal_Zafar_Jhagra",4
"Engineer_Khuram_Dastgir_Khan",4
"Engr_Khurram_Dastgir_Khan",4
"Faheem_Advocate",4
"Faiz_Muhammad_Khan",4
"Farah_Awan_Advocate",4
"Farah_Khan",4
"Farhat_Ullah_Khan",4
"Farid_Khan_Yousafzai",4
"Farkhanda_Amjad_Waraich",4
"Fida_Muhammad",4
"Furqan_Ali",4
"Ghalib_Khan",4
"Ghani_Ur_Rehman",4
"Ghulam_Hyder_Phulpoto",4
"Ghulam_Muhammad_Lali",4
"Ghulam_Rasool_Sahi",4
"Ghulam_Shoaib",4
"Hafeez_Ur_Rehman_Khan_Drishak",4
"Hafiz_Abdul_Kareem",4
"Hafiz_Abdul_Karim",4
"Hafiz_Masroor_Lateef",4
"Haji_Arz_Muhammad_Barech",4
"Haji_Jamal_Shah_Kakar",4
"Haji_Javed_Iqbal_Jat",4
"Haji_Muhammad_Akram_Ansari",4
"Haji_Muzaffar_Ali_Shajra",4
"Haji_Waris_Khan_Achakzai",4
"Haji_Zar_Khan_Safi",4
"Hameer_Imdad_Unar",4
"Hammad_Nawaz_Khan",4
"Hamza",4
"Hamza_Shahbaz_Sharif",4
"Hizbullah_Gandapur",4
"Humair_Hayat_Khan_Rokhari",4
"Husnain_Rashid",4
"Ibadullah",4
"Iftikhar_Uddin",4
"Ihasn_Kareem_Qureshi",4
"Ijaz_Ahmed_Chaudhary",4
"Illah_Bukhsh_Soomro",4
"Illahi_Bux_Soomro",4
"Imtiaz_Ahmad_Gondal",4
"Inamullah_Khan_Niazi",4
"Iqbal_Zaffar_Jhagra",4
"Irfan_Aziz_Kurd",4
"Ishtiaq_Ahmed_Advocate",4
"Jalal_Khan_Khattak",4
"Jam_Kamal_Khan",4
"Jamil_Ahmad_Khan",4
"Javaid_Ibrahim_Paracha",4
"Javed_Akhter",4
"Jehanzeb_Khan",4
"Justice_r__Iftikhar_Ahmad_Cheema",4
"Justice_r_Iftikhar_Ahmad_Cheema",4
"Kaleem_Akbar_Durrani",4
"Kalim_Akbar",4
"Khalid_Aziz",4
"Khawaja_Ahmad_Hassan",4
"Khawaja_Muhammad_Asif",4
"Khawaja_Muhammad_Asif_",4
"Khawaja_Saad_Rafique",4
"Khudai_Noor",4
"Khurram_Dastagir_Khan",4
"Liaqat_Ahmed_Khan",4
"Liaquat_Ali_Jamali",4
"Lt_Gen_r__Salah-Ud-Din_Trimzi",4
"Lt_gen_r_Abdul_Qadir_Baloch",4
"m_Aslam_Buledi",4
"m_Junaid_Anwar_Chaudhary",4
"Mailk_Sohail_Khan",4
"Major_r_Amir_Aziz_Kurd",4
"Major_Rtd_Tahir_Iqbal",4
"Makdum_Syed_Ahmad_Alam_Anwer",4
"Makhadom_Jamil_Ahmed_Hussain_Bukhari",4
"Makhdoom_Faisal_Saleh_Hayat",4
"Makhdoom_Moeen_Uddin_Ali",4
"Makhdoom_Moin_Ud_Din_Ali_Hashmi",4
"Makhdoom_Muhammad_Javed_Hashmi",4
"Makhdoom_Syed_Ali_Hassan_Gillani",4
"Makhdoom_Syed_Sami_Ul_Hassan_Gilani",4
"Makhdoomzada_s_b_a_Sultan",4
"Malak_Muhammad_Zeb_Khan",4
"Malak_Syed_Ahmad",4
"Malik_Abdul_Ghaffar_Dogar",4
"Malik_Abrar_Ahmad",4
"Malik_Akhtar_Hussain_Awan",4
"Malik_Ghulam_Qasim_Hanjra",4
"Malik_Ibrar_Ahmed",4
"Malik_Ihtebar_Khan",4
"Malik_Iqbal_Mehdi_Khan",4
"Malik_Khalid_Naeem",4
"Malik_Majid_Bucha",4
"Malik_Maula_Dad_Khan_Sherani_",4
"Malik_Muhammad_Afzal_Khokhar",4
"Malik_Muhammad_Asad_Khan",4
"Malik_Muhammad_Basit_Khar",4
"Malik_Muhammad_Iqbal_Chanar",4
"Malik_Saif_Ul_Malook_Khokar",4
"Malik_Shakeel_Ahmed_Awan",4
"Malik_Shakir_Bashir_Awan",4
"Malik_Sohail_Khan",4
"Malik_Sultan_Mehmood",4
"Mansoor_Kamal_Marwat",4
"Maryam_Nawaz_Sharif",4
"Mehar_Ishtiaq_Ahmad",4
"Mian_Abdul_Manan",4
"Mian_Abdul_Mannan_",4
"Mian_Abdul_Rasheed",4
"Mian_Faiz-Ul-Hassan",4
"Mian_Imtiaz_Ahmad",4
"Mian_Imtiaz_Ahmed",4
"Mian_Javed_Latif",4
"Mian_Manzoor_Hussain",4
"Mian_Margoob_Ahmad",4
"Mian_Muhammad_Arshad_Abbas_Qureshi",4
"Mian_Muhammad_Farooq",4
"Mian_Muhammad_Ilyas_Rasheed",4
"Mian_Muhammad_Nawaz_Sharif",4
"Mian_Muhammad_Qasim_Farooq_",4
"Mian_Muhammad_Rasheed",4
"Mian_Muhammad_Shahbaz_Sharif",4
"Mian_Muhammad_Sharif_Zafar_Joia",4
"Mian_Najibuddin_Awaisi",4
"Mian_Riaz_Hussain_Peerzada",4
"Mian_Shahid_Hussain_Khan",4
"Mian_Shahid_Hussain_Khan_Bhatti",4
"Mian_Yawar_Zaman",4
"Mir_Amanullah_Talpur",4
"Mir_Atta_Ullah",4
"Mir_Dosteen_Khan_Domki",4
"Mir_Khan_Muhammad_Jamali",4
"Mir_Mehrullah_Khan_Umrani",4
"Mohammad_Riyaz",4
"Mohmmad-Ul-Mulk__Akhon_Zada_",4
"Mohsin_Shah_Nawaz_Ranjah",4
"Mohsin_Shah_Nawaz_Ranjha",4
"Mohsin_Shahnawaz_Ranjha",4
"Mohtarmatehmina_Doultana",4
"Moin_Khan",4
"Molana_Asif_Muawia",4
"Mr__Makhdoom_Shah_Nawaz_Qureshi",4
"Mr_babu_Sarfraz_Khan_Jatoi",4
"Mr_liaquat_Ali_Jatoi",4
"Mrs_Amjad_Ali_Warraich",4
"Muhabbat_Khan",4
"Muhammad_Abad",4
"Muhammad_Abdul_Ghaffar_Watto",4
"Muhammad_Afzal_Khokhar",4
"Muhammad_Akbar_Khan",4
"Muhammad_Akhtar_Khan_Kanjoo",4
"Muhammad_Akhtar_Khan_Kanju",4
"Muhammad_Akhter_Khadam_Alias_Khadam_Hussain",4
"Muhammad_Akram_Mughal",4
"Muhammad_Amjad_Farooq_Khan_Khosa",4
"Muhammad_Arif_Ch",4
"Muhammad_Arshad_Khan_Laghari",4
"Muhammad_Asad_Ali_Khan_Junejo",4
"Muhammad_Asim_Nazeer",4
"Muhammad_Aslam_Khan_Khattak",4
"Muhammad_Azhar_Khan_Laghari",4
"Muhammad_Baleegh-Ur-Rehman",4
"Muhammad_Baligh_Ur_Rehman",4
"Muhammad_Barjees_Tahir",4
"Muhammad_Faiz_Tamman",4
"Muhammad_Farooq_Baha-Ul-Haq_Shah",4
"Muhammad_Hamid_Hameed",4
"Muhammad_Hamza_Shehbaz_Sharif",4
"Muhammad_Hanif_Abbasi",4
"Muhammad_Humair_Hayat_Khan_Niazi",4
"Muhammad_Israr",4
"Muhammad_Jamil_Malik",4
"Muhammad_Junaid_Anwaar_Chaudhry",4
"Muhammad_Junaid_Anwaar_Chudhary",4
"Muhammad_Khan_Daha",4
"Muhammad_Moeen_Wattoo",4
"Muhammad_Mueen_Watto",4
"Muhammad_Nawaz_Sharif",4
"Muhammad_Nazir_Khan",4
"Muhammad_Nisar_Khan",4
"Muhammad_Numan",4
"Muhammad_Pervaiz_Malik",4
"Muhammad_Qasim_Farooq",4
"Muhammad_Riaz_Malik",4
"Muhammad_Sana_Ullah_Khan_Masti_Khel",4
"Muhammad_Shahbaz_Sharif",4
"Muhammad_Shoaib_Khan",4
"Muhammad_Tahir_Ameer_Ghroi",4
"Muhammad_Talal_Chaudhry_",4
"Muhammad_Tallal_Choudhary",4
"Muhammad_Ullah",4
"Muhammad_Usman_Awaisi",4
"Muhammad_Uzair_Khan",4
"Muhammad_Yaqub_Sheikh",4
"Muhammad_Yar_Khan_Kamoka",4
"Muhammad_Yousaf_Kakar",4
"Mukhdoom_Syed_Asad_Murtaza_Geelani",4
"Mukhtar_Ahmed_Malik",4
"Mumtaz_Ahmad_Tarar",4
"Munawar_Hayat_Abbasi",4
"Murtaza_Javed_Abbasi",4
"Mushahid_Raza",4
"Mushahidullah_Khan",4
"Nadeem_Abbas",4
"Naheed_Parveen",4
"Naik_Amal_Khan",4
"Najeeb_Ullah_Khan_Niazi",4
"Nasar_Iqbal_Bosal",4
"Nasir_Iqbal_Bosal",4
"Nasir_Khan_Mosazai",4
"Nawab_Arshad_Ali_Talpur",4
"Nawab_Salman_Khan_Khilji",4
"Nawab_Sher",4
"Nawab_Zada",4
"Nawabzada_Jangaiz_Khan_Marri",4
"Nawabzada_Khawaja_Muhammad_Khan_Hoti",4
"Nawabzada_Mazher_Ali",4
"Niaz_Muhammad_Khan",4
"Nisar_Ahmed_Cheema",4
"Nisar_Akbar_Khan_",4
"Noor_Ul_Hassan_Tanveer",4
"Obaid_Ullah_Khan_Shadi_Khel",4
"Obaid_Ullah_Shadi_Khel",4
"Omar_Ayub_Khan",4
"Parveen_Bashir",4
"Pir_Muhammad_Amin_Ul_Hasnat_Shah",4
"Pir_Muhammad_Aslam_Bodla",4
"Pirzada_Muhammad_Ashraf_Zia",4
"Professor_Doctor_Noor_Muhammad_Ghafari",4
"Qadir_Bux",4
"Qaiser_Ahmad_Sheikh",4
"Qaiser_Ahmed_Sheikh",4
"Raees_Khan",4
"Rahim_Bux",4
"Rai_Mansab_Ali_Khan",4
"Rai_Muhammad_Saleem_Raza_Kharral_Advocate",4
"Rai_Salah-Ud-Din",4
"Raja_Javed_Ikhlas",4
"Raja_Muhammad_Asad_Khan",4
"Raja_Muhammad_Javed_Ikhlas",4
"Raja_Muhammad_Safdar",4
"Raja_Osama_Sarwar",4
"Raja_Qamar_Ul_Islam",4
"Rajab_Ali_Khan_Baloch",4
"Rana_Abdul_Sattar_Bin_Rana_Shamim_Ahmed_Khan",4
"Rana_Afzaal_Hussain",4
"Rana_Iradat_Sharif_Khan",4
"Rana_Mahmood-Ul-Hassan",4
"Rana_Mehmood_Ul_Hassan",4
"Rana_Mubasshir_Iqbal",4
"Rana_Muhammad_Afzal_Khan",4
"Rana_Muhammad_Hayat_Khan",4
"Rana_Muhammad_Ishaq_Khan",4
"Rana_Nazir_Ahmad_Khan",4
"Rana_Qasim_Noon",4
"Rana_Sana_Ullah_Khan",4
"Rana_Shamim_Ahmed_Khan",4
"Rana_Tanveer_Hussain",4
"Rana_Umer_Nazir_Khan",4
"Rana_Zahid_Hussain_Khan",4
"Rao_Abid_Rizwan_Shoukat",4
"Rao_Mazhar_Hayyat_Khan",4
"Rao_Muhammad_Mohsin_Ali_Khan",4
"Rasheed_Ahmad_Khan",4
"Rasool_Bux_Jakhro",4
"Rehan_Malik_Advocate",4
"Rehan_Qaiser_Sheikh",4
"Rehmat_Salam_Khattak",4
"Riaz_Ahmad_Khan",4
"Riaz_Ul_Haq",4
"Rooh_Ullah_Khan",4
"Rozina",4
"Saad_Ullah_Tareen",4
"Saad_Waseem",4
"Saboohuddin_Malik",4
"Saddique_Khan_Baloch",4
"Sadia_Shabir",4
"Saeed_Ahmed_Khan_Manais",4
"Saeed_Ahmed_Manais",4
"Sahabzada_Syed_Murtaza_Amin",4
"Sahibzada-Faizul-Hassan",4
"Sahibzada_Faiz_Ul_Hassan",4
"Sahibzada_Haji_Muhammad_Fazal-e-Kareem_",4
"Sahibzada_Muhammad_Tahir_Sultan",4
"Sahibzada_Shabbir_Hassan_Ansari",4
"Saima_Akhtar_Bharwana",4
"Saira_Afzal_Tarar",4
"Saira_Tarar",4
"Sajid_Mehdi",4
"Sajjad_Ahmed_Sohal",4
"Sajjad_Ali",4
"Sajjad_Anwar_Khan",4
"Sakina_Anwer",4
"Salar_Khan",4
"Saleem_Zia",4
"Salman_Hanif",4
"Sardar_Adil_Umar",4
"Sardar_Ayaz_Sadiq",4
"Sardar_Fateh_Muhammad_Hasni",4
"Sardar_Ghulam_Abbas",4
"Sardar_m_Yaqoob_Nasir",4
"Sardar_Mansab_Ali_Dogar",4
"Sardar_Mansab_Ali_Doggar",4
"Sardar_Mehtab_Ahmed_Khan",4
"Sardar_Muhammad_Amjad_Farooq_Khan_Khosa",4
"Sardar_Muhammad_Arshad_Khan_Laghari",4
"Sardar_Muhammad_Irfan_Dogar",4
"Sardar_Muhammad_Jaffar_Khan_Leghari",4
"Sardar_Muhammad_Mushtaq_Khan",4
"Sardar_Muhammad_Saif-Ul-Din_Khan_Khosa",4
"Sardar_Muhammad_Shafqat_Hayat_Khan",4
"Sardar_Muhammad_Yaqoob_Khan_Nasir",4
"Sardar_Muhammad_Yousaf",4
"Sardar_Muhammad_Yousaf_Zaman",4
"Sardar_Mumtaz_Khan",4
"Sardar_Noor_Ahmed_Khan_Malaizai",4
"Sardar_Riaz_Mahmood_Khan_Mazari",4
"Sardar_Sanaullah_Zehri",4
"Sarzamin_Khan",4
"Saud_Majeed",4
"Shabbir_Ahmed_Hyderi",4
"Shah_Jee_Gul_Afridi",4
"Shahab_Ud_Din_Khan",4
"Shahibzada_Faiz_Ul_Hassan",4
"Shahid_Khaqan_Abbasi",4
"Shahid_Khaqan_Abbassi",4
"Shahid_Usman",4
"Shaikh_Maqsood_Ahmed",4
"Shaikh_Rohale_Asghar",4
"Shams_Ur_Rehman_Khattak",4
"Sharafat_Khan",4
"Shazia_Mubashar",4
"Shehzad_Asghar_Khan_Rind__Advocate",4
"Sheikh_Abdul_Sattar_Mandokhel",4
"Sheikh_Aftab_Ahmad",4
"Sheikh_Aftab_Ahmed",4
"Sheikh_Fayyaz_Ud_Din",4
"Sheikh_Muhammad_Akram",4
"Sheikh_Muhammad_Tariq_Rasheed",4
"Sheikh_Rohale_Asghar",4
"Sheikh_Roheel_Asghar",4
"Sher_Afghan_Khan",4
"Sher_Rehman",4
"Shezra_Mansab_Ali_Khan_Kharal",4
"Sidra_Tel_Muntaha",4
"Sikander_Ali_Mirani",4
"Skindar_Hayyat_Khan_Bosan",4
"Sobia_Shahid",4
"Sohail_Ahmad",4
"Sohail_Shoukat_Butt",4
"Speen_Gul",4
"Sumaira_Naz",4
"Syed_Ansub_Raza_Fatmi",4
"Syed_Attaullah_Shah_Bukhari",4
"Syed_Basit_Sultan_Bukhari",4
"Syed_Faisal_Abbas",4
"Syed_Fakhar_Imam",4
"Syed_Ghulam_Mustafa_Shah_s_o_Syed_Asadullah_Shah",4
"Syed_Hafeezuddin",4
"Syed_Iftikhar_Ul_Hassan",4
"Syed_Imran_Ahmad_Shah",4
"Syed_Imran_Ahmed_Shah",4
"Syed_Javed_Hassan",4
"Syed_Javed_Hassnain",4
"Syed_Javed_Hassnain_Shah",4
"Syed_Mobeen_Ahmed",4
"Syed_Muhammad_Abdullah_Shah",4
"Syed_Muhammad_Ali_Shah_Bacha_Lala",4
"Syed_Muhammad_Ashiq_Hussain_Shah",4
"Syed_Muhammad_Athar_Hussain_Shah_Gillani",4
"Syed_Muhammad_Iqbal_Shah",4
"Syed_Muhammad_Nihal_Hashmi",4
"Syed_Muhammad_Rafi_Ud_Din_Bukhari",4
"Syed_Muhammad_Raza_Bukhari",4
"Syed_Muhammad_Saleem_Ashrafi",4
"Syed_Muhammad_Salman_Mohsin_Gillani",4
"Syed_Muhammad_Saqlain_Bukhari",4
"Syed_Raza_Ali_Bukhari",4
"Syed_Riaz_Hussain_Shah_Sherazi",4
"Syed_Sajid_Mehdi",4
"Syed_Zahoor_Shah",4
"Syed_Zulfiqar_Ali_Shah",4
"Syeda_Nosheen_Iftikhar",4
"Syeda_Shehr_Bano_Bukhari",4
"Tariq_Fazal_Chaudhry",4
"Tehmina_Daultana",4
"Toor_Gul_Khan_Jogezai",4
"Umer_Sohail_Zia_Butt",4
"Usman_Ibrahim",4
"Uzair_Tariq",4
"Waheed_Alam_Khan",4
"Wajid_Ali_Khan",4
"Waseem_Akhtar_Shaikh",4
"Waseem_Akhtar_Sheikh",4
"Wazeer_Ahmed_Afridi",4
"Yasir_Khan",4
"Zahid_Hamid",4
"Zahid_Khan_Afridi",4
"Zaib_Jafar",4
"Zain-Ul-Abideen_Ansari",4
"Zain_Ansari",4
"Zain_Ul_Abdin_Ansari",4
"Zakir_Hussain_Mari",4
"Zameer_Hussain_Leghari",4
"Zar_Khan",4
"Zobaida_Jalal",4
"Zulifqar_Ali_Bhindar",4
"Muhammad_Asif",4
"Muhammad_Haris",4
"Aarif_Aziz_Sheikh",4
"Abdul_Akbar_Khan",4
"Abdul_Aziz_Memon",4
"Abdul_Berr",4
"Abdul_Ghafoor_Chaudhary",4
"Abdul_Habib_Memon",4
"Abdul_Qadir_Patel",4
"Abdul_Qayyum_Khan_Jatoi",4
"Abdul_Qudoos_Awan",4
"Abdul_Rauf_Advocate",4
"Abdul_Razzaq_Raja",4
"Abdul_Sattar_Bachani",4
"Abdul_Wahab",4
"Abdul_Wahab_Barakzai",4
"Abdul_Waheed",4
"Abdullah_Bloch",4
"Abid_Hussain_Sathi",4
"Abid_Ullah_Yousafzai",4
"Abrar_Azam",4
"Adeel_Ghulam_Mohy_Ud_Din",4
"Aezid_Mahmood_Khan_",4
"Aftab_Ahmad_Khan_Sherpao",4
"Aftab_Alam",4
"Aftab_Shahban_Mirani",4
"Agha_Shafqatullah",4
"Ahmad_Hassan",4
"Ahmad_Mustafa",4
"Ahmad_Shah_Khan",4
"Ahmed_Ali_Khosa",4
"Ahmed_Jan",4
"Aijaz_Ahmed_Halepoto",4
"Aijaz_Hussain_Jakhrani",4
"Aitzaz_Rasheed",4
"Ajmal_Khan",4
"Akhtar_Javid_Khan",4
"Alam_Zaib_Khan",4
"Alamzaib_Umerzai",4
"Alhaj_Muhammad_Asad_Bhatti",4
"Ali-Uz-Zaman",4
"Ali_Ahmed",4
"Ali_Gohar_Khan_Mahar",4
"Ali_Jan_Mazari",4
"Ali_Javed",4
"Ali_Muhammad_Khan_Mahar",4
"Ali_Muhammad_Sahito",4
"Ali_Muhammad_Sehto",4
"Ali_Musa_Gilani",4
"Allah_Yar",4
"Altaf_Hussain_Virk",4
"Aman_Ullah_Wald_Gul_Azad",4
"Amanullah",4
"Amjad_Ali_Jutt",4
"Amjad_Yaqoub",4
"Anwar-Ul-Haq_Ramay",4
"Anwar_Saifullah_Khan",4
"Arbab_Alamgir_Khan",4
"Arbab_Wazir_Ahmed_Memon",4
"Arif_Aziz_Shaikh",4
"Asad_Alam_Niazi",4
"Asad_Ullah_Khan",4
"Asghar_Ali_Jara",4
"Asif_Ali_Zardari",4
"Asif_Bashir",4
"Asma_Shahnawaz_Cheema",4
"Athar_Hassan_Khan_Gorchani",4
"Aurangzeb_Shaafi_Burki",4
"Aurangzeb_Shafi_Barki",4
"Ayatullah_Durrani",4
"Ayaz_Imran",4
"Ayub_Shah",4
"Azeem_Daultana",4
"Baber_Sultan_Jadoon",4
"Babu_Nafees_Ahmad_Ansari",4
"Bari_Khan",4
"Barrister_Gohar_Ali_Khan",4
"Barrister_Mian_Amir_Hassan",4
"Basharat_Ali_Wald_Faqir_Muhammad",4
"Begum_Shahnaz_Javed",4
"Bilawal_Bhutto_Zardari",4
"Bushra_Aitzaz_Ahsan",4
"Capt__Rtd__Rai_Ghulam_Mujtaba_Kharral",4
"Captain_Retired_Asad_Gill",4
"Ch__Ahmad_Mukhtar",4
"Ch__Ahmed_Mukhtar",4
"Ch__Hammad_Muhammad_Khan",4
"Ch__Iftikhar_Nazir",4
"Ch__Manzoor_Ahmad",4
"Ch__Muhammad_Abdullah_Virk",4
"Ch__Zeshan_Ilyas",4
"Ch_Ejaz_Ahmed_Cheema",4
"Ch_Iftikhar_Ahmed",4
"Ch_Muhammad_Saddique",4
"Ch_Muhammad_Saeed_Gujar",4
"Ch_mushtaq_Ahmad_",4
"Ch_tawakkal-Ullah_Virk",4
"Ch_zahid_Iqbal",4
"Ch_Zulifqar_Bhindar",4
"Chaudhary_Ijaz_Ahmad_Cheema",4
"Chaudhary_Shoukat_Ali",4
"Chaudhary_Sohail_Zafar",4
"Chaudhary_Tasneem_Nasir",4
"Chaudhry_Abdul_Ghafoor_Khan",4
"Chaudhry_Asad_Parvez",4
"Chaudhry_Manzoor_Ahmad",4
"Chaudry_Atif_Rafique",4
"Chohadry_Manzoor_Ahmad",4
"Choudhary_Altaf_Hussain",4
"Choudhary_Sharaqat_Rasool_Ghumman",4
"Choudhary_Zafar_Iqbal_Warriach",4
"Choudhri_Umar_Hayat_Sandhu",4
"Col_Rtd_Rao_Abid_Ali_Khan",4
"Comrade_Zahoor_Ahmed_Khosa",4
"Dewan_Syed_Muhammad_Haider_Abbas_Bukhari",4
"Doctor_Mian_Akhtar_Ali_Laleka",4
"Doctor_Muhammad_Rashid_Malik",4
"Doctor_Sultan_Zeb_Khan",4
"Dost_Muhammad_Khan",4
"Dr__Abdul_Wahid_Soomro",4
"Dr__Arbab_Alamgir_Khan",4
"Dr__Ayatullah_Durrani",4
"Dr__Azra_Fazal_Pecheho",4
"Dr__Fardos_Ashiq_Awan_",4
"Dr__Mirza_Ikhtiar_Baig",4
"Dr__Muhammad_Haider_Baloch",4
"Dr__Muhammad_Riaz",4
"Dr__Muhammad_Shakir_Alam",4
"Dr__Syed_Israr_Hussain",4
"Dr__Zafar_Chaudhary",4
"Dr_afsar_Ul_Mulk_Khan",4
"Dr_Azra_Fazal_Pechuho",4
"Dr_fahmida_Mirza",4
"Dr_Farooq_Afzal",4
"Dr_Fehmida_Mirza",4
"Dr_Firdous_Ashiq_Awan",4
"Dr_Mazhar_Iqbal_Choudhary",4
"Dr_Saeed_Ahmad_Buzdar",4
"Dr_zaheer-Ul-Hassan_Rizvi",4
"Dr_zulfiqar_Ali_Bhatti",4
"Ejaz_Ahmed_Samma",4
"Ejaz_Ali_Khan_Shahani",4
"Engineer_Hamid_Iqbal_Khan",4
"Engineer_Muhammad_Tariq_Khattak",4
"Engr_dawar_Khan_Kundi",4
"Faisal_Karim_Kundi",4
"Faisal_Sakhi_Butt",4
"Faizullah_Chaichee",4
"Fakhar_Umar_Hayat",4
"Faqir_Sher_Muhammad_Bilalani",4
"Faraz_Hashmi",4
"Farhana",4
"Farooq_Akbar_Kahloon",4
"Faryal_Talpur",4
"Farzana_Sherin",4
"Fateh_Ullah_Khan",4
"Fazal_e_Rabi",4
"Fazal_Rahman",4
"Fazal_Wadood",4
"Fida_Hussain_Dero",4
"Fozia_Behram",4
"Ghanva_Bhutto",4
"Ghanwa_Bhutto",4
"Ghayas-Ud-Din_Khan",4
"Ghinva_Bhutto",4
"Ghinwa_Bhutto",4
"Ghulam_Akbar_Lasi",4
"Ghulam_Ali_Nizamani",4
"Ghulam_Farid_Kathia",4
"Ghulam_Muhammad_Junejo_Alias_Gul_Junejo",4
"Ghulam_Murtaza_Satti",4
"Ghulam_Rabbani_Khar",4
"Ghulam_Sarwar_Khan_Khichi",4
"Gulzar_Ahmed_Chaudhary",4
"Hafeez-Ullah_Ishaq",4
"Hafiz_Hussain_Ahmed_Madni",4
"Haider_Ali_Khan_Kharal",4
"Hajan_Allah_Rakhi",4
"Haji_Misar_Khan",4
"Haji_Muhammad_Ishaq",4
"Haji_Nafees_Ahmed_Usmani_Advocate",4
"Haji_Rasool_Bux_Chandio",4
"Hamid_Ali_Bhatti",4
"Hamid_Saeed_Kazmi",4
"Haris_Meeran",4
"Hasnain_Ijaz_Khan_Shahani",4
"Hassan_Sardar",4
"Hayat_Ullah_Khan_Tareen",4
"Hazrat_Wali",4
"Hina_Rabbani_Khar",4
"Ibne_Saeed_Ch_",4
"Iftikhar_Ahmed_Cheema_Advocate",4
"Iftikhar_Shahid",4
"Ihsan_Ur_Rahman_Mazari",4
"Imam_Ali_Samejo",4
"Imdad_Ullah_Abbasi",4
"Imran",4
"Imtiaz_Safdar_Waraich",4
"Imtiaz_Safdar_Warraich",4
"Iqbal_Ahmad_Khan",4
"Irfan_Ali_Leghari",4
"Irfan_Qureshi",4
"Israr_Ahmed_Khan",4
"Jahangir_Badar",4
"Jam_Abdul_Karim_Bijar",4
"Jamshed_Ahmad_Khan_Dasti",4
"Javaid_Saeed_Kazmi",4
"Javed_Iqbal_Warraich",4
"Javeed_Iqbal_Waraich",4
"Jawad_Hussain",4
"Jawaid_Sheikh",4
"Kakagi_Muhammad_Zahoor",4
"Kamal_Khan",4
"Kamran_Yousaf_Ghumman",4
"Khadeeja_Aamir",4
"Khair_Muhammad_Khan_Tareen",4
"Khalilu_Rehman",4
"Khan_Daraz",4
"Khanim_Ullah",4
"Khanzada_Khan",4
"Khawaja_Atta_Ullah_Khan_Tonsa_Sharif",4
"Khawaja_Ghulam_Hussain",4
"Khawaja_Kaleem-Ud-Din_Koreja_",4
"Khawaja_Kaleem_Ud_Din_Koreja",4
"Khawaja_Muhammad_Saleh",4
"Khawaja_Sheeraz_Mehmood",4
"Khawja_Mudassir_Mehmood",4
"Khizarul_Islam",4
"Khurram_Pervaiz_Raja",4
"Khurram_Shahzad",4
"Khuwaja_Ghulam_Hussain",4
"Khwaja_Ghulam_Rasool_Koreja",4
"Kiramatullah_Khan",4
"Lal_Muhammad_Khan",4
"Liaqat_Ali_Khan",4
"Lt_col__r__Sultan_Sikandar_Ghumman_",4
"m_Bilal_Khan_Sherpao",4
"m_Israr_Tareen",4
"Mahar_Khliq_Yar_Khan_Lak",4
"Mahesh_Kumar_Malani",4
"Mahesh_Kumar_Malhani",4
"Mahmood_Akhtar_Ghuman",4
"Mahr_Irshad_Ahmed_Siyal",4
"Maj_Retd_Liaqat_Ali_Shah_Gailani",4
"Makhddom_Syed_Murtaza_Mehmood",4
"Makhdoom_Amad-Ud-Din",4
"Makhdoom_Jamil_Uz_Zaman",4
"Makhdoom_Muhammad_Ameen_Fahim",4
"Makhdoom_Shah_Mehmood_Qureshi",4
"Makhdoom_Shahab-Ud-Din",4
"Makhdoom_Shahab_Ud_Din",4
"Makhdoom_Syed_Ali_Hassan_Gilani",4
"Makhdoom_Syed_Mustafa_Mehmood",4
"Makhdoom_Tahir_Rashid",4
"Makhdum_Syed_Mustafa_Mahmud",4
"Makhdum_Syed_Usman_Mahmud",4
"Malak_Azmat_Khan",4
"Malak_Syed_Noor_Akbar",4
"Malik_Aamer_Fida_Paracha",4
"Malik_Amjad_Aziz_Khan",4
"Malik_Asad_Sikandar",4
"Malik_Asghar_Ali_Qaisar",4
"Malik_Irfan_Ahmad_Gheba",4
"Malik_Karamat_Ali_Khokhar",4
"Malik_Khalid_Awan",4
"Malik_Muhammad_Amir_Dogar",4
"Malik_Mushtaq_Ahmad",4
"Malik_Nawab_Sher_Waseer",4
"Malik_Nawab_Sher_Wasseer",4
"Malik_Niaz_Ahmad",4
"Malik_Raza_Rabbani_Khar",4
"Malik_Salah-Ud-Din_Dogar",4
"Malik_Sardar_Muhammad_Tralay_Wala",4
"Malik_Shah",4
"Malik_Shoukat_Hayyat_Awan",4
"Malik_Sohail",4
"Malik_Sultan_Mehmood_Wadhal_Tiwana",4
"Meer_Dost_Muhammad_Mazari",4
"Mehar_Abdul_Rashid_",4
"Mehboob_Ullah_Jan",4
"Mehkumuddin",4
"Mehmood_Hayat_Khan_Alias_Tochi_Khan",4
"Mehmood_Hayat_Khan_Tochi",4
"Mehmood_Hayyat_Khan_Alias_Tauchi_Khan",4
"Mehr_Ghulam_Farid_Kathia",4
"Mehr_Sultana",4
"Mehreen_Anwar_Raja",4
"Mian_Abdul_Haq_Alias_Mian_Mitho",4
"Mian_Abdul_Sattar",4
"Mian_Abdus_Sattar",4
"Mian_Aziz_Ur_Rehman_Chann",4
"Mian_Humayun_Sarwar_Bodla",4
"Mian_Jamshed-Ud-Din",4
"Mian_Manzoor_Ahmad_Khan_Wattoo",4
"Mian_Muhammad_Aslam_Arain",4
"Mian_Muzaffar_Shah",4
"Mian_Nasim_Mahmood_Hotiana",4
"Mian_Omer_Misbah-Ul-Rehman",4
"Mian_Rehman_Aziz_Chan",4
"Mian_Shamim_Haider",4
"Mian_Tariq_Habib_",4
"Mir_Aamir_Ali_Khan_Magsi",4
"Mir_Aijaz_Hussain_Jakhrani",4
"Mir_Amir_Ali_Khan_Magsi",4
"Mir_Changez_Khan_Jamali",4
"Mir_Ghulam_Ali_Talpur",4
"Mir_Ghulam_Fareed_Raisani",4
"Mir_Hazar_Khan_Bijarani_",4
"Mir_Imam_Bakhsh_Zahri",4
"Mir_Imran_Jattak",4
"Mir_Jan_Muhammad_Masuri",4
"Mir_Maqbool_Ahmed_Lehri",4
"Mir_Munawar_Ali_Talpur",4
"Mir_Shabbir_Ali_Bijarani",4
"Mirza_Ikhtiar_Baig",4
"Mirza_Maqbool_Ahmed",4
"Mirza_Muhammad_Nasir_Bage",4
"Mirza_Muhammad_Nasir_Baig",4
"Misbah-Ud-Din",4
"Misbah_Ud_Din",4
"Mohammad_Ayaz_Soomro",4
"Mohammad_Moazim_Ali_Khan",4
"Mohammad_Sagheer",4
"Mohammad_Sulleman",4
"Mr__Makhdoom_Muhammad_Ameen_Faheem",4
"Mr__Peeral_Majeedano",4
"Mr__Shahid_Hussain_Bhutto",4
"Mr_imran_Zafar_Leghari",4
"Mrs_faryal_Talpur",4
"Mubeen_Arshad",4
"Muhammad_Abbas",4
"Muhammad_Afaque_Khan_Alias_Shahid",4
"Muhammad_Afzal_Sindhu",4
"Muhammad_Alam_Khan",4
"Muhammad_Ali_Laleka",4
"Muhammad_Ali_Sanul_Awan",4
"Muhammad_Amjid_Abbas",4
"Muhammad_Arshad_Abbas_Qureshi",4
"Muhammad_Asghar_Lal",4
"Muhammad_Ashraf_Bhatti",4
"Muhammad_Asif_Khan",4
"Muhammad_Azam_Afridi",4
"Muhammad_Farooq_Azam_Malik",4
"Muhammad_Haider_Shah",4
"Muhammad_Hakeem_Khan",4
"Muhammad_Hanif",4
"Muhammad_Hassan_Khan",4
"Muhammad_Hyder_Ali_Bukhari",4
"Muhammad_Idrees_Khattak",4
"Muhammad_Ijaz_Virk_Advocate_",4
"Muhammad_Irshad_Khan",4
"Muhammad_Jamshed",4
"Muhammad_Kashif_Bhabha",4
"Muhammad_Khalid_Bashir_Tarnsporter",4
"Muhammad_Khan_Nadeem",4
"Muhammad_Moazam_Ali_Khan_Jatoi",4
"Muhammad_Mohsin_Ali_Qureshi",4
"Muhammad_Murad_Baloch",4
"Muhammad_Muzamil_Qureshi",4
"Muhammad_Naveed_Ch_",4
"Muhammad_Nawazish_Ali_Pirzada",4
"Muhammad_Nisar_Ahmad_Khan",4
"Muhammad_Rashid_Hussain_Rabani",4
"Muhammad_Saif_Ullah_Khan_Sadozai_Advocate",4
"Muhammad_Sardar_Bahadar_Babar_Khan",4
"Muhammad_Shah_Jehan",4
"Muhammad_Shahjahan_Khan",4
"Muhammad_Shahryar_Khan_Mahar",4
"Muhammad_Shakeel_Shah_Gilani",4
"Muhammad_Shakeel_Ur_Rehman",4
"Muhammad_Shuja_Khan",4
"Muhammad_Tariq_Anees",4
"Muhammad_Tariq_Khan_Niazi",4
"Muhammad_Tariq_Tarar",4
"Muhammad_Waqas",4
"Muhammad_Yaqoob_Ziaratwal",4
"Muhammad_Yasin",4
"Muhammad_Yousuf_Ali_Ghallu",4
"Muhammad_Zaki_Chaudhary",4
"Muhammad_Zaki_Chaudhry",4
"Muhammad_Zaman",4
"Muhammad_Zulfiqar_Ali",4
"Muhtarma_Ghanwa_Bhutto",4
"Mukhtar_Abbas",4
"Mullna_Abdul_Sattar",4
"Mumtaz_Ali_Cheema",4
"Munawar_Hayat_Abasi",4
"Mushtaq_Ahmad_Mohal__Advocate_High_Court_",4
"Nadeem_Afzal_Gondal",4
"Nadeem_Ahmad_Awan",4
"Naeem_Dastgir_Khan",4
"Naeem_Mehmood_Rana",4
"Nafisa_Shah",4
"Najam_Ud_Din_Khan",4
"Najam_Uddin_Khan",4
"Najmuddin_Khan",4
"Naseem_Khan",4
"Naseer_Mohammad_Khan",4
"Nasira_Arshad",4
"Nasira_Meo",4
"Nasrullah_Roonjha",4
"Natasha_Daultana",4
"Nauman_Islam_Shaikh",4
"Nauman_Islam_Shaikh_",4
"Nawab_Abdul_Ghani_Talpur",4
"Nawab_Ali_Wassan",4
"Nawab_Din",4
"Nawab_Malik_Amir_Muhammad_Khan",4
"Nawab_Mohammad_Yousif_Talpur",4
"Nawab_Muhammad_Yousaf_Talpur",4
"Nawab_Muhammad_Yousif_Talpur",4
"Nawabzada_Abdul_Qadir_Khan",4
"Nawabzada_Ghazanfar_Ali_Gul",4
"Nawabzada_Iftikhar_Ahmad_Khan",4
"Nawabzada_Iftikhar_Ahmed_Khan",4
"Nawabzada_Mir_Amir_Ali_Khan_Magsi",4
"Nawabzada_Mir_Jamal_Khan_Raisani",4
"Nazar_Muhammad",4
"Nazar_Muhammad_Gondal",4
"Nazar_Muhammad_Kakar",4
"Nazeer_Ahmad",4
"Nazir_Ahmed_Bhugio",4
"Nazir_Ahmed_Bughio",4
"Neha_Javed",4
"Nida_Asim",4
"Nisar_Muhammad",4
"Noor_Naeem_Khan",4
"Noor_Ul_Ain",4
"Noor_Ul_Ain_Rai_Saeed",4
"Peer_Haider_Zaman_Quraishi",4
"Peeral_Majeedano",4
"Pir_Aftab_Hussain_Shah_Jilani",4
"Pir_Aftab_Hussain_Shah_Jillani",4
"Pir_Ameer_Ali_Shah_Jilani",4
"Pir_Bux_Jamot",4
"Pir_Haider_Zaman_Qureshi",4
"Pir_Noor_Muhammad_Shah_Jeelani",4
"Pir_Shafqat_Hussain_Shah_Jilani",4
"Pir_Syed_Fazal_Ali_Shah_Jeelani",4
"Pir_Syed_Fazal_Ali_Shah_Jillani",4
"Qadir_Khan_Mando_Khail",4
"Qamar_Abbas",4
"Qamar_Zaman_Kaira",4
"Qazi_Muhammad_Azhar_Advocate",4
"Qazi_Muhammad_Bashir",4
"Qurban_Ali_Kalwar",4
"Quttab_Din",4
"Rafiq_Ahmed_Jamali",4
"Rafique_Ahmed_Jamali",4
"Raheela_Perveen",4
"Rai_Ghulam_Mujtaba_Kharal",4
"Rai_Ijaz_Ahmad_Khan",4
"Rais_Muhammad_Khalid_Chachar",4
"Raja_Faiz_Akbar_Janjuha",4
"Raja_Israr_Ahmed_Abbasi_Advocate",4
"Raja_Masood_Ahmad",4
"Raja_Muhammad_Afzal_Khan",4
"Raja_Muhammad_Iftikhar_Kayani",4
"Raja_Muhammad_Sana_Ul_Haq_Advocate",4
"Raja_Parvaiz_Ashraf",4
"Raja_Pervaiz_Ashraf",4
"Rajib_Ali",4
"Rameez_u_Din_Memon",4
"Rana_Abdul_Rehman_Khan",4
"Rana_Abdul_Shakoor_Khan",4
"Rana_Mahmood_Ashraf",4
"Rana_Mehmood_Ul_Hasan",4
"Rana_Mubashir_Ali_Khan",4
"Rana_Muhammad_Azhar_Uttra",4
"Rana_Muhammad_Faraz_Noon",4
"Rana_Muhammad_Farooq_Saeed_Khan",4
"Rana_Muhammad_Qasim_Noon",4
"Rao_Abdul_Ghaffar",4
"Rao_Muhammad_Jameel_Hashim_Khan",4
"Rao_Najeeb_Ur_Rehman",4
"Rashid_Ali",4
"Riaz_Hussain_Lund_Balouch",4
"Rizwan_Ahmad_Hans",4
"Roshan_Din_Junejo",4
"Rozi_Khan_Kakar",4
"Saathi_Ishaque_Advocate",4
"Sabar_Ali_Baloch",4
"Sabir_Ali_Baloch",4
"Sabir_Hussain",4
"Sadiq_Ali_Memon",4
"Saeed_Iqbal",4
"Saeed_Iqbal_",4
"Sajid_Ali_Bambhan",4
"Sajid_Ali_Banbhan",4
"Sajid_Hussain_Turi",4
"Sajjad_Ahmad_Awan_",4
"Sajjad_Ul_Hassan",4
"Sakhawat_Masih",4
"Salahuddin_Junejo",4
"Saleem_Mandviwala",4
"Saleem_Shah",4
"Saleem_Ullah_Khan",4
"Salim_Rehman",4
"Samina_Khalid_Ghurki",4
"Sardar_Ahmed_Khan_Alias_Fayyaz_Ali_Khan",4
"Sardar_Al-Haaj_Muhammad_Umar",4
"Sardar_Al_Haaj_Muhammmad_Umer_Gorgaij",4
"Sardar_Ali",4
"Sardar_Ali_Abbas_Khan_Baloch",4
"Sardar_Asif_Ahmad_Ali",4
"Sardar_Azhar_Ali_Mekan",4
"Sardar_Bahadur_Ahmad_Khan",4
"Sardar_Bahadur_Ahmed_Khan",4
"Sardar_Dost_Muhammad_Khan_Khosa",4
"Sardar_Jahazeb_Khan_Drishak_Almarof_Chand_Khan",4
"Sardar_Kamal_Khan_Chang",4
"Sardar_Khurram_Latif_Khan_Khosa",4
"Sardar_Khyzar_Hayat_Khan_Ladhu_Ka",4
"Sardar_Mansoor_Hayat_Tamman",4
"Sardar_Mir_Baz_Muhammad_Kha_Khetran",4
"Sardar_Mir_Baz_Muhammad_Khan_Khethran",4
"Sardar_Muhammad_Gulzar_Abbasi",4
"Sardar_Muhammad_Saif_Ud_Din_Khan_Khosa",4
"Sardar_Mushtaq_Ahmed",4
"Sardar_Nabil_Ahmed_Gabol",4
"Sardar_Saleem_Haider",4
"Sardar_Saleem_Haider_Khan",4
"Sardar_Sana_Ullah_Zehri",4
"Sardar_Shahnawaz_Khan",4
"Sardar_Shaukat_Hayat_Khan_Advocate",4
"Sardar_Shoaib_Mumtaz_Khan",4
"Sardar_Usman_Nawaz",4
"Sardar_Wahid_Bux_Bhayo",4
"Sardar_Wazir_Ahmed_Jogezai",4
"Sardar_Zafar_Ullah_Khan_Laghari",4
"Sarfaraz_Rajar",4
"Sarshar_Hassan_Cheema",4
"Sayed_Akhun_Zada_Chattan",4
"Shabbir_Ahmad_Khan_Leghari",4
"Shabir_Ahmed",4
"Shafeeqa_Baghum_Rao_Sikindar_Iqbal",4
"Shah_Fahad_Ansari",4
"Shah_Rehman",4
"Shahadat_Ali_Khan_Baloch",4
"Shaheem_Safdar",4
"Shaheen_Zamir",4
"Shaheryar_Khan",4
"Shahid_Abbas",4
"Shahid_Bashir",4
"Shahjahan_Ahmad_Bhatti",4
"Shahjahan_Baloch",4
"Shahrukh_Malik",4
"Shahzad_Majeed",4
"Shahzada_Ghulam_Muhyuddin",4
"Shakeel_Ahmed_",4
"Shamas-Un-Nisa",4
"Shams_Panhwar",4
"Shamshad_Sattar_Bachani",4
"Shamusddin_Panhwar",4
"Shaukat_Ali_Bajwa",4
"Shaukat_Pervez_Khan",4
"Shazia_Aurangzeb_Khan",4
"Shazia_Mari",4
"Shazia_Marri",4
"Shazia_Tehmas_Khan",4
"Shehryar_Amir_Zeb",4
"Sheikh_Kamran_Iqbal",4
"Sheikh_Muhammad_Iqbal",4
"Sheikh_Muhammad_Maghaz_Feroz",4
"Sheikh_Waqar_Ahmed_Advocate",4
"Sher_Muhammad_Balcoh",4
"Sher_Qanoos_Advocate",4
"Shiyam_Sundar_Advocate",4
"Shoaib_Alam_Khan",4
"Shoukat_Ali_Joya_Laleka",4
"Siddique_Akber",4
"Sidra_Saeed",4
"Sohail_Ansari",4
"Sohail_Shahzad",4
"Sumaira_Gul",4
"Sumaira_Mushtaq_Kharal",4
"Syed_Abbas_Raza_Rizvi",4
"Syed_Abdul_Qadir_Gillani",4
"Syed_Abid_Ali_Shah",4
"Syed_Abid_Hussain_Imam",4
"Syed_Abrar_Ali_Shah",4
"Syed_Ahmad_Ali_Shah",4
"Syed_Ahmad_Mujtaba_Gillani",4
"Syed_Akhunzada_Chattan",4
"Syed_Ali_Musa_Gillani",4
"Syed_Ali_Zawar_Naqvi",4
"Syed_Allauddin",4
"Syed_Ameer_Ali_Shah_Jamot",4
"Syed_Amir_Ali_Shah_Jamote",4
"Syed_Amir_Hamza_Peerzada",4
"Syed_Amjad_Hussain_Zaidi",4
"Syed_Anayat_Ali_Shah",4
"Syed_Asghar_Hussain",4
"Syed_Asif_Hashmi",4
"Syed_Ayaz_Ali_Shah_Sherazi",4
"Syed_Azmat_Ali_Bukhari_Advocate",4
"Syed_Faisal_Raza_Abidi",4
"Syed_Faqeer_Hussain_Shah",4
"Syed_Gayoor_Abbas_Bukhari_",4
"Syed_Ghayoor_Abbas_Bukhari",4
"Syed_Ghulam_Mustafa_Shah",4
"Syed_Ghulam_Mustafa_Shah_s_o_Syed_Sabbir_Ahmed_Shah",4
"Syed_Hamid_Saeed_Kazmi",4
"Syed_Hasnat_Ahmed",4
"Syed_Hussain_Tariq",4
"Syed_Ibne_Ali",4
"Syed_Intikhab_Hussain_Shah",4
"Syed_Irfan_Gardezi",4
"Syed_Ishtiaq_Ul_Hassan_Gilani",4
"Syed_Javed_Ali_Shah_Jillani",4
"Syed_Khursheed_Ahmed_Shah",4
"Syed_Manzoor_Abbas",4
"Syed_Mumtaz_Alam_Gillani",4
"Syed_Murtza_Mehmud",4
"Syed_Nasir_Ali_Shah_Alias_Syed_Abbas",4
"Syed_Naveed_Qamar",4
"Syed_Nayyer_Hussain_Bukhari",4
"Syed_Qutab_Ali_Shah_Alias_Ali_Baba",4
"Syed_Rafiullah",4
"Syed_Raza_Abbas",4
"Syed_Sabtul_Haider_Bukhari",4
"Syed_Sohail_Abidi",4
"Syed_Sohail_Abrar",4
"Syed_Sumsam_Ali_Shah_Bukhari",4
"Syed_Sumsan_Ali_Shah_Bukhari",4
"Syed_Tariq_Gilani",4
"Syed_Tariq_Raza",4
"Syed_Waseem_Ul_Hassan_Naqvi",4
"Syed_Yousaf_Raza_Gillani",4
"Syed_Zaffar_Ali_Shah",4
"Syed_Zahid_Bukhari",4
"Syeda_Abida_Hussain",4
"Syeda_Sughra_Imam",4
"Taimoor_Tahir",4
"Taj_Muhammad_Jamali",4
"Talat_Iqbal_Mahessar",4
"Tariq_Ashrif_Kahloon",4
"Tariq_Hakam_Ali",4
"Tariq_Javed_Manzoor",4
"Tariq_Mahmood",4
"Tariq_Mahmood_Bajwa",4
"Tariq_Mehmood_Bajwa",4
"Tariq_Shabbir_Advocate",4
"Tariq_Yaqoob_Fateh_Muhammad",4
"Tasneem_Ahmad_Qureshi",4
"Tasneem_Ahmed_Qureshi",4
"Tussadiq_Masood_Khan",4
"Umar_Aftab",4
"Umar_Farooq_Khan_Shawa",4
"Usman_Khan_Tarakai",4
"Waqar_Ahmad_Khan",4
"Waseef_Ullah_Khan",4
"Waseem_Akhtar",4
"Waseem_Khan_Rajput",4
"Yousaf_Ali",4
"Zafar_Ahmed_Siddiqui_Advocate",4
"Zafar_Iqbal_Ch_",4
"Zafar_Jhandeer",4
"Zahid_Pervaiz_Alias_Zahid_Bashir_",4
"Zaka_Ullah",4
"Zar_Gul_Khan",4
"Zubair_Kardar",4
"Zulfaqar_Ali_Qaim_Khani",4
"Zulfiqar_Ali_Behan",4
"Zulfiqar_Ali_Khan",4
"Zulfiqar_Bachani",4
"Zumarad_Khan",4
"Zumurrad_Khan",4
"Aamer_Masood_Mughal",4
"Abdul_Hakeem_Chandio",4
"Abdul_Qayum",4
"Abdul_Sattar_Samoon",4
"Abdur_Raoof_Dolla",4
"Abid_Javed_Virk",4
"Abid_Mahmood",4
"Abid_Mahmood_Khagga",4
"Abrar_Ul_Haq",4
"Abu_Bakar_Virk",4
"Adil_Khan_Bazai",4
"Adv_Shujaat_Ali",4
"Advocate_Zahoor_Mehsud",4
"Aftab_Ahmad",4
"Aftab_Ahmad_Khan_Khichi",4
"Aftab_Ahmed_Soomro",4
"Aftab_Irshad_Cheema",4
"Aftab_Jahangir",4
"Afzaal_Azeem_Pahat_Advocate",4
"Ahsan_Ulla_Virk",4
"Ajab_Gul",4
"Akeel_Aslam",4
"Akhtar_Iqbal_Dar",4
"Akram_Khan",4
"Akram_Niazi",4
"Aleem_Adil_Sheikh_",4
"Ali_Afzal_Sahi",4
"Ali_Amin_Gandapur",4
"Ali_Asghar_Khan",4
"Ali_Ashraf",4
"Ali_Asjid_Malhi",4
"Ali_Bukhari",4
"Ali_Ijaz_Buttar",4
"Ali_Khan_Jadoon",4
"Ali_Muhammad_Khalul",4
"Ali_Muhammad_Khan",4
"Aliya_Hamza",4
"Amber_Majeed_Niazi",4
"Ambreen_Malik",4
"Amir_Sharjeel",4
"Amirullah",4
"Amjad_Ali_Bajwa",4
"Amjid_Ali_Khan",4
"Aniqa_Mehdi",4
"Anwar_Haqdad",4
"Anwar_Taj",4
"Aqibullah",4
"Arbab_Amir_Ayub",4
"Arbab_Muhammad_Haleem",4
"Arif_Murad",4
"Arif_Ur_Rehman_Alvi",4
"Arshad_Ali_Mayo",4
"Arshad_Mahmood_Chaudhry",4
"Arslan_Khalid",4
"Asad_Qaiser",4
"Asad_Umar",4
"Asif_Khan",4
"Asiya_Asad",4
"Ataullah_Khan",4
"Atif_Ali_Khan_Dreshak",4
"Atif_Choudhry",4
"Aurangzeb_Khichi",4
"Awais_Haider_Jakhar",4
"Ayaz_Sarfraz_Malik",4
"Ayesha_Nazir_Jatt",4
"Azizullah_Dero",4
"Azra_Masood",4
"Babar_Marghazani",4
"Bakht_Jamal_Chandio",4
"Barrister_Abdullah_Mumtaz_Kahloon",4
"Barrister_Hammad_Azhar",4
"Barrister_Nabeel_Dhar",4
"Barrister_Taimur_Malik",4
"Basharat_Ali_Randhawa",4
"Basharat_Raja",4
"Bilal_Ejaz",4
"Brig_Ejaz_Shah",4
"Brigadier_Mumtaz_Iqbal_Kahlon",4
"Ch__Muhammad_Ilyas",4
"Ch_Khalil_Arain",4
"Ch_Muhammad_Shahnawaz_Cheema",4
"Ch_Usman_Ali_Tariq",4
"Changez_Khan_Kakar",4
"Chaudhary_Abdul_Ilyas",4
"Chaudhary_Javed_Iqbal_Waraich",4
"Chaudhry_Muhammad_Ashfaq",4
"Choudary_Shokat_Ali_Bhatti",4
"Choudhry_Muhammad_Saqlain",4
"Choudhry_Naeem_Ul_Din_Waraich",4
"Chudhary_Ilyas_Meharban",4
"Chudhary_Muhammed_Yaqoob",4
"Col_Ajmal_Sabir_Raja",4
"Colnel_Ejaz_Hussain_Minhas",4
"Dawar_Khan_Kundi",4
"Dawood_Shah",4
"Dawood_Ullah",4
"Doctor_Saeed_Ahmed_Afridi",4
"Doctor_Yasmin_Rashid",4
"Dr__Amjad",4
"Dr__Nisar_Jutt",4
"Dr__Riaz_Lang",4
"Dr__Tahir_Ali_Javed",4
"Dr_Azeem_Zahid_Lakhvi",4
"Dr_Muhammad_Azhar_Khan_Jadoon",4
"Ejaz_Ahmad_Gaddan",4
"Eman_Tahir",4
"Engineer_Dawar_Khan_Kundi",4
"Faheem_Khan",4
"Faisal_Mughal",4
"Faiz_Ullah_Kamoka",4
"Falak_Niaz",4
"Falak_Sheer_Sikandar",4
"Farhat_Faheem_Bhatti",4
"Farrukh_Habib",4
"Fawad_Ahmad_Cheema",4
"Fayaz_Ahmed",4
"Fazal_Muhammad_Khan",4
"Ghulam_Zahid",4
"Gohar_Ali_Khoso",4
"Gul_Badshah",4
"Gul_Dad_Khan",4
"Gul_Muhammad_Keerio",4
"Gul_Muhammad_Rind",4
"Gul_Zafar_Khan",4
"Gulzar_Khan",4
"Hafeezullah",4
"Hafiz_Hamid_Raza",4
"Haji_Akhtar_Mohammad_Mandokhel",4
"Haji_Imtiaz_Ahmed_Choudhry",4
"Haji_Khalid_Mehmood_Chatha",4
"Haleem_Adil_Sheikh",4
"Hamid_Khan",4
"Hamid_Ul_Haq",4
"Hamid_Zaman",4
"Hamida_Masood_Shah",4
"Hamza_Khan",4
"Haroon_Ihsaan_Paracha",4
"Hassan_Adeel",4
"Hassan_Ali_Khan",4
"Hina_Manzoor",4
"Iffat_Soomro",4
"Iftikhar_Ali_Khitran",4
"Iftikhar_Soomro",4
"Imran_Ahmed_Khan_Niazi",4
"Imran_Khattak",4
"Imran_Qaisar_Abbbas",4
"Iqra_Mubarik",4
"Jahanzaib_Imtiaz_Gill",4
"Jameel_Ahmed_Lund_Baloch",4
"Jamshaid_Dasti",4
"Javaid_Safdar_Kahlon",4
"Javed_Ali_Bozdar",4
"Jehanzeb_Khan_Dhakki",4
"Junaid_Akbar",4
"Kanwal_Shauzab",4
"Karim_Dad",4
"Khalid_Abdullah_Ghazi",4
"Khalid_Masood_Khan",4
"Khalid_Mehmood_Ali",4
"Khalid_Nawaz",4
"Khan_Shaid_Afridi",4
"Khawaja_Mudasar_Mehmood",4
"Khawaja_Sharif_Muhammad_Koreja",4
"Khawaja_Sheraz_Mehmood",4
"Khial_Zaman_Aurak_Zai",4
"Khudada_Kalyar_Advocate",4
"Khurram_Munawar_Munj",4
"Khurram_Shahzad_Virk",4
"Khurram_Sher_Zaman",4
"Khursheed_Mehmood_Kasuri",4
"Kousar_Parveen",4
"Lal_Chand_Malhi",4
"Lala_Asad_Ullah",4
"Latif_Khosa",4
"Lt_Col_r_Ajmal_Sabir_Raja",4
"Mahar_Sajjad_Hussain_Cheena",4
"Maher_Naveed_Ahmad_Kherha",4
"Mahmood_Khan",4
"Maj_Latasab_Satti",4
"Makhdoom_Imad_Ud_Din_Hashmi",4
"Makhdoom_Javaid_Hussain_Hashmi",4
"Makhdoom_Shah_Mahmood_Hussain_Qureshi",4
"Makhdoom_Shah_Mahmood_Qureshi",4
"Makhdoom_Shah_Mehmood_Hussain_Qureshi",4
"Malik_Ameen_Aslam_Khan",4
"Malik_Amir_Dogar",4
"Malik_Arif_Awan",4
"Malik_Atiq_Ur_Rehman_Orakzai",4
"Malik_Ghulam_Murtaza_Metla",4
"Malik_Mehboob_Ahmed",4
"Malik_Muhammad_Akram_Bhatti",4
"Malik_Muhammad_Ali_Khan_Tiwana",4
"Malik_Muhammad_Faisal_Dehwar",4
"Malik_Muhammad_Muzaffar_Khan",4
"Malik_Muhammad_Yar_Dhakoo",4
"Malik_Nazir_Ahmed_Sobhi",4
"Malik_Touqeer_Abbas_Khokhar",4
"Malik_Umar_Farooq",4
"Malik_Waheed_Khan",4
"Malik_Waqar_Ahmad",4
"Malik_Zaheer_Abbas",4
"Manochaher",4
"Mansoor_Sarwar_Khan",4
"Maqsood_Ahmed_Ansari",4
"Maqsood_Ali",4
"Maryam_Batool",4
"Masroor_Ali",4
"Matiullah_Khan",4
"Mehar_Un_Nisa_Baloch",4
"Mehboob_Shah",4
"Mehr_Bano_Qureshi",4
"Mian_Azhar",4
"Mian_Ghous_Muhammad",4
"Mian_Moin_Uddin",4
"Mian_Muhammad_Afzal_Hayat",4
"Mian_Muhammad_Amjad_Joyia",4
"Mian_Muhammad_Naeem",4
"Mian_Mumtaz_Ahmad_Matyana",4
"Mian_Nazir_Rahman",4
"Mian_Salman_Ali_Qureshi",4
"Mian_Shahid_Mustafa_Qureshi",4
"Mir_Ali_Ahmed_Zehri",4
"Mir_Mohammad_Azam_Sumalani",4
"Mirza_Abdul_Qayyum",4
"Mirza_Saeed_Mehmood_Baig",4
"Moazam_Jatoi",4
"Mohammad_Imran",4
"Mohtarma_Zartaj_Gul_Akhwand",4
"Mubeen_Arif_Jatt",4
"Muhammad_Afzal_Gondal",4
"Muhammad_Ahmad_Chattha",4
"Muhammad_Ajmal_Cheema",4
"Muhammad_Alamgir_Khan",4
"Muhammad_Ali_Sarfaraz",4
"Muhammad_Ali_Shakoor",4
"Muhammad_Ameer_Sultan",4
"Muhammad_Arshad_Sahi",4
"Muhammad_Ashraf_Jabbar_Qureshi",4
"Muhammad_Aslam_Ghumman",4
"Muhammad_Atif",4
"Muhammad_Aurangzaib_Khan_Khichi",4
"Muhammad_Azam_Khan_Swati",4
"Muhammad_Bashir_Khan",4
"Muhammad_Daood",4
"Muhammad_Dawood_Khan",4
"Muhammad_Ibraheem_Khan",4
"Muhammad_Imran_Shaukat_Khan",4
"Muhammad_Ishaq_Khan_Khakwani",4
"Muhammad_Jamal_Ahsan_Khan",4
"Muhammad_Madni",4
"Muhammad_Mansha_Sindhu",4
"Muhammad_Miqdad_Ali_Khan",4
"Muhammad_Naem",4
"Muhammad_Nawaz_Gondal",4
"Muhammad_Qasim_Khan_Suri",4
"Muhammad_Riaz_Haider",4
"Muhammad_Roman_Ahmed",4
"Muhammad_Sajid_Naeem_Qureshi",4
"Muhammad_Saleem_Akhtar_Durrani",4
"Muhammad_Saleem_Imran",4
"Muhammad_Sana_Ullah_Khan_Mastikhel",4
"Muhammad_Shoaib_Shaheen",4
"Muhammad_Tuffail",4
"Muhammad_Usman_Dar",4
"Muhammad_Waqar_Wasi_Chaudhary",4
"Muhammad_Yasir",4
"Muhammad_Zeeshan",4
"Muhammad_Zubair_Khan",4
"Muhram_Khan",4
"Mujahid_Ali",4
"Mujahid_Khan",4
"Mumtaz_Ahmad",4
"Mumtaz_Ali_Jakhrani",4
"Mumtaz_Ali_Shah",4
"Mumtaz_Mustafa_Advocate",4
"Murad_Saeed",4
"Mustafa_Kundi",4
"Mustansir_Billah",4
"Nadeem_Abbasi",4
"Naiz_Muhammad_Gujjar",4
"Naseem_Hashim_Khan",4
"Nasim_Ali_Shah",4
"Nasir_Khan_Khattak",4
"Nasrullah_Mughal",4
"Naveed_Hameed",4
"Nawab_Aman_Ullah_Khan",4
"Nawab_Khan_Dumer",4
"Nawab_Muhammad_Ahmad_Khan",4
"Nawabzada_Salahuddin_Saeed",4
"Nawaz_Mehmood_Khan",4
"Naz_Baloch",4
"Nazish_Bhatti",4
"Nek_Mohammad",4
"Niaz_Mohammad_Khan",4
"Nisar_Akbar_Khan",4
"Nisaraslam_Khan",4
"Noor_Muhammad_Ghaffari",4
"Peer_Zahoor_Hussain_Quraishi",4
"Pervez_Khattak",4
"Pir_Bux_Jamood",4
"Qaisar_Jamal",4
"Qaisara_Elahi",4
"Qurban_Ali",4
"Rab_Nawaz_Kalwar",4
"Raees_Nawaz_Ali_Burfat",4
"Rafique_Ahmad_Khan_Niazi",4
"Rahat_Aman_Ullah_Bhatti",4
"Rahat_Amanullah_Bhatti",4
"Rai_Haider_Ali_Khan",4
"Rai_Hasan_Nawaz_Khan",4
"Rai_Hassan_Nawaz_Khan",4
"Rai_Muhammad_Akram_Khan_Bhatti",4
"Rai_Naeem_Asad_Kharal",4
"Raja_Aamer_Zaman",4
"Raja_Abdul_Haque",4
"Raja_Azhar_Khan",4
"Raja_Muhammad_Saleem",4
"Raja_Taila_Saeed",4
"Raja_Yassir_Humayun_Sarfraz",4
"Rana_Aamir_Shahzad_Tahir",4
"Rana_Atif",4
"Rana_Javed_Umar",4
"Rana_Naeem_Ur_Rehman_Khan",4
"Rana_Shehzad_Hafeez",4
"Rana_Tanveer_Riaz_Khan",4
"Rao_Hassan_Skindar",4
"Rao_Khalid_Khan",4
"Rao_Umer_Hashim_Khan",4
"Rashid_Siddiqui",4
"Rashida_Tariq",4
"Rehana_Imtiaz_Dar",4
"Riasat_Ali_Bhatti",4
"Riaz_Ahmad_Tarar",4
"Riaz_Hyder",4
"Riyaz_Fatyana",4
"Rozina_Bhutto",4
"s_a_Hameed",4
"Saadullah_Baloch",4
"Saadullah_Mehmood_Urf_Muhammad_Yasir_Baloch",4
"Sabeen_Safdar_Bandesha",4
"Sadaqat_Ali_Abbasi",4
"Saddam_Tareen",4
"Saeed_Khursheed_Ahmad",4
"Saeed_Mushtaq",4
"Sahibzada_Mehboob_Sultan",4
"Sahibzada_Muhammad_Hamid_Raza",4
"Sajid_Khan",4
"Sajid_Khan_Wald_Taj_Gul",4
"Sajid_Nawaz",4
"Sajid_Nawaz_Khan",4
"Sajid_Yousaf",4
"Salar_Khan_Kakar",4
"Saleem_Mahmood_Kamlana_Sial",4
"Saleem_Ur_Rehman",4
"Salman_Akram_Raja",4
"Salman_Saif_Cheema",4
"Sami_Ullah_Chaudhry",4
"Sardar_Ahsan_Raza_Advocate",4
"Sardar_Muhammad_Ahmed_Dreshak",4
"Sardar_Muhammad_Ali_Khan",4
"Sardar_Muhammad_Hussain_Dogar",4
"Sardar_Rafique_Haider_Khan_Laghari",4
"Sardar_Sher_Muhammad_Rind_Baloch",4
"Seemabia_Tahir",4
"Shabana_Nawab",4
"Shabbir_Ali_Quereshi",4
"Shafqat_Abbas",4
"Shafqat_Ali",4
"Shafqat_Mehmood",4
"Shahbaz_Ahmad_Khan_Sial",4
"Shahid_Ahmad_Khattak",4
"Shahid_Amin",4
"Shahid_Talib",4
"Shahnawaz",4
"Shahram_Tarakai",4
"Shamraiz_Khan",4
"Shandana_Gulzar_Khan",4
"Shaukat_Iqbal_Mirza",4
"Shehryar_Afridi",4
"Shehryar_Riaz",4
"Shehzad_Farooq",4
"Shehzada_Muhammad_Gushtasap_Khan",4
"Sheikh_Waqar_Ahmad_Advocate",4
"Sher_Afzal_Marwat",4
"Sher_Ali_Arbab",4
"Shoaib_Nasir",4
"Shoukat_Basra",4
"Sibghatullah",4
"Sidra_Faisal",4
"Siraj_Muhammad_Khan",4
"Sohail_Sultan",4
"Subhan_Ali",4
"Subhan_Ali_Sahil",4
"Syed_Ahmed_Rasheed",4
"Syed_Akhtar_Hussain_Rizvi",4
"Syed_Ali_Haider_Zaidi",4
"Syed_Ali_Husnain_Shah",4
"Syed_Ali_Hyder_Zaidi",4
"Syed_Jameel_Ahmad_Hussain_Bokhari",4
"Syed_Jameel_Ahmed_Hussain_Bokhari",4
"Syed_Jamil_Ahmed_Shah_Bukhari",4
"Syed_Khawar_Ali_Shah",4
"Syed_Muhammad_Jawad_Asghar_Shah",4
"Syed_Mumtaz_Ali_Shah",4
"Syed_Niaz_Hussain_Shah_Jillani",4
"Syed_Qaisar_Abbas_Shah",4
"Syed_Raza_Ali_Gillani",4
"Syed_Shah_Ahad_Ali_Shah",4
"Syed_Wajahat_Hasnain_Shah",4
"Syed_Zahoor_Agha",4
"Tahir_Iqbal_Chuhdary",4
"Tahir_Sadiq",4
"Taj_Muhammad",4
"Talib_Hussain_Sidhu",4
"Tariq_Aziz_Bhatti",4
"Tasawar_Abbas",4
"Umair_Khan_Niazi",4
"Umar_Aslam_Khan",4
"Usama_Ahmed_Mela",4
"Usama_Hamza",4
"Usman_Hamza",4
"Wajiha_Akram",4
"Wali_Muhammad_Mugheri",4
"Walid_Iqbal",4
"Waqas_Akram",4
"Waseem_Abbas",4
"Wasim_Qadir",4
"Yasmin_Rashid",4
"Yousaf_Khan",4
"Zafar_Ullah_Tararr",4
"Zaffar_Khan",4
"Zaheer_Abbas_Naqvi",4
"Zahid_Hussain_Hashmi",4
"Zahid_Mehmood_Mazari",4
"Zain_Qureshi",4
"Zain_Ul_Abidin_Khelji",4
"Zameer_Jedhu_Advocate",4
"Zartaj_Gul_Wazir",4
"Zubair_Khan",4
"Zulfiqar",4
"Zulfiqar_Ali_Mallah",4
"Zulqarnain_Als_Sakhi_Bhutto",4
"Ghulam_Mustafa",5
"Abdul_Majeed",5
"Akhtar_Nawaz_Faisal_Daryana",5
"Amoon_Pasha",5
"Arshad_Ali",5
"Asghar_Abbas",5
"Ashar_Jahangir",5
"Babar_Ali",5
"Ch__Muhamamd_Ilyas",5
"Ch_Ghulam_Dastageer",5
"Chaudhary_Tanveer_Ahmed_Advocate",5
"Choudhry_Gulzar_Hussain_Gohar_Advocate",5
"Dilshad_Rind",5
"Farid_Ullah_Bazai",5
"Ghulam_Qadir_Bajwa",5
"Haji_Rashid_Ahmed_Khan_Rana",5
"Hizbullah",5
"Iftikhar_Ud_Din",5
"Israr_Ahmad_Chishti_Advocate",5
"Jawaid_Ahmed_Khan",5
"Khalid_Ibrar",5
"Makhdeem_Syed_Zahid_Hussain",5
"Makhodzada_Syed_Hasan_Raza_Gillini",5
"Malik_Azhar_Mehmood",5
"Malik_Fakhar_Iqbal_Wattoo",5
"Malik_Hamid_Mehmood",5
"Malik_Muhammad_Iqbal_Jora",5
"Malik_Muhammad_Siddique_Advocate",5
"Malik_Nisar_Ahmad_Thind",5
"Malik_Shamriz_Awan",5
"Malik_Zia_Ul_Haque_Tiwana",5
"Mashood_Ahsan_Gill",5
"Mian_Nadeem_Ahmed_Saleemi",5
"Mirza_Bilal_Baig",5
"Mohammad_Sharif_Rind",5
"Muhammad_Amjad",5
"Muhammad_Asim_Ishtiaq",5
"Muhammad_Ghufran_Rajput",5
"Muhammad_Khaliq_Siddique",5
"Muhammad_Naseer",5
"Muhammad_Nisar_Butt",5
"Muhammad_Sharif_Noori",5
"Muhammad_Zeb",5
"Mushtaq_Ahmed_Khan_Mughal",5
"Nadir_Khan",5
"Nasar_Ullah_Khan_Jarral",5
"Paras_Shah",5
"Qaiser_Nawaz_Khan_Babar",5
"Qasim_Ali",5
"Raja_Amir_Rasheed",5
"Rana_Arshad_Saeed_Khan",5
"Riaz_Ahmad",5
"Riaz_Hussain_Sewag",5
"Sahibzada_Ahmed_Raza_Khan_Qasoori",5
"Saira_Goga_Daughter_of_Goga_Pehalwan",5
"Saqlain_Abbas_Bangash",5
"Saradar_Sikandar_Hayat_Khan_Goopang",5
"Sardar_Ghulam_Mustafa",5
"Sarmir_Khan",5
"Shafiur_Rahman",5
"Shaheen_Munawer",5
"Shoaib_Khaskhali",5
"Syed_Adnan_Haider_Jafri",5
"Syed_Ali_Abbas_Kazmi",5
"Syed_Imran_Sultan",5
"Syed_Marghoob_Hussain_Abdi",5
"Syed_Naveed_Ali_Shah",5
"Syed_Sajjad_Hussain_Shah_Kazmi",5
"Syed_Zakir_Shah",5
"Tayyaba_Zameer",5
"Waheed_Depal",5
"Waseem_Akhter_Raja",5
"Yar_Badshah",5
"Sheikh_Rashid_Shafiq",5
"Abdul_Matin_Khan",5
"Abdul_Rasheed_Nasir",5
"Abdul_Rauf",5
"Abdul_Rehman_Khan_Yousufzai",5
"Abdur_Rauf",5
"Ahmad_Ali",5
"Ahmad_Khan",5
"Ahmadullah",5
"Ahmed_Zaman",5
"Aimal_Wali_Khan",5
"Alhaj_Ghulam_Ahmad_Bilour",5
"Aman_Masood",5
"Ameer_Haider_Azam_Khan",5
"Amir_Haider_Khan",5
"Amir_Nawab",5
"Anwar_Zaib",5
"Arbab_Inam_Ullah_Khan",5
"Arbab_Mohammad_Ayub_Jan",5
"Arbab_Muhammad_Zahir_Khan",5
"Arbab_Najeeb_Ullah_Khan",5
"Arbab_Najeeb_Ullah_Khan_Khalil",5
"Arshad_Mansoor_Shah",5
"Arshad_Sohail",5
"Asfandiyar_Wali_Khan",5
"Asfandyar_Wali_Khan",5
"Asghar_Khan",5
"Ashraf_Ullah",5
"Asif_Ali",5
"Bahadar_Khan",5
"Bashir_Khan_Umerzai",5
"Bismillah_Jan",5
"Bismillah_Jan_Luni",5
"Ch__Ghulam_Mustafa",5
"Dost_Muhammad",5
"Doulat_Ali",5
"Dr_Sherbaz_Khan",5
"Engineer_Noor_Ahmed_Khan",5
"Faisal_Imran_Khan_Niazi",5
"Farid_Ullah_Dumar",5
"Gul_Afzal",5
"Habib_Ullah_Khan",5
"Hafiz_Zardullah_Khan_Hassan_Zai_",5
"Haji_Ghulam_Ahmad_Bilour",5
"Haji_Naseem-Ur-Rehman",5
"Haji_Nizamuddin_Kakar",5
"Haji_Rehmanullah",5
"Hameed_Ullah",5
"Hamid_Khan_Toofan",5
"Hamidullah_Khan",5
"Inayat_Khan",5
"Iqbal_Zaib_Khan",5
"Irfan_Ali",5
"Irshad_Khan",5
"Jumma_Khan_Babar",5
"Kabir_Ahmed_Sher",5
"Khadija_Bibi",5
"Khan_Parvez",5
"Khan_Zeb",5
"Khudai_Dad",5
"Khursheed_Begum_Saeed",5
"Khurshid",5
"m_Shafi",5
"Maj_r__Mahr_Muhammad_Ramzan",5
"Malik_Dad_Muhammad_Tareen",5
"Malik_Darya_Khan",5
"Malik_Muhammad_Usman_Achakzai_",5
"Mamoon_Khan_Kakar",5
"Masood_Abbas",5
"Masood_Abbas_Khattak",5
"Mian_Babar_Shah_Kaka_Khel",5
"Mohammad_Ayub_Khan_Advocate",5
"Mohammad_Farooq_Khan",5
"Muhammad_Ayaz_Khan",5
"Muhammad_Ayub_Khan",5
"Muhammad_Azam_Khan",5
"Muhammad_Daud_Khan_Khattak",5
"Muhammad_Farooq_Bangsh",5
"Muhammad_Farooq_Khan",5
"Muhammad_Fayaz_Khan",5
"Muhammad_Hashim_Babar",5
"Muhammad_Kamal",5
"Muhammad_Khan_Afridi",5
"Muhammad_Riaz_Khan",5
"Muhammad_Sajid_Taheem_Advocate",5
"Muhammad_Sharif_Khattak",5
"Muhammad_Taimoor_Khan",5
"Muhammad_Younus_Khan",5
"Muhammad_Zahid_Khan",5
"Muhibullah_Kakar",5
"Munir_Shah",5
"Muzafer_Ul_Mulk",5
"Muzaffar-Ul-Mulk",5
"Naik_Muhammad_Kakar",5
"Naimat_Khalil",5
"Naveed_Anjum_Khan",5
"Nawabzada_Khawaja_Muhammad_Khan_Hoti_Alias_Toti_Khan",5
"Nawabzada_Mohamamd_Amin_Khan_Jogezai",5
"Nawaz_Ali_Burfat",5
"Nisar_Ahmed",5
"Noor_Ahmed",5
"Noor_Aslam",5
"Owais_Khan",5
"Perviz_Khan_Advocate",5
"Qalandar_Bux",5
"Rahmat_Shah_Sael",5
"Rana_Mushtaq_Ahmad",5
"Sadeed_Ur_Rehman",5
"Sadid_Ur_Rahman",5
"Sajid_Mahmood",5
"Saqib_Ullah_Khan",5
"Sarfaraz_Khan_Jadoon",5
"Shah_Hussain",5
"Shah_Mohammad",5
"Shahi_Khan",5
"Shahi_Khan_Sherani",5
"Shahnawaz_Khanzada",5
"Shahzia_Batul",5
"Shazia_Bibi",5
"Sheheryar_Khan",5
"Sher_Nawaz_Khattak",5
"Sherullah_Khan",5
"Sultan_Khan_Mandokhail",5
"Sultan_Khan_Mandokhel",5
"Syed_Abdul_Qayyum",5
"Syed_Basharat_Hussain",5
"Syed_Haider_Ali_Shah",5
"Syed_Haroon_Shah",5
"Syed_Karam_Darwesh",5
"Syed_Masood_Shah",5
"Syed_Muhammad_Afzal",5
"Syed_Muhammad_Hanif",5
"Syed_Muzafar_Ali_Shah_Jan",5
"Tariq_Hameed_Khattak",5
"Umar_Hayat",5
"Umar_Khan",5
"Waris_Khan",5
"Zain_Umar_Arbab",5
"Zarbali_Syed",5
"Jawad_Aziz",5
"M_iqbal_Haider",5
"Molvi_Iqbal_Haider_Advocate",5
"Moulvi_Iqbal_Haider",5
"Abdul_Khaliq_Shamas",5
"Abdul_Razaque",5
"Begum_Shahmeem_Arshad_Minhas",5
"Ch_Dilbar_Hussain_Ghaffari",5
"Chaudhary_Muhammad_Iqbal_Gujjar",5
"Gulana_Bibi",5
"Kanwar_Aamir_Sami",5
"Mahboob_Aftab_Khan",5
"Muhammad_Nasrullah_Arain",5
"Muhammad_Rashid",5
"Muhammad_Usama_Nawaz",5
"Nawab_Imran_Khan_Khilji",5
"Sheikh_Rashid_Ahmed",5
"Syed_Mustafsir_Hussain_Bukhari",5
"Syed_Rehan_Ali",5
"Zafar_Ahmed_Ghori",5
"Commander__r__Ayoub_Malik",5
"Fanoos_Gujar",5
"Ghulam_Qadir_Alias_Papu",5
"Khan_Zada",5
"Mian_Abdul_Qayum",5
"Mian_Ashiq_Hussain_Kamyana_Advocate",5
"Muhammad_Aslam_Miraj",5
"Muhammad_Athar_Khan_Advocate",5
"Bahri_Room",5
"Manzoor_Ahmed",5
"Abdul_Ghafoor",5
"Agha_Hassan_Baloch_Advocate",5
"Gaman_Khan",5
"Ghulam_Hadiar",5
"Haji_Noor_Muhammad_Shahwani",5
"Haq_Nawaz_Buzdar",5
"Jahanzaib_Baloch",5
"Khuda_Bukhsh",5
"Malik_Naveed_Dehwar",5
"Maqbool_Ahmed_Lehri",5
"Mir_Abdul_Ghafoor_Mengal",5
"Mir_Abdul_Rauf_Mengal",5
"Mohammad_Qasim_Roonjho",5
"Muhamamd_Akhtar_Mengal",5
"Muhammad_Akhtar_Mengal",5
"Muhammad_Akhter_Mengal",5
"Muhammad_Hashim",5
"Naib_Faqeer_Muhammad_Zahri",5
"Nawabzada_Aurangzeb_Jogezai",5
"Sayed_Essa_Nori",5
"Shair_Afgan",5
"Syed_Ahsan_Shah",5
"Wadera_Gulzar_Khan",5
"Zahid_Hussain",5
"Abdul_Rauf_Rind",5
"Ghulam_Farooq",5
"Gulam_Farooq",5
"Habib_Ur_Rehman",5
"Haji_Muhamad_Azeem",5
"Mir_Ali_Akbar",5
"Mir_Muhammad_Khan_Chandio",5
"Mir_Muhammad_Shoaib_Baloch",5
"Mir_Mujeeb_Rahman_Shahwani",5
"Muhammad_Arif_Badini",5
"Muhammad_Hanif_Baloch",5
"Muhammad_Qayyum_Baluch",5
"Noor_Ahmed_Adil",5
"Noor_Ahmed_Umrani",5
"Saeed_Ahmed",5
"Sayed_Akber_Shah",5
"Yaqoob_Bizenjo_",5
"Abdul_Razzaque",5
"Arbab_Ghulam_Rahim",5
"Aurangzaib_Khan",5
"Deedar_Ali",5
"Dilawar_Gulzar",5
"Ghullam_Murtaza_Khan_Jatoi",5
"Kausar_Fatima_Zaidi",5
"Liaquat_Ali_Jatoi",5
"m_Khan_Junejo",5
"Mir_Ali_Nawaz_Talpur",5
"Mir_Hussain_Bakhash_Talpur",5
"Muhammad_Faisal",5
"Muhammad_Hassam_Mirza",5
"Muhammad_Mushtaq_Ahmed",5
"Muhammad_Rizwan",5
"Pir_Sadar_Uddin_Shah",5
"Rahila_Magsi",5
"Safdar_Ali_Abbasi",5
"Saira_Bano",5
"Shaheen_Khan",5
"Shaheena",5
"Shaista_Ameer",5
"Shumaila",5
"Syed_Munir_Hyder_Shah",5
"Syed_Mushtaq_Hussain",5
"Syed_Zainulabdin",5
"Umair_Naeem",5
"Aziz_Ullah",5
"Amir_Shehzad",5
"Muhammad_Zia_Khan",5
"Aiman_Javed",5
"Bukhtiyar_Ali",5
"Firdous_Ashiq_Awan",5
"Ghulam_Sarwar",5
"Hamayun_Akhtar_Khan",5
"Jairam_Das",5
"Jalil_Ahmad_Khan",5
"Mahmood_Baqi_Molvi",5
"Malik_Muhammad_Ahmad_Langrial",5
"Mir_Faiz_Ahmad",5
"Muhammad_Anwar_Azeem_Khan",5
"Muhammad_Aon_Saqlain",5
"Muhammad_Ayaz_Khan_Niazi",5
"Muhammad_Hashim_Dogar",5
"Nargis_Jabeen",5
"Noureen_Iqbal",5
"Rana_Nazeer_Ahmad_Khan",5
"Rasheed_Ahmed",5
"Sharjeel_Mir",5
"Syed_Ali_Hussain",5
"Tariq_Mehmood_Qadri",5
"Zunaira_Rehman",5
"Mr_zulfiquar_Ali_Khoso__Retired_",5
"Muhammad_Lateef_Lajpal_Sial",5
"Munir_Ahmad_Zafar",5
"Gul_Muhammad",5
"Muhammad_Farooq_Rajput",5
"Nawabzada_Shazain_Bugti",5
"Nawabzada_Talal_Akbar_Bughti",5
"Nawabzada_Talal_Akbar_Bugti",5
"Rana_Umar_Nazir_Ahmad_Khan",5
"Sardar_Zia_Ul_Haq",5
"Shah_Wali",5
"Talal_Akbar_Bugti",5
"Muhammad_Tahir_Makhdoom",5
"Abu_Khair_Muhammad_Zubair",5
"Abul_Khair_Mohammad_Zubair",5
"Akhtar_Hussain_Gil",5
"Allama_Muhammad_Yaqoob",5
"Badshah_Muain",5
"Chaudhary_Tariq_Maqsood_Sahi",5
"Doctor_Muhammad_Aslam_Javaid_Awan",5
"Ghulam_Hussain_Farooqi",5
"Hafiz_Ahmed_Ali_Abbasi",5
"Hafiz_Munawar_Hussain",5
"Hafiz_Saeed_Ahmed",5
"Jan_Muhammad_Jat",5
"Khalid_Mahmood_Akhtar_Jajja",5
"Malik_Bashir_Ahmad_Nizami",5
"Mehmood_Ahmad",5
"Mir_Maqbool_Ahmed_Khosa",5
"Mirza_Mukhtar_Ali_Khan",5
"Mohammad_Jaffar",5
"Molana_Miraj_Ud_Din_Sirkani",5
"Molvi_Muhammad_Qasim",5
"Mufti_Abdul_Shakoor_Rizvi",5
"Muhammad_Awais_Siddiqi",5
"Muhammad_Fayaz",5
"Muhammad_Owais_Siddiqui",5
"Muhammad_Sajjad_Ali_Hamdi",5
"Muhammad_Siddiq_Rathore",5
"Muhammad_Tassaduq_Hussain",5
"Muhammad_Younus",5
"Niaz_Muhammad_Chandio",5
"Pir_Muhammad_Saeed_Ahmad_Nuqshbandi",5
"Pir_Syed",5
"Qari_Hafiz_Muhammad_Zawar_Bahadar",5
"Qazi_Shehzada_Sultan_Ul_Haq",5
"Rajab_Ali",5
"Rao_Azmat_Ullah_Khan",5
"Rashid_Imran_Khan",5
"Seikh_Muhammad_Akram",5
"Shad_Mohammad_Khan",5
"Shah_Muhammad_Owais_Noorani",5
"Tauqeer_Ahmed_Bajwa",5
"Wahid_Ali_Naqshband",5
"Abdul_Nazeer",5
"Aurang_Sher",5
"Bakhtiar_Ahmed_Maitlo",5
"Dr_Babur_Zaheer_Uddin",5
"Muhammad_Farooq_Ali",5
"Muhammad_Sarwar_Bin_Pakistan",5
"Muhammad_Yousuf_Nawaz",5
"Sarfraz_Ahmed_Chandio",5
"Abdul_Akbar_Chitrali",5
"Abdul_Jameel_Khan",5
"Abdul_Majeed_Pathan_Advocate",5
"Abdul_Mateen_Akhondzada",5
"Abdul_Mustaan",5
"Akhtar_Mohammad",5
"Anwar_Ul_Haq_Butt",5
"Arshad_Mahmood_Baggu",5
"Asadullah_Bhutto",5
"Atta_Muhammad_Jafri",5
"Atta_Ur_Rahman",5
"Bakhtiar_Maani",5
"Basheer_Ahmed_Mandai",5
"Ch__Ansar_Mahmood",5
"Ch_Manzoor_Hussain",5
"Ch_Zahid_Imran_Korotana",5
"Chaudhary_Bashir_Ahmed",5
"Chaudhery_Asghar_Ali_Gujjar",5
"Chaudhry_Ihsan_Ali",5
"Chaudhry_Sajid_Ali_Chadhar",5
"Choudhry_Abdul_Rehman_Ranga",5
"Choudhry_Muhammad_Anwar",5
"Doctor_Muhammad_Anwar_Shah",5
"Dr__Abdul_Rehman_Ranjha",5
"Dr_Mairaj_Ul_Huda_Siddiqui",5
"Dr_Muhammad_Abdullah",5
"Dr_Muhammad_Arshad_Shahid",5
"Dr_muhammad_Ashraf",5
"Dr_Muhammad_Ubaid_Ullah_Gohar",5
"Engineer_Muhammad_Azeem_Randhawa",5
"Farid_Ahmed_Piracha",5
"Farooq_Ahmad_Chatha",5
"Fazale_Subhan",5
"Gul_Nawaz_Khan",5
"Gulab_Baloch",5
"Habib_Ullah_Cheema",5
"Habib_Ur_Rehman_Abbasi",5
"Hafiz_Khalid_Rauf",5
"Hafiz_Muhammad_Tahir_Aslam",5
"Hafiz_Nasrullah",5
"Hafiz_Salman_Butt",5
"Hafiz_Zubair_Ahmad",5
"Haji_Abdul_Aziz",5
"Haji_Muhammad_Irshad_Mund",5
"Haji_Muhammad_Khalid",5
"Haji_Muhammad_Ramzan",5
"Hameed_u_Deen_Awan",5
"Haroon_Ur_Rasheed_Nizami_Advocate",5
"Hikmat_Khan",5
"Hizbullah_Jhakro",5
"Israr_Ahmed_Sheikh",5
"Israr_Ullah",5
"Jaffer_Ali_Nizamani",5
"Khalid_Mahmood_Virk",5
"Khalid_Mehmood_Mirza",5
"Khawaja_Muhammad_Waqar_Khan",5
"Khuda_Dino",5
"Maehrullah_Khan",5
"Major_r_Muhammad_Ghulam_Sarwar",5
"Major_Retired_Haq_Daad_Ali_Khan",5
"Maulana_Abdul_Malik",5
"Mehrab_Ali",5
"Mian_Asad_Ullah",5
"Mian_Muhammad_Ibhrahim",5
"Mian_Muhammad_Younis",5
"Mian_Mukhtar_Ahmad",5
"Mian_Saleem_Akbar",5
"Mohammad_Awais_Ghumman",5
"Mohammad_Laeeque_Khan",5
"Mohammad_Tariq_Javed_Dar",5
"Mr_Niamatullah_Khan",5
"Muhammad_Arshad_Khan",5
"Muhammad_Farooq_Sheikh",5
"Muhammad_Hanif_Chaudhary",5
"Muhammad_Haq_Nawaz_Khan_Durani",5
"Muhammad_Husain_Mehenti",5
"Muhammad_Ibraheem",5
"Muhammad_Iqbal_Khalil",5
"Muhammad_Irshad_Anwar",5
"Muhammad_Jameel",5
"Muhammad_Mashal_Khan",5
"Muhammad_Rafique_Nizami_Advocate",5
"Muhammad_Rasool",5
"Muhammad_Sadiq_Malik",5
"Muhammad_Saeed_Khan",5
"Muhammad_Tasleem_Iqbal",5
"Muhammad_Younis_Khattak",5
"Mumtaz_Hussain_Sahto",5
"Naseer_Ahmad",5
"Naveed_Zafar_Shah",5
"Professor_Muhammad_Ibrahim_Khan",5
"Qari_Muhammad_Asif_Gujjar",5
"Rai_Muhammad_Akram_Khan",5
"Raj_Muhammad",5
"Raja_Muhammad_Jawwad",5
"Raja_Muhammad_Nawaz_Kayani",5
"Rana_Javed_Iqbal",5
"Rana_Muhammad_Adnan_Khan",5
"Rana_Zahid_Farooq",5
"Rashid_Nasim",5
"Raza_Ahmed_Shah",5
"Riaz_Ahmad_Bhulla_Advocate",5
"Riaz_Ali_Kazmi",5
"Rizwan_Ahmed",5
"Sabir_Hussain_Awan",5
"Sahib_Zada_Haroon_Ur_Raheed",5
"Sami_Ullah_Jan",5
"Sardar_Riaz_Ahmad_Khan",5
"Sardar_Zafar_Hussain_Khan",5
"Sarfraz_Ahmad_Khan",5
"Shahib_Zada_Muhammad_Yaqub",5
"Sheikh_Muhammad_Mushtaq",5
"Shoukat_Ali_Shaikh",5
"Solat_Majeed_Satti_Advocate",5
"Sultan_Muhammad",5
"Syed_Attaullah_Shah",5
"Syed_Mehr_Hassan_Gillani",5
"Syed_Mohammad_Faheem",5
"Syed_Muhammad_Bilal",5
"Tahir_Siraj",5
"Taj_Muhammad_Khan",5
"Tariq_Javeed_Janjua",5
"Tashkeel_Ahmed_Siddiqui",5
"Taufeequddin_Siddiqui",5
"Uzair_Latif",5
"Waheed_Akhtar",5
"Waleed_Nasir_Choudhary",5
"Yahya_Bakhtiar",5
"Zafar_Jamal_Khan_Advocate",5
"Zahid_Mohibullah_Khan_Advocate",5
"Zahid_Saeed",5
"Zahoor_Ahmad_Watto",5
"Zar_Noor_Afridi",5
"Zubair_Ahmad_Gondal",5
"Zubair_Farooq_Khan",5
"Abdul_Malik",5
"Abdul_Nabi",5
"Abdul_Nasir",5
"Abdul_Qadir_Luni",5
"Abdul_Sadiq",5
"Abdul_Wahid",5
"Abul_Khair_Muhammad_Zubair",5
"Ameer_Ullah",5
"Arman_Ahmed",5
"Ashiq_Ali",5
"Azizullah_Satakzai",5
"Faaiz_Mehmood",5
"Faiz_Ul_Hassan",5
"Fazal_Muhammad_Kakar",5
"Ghous_Baksh_Fareed",5
"Gul_Naseeb_Khan",5
"Hafiz_Ahmed_Ali",5
"Hafiz_Muhammad_Muzaffar",5
"Haji_Naseem_Shah",5
"Ishfaq_Ahmad",5
"Islam_Noor",5
"Khalil_Ahmad",5
"m_Ajmal_Qadri",5
"m_Esa",5
"m_Iqbal",5
"Mahmood_Ahmed_Qadri",5
"Malik_Amjad_Kakar",5
"Maqsood_Ahmed",5
"Mher_Ullah",5
"Mohammad_Ismail_Buledi",5
"Moheb_Ullah",5
"Mufti_Syed_Zain_Ul_Abidin",5
"Muhammad_Bashir_Yousaf",5
"Muhammad_Dawood",5
"Muhammad_Ishtiaq_Khan_Jadoon",5
"Muhammad_Jan",5
"Muhammad_Khalid_Shakir",5
"Muhammad_Maroof",5
"Muhammad_Rizwan_Sheikh",5
"Muhammad_Sadiq_Serani",5
"Naqeeb_Ullah",5
"Noor_Ahmad_Sial",5
"Rao_Azmat_Ullah",5
"Sana_Ullah",5
"Shafi_Ud_Din",5
"Shafi_Ullah",5
"Shaheen_Iqbal",5
"Shuja_Al_Malik",5
"Zubair_Ahmad",5
"Fakhar_Ul_Din",5
"Fathe_Muhammad",5
"Ghazanfar_Aziz",5
"Hussain_Ahmed_Madni",5
"Muhammad_Tasadduq",5
"Noor_Alam",5
"Saddam_Ul_Haq",5
"Zia_Ur_Rehman_Amazai",5
"Khalil_Ur_Rehman",5
"Abdullah_Mangi",5
"Aijaz_Ahmed_Sanjrani",5
"Allama_Muhammad_Hasnain_Arif",5
"Asghar_Ali_Mubarik",5
"Darban_Ali_Jaffry",5
"Ehsan_Ullah_Khan_Baluch",5
"Ghulam_Hussain",5
"Hakeem_Muhammad_Tufail",5
"Hakeem_Syed_Jaffar_Hussain_Bukhari",5
"Imran_Ali",5
"Khair_Mohammad",5
"Khuwaja_Aftab_Ali_Jaafri",5
"Maqsood_Ali_Domki",5
"Molana_Moula_Bux_Murtazai",5
"Muhammad_Askari_Ul_Hidayat",5
"Muhammad_Hussain_Karimi",5
"Muhammad_Ismail_Jaffery",5
"Muhammad_Sarwer",5
"Mukhtar_Ahmed_Chandio",5
"Rasool_Bux_Shah",5
"Shumaila_Bibi",5
"Syed_Asghar_Abbas_Zaidi",5
"Syed_Basheer_Ahmed_Shah_Naqvi",5
"Syed_Muhammad_Hassan_Zaidi",5
"Zaheer_Abass_Hajano",5
"Ajab_Khan",5
"Essa_Khan",5
"Gul_Meer_Khan",5
"Gulab_Khan",5
"Gull_Meer_Khan",5
"Hakeem_Khan",5
"Muhammad_Asghar",5
"Badshah_Rawan",5
"Mohsin_Faraz",5
"Muhammad_Ebrahim_Ali",5
"Sohail_Wahab",5
"Abdul_Hai_Sheikh_Qari_Sahab",5
"Abdul_Hakam",5
"Abdul_Hanan",5
"Abdul_Khaliq_Rehmani",5
"Abdul_Rasheed",5
"Amanullah_Usmani",5
"Anus_Bin_Malik",5
"Asghar_Ali_Abbasi",5
"Atta_Ullah",5
"Bashir_Ahmad",5
"Bilal_Ahmed",5
"Chand_Faisal",5
"Faridullah",5
"Fiaz_Ur_Rehman_Siddiqui",5
"Gul_Wazir_Shaheen",5
"Habibullah_Mukhtiar",5
"Hafeezullah_Chandio",5
"Hafiz_Asim_Makdoom",5
"Hafiz_Manzoor_Ahmed_Solangi",5
"Hafiz_Mohammad_Akber",5
"Hafiz_Muhammad_Hanif_Usmani",5
"Hafiz_Muhammad_Safdar_Qasmi",5
"Hafiz_Orangzaib",5
"Hafiz_Qudratullah_Arif_Khan",5
"Hafiz_Rana_Muhammad_Usman_Shakar",5
"Hakeem_Jameel_Asghar_Khizri",5
"Hakeem_Muhammad_Sadique",5
"Imdad_Ali",5
"Ishtiaq_Ahmad",5
"Khalifa_Abdul_Qayyum",5
"Khwaja_Muhammad",5
"Mahar_Ghulam_Shabir",5
"Maulana_Rasheed_Ahmad",5
"Maulana_Umar_Farooq_Saddiqui",5
"Mohammad_Ramzan_Malik_Mdm",5
"Mohammad_Tayyab",5
"Molana_Abdul_Waheed",5
"Molana_Hamid_Ul_Haq_Haqqani",5
"Molana_Hidayat_Ullah_Khan_Chishti",5
"Molana_Iftikhar_Ahmed",5
"Molana_Muhammad_Ahmad_Ludhianvi",5
"Molana_Muhammad_Bilal_Umer",5
"Molana_Taj_Muhammad_Hanfi",5
"Mollana_Abdul_Kabeer_Shahkir",5
"Molvi_Abdul_Hai",5
"Mr_ayoub_Chandio",5
"Muhammad_Arfan_Siddiquei_Advocate",5
"Muhammad_Ashiq_Khan",5
"Muhammad_Aslam_Siddiqui",5
"Muhammad_Basir_Sikhan_Advocate",5
"Muhammad_Hayat_Muhammad_Hassani",5
"Muhammad_Ibrahim_Qasmi",5
"Muhammad_Iqbal_Jutt",5
"Muhammad_Muhsan_Rahmani",5
"Muhammad_Naseem_Khan",5
"Muhammad_Sarwar",5
"Mulana_Muhammad_Asif_Moavia_Sial",5
"Qari_Abdul_Majeed",5
"Qari_Abdul_Majeed_Pitafi",5
"Qari_Asghar_Ali",5
"Qari_Faqir_Mohammad_Hazarvi",5
"Qari_Hussain_Ahmad_Shad",5
"Qazi_Naeem_Akhtar",5
"Qazi_Saif_Ullah_Khan",5
"Qudratullah_Rajput",5
"Raheem_Bukhsh",5
"Rana_Hafiz_Abdul_Jabbar_Muavia",5
"Rao_Habib_Ur_Rehman",5
"Rao_Muhammad_Javaid_Iqbal",5
"Rehan_Mehmood_Zia",5
"Syed_Bahroon_Shah",5
"Syed_Faisal_Hussain_Shah_Gillani",5
"Syed_Muhammad_Subtain_Shah_Naqvi",5
"Tahir_Aqeel",5
"Ubaid_Ullah",5
"Zaheer_Uddin_Baber",5
"Zar_Wali_Khan",5
"Abdul_Aziz_Baloch",5
"Abdul_Aziz_Khan_Khilji_Advocate",5
"Abdul_Moeen_Qureshi",5
"Abdullah_Shaikh",5
"Allama_Doctor_Muhammad_Anees_Rohani",5
"Anwar_Ul_Habib",5
"Aslam_Katchela",5
"Attaullah_Khoso",5
"Aziz_Ud_Din",5
"Doctor_Muhammad_Khalid_Raza_Pir_Zakori_Sharif",5
"Dr__Abdul_Rehman_Shakir",5
"Dr__Abid_Rauf_Orakzai",5
"Ehsan_Bari_Mian_Doctor_Sahib",5
"Ghulam_Kibriya_Rizwan__G_k__Rizwan_Advocate_",5
"Hafiz_Abdul_Razaq_Parhyar",5
"Hafiz_Muhammad_Ejaz-Ul-Haq_Ch_",5
"Hafiz_Muhammad_Hanif_Zafar__Advocate_",5
"Hafiz_Muhammad_Ibrahim_Soomro",5
"Hafiz_Muhammad_Idrees",5
"Hafiz_Muhammad_Nadeem",5
"Hafiz_Saeed_Ahmad",5
"Hafiz_Sana_Ullah",5
"Haji_Abdul_Jalil_Jan",5
"Haji_Rozuddin",5
"Hidayat-Ur-Rehman",5
"Ibrahim_Rais_Advocate",5
"Iftikhar_Ahmed_Haqani",5
"Iftikhar_Ahmed_Haqqani",5
"Imdad_Hussain_Pitafi",5
"Kari_Abdul_Rasheed_Awan__Retired_",5
"Khawja_Ghulam_Nizam_Ud_Din",5
"Malik_Faiz_Muhammad_Adovocate",5
"Manzoor_Ahmed_Soomro",5
"Maulana_Atta-Ul-Haq",5
"Maulana_Malik_Muhammad_Khan_Sherani",5
"Maulana_Mohammad_Qasim",5
"Maulana_Nisar_Khan",5
"Maulana_Rehmat_Ullah",5
"Maulana_Sadiq_Ahmad",5
"Maulana_Zahoor_Ahmad_Ranjha",5
"Mir_Wali",5
"Mohammad_Hafizur_Rehman",5
"Molana_Abdul_Ghafoor_Hyderi_",5
"Molana_Abdul_Ghafoor_Qasimi",5
"Molana_Abdul_Hai",5
"Molana_Fazal_Azim",5
"Molana_Shujah-Ul-Mulk",5
"Molvi_Agha_Muhammad",5
"Molvi_Attaullah",5
"Molvi_Faizullah",5
"Molvi_Fateh_Mohammad_Maheri",5
"Molvi_Karimdad",5
"Molvi_Muhammad_Idrees_Soomro",5
"Molvi_Muhammad_Jehangir_Khan",5
"Molvi_Qamar-Ud-Din",5
"Moulana_Abdul_Karim_Abid",5
"Moulana_Abdul_Razaque_Abid_Lakho_",5
"Moulana_Abdul_Samad_Shahwani___r_",5
"Moulana_Muhammad_Zahid_Anwar",5
"Moulana_Siddique_Mughari",5
"Moulanataj_Muhammad_Nahiyon",5
"Mr__Mufti_Wali_Muhammad",5
"Mufti_Abdul_Nabi_Langah",5
"Mufti_Ahtisham-Ul-Haq_Asia_Abadi",5
"Mufti_Ajmal_Khan",5
"Mufti_Ali_Hassan_Buriro_",5
"Mufti_Fazal-Ur-Rehman_Nasir_",5
"Mufti_Hafiz_Muhammad_Usman",5
"Mufti_Muhammad_Hanif_Khoso",5
"Mufti_Muhammad_Sajjad",5
"Mufti_Muhammad_Younas",5
"Muhammad_Akram_Abbasi",5
"Muhammad_Faiz-Ur-Rehman",5
"Muhammad_Idrees_Haqani",5
"Muhammad_Ilyas_Siddique_Advocate",5
"Muhammad_Rab_Nawaz",5
"Muhammad_Ramzan_Phulpoto",5
"Muhammad_Riaz_Noori",5
"Muhammad_Siddique_Rathor",5
"Muhammad_Zubair_Kayani",5
"Prof__Abdul_Rehman_Ludhanvi",5
"Professor_Raja_Aurangzeb_Khan",5
"Qari_Muhammad_Usman",5
"Qari_Muhammad_Yousaf",5
"Qari_Muhammad_Zawar_Bahadur",5
"Qari_Muhammad_Zawar_Bahadur__Retired_",5
"Qari_Syed_Abdul_Rahim_Shah",5
"Qazi_Fazal_Ullah",5
"Qazi_Hameed_Ullah_Khan",5
"Raja_Ishtiaq_Ahmed",5
"Rauy_Bashir_Ahmad",5
"Rehmatullah_Tunsuwani",5
"Sahibzada_Abul_Khair_Muhammad_Zubair",5
"Sahibzada_Khalid_Jan",5
"Said_Mukhtar_Ahmed",5
"Saleemullah_Khan_Tarak",5
"Saqib_Rehman_",5
"Shabbir_Abu_Talib",5
"Sibghatullah_Chuadhry",5
"Syed_Abdul_Salam_Hassan_Raza_Naqvi",5
"Syed_Muhammad_Ayoub_",5
"Arbab_Liaquat_Ali",5
"Jaffar_Ali",5
"Mohsin_Sajjad_Utraa",5
"Muntazir_Mehdi",5
"Ruqia_Sultana",5
"Syed_Arif_Raza_Zaidi",5
"Syeda_Zainab_Kazmi",5
"Abdul_Kareem_Khetran",5
"Abdul_Khaliq_Baloch",5
"Dr_Abdul_Hayee_Baloch",5
"Haji_Musa_Jan_Khilji",5
"Mir_Muhammad_Ayoub_Jattak",5
"Mmad_Yasin_Baloch",5
"Sardar_Kamal_Khan_Bangulzai",5
"Sardar_Sanaullah_Zehri_",5
"Shah_Nawaz",5
"Yar_Muhammad_Bangulzai",5
"Ahmad_Jaan",5
"Aimal_Nasir_Khan",5
"Mohsin_Javed",5
"Muhammad_Asghar_Khan",5
"Syed_Nadeem_Shah",5
"Abdul_Khalique",5
"Faiza_Rafique",5
"Ijaz_Hussain",5
"m_Naeem",5
"Mir_Kabeer_Ahmed",5
"Muhammad_Hussain_Wattoo",5
"Phaleen",5
"Sabira_Asad",5
"Yar_Muhammad",5
"Yasar_Altaf_Rana",5
"Yasmeen_Bibi_Lehri",5
"Asia_Chudhary",5
"Mirza_Zaheer_Ahmed_Babar",5
"Raja_Muhammad_Aftab_Satti",5
"Abdul_Shakoor",5
"Admiral_r_Javaid_Iqbal",5
"Admiral_r_Javed_Iqbal",5
"Ameer_Ahmad_Awan",5
"Asghar_Ali_Javed",5
"Choudhary_Muhammad_Rafi",5
"Hafiz_Muhammad_Abid_Khan_Saeedi",5
"Khalid_Jamal_Siddiqui",5
"Muhammad_Salman_Ansari",5
"Nasir_Raheem",5
"Nazar_Ali_Mazari",5
"Rahmaan_Alli",5
"Syed_Ahmed_Ali",5
"Syed_Iqbal_Shah",5
"Syed_Rashid_Ali_Gerdazi",5
"Tariq_Yaseen",5
"Ch_Ijaz_Hussain_Gujjar_Advocate",5
"Ch_Muhammad_Majeed_Gill_Advocate",5
"Chudhary_Ghulam_Rasool_Mehr",5
"Malik_Mansaf_Awan_Advocate",5
"Malik_Noor_Muhammad_Sarfraz_Awan_Advocate",5
"Mian_Ghulam_Rasool_Advocate",5
"Muhammad_Arshad_Faqir",5
"Muhammad_Naeem_Kashif_Adv",5
"Muhammad_Shakeel_Tahir",5
"Qari_Nadeem_Ahmad_Owaisi",5
"Rai_Muhammad_Nawaz_Kharal_Advocate",5
"Zafar_Iqbal_Rajput_Khokhar",5
"Ali_Akber_Nizamani",5
"Ali_Asghar_Halepoto",5
"Amjad_Hussain",5
"Chakar_Khan_Shahani",5
"Fakir_Ghulam_Nabi_Mangrio",5
"Ghulam_Dastgir_Rajar",5
"Imamuddin_Shaookeen",5
"Inayatullah",5
"Jam_Mashooque_Ali",5
"Khuda_Bux_Dars",5
"Main_Sajjad_Ahmad_Sajid",5
"Maj___Rtd__Syed_Tanveer_Hussain_Satara_Juraat",5
"Makhdoom_Syed_Ahmad_Mahmood",5
"Makhdum_Syed_Ahmad_Mahmud",5
"Malik_Ghulam_Mustafa_Khar",5
"Mehtab_Akbar_Rashidi",5
"Mian_Abdul_Malik",5
"Mir_Hassan_Khoso",5
"Mir_Naseer_Khan_Khoso_",5
"Muhammad_Jadam_Mangrio",5
"Musharraf_Ali_Khan_Khoso",5
"Nadeem_Qadir_Bhutto",5
"Pir_Bux_Junejo",5
"Pir_Noor_Mohammad_Shah_Jeelani",5
"Pir_Sadruddin_Shah",5
"Pir_Syed_Saddaruddin_Shah_Rashdi",5
"Sardar_Mir_Hakim_Ali_Khan_Sundrani",5
"Sarfaraz_Ali_Bughio",5
"Shabir_Ahmed_Qaim_Khani",5
"Shehzad_Mughal",5
"Syed_Ghulam_Abbas",5
"Syed_Kazim_Ali_Shah_Lakyari",5
"Syed_Mehr_Mohi_Ud_Din_Hashmi",5
"Syed_Qazim_Ali_Shah",5
"Syed_Safdar_Ali_Shah",5
"Syed_Zahid_Hussain_Shah",5
"Adil_Farooq_Khan",5
"Asif_Mamon",5
"Chaudhary_Muhammad_Younas_Hanjra",5
"Choudhary_Amjad_Mehmood",5
"Fozia_Ashraf",5
"Ijaz_Ahmed_Cheena",5
"Imran_Ahmad_Khan",5
"Mozaffer_Ali",5
"Muhammad_Ahmad_Chatha",5
"Muhammad_Fiaz_Qadri",5
"Muhammad_Mutahar_Ramzan",5
"Syed_Ghulam_Abbas_Shah",5
"Syed_Safdar_Ali",5
"Mian_Abu_Bakar_Hamza",5
"Muhammad_Ijaz_Ul_Haq",5
"Saleem_Abbas",5
"Aamir_Rasheed",5
"Afzal_Ahmad_Gondal",5
"Ali_Akbar_Kalhoro",5
"Ali_Nawaz_Qasmi",5
"Allama_Mujhahid_Abdul_Rasool_Khan",5
"Allama_Shabbir_Ahmed_Chasti_Nazimi_Off_Sakka",5
"Arshad_Mehmood",5
"Awal_Jan_Mazari",5
"Basharat_Ali_Gujjar",5
"Hafiz_Gul_Sher",5
"Hafiz_Malik_Muhammad_Bashir",5
"Hafiz_Raja_Muhammad_Sana_Ul_Haq",5
"Imtiaz",5
"Jahangir_Qadri",5
"Jhangir_Qadri",5
"Mahboob_Ali_Sahto",5
"Malik_Matloob_Ali_Awan",5
"Malik_Muhammad_Iqbal_Khokhar",5
"Matloob_Awan",5
"Mian_Ghulam_Shabir_Qadri",5
"Mohammad_Kashif",5
"Mohammad_Younis_Ansari",5
"Mollana_Mohammad_Illyas_Gabool",5
"Muhammad_Afzal_Qadri",5
"Muhammad_Ajmal_Umar",5
"Muhammad_Arif_Mansoori",5
"Muhammad_Imran_Javaid",5
"Muhammad_Jamal_Barket",5
"Muhammad_Kaleem",5
"Muhammad_Murtaza_Rizvi_Wattoo",5
"Muhammad_Tahir_Qadri",5
"Peer_Sayed_Munir_Hussain_Shah_Noori",5
"Pir_Syed_Mubashar_Hussain_Shah_Shakreelvy",5
"Professor_Farooq_Ahmed_Tajra",5
"Rana_Muhammad_Riaz_Qadri",5
"Raza_e_Mustafa",5
"Rizwan_Ali",5
"Rizwan_Qureshi",5
"Sajid_Mehmood_Qadri",5
"Sajjad_Haider",5
"Shoukat_Ali_Lehri",5
"Syed_Ahmad_Shah",5
"Syed_Tawaqal_Hussain_Shah_Bukhari",5
"Azmat_Ali",5
"Syed_Mazhar_Ali",5
"Ahmad_Ikhwan",5
"Ali_Hassan",5
"Aman_Ullah",5
"Amjad_Arbab_Abbasi",5
"Asjad_Hussain",5
"Fayyaz_Ahmed_Tabassum",5
"Gul_Hassan",5
"Haji_Fateh_Din",5
"Latif_Ahmed_Hussain",5
"Mian_Muhammad_Raza",5
"Mian_Noor_Ahmad",5
"Mubashir_Hussain",5
"Mudassar_Hussain_Shah",5
"Muhammad_Amir_Awan",5
"Muhammad_Anwar_Abbasi",5
"Muhammad_Asif_Sulehria",5
"Muhammad_Ayoub_Butt",5
"Muhammad_Aziz",5
"Muhammad_Ijaz_Arshad",5
"Muhammad_Khalil",5
"Muhammad_Nadeem",5
"Muhammad_Naveed_Akhtar",5
"Muhammad_Rafi",5
"Muhammad_Shahzad",5
"Muhammad_Usman",5
"Mujahid_Mahmood",5
"Naseer_Khan",5
"Naveed_Akram",5
"Pervaiz_Iqbal_Virk",5
"Salwat_Shahzad_Khan",5
"Sardar_Muhammad_Mansoor_Khan",5
"Shafique_Ahmad",5
"Sohail_Babar",5
"Abdul_Rab",5
"Jamal_Khan",5
"Mehmood_Khan_Achakzai",5
"Muhammad_Akram_Tareen",5
"Muhammad_Ashraf",5
"Muhammad_Rahim",5
"Nawab_Muhammad_Ayaz_Khan_Jogezai",5
"Palwasha_Ramzan",5
"Riaz_Mahammad_Yousafzai",5
"Aneela_Iftikhar",5
"Arshad_Ahmad_Qamar",5
"Chaudhry_Salik_Hussain",5
"Chaudhry_Tariq_Bashir_Cheema",5
"Hussain_Ellahi",5
"Muhammad_Jameel_Ahmed_Khan",5
"Muhammad_Tariq_Hassan",5
"Musa_Elahi",5
"Riaz_Ahmed_Jan",5
"Shakeel_Ahmed_Roshan",5
"Syed_Faizan_Anis",5
"Abrar_Hussain",5
"Aasim_Nisar",5
"Abdul_Azeem",5
"Abdul_Azeem_Khan",5
"Abdul_Aziz_Aziz",5
"Abdul_Mateen",5
"Abdul_Nisar",5
"Abdul_Raheem",5
"Abdul_Rahim",5
"Abdul_Rehman_Muslim",5
"Abdul_Waheed_Abid",5
"Abdul_Wajid",5
"Abu_Zar",5
"Adil_Hussain",5
"Ahmad_Bakhsh",5
"Ahmad_Sher",5
"Aisha",5
"Akhtari_Bibi",5
"Amir_Zeb",5
"Amjad_Islam_Amjad",5
"Ansar_Javed_Tarar",5
"Arshad_Nawab",5
"Asad_Munawar",5
"Asmat_Bibi",5
"Azmat_Ali_Kiyani",5
"Babar_Ijaz_Virk",5
"Balquees_Begum",5
"Basmeeda",5
"Chaudhry_Zulfiqar_Ali_Aulakh",5
"Choudhary_Muhammad_Yaqoob_Chahal",5
"Danish_Anam",5
"Faisal_Ahmad_Cheema",5
"Faisal_Nadeem_Shaikh",5
"Fazal_Rahim",5
"Fiaz_Ahmad",5
"Ghulam_Ali_Shakar_Toor",5
"Hafeez_Ullah_Rehman",5
"Hafiz_Ameer_Hamza",5
"Hafiz_Muhammad_Masood",5
"Hafiz_Muhammad_Rizwan",5
"Hafiz_Safi_Ur_Rehman",5
"Hafiz_Talha_Saeed",5
"Haq_Nawaz",5
"Imran_Liaquat",5
"Jahanzaib_Zahid",5
"Jamil_Badshah",5
"Kashif_Altaf",5
"Khalid_Mahmood_Cheema",5
"Khalid_Masood_Sandhu",5
"Mahar_Muhammad_Mujahid",5
"Maqbool_Bibi",5
"Mehak_Rafiq",5
"Mehdi_Ishaq",5
"Mir_Hazoor_Bakhsh",5
"Mudassir_Yaqoob",5
"Muhamamd_Ehsan",5
"Muhamamd_Saif_Ullah_Saif",5
"Muhamamd_Shahid_Siddique",5
"Muhammad_Abid",5
"Muhammad_Ajmal_Khan",5
"Muhammad_Akmal_Javed",5
"Muhammad_Ameen",5
"Muhammad_Arshad_Bhatti",5
"Muhammad_Ashfaq",5
"Muhammad_Bilal_Haider",5
"Muhammad_Ghalib",5
"Muhammad_Haroon_Rafiq",5
"Muhammad_Hussain_Amir",5
"Muhammad_Ijaz_Malik",5
"Muhammad_Imran",5
"Muhammad_Iqbal",5
"Muhammad_Irfan",5
"Muhammad_Irfan_Ashraf",5
"Muhammad_Mansha",5
"Muhammad_Munawar",5
"Muhammad_Nadeem_Tabasum",5
"Muhammad_Rizwan_Sarwar",5
"Muhammad_Sajjad",5
"Muhammad_Shafiq_Ur_Rahman",5
"Muhammad_Shamshad",5
"Muhammad_Shoaib",5
"Muhammad_Shoaib_Ahmad",5
"Muhammad_Siraj",5
"Muhammad_Usaman",5
"Muhammad_Zafar_Iqbal",5
"Muzamil_Iqbal_Hashmi",5
"Nabi_Ahmad_Virk",5
"Nighat_Fardoos",5
"Noreen_Kamran",5
"Qaisar_Haroon_Toor",5
"Qaisar_Mustafa_Jajja",5
"Qaisar_Sardar",5
"Qaiser_Mustafa_Jajja",5
"Qasim_Ali_Khan",5
"Rahila_Khanum",5
"Rana_Abu_Khubaib_Rehman_Khan",5
"Rana_Shahid_Iqbal_Chachar",5
"Rana_Tariq_Jamal",5
"Rashid_Mahmood",5
"Raza_Ullah_Khan",5
"Ruqia_Bibi",5
"s_m_Yousuf_Ali_Bhatti",5
"Saeed_Ahmed_Khalid",5
"Saeeda_Zafar",5
"Sajid_Bashir",5
"Sajid_Iqbal",5
"Sajjad_Ahmed_Khan",5
"Salma_Bibi",5
"Sardar_Abdul_Sattar_Khan",5
"Shaban_Akhtar",5
"Shahbaz",5
"Shahbaz_Hussain_Sidhu",5
"Shakeela_Yasmeen",5
"Sohail_Qaiser",5
"Syed_Rabab_Haider",5
"Tahir_Javed_Khan",5
"Taj_Mehal",5
"Taj_Mehmood",5
"Tasneem_Gul",5
"Waqar_Murtaza",5
"Wasim_Shaukat",5
"Yasira_Bibi",5
"Yawar_Aftab",5
"Zain_Ullah",5
"Abdul_Ahad",5
"Abdul_Khaliq_s_o_Haji_Fazal_m",5
"Abdul_u_Haq_Malik",5
"Ali_Nawaz",5
"Asgher_Ali",5
"Ata_Muhammad",5
"Eid_Nazar",5
"Ghulam_Shabbir",5
"Gul_Faraz",5
"Hafiz_Aurangzaib_Farooqui",5
"Hamza_Tariq",5
"Iftikhar_Ahmed_Farooqi",5
"Kamran_Khalid_Butt",5
"Khuda_Nazar",5
"Muhammad_Abu_Bakar_Saddique",5
"Muhammad_Ahmad_Khan",5
"Muhammad_Ishaque",5
"Muhammad_Ishfaq",5
"Muhammad_Safder_Hashmi",5
"Muhammad_Sikandar",5
"Naimatullah",5
"Saeed_Khan",5
"Shakil_Ahmed",5
"Syed_Abdul_Rafay",5
"Syed_Kaleem_Ullah",5
"Tariq_Aziz",5
"Ubaid_Ullah_Khan",5
"Waqas_Ahmed",5
"Atif_Atta",5
"Aziz_Ul_Islam",5
"Javed_Sharif",5
"Abdul_Qadir_Khan_Wadan",5
"Abdul_Rahim_Mandokhail",5
"Abdul_Razzaq_Achakzai",5
"Ahmed_Jan_Khan",5
"Akhtar_Shah_Kudezai",5
"Burhan_Ul_Din",5
"Dr__Abdullah_Khan",5
"Haji_Muhammad_Barki",5
"Ikram_Ul_Haq_Khan",5
"Jan_Dad_Khan",5
"Jehangir_Khan",5
"Khurshid_Ali",5
"Main_Asmatullah_Shah",5
"Malik_Khaliq_Dad",5
"Mohammad_Nawaz_Khan",5
"Mohammad_Usman",5
"Muhammad_Bakhsh_Mengal",5
"Muhammad_Essa_Roshan",5
"Muhammad_Mukhtiar",5
"Murad_Ali",5
"Noor_Ullah_Tareen",5
"Rafi_Ullah",5
"Raza_Mohammad_Raza",5
"Saleem_Khan_Kakar",5
"Syed_Muhammad_Yousuf_Agha",5
"Zameen_Dad_Shah",5
"Zia_Watan_Dost",5
"Khuwaja_Tariq_Sarfaraz",5
"Riaz_Shahid_Khan_Punian_Advocate",5
"Shahid_Naeem_Advocate",5
"Syed_Muhammad_Abbas",5
"Abdul_Ghaffar_Khan_Mohmand",5
"Ahmad_Raza",5
"Akbar_Khan",5
"Dr_Siraj_Ud_Din",5
"Farooq_Ahmad",5
"Haji_Muhammad_Umar",5
"Irshad_Alam_Khan",5
"Khalil_Saeed",5
"Masood_Ahmed_Saeed",5
"Muhamamd_Ibrar",5
"Muhammad_Khan",5
"Nasir_Mahmood_Chaudhry",5
"Sami_Ullah_Luni",5
"Amjad_Ali",5
"Bakhtiar_Ali",5
"Fida_Mohammad",5
"Malik_Haider_Khan",5
"Mian_Abdul_Latif",5
"Najeebullah_Durrani",5
"Sher_Wali",5
"Sikandar_Hayat_Khan",5
"Faiza_Bibi_Rasheed",5
"Naseeb_Zaman",5
"Khalil_Ahmed",5
"Allah_Rakha_Waseem",5
"Basharat_Ali_Khan_Advocate",5
"Haji_Rana_Sharafat_Ali_Qadri",5
"Hameed_Ghazi_Dogar",5
"Malik_Muhammad_Siddique_Khokhar",5
"Mofti_Mohammad_Hayat_Qadri",5
"Muhammad_Anwar_Ali",5
"Muhammad_Haseeb",5
"Muhammad_Sarfraz_Akbar",5
"Qari_Fateh_Khan",5
"Rana_Muhammad_Irfan",5
"Saeed_Ahmed_Zafar",5
"Sardar_Mulana_Muhammad_Wazeer_Ul_Qadri",5
"Tariq_Mehboob",5
"Allama_Haider_Alvi",5
"Hamid_Idrees",5
"Mian_Muhammad_Asif_Raza_",5
"Moulana_Nalay_Mitho_Shaikh",5
"Muhammad_Javed_Qadri",5
"Sikandar_Khan",5
"Sohail_Baig_Noori",5
"Waleed_Ahmad",5
"Zahid_Iqbal",5
"Himmat_Ali",5
"Abdul_Ali",5
"Abdul_Qayyum_Bajwa",5
"Adeel_Ahmad",5
"Aman_Ullah_Khan",5
"Amir_Hamza_Dogar_Advocate",5
"Amir_Muhammad",5
"Amjid_Pervaiz",5
"Aqeel_Shahzad",5
"Asif_Iqbal",5
"Ch_Tanveer_Ahmad_Kambo",5
"Doctor_Abdul_Rashid",5
"Doctor_Nasir_Razzaq",5
"Dr__Rafique_Ahmed_Ghuncha",5
"Ghulam_Abbass",5
"Iftikhar_Ali",5
"Kamal_Azfar",5
"Khizar_Hayat",5
"Maki_Muhammad",5
"Malik_Gul_Zali_Khan_Zakheli",5
"Malik_Nazar_Fareed_Khokhar",5
"Malik_Zafar_Iqbal_Rajput_Panwar",5
"Mian_Abdul_Waheed",5
"Moin_Ud_Din",5
"Mr_mumtaz_Ali",5
"Muhammad_Abu_Bakar_Watto",5
"Muhammad_Ahmad_Chaudhary",5
"Muhammad_Arshad_Taqi",5
"Muhammad_Irfan_Ud_Din",5
"Muhammad_Muzzammil",5
"Muhammad_Nawaz_Cheema",5
"Muhammad_Rafique_Advocate",5
"Muhammad_Sharif",5
"Naseer_Ahmed_Chandio",5
"Nek_Daraz_Khan",5
"Peer_Abdul_Shakoor_Naqsh_Bandi",5
"Qazi_Aslam_Khan",5
"Rahimullah_Khan",5
"Raja_Izat_Ali",5
"Rana_Muhammad_Saeed_Khan",5
"Rana_Muhammad_Sharif",5
"Rao_Muhammad_Akbar_Khan_Mayyo",5
"Rao_Wajid_Ali_Khan",5
"Saghir_Hussain",5
"Sahahbaz_Yasir_Ali",5
"Shamim_Khan",5
"Waheed_Ahmad_Khan",5
"Zaheer_Ahmad_Zia_Warraich",5
"Zahid_Sadique_Ansari",5
"Zaib_Ali",5
"Aftab_Khurram",5
"Malik_Abdul_Rasheed",5
"Malik_Jahanzaib_Waran",5
"Mirza_Asif_Baig",5
"Muhammad_Jan_Mohmand",5
"Muhammad_Sohail_Akhter",5
"Syed_Muhammad_Shakeel_Ali_Shah",5
"Abdul_Rehman_Shar",5
"Abrar_Ahmad",5
"Aftab_Ahmad_Joiya",5
"Alaf_Khan",5
"Allah_Bachaya",5
"Allah_Bakhsh",5
"Allah_Baksh",5
"Ameen",5
"Amjad_Naeem",5
"Anbreen_aka_Hena",5
"Asad_Jawad_Khan_Sherwani",5
"Ashique_Hussain",5
"Asif_Mahmood",5
"Asim_Irshad_Khan",5
"Atiq_Ur_Rehman",5
"Azhar_Hussain",5
"Azhar_Mehmood",5
"Bilal_Liaqat",5
"Chaudhary_Zulfiqar_Ali_Gujjar",5
"Chaudhry_Abdul_Kraim",5
"Chaudhry_Alhamza_Hussain_Cheema",5
"Chuadhary_Muhammad_Riaz",5
"Faisal_Bashir",5
"Faisal_Hasan_Khan",5
"Faqeer_Hussain_Dogar",5
"Farzand_Nasim",5
"Ghulam_Farid",5
"Ghulam_Meeran_Shah_Gilani",5
"Ghulam_Mohyu_Din",5
"Ghulam_Murtaza",5
"Ghulam_Rasool_Kalwar",5
"Ghulam_Sarwar_Khatti",5
"Ghulam_Yaseen",5
"Habib_Ul_Maalik_Khan",5
"Hafiz_Abid_Hussain",5
"Hafiz_Farrukh_Saleem",5
"Hafiz_Imran_Siddiq",5
"Hafiz_Khawar_Ikhlas",5
"Hafiz_Muhammad_Abubakar",5
"Hafiz_Muhammad_Ahmad_Bukhari",5
"Hafiz_Muhammad_Hamid",5
"Hafiz_Muhammad_Hamid_Mehmood_Kagani",5
"Hafiz_Muhammad_Saad_Rizvi",5
"Hafiz_Muneeb_Ahmad",5
"Hafiz_Sher_Muhammad_Sialvi",5
"Hafiz_Shoukat_Ali_Jatoi",5
"Haji_Allah_Dad",5
"Hamid_Mehmood_Faizi",5
"Ikram_Ullah",5
"Imran_Haider",5
"Imtiaz_Dogar",5
"Irfan_Ali_Bhatti",5
"Irshad_Ali_Babar",5
"Israr_Ahmed",5
"Javed_Akhtar_Abbasi",5
"Kashif_Ullah",5
"m_Habib",5
"Majid_Hussain",5
"Malik_Azhar_Ahmad_Sandila",5
"Malik_Kamran_Rasheed",5
"Manzoor_Elahi",5
"Matloob_Ahmad",5
"Mehtab_Ahmad",5
"Mir_Muhammad_Aslam",5
"Mohammad_Zaheer_u_Din_Pechuho",5
"Mohsin_Raza",5
"Mudassar_Ali",5
"Muhamamd_Mazhar_Mahmood",5
"Muhamamd_Waseem",5
"Muhammad_Ahmad_Majeed",5
"Muhammad_Ahsan",5
"Muhammad_Akbar",5
"Muhammad_Akhtar_Abbasi",5
"Muhammad_Akram",5
"Muhammad_Akram_Tahir",5
"Muhammad_Ali",5
"Muhammad_Ali_Langrial",5
"Muhammad_Amad_Khan_Wajid",5
"Muhammad_Amin_Uddin_Sialvi",5
"Muhammad_Amjad_Ali",5
"Muhammad_Amjad_Jameel",5
"Muhammad_Arif",5
"Muhammad_Asad_Iqbal",5
"Muhammad_Athar_Amin",5
"Muhammad_Farooq",5
"Muhammad_Farooq_Ul_Hassan",5
"Muhammad_Ghulam_Rasool",5
"Muhammad_Hussain_Babar",5
"Muhammad_Irfan_Qureshi",5
"Muhammad_Ismail_Hussaini",5
"Muhammad_Ismail_Shah",5
"Muhammad_Jahangeer",5
"Muhammad_Jawad_Saleem",5
"Muhammad_Kamran_Aulakh",5
"Muhammad_Khurram_Riaz",5
"Muhammad_Luqman",5
"Muhammad_Mehmood_Qadri",5
"Muhammad_Munir",5
"Muhammad_Mushtaq_Rehmani",5
"Muhammad_Noman_Khalid",5
"Muhammad_Qasim_Jakhro",5
"Muhammad_Rashid_Shah",5
"Muhammad_Raza_Khan",5
"Muhammad_Sajid",5
"Muhammad_Saleh",5
"Muhammad_Sarfraz",5
"Muhammad_Shafi_Khan",5
"Muhammad_Shafiq",5
"Muhammad_Shafiq_Ul_Hai",5
"Muhammad_Shahid_Iqbal",5
"Muhammad_Sharjil_Gopalani",5
"Muhammad_Sohail_Manzoor",5
"Muhammad_Taimoor_Khalid",5
"Muhammad_Tayyab",5
"Muhammad_Umer_Jan",5
"Muhammad_Wakeel",5
"Muhammad_Waseem",5
"Muhammad_Yaqub",5
"Muhammad_Yar_Mehboob_Khar",5
"Muhammad_Younis",5
"Muhammad_Zaheer_Mughal",5
"Munawar_Ali",5
"Nadeem_Zafar",5
"Najeeb_Ullah_Durrani",5
"Naseer_Ahmed",5
"Nasir_Ali",5
"Niamat_Ullah",5
"Pie_Muhammad_Ali_Sarhandi",5
"Qari_Ghulam_Akber",5
"Qazi_Tahir_Mahmood",5
"Raja_Saleem_Abid",5
"Raja_Sohail_Akhtar_Satti",5
"Rana_Muhammad_Rafique",5
"Rao_Atif_Ali_Khan",5
"Rao_Dilnawaz",5
"Ray_Munsif_Shabbir_Ahmad",5
"Rehmat_Ullah",5
"Sadam_Hussain",5
"Saeed_Ullah",5
"Saif_Ur_Rahman",5
"Sajjad_Akbar_Abbasi",5
"Sajjad_Hussain_Shah",5
"Saqib_Hussain",5
"Shabana_Kouser",5
"Shahbaz_Ahmed",5
"Shahid_Ullah",5
"Shahzada_Shahbaz",5
"Shehzad_Ullah_Chatha",5
"Shujaat_Ali",5
"Sohail_Anwar",5
"Syed_Asif_Ullah_Shah_Bukhari",5
"Syed_Atta_Ullah_Shah_Bukhari",5
"Syed_Iqbal_Hussain_Shah",5
"Syed_Ishrat_Jahania_Bukhari",5
"Syed_Jahanzaib_Bukhari",5
"Syed_Kashif_Ali_Shah",5
"Syed_Muhammad_Ali_Shah",5
"Syed_Muhammad_Atta_Ul_Hasnain_Ali",5
"Syed_Muhammad_Irfan_Shah",5
"Syed_Muhammad_Sarwar_Shah",5
"Syed_Munir_Hussain",5
"Syed_Shahid_Zahoor_Gillani",5
"Syed_Shamin_Raza",5
"Syed_Zaheer_Ul_Hassan_Shah",5
"Syed_Zaman_Ali_Jafri",5
"Tahir_Riaz",5
"Tahir_Uddin_Shah",5
"Tariq_Maqsood",5
"Ubedullah_Jamro",5
"Wahid_Bakhsh",5
"Waseem_Nisar",5
"Waseem_Zafar",5
"Wazir_Ahmed_Noorani",5
"Zahid_Hameed_Gujjar",5
"Zahir_Shah",5
"Zameer_Hussain",5
"Zamurd_Abbas_Khan",5
"Muhammad_Jahangir_Malik",5
"Shah_Zia_Udin_Khan",5
"Arslan_Khan_Manj",6
"Mirza_Tariq_Mehmood",6
"Muhammad_Ali_Khan_Yousafzai",6
"Muhammad_Amin_Watoo",6
"Bahi_Khan",6
"Jasim",6
"Khalid_Hussain_Magsi",6
"Mir_Shah_Jahan_Khan_Khetran",6
"Prince_Ahmed_Omar_Ahmedzai",6
"Qadha_Babar",6
"Rubina_Irfan",6
"Syed_Abdul_Karim",6
"Mirza_Hussain",6
"Bakht_Zar",6
"Muhammad_Asad_Thaniwi_",6
"Rana_Zia_Ahmed_Farooqi_Advocate",6
"Zaheer_Ud_Din_Bader",6
"Ali_Muhammad",6
"Masood_Ahmed",6
"Zaeem_Ud_Din_Abid",6
"Alhaaj_Choudhry_Zulfiqar_Ali",6
"Abdul_Mujeeb_Pirzada",6
"Ghulam_Murtaza_Khan_Jatoi",6
"Ghulam_Rasool_Khan_Jatoi",6
"Muhammad_Ibrahim_Jatoi",6
"Rais_Ghulam_Murtaza_Jatoi",6
"Raziq_Dad",6
"Doctor_Muhammad_Rashid_Qammar",6
"Muhammad_Arshad_Hussain_Chishti",6
"Sardar_Naseer_Ahmed",6
"Sufi_Muhammad_Ali_Naqshbandi",6
"Faqir_Jamshid_Ahmad",6
"Farah_Noreen",6
"Rasheed_Ahmad_Khan_Langha",6
"Muhammad_Mumtaz",6
"Zaffar_Iqbal_Gurmani",6
"Abdul_Rehman_Jameel",6
"Ahmad_Deen_Malik",6
"Arshad_Ali_Khan",6
"Muhammad_Allah_Dad_Cheema",6
"Muhammad_Anwar_Ulhaq",6
"Asadullah_Khan",6
"Khushal_Khan_Kakar",6
"Malik_Zada",6
"Mehar_Ullah",6
"Muhammad_Essa_Achakzai",6
"Muhammad_Mukhtar",6
"Nasrullah_Khan_Barech",6
"Noor_Gul_Khan",6
"Parveen_Usman",6
"Abul_Salam",6
"Eid_Muhammad",6
"Zia_Ul_Haq",6
