"Candidate_ID","Eigenvector"
"Ghulam_Qadir",1
"Sher_Akbar_Khan",0.99228734498604
"Abdul_Waheed_Khan",0.990604318697605
"Syed_Inayat_Ali_Shah",0.989936528654254
"Amanullah",0.98971498365843
"Dost_Muhammad_Khan",0.98971498365843
"Muhammad_Afzal_Sindhu",0.98971498365843
"Sardar_Mansoor_Hayat_Tamman",0.98971498365843
"Abdul_Qayyum_Khan_Jatoi",0.98971498365843
"Hassan_Sardar",0.98971498365843
"Malik_Karamat_Ali_Khokhar",0.98971498365843
"Rana_Muhammad_Faraz_Noon",0.98971498365843
"Salim_Rehman",0.98971498365843
"Barrister_Gohar_Ali_Khan",0.98971498365843
"Makhdoom_Shah_Mehmood_Qureshi",0.98971498365843
"Syed_Javed_Ali_Shah",0.986558682119751
"Anwar_Ul_Haq_Chaudhary",0.986244013590596
"Abdul_Hakeem_Baloch",0.986244013590595
"Asghar_Ali_Shah",0.986244013590595
"Jalal_Khan_Khattak",0.986244013590595
"Sardar_Muhammad_Mushtaq_Khan",0.986244013590595
"Syed_Fakhar_Imam",0.986244013590595
"Liaqat_Ali",0.966863975247602
"Abdul_Baqi",0.964511732075874
"Muhammad_Ali_Rashid",0.964511732075874
"Muhammad_Malik",0.964511732075874
"Nabeel_Ahmed_Gabol",0.964511732075874
"Riaz_Ahmed",0.964511732075874
"Munir_Ahmad",0.964511732075873
"Sohail_Mansoor_Khawaja",0.964511732075873
"Raja_Imran_Ashraf",0.964511732075873
"Muhammad_Ramzan",0.956405532455347
"Abdul_Rehman",0.9562398574459
"Abdul_Qadir",0.952599392026938
"Ghulam_Abbas",0.952214655621557
"Khurram_Shahzad",0.952184298974912
"Muhammad_Abbas",0.952184298974912
"Rashid_Ali",0.952184298974912
"Zaka_Ullah",0.952184298974912
"Abdul_Wahab",0.952184298974912
"Muhammad_Zia_Ul_Haq",0.950810788341135
"Amanullah_Khan",0.950810788341135
"Haider_Ali_Khan",0.950810788341135
"Noor_Alam_Khan",0.950810788341135
"Zulfiqar_Ali_Shah",0.950135685784759
"Muhammad_Naeem",0.950135685784758
"Aziz_Ur_Rehman",0.950039129396942
"Ehsanullah_Reki",0.949757367006152
"Mustafa_Nawaz_Khokhar",0.949757367006152
"Khalid_Ahmed_Khan_Lund",0.949757367006152
"Muhammad_Tahir",0.949030122808168
"Sardar_Khan",0.948629486579579
"Muhammad_Ishaq",0.948039327916553
"Pir_Dilawar_Shah",0.947526300865113
"Atta_Ullah_Khan",0.94724048181148
"Muhammad_Zaman",0.946453468984034
"Saeed_Ur_Rehman",0.946233869468319
"Syed_Faisal_Imam",0.946214275526067
"Aftab_Ahmad_Khan_Sherpao",0.946189860765013
"Muhammad_Tahir_Khan",0.9461132591412
"Muhammad_Hanif",0.946097519167438
"Kamal_Shah",0.946087481898614
"Haji_Muhammad_Gulzar_Awan",0.946062758553127
"Sardar_Al-Haaj_Muhammad_Umar",0.946057125251969
"Shahrukh_Malik",0.946057125251969
"Abdul_Rauf_Advocate",0.946057125251969
"Ahmad_Hassan",0.946057125251969
"Ahmed_Jan",0.946057125251969
"Aijaz_Ahmed_Halepoto",0.946057125251969
"Aitzaz_Rasheed",0.946057125251969
"Alamzaib_Umerzai",0.946057125251969
"Alhaj_Muhammad_Asad_Bhatti",0.946057125251969
"Ali-Uz-Zaman",0.946057125251969
"Allah_Yar",0.946057125251969
"Anwar-Ul-Haq_Ramay",0.946057125251969
"Asad_Alam_Niazi",0.946057125251969
"Babu_Nafees_Ahmad_Ansari",0.946057125251969
"Chaudhary_Shoukat_Ali",0.946057125251969
"Chaudhary_Sohail_Zafar",0.946057125251969
"Chohadry_Manzoor_Ahmad",0.946057125251969
"Faizullah_Chaichee",0.946057125251969
"Ghinva_Bhutto",0.946057125251969
"Ghulam_Sarwar_Khan_Khichi",0.946057125251969
"Hasnain_Ijaz_Khan_Shahani",0.946057125251969
"Imdad_Ullah_Abbasi",0.946057125251969
"Imran",0.946057125251969
"Jam_Abdul_Karim_Bijar",0.946057125251969
"Jawaid_Sheikh",0.946057125251969
"Khan_Daraz",0.946057125251969
"Khizarul_Islam",0.946057125251969
"Khwaja_Ghulam_Rasool_Koreja",0.946057125251969
"Liaqat_Ali_Khan",0.946057125251969
"Makhdoom_Tahir_Rashid",0.946057125251969
"Makhdum_Syed_Usman_Mahmud",0.946057125251969
"Malak_Azmat_Khan",0.946057125251969
"Malik_Irfan_Ahmad_Gheba",0.946057125251969
"Malik_Khalid_Awan",0.946057125251969
"Malik_Sohail",0.946057125251969
"Mian_Aziz_Ur_Rehman_Chann",0.946057125251969
"Mian_Manzoor_Ahmad_Khan_Wattoo",0.946057125251969
"Mian_Rehman_Aziz_Chan",0.946057125251969
"Mian_Tariq_Habib_",0.946057125251969
"Mir_Amir_Ali_Khan_Magsi",0.946057125251969
"Mir_Ghulam_Fareed_Raisani",0.946057125251969
"Mirza_Maqbool_Ahmed",0.946057125251969
"Mr__Shahid_Hussain_Bhutto",0.946057125251969
"Muhammad_Afaque_Khan_Alias_Shahid",0.946057125251969
"Muhammad_Ashraf_Bhatti",0.946057125251969
"Muhammad_Asif_Khan",0.946057125251969
"Muhammad_Idrees_Khattak",0.946057125251969
"Muhammad_Ijaz_Virk_Advocate_",0.946057125251969
"Muhammad_Mohsin_Ali_Qureshi",0.946057125251969
"Muhammad_Nawazish_Ali_Pirzada",0.946057125251969
"Muhammad_Shah_Jehan",0.946057125251969
"Mumtaz_Ali_Cheema",0.946057125251969
"Nasira_Arshad",0.946057125251969
"Nasrullah_Roonjha",0.946057125251969
"Natasha_Daultana",0.946057125251969
"Noor_Ul_Ain",0.946057125251969
"Pir_Aftab_Hussain_Shah_Jillani",0.946057125251969
"Pir_Ameer_Ali_Shah_Jilani",0.946057125251969
"Raheela_Perveen",0.946057125251969
"Rai_Ghulam_Mujtaba_Kharal",0.946057125251969
"Raja_Faiz_Akbar_Janjuha",0.946057125251969
"Raja_Israr_Ahmed_Abbasi_Advocate",0.946057125251969
"Raja_Parvaiz_Ashraf",0.946057125251969
"Rana_Abdul_Shakoor_Khan",0.946057125251969
"Rana_Mahmood_Ashraf",0.946057125251969
"Rana_Mehmood_Ul_Hasan",0.946057125251969
"Rana_Mubashir_Ali_Khan",0.946057125251969
"Rana_Muhammad_Qasim_Noon",0.946057125251969
"Riaz_Hussain_Lund_Balouch",0.946057125251969
"Sabir_Hussain",0.946057125251969
"Saeed_Iqbal",0.946057125251969
"Saeed_Iqbal_",0.946057125251969
"Sajid_Ali_Banbhan",0.946057125251969
"Saleem_Mandviwala",0.946057125251969
"Samina_Khalid_Ghurki",0.946057125251969
"Sardar_Azhar_Ali_Mekan",0.946057125251969
"Sardar_Muhammad_Saif_Ud_Din_Khan_Khosa",0.946057125251969
"Sardar_Nabil_Ahmed_Gabol",0.946057125251969
"Sardar_Sana_Ullah_Zehri",0.946057125251969
"Sardar_Shahnawaz_Khan",0.946057125251969
"Sardar_Zafar_Ullah_Khan_Laghari",0.946057125251969
"Shah_Fahad_Ansari",0.946057125251969
"Shah_Rehman",0.946057125251969
"Shaheem_Safdar",0.946057125251969
"Shaheryar_Khan",0.946057125251969
"Shahid_Bashir",0.946057125251969
"Shamshad_Sattar_Bachani",0.946057125251969
"Shamusddin_Panhwar",0.946057125251969
"Shaukat_Ali_Bajwa",0.946057125251969
"Shazia_Aurangzeb_Khan",0.946057125251969
"Sheikh_Muhammad_Iqbal",0.946057125251969
"Sher_Qanoos_Advocate",0.946057125251969
"Sidra_Saeed",0.946057125251969
"Sumaira_Mushtaq_Kharal",0.946057125251969
"Syed_Abdul_Qadir_Gillani",0.946057125251969
"Syed_Allauddin",0.946057125251969
"Syed_Azmat_Ali_Bukhari_Advocate",0.946057125251969
"Syed_Faisal_Raza_Abidi",0.946057125251969
"Syed_Ghulam_Mustafa_Shah_s_o_Syed_Sabbir_Ahmed_Shah",0.946057125251969
"Syed_Intikhab_Hussain_Shah",0.946057125251969
"Syed_Ishtiaq_Ul_Hassan_Gilani",0.946057125251969
"Syed_Javed_Ali_Shah_Jillani",0.946057125251969
"Syed_Sabtul_Haider_Bukhari",0.946057125251969
"Syeda_Sughra_Imam",0.946057125251969
"Talat_Iqbal_Mahessar",0.946057125251969
"Tariq_Yaqoob_Fateh_Muhammad",0.946057125251969
"Zulfiqar_Ali_Behan",0.946057125251969
"Zulfiqar_Bachani",0.946057125251969
"Abdul_Akbar_Khan",0.946057125251969
"Abdul_Razzaq_Raja",0.946057125251969
"Abdul_Waheed",0.946057125251969
"Ahmad_Shah_Khan",0.946057125251969
"Ahmed_Ali_Khosa",0.946057125251969
"Ajmal_Khan",0.946057125251969
"Alam_Zaib_Khan",0.946057125251969
"Ali_Gohar_Khan_Mahar",0.946057125251969
"Ali_Javed",0.946057125251969
"Ali_Muhammad_Khan_Mahar",0.946057125251969
"Altaf_Hussain_Virk",0.946057125251969
"Anwar_Saifullah_Khan",0.946057125251969
"Aurangzeb_Shaafi_Burki",0.946057125251969
"Ayaz_Imran",0.946057125251969
"Barrister_Mian_Amir_Hassan",0.946057125251969
"Bilawal_Bhutto_Zardari",0.946057125251969
"Ch__Ahmed_Mukhtar",0.946057125251969
"Ch__Manzoor_Ahmad",0.946057125251969
"Ch__Zeshan_Ilyas",0.946057125251969
"Ch_Ejaz_Ahmed_Cheema",0.946057125251969
"Chaudhary_Tasneem_Nasir",0.946057125251969
"Chaudhry_Abdul_Ghafoor_Khan",0.946057125251969
"Chaudry_Atif_Rafique",0.946057125251969
"Doctor_Muhammad_Rashid_Malik",0.946057125251969
"Dr__Fardos_Ashiq_Awan_",0.946057125251969
"Dr__Muhammad_Riaz",0.946057125251969
"Dr__Zafar_Chaudhary",0.946057125251969
"Dr_afsar_Ul_Mulk_Khan",0.946057125251969
"Ejaz_Ali_Khan_Shahani",0.946057125251969
"Engineer_Hamid_Iqbal_Khan",0.946057125251969
"Engineer_Muhammad_Tariq_Khattak",0.946057125251969
"Faisal_Sakhi_Butt",0.946057125251969
"Faraz_Hashmi",0.946057125251969
"Fazal_Rahman",0.946057125251969
"Fozia_Behram",0.946057125251969
"Ghulam_Ali_Nizamani",0.946057125251969
"Haji_Misar_Khan",0.946057125251969
"Haji_Rasool_Bux_Chandio",0.946057125251969
"Hayat_Ullah_Khan_Tareen",0.946057125251969
"Hina_Rabbani_Khar",0.946057125251969
"Iftikhar_Ahmed_Cheema_Advocate",0.946057125251969
"Imam_Ali_Samejo",0.946057125251969
"Jahangir_Badar",0.946057125251969
"Kakagi_Muhammad_Zahoor",0.946057125251969
"Kamal_Khan",0.946057125251969
"Kamran_Yousaf_Ghumman",0.946057125251969
"Khadeeja_Aamir",0.946057125251969
"Khawaja_Kaleem_Ud_Din_Koreja",0.946057125251969
"Khuwaja_Ghulam_Hussain",0.946057125251969
"Kiramatullah_Khan",0.946057125251969
"Mahesh_Kumar_Malani",0.946057125251969
"Makhdoom_Shahab-Ud-Din",0.946057125251969
"Makhdoom_Shahab_Ud_Din",0.946057125251969
"Makhdoom_Syed_Mustafa_Mehmood",0.946057125251969
"Malik_Asghar_Ali_Qaisar",0.946057125251969
"Malik_Muhammad_Amir_Dogar",0.946057125251969
"Malik_Niaz_Ahmad",0.946057125251969
"Meer_Dost_Muhammad_Mazari",0.946057125251969
"Mehmood_Hayyat_Khan_Alias_Tauchi_Khan",0.946057125251969
"Mian_Nasim_Mahmood_Hotiana",0.946057125251969
"Mir_Ghulam_Ali_Talpur",0.946057125251969
"Mir_Hazar_Khan_Bijarani_",0.946057125251969
"Mirza_Muhammad_Nasir_Bage",0.946057125251969
"Misbah_Ud_Din",0.946057125251969
"Mohammad_Moazim_Ali_Khan",0.946057125251969
"Mr__Makhdoom_Muhammad_Ameen_Faheem",0.946057125251969
"Mr__Peeral_Majeedano",0.946057125251969
"Muhammad_Ali_Sanul_Awan",0.946057125251969
"Muhammad_Asghar_Lal",0.946057125251969
"Muhammad_Farooq_Azam_Malik",0.946057125251969
"Muhammad_Hassan_Khan",0.946057125251969
"Muhammad_Khalid_Bashir_Tarnsporter",0.946057125251969
"Muhammad_Khan_Nadeem",0.946057125251969
"Muhammad_Moazam_Ali_Khan_Jatoi",0.946057125251969
"Muhammad_Nisar_Ahmad_Khan",0.946057125251969
"Muhammad_Shakeel_Ur_Rehman",0.946057125251969
"Muhammad_Tariq_Khan_Niazi",0.946057125251969
"Muhammad_Zaki_Chaudhary",0.946057125251969
"Muhammad_Zaki_Chaudhry",0.946057125251969
"Muhtarma_Ghanwa_Bhutto",0.946057125251969
"Munawar_Hayat_Abasi",0.946057125251969
"Mushtaq_Ahmad_Mohal__Advocate_High_Court_",0.946057125251969
"Nauman_Islam_Shaikh",0.946057125251969
"Nawab_Abdul_Ghani_Talpur",0.946057125251969
"Nawab_Malik_Amir_Muhammad_Khan",0.946057125251969
"Nawab_Mohammad_Yousif_Talpur",0.946057125251969
"Nawab_Muhammad_Yousaf_Talpur",0.946057125251969
"Nawabzada_Abdul_Qadir_Khan",0.946057125251969
"Noor_Naeem_Khan",0.946057125251969
"Peeral_Majeedano",0.946057125251969
"Pir_Bux_Jamot",0.946057125251969
"Qamar_Zaman_Kaira",0.946057125251969
"Qazi_Muhammad_Bashir",0.946057125251969
"Qurban_Ali_Kalwar",0.946057125251969
"Quttab_Din",0.946057125251969
"Raja_Muhammad_Iftikhar_Kayani",0.946057125251969
"Raja_Muhammad_Sana_Ul_Haq_Advocate",0.946057125251969
"Rao_Abdul_Ghaffar",0.946057125251969
"Rizwan_Ahmad_Hans",0.946057125251969
"Saathi_Ishaque_Advocate",0.946057125251969
"Sadiq_Ali_Memon",0.946057125251969
"Sajid_Ali_Bambhan",0.946057125251969
"Sajid_Hussain_Turi",0.946057125251969
"Sardar_Asif_Ahmad_Ali",0.946057125251969
"Sardar_Khurram_Latif_Khan_Khosa",0.946057125251969
"Sardar_Mir_Baz_Muhammad_Kha_Khetran",0.946057125251969
"Sardar_Muhammad_Gulzar_Abbasi",0.946057125251969
"Sardar_Mushtaq_Ahmed",0.946057125251969
"Sardar_Saleem_Haider_Khan",0.946057125251969
"Sardar_Wazir_Ahmed_Jogezai",0.946057125251969
"Sarfaraz_Rajar",0.946057125251969
"Sayed_Akhun_Zada_Chattan",0.946057125251969
"Shahid_Abbas",0.946057125251969
"Shahjahan_Ahmad_Bhatti",0.946057125251969
"Shahzad_Majeed",0.946057125251969
"Shahzada_Ghulam_Muhyuddin",0.946057125251969
"Shams_Panhwar",0.946057125251969
"Shaukat_Pervez_Khan",0.946057125251969
"Shazia_Marri",0.946057125251969
"Shazia_Tehmas_Khan",0.946057125251969
"Sheikh_Waqar_Ahmed_Advocate",0.946057125251969
"Sher_Muhammad_Balcoh",0.946057125251969
"Siddique_Akber",0.946057125251969
"Sumaira_Gul",0.946057125251969
"Syed_Abid_Hussain_Imam",0.946057125251969
"Syed_Abrar_Ali_Shah",0.946057125251969
"Syed_Ahmad_Ali_Shah",0.946057125251969
"Syed_Ameer_Ali_Shah_Jamot",0.946057125251969
"Syed_Anayat_Ali_Shah",0.946057125251969
"Syed_Asghar_Hussain",0.946057125251969
"Syed_Asif_Hashmi",0.946057125251969
"Syed_Hussain_Tariq",0.946057125251969
"Syed_Nasir_Ali_Shah_Alias_Syed_Abbas",0.946057125251969
"Syed_Tariq_Gilani",0.946057125251969
"Tariq_Mehmood_Bajwa",0.946057125251969
"Tasneem_Ahmed_Qureshi",0.946057125251969
"Aarif_Aziz_Sheikh",0.946057125251969
"Abdul_Berr",0.946057125251969
"Abdul_Ghafoor_Chaudhary",0.946057125251969
"Abdul_Habib_Memon",0.946057125251969
"Abdul_Qadir_Patel",0.946057125251969
"Abdul_Qudoos_Awan",0.946057125251969
"Abdul_Sattar_Bachani",0.946057125251969
"Abdul_Wahab_Barakzai",0.946057125251969
"Abdullah_Bloch",0.946057125251969
"Abid_Hussain_Sathi",0.946057125251969
"Abid_Ullah_Yousafzai",0.946057125251969
"Abrar_Azam",0.946057125251969
"Adeel_Ghulam_Mohy_Ud_Din",0.946057125251969
"Aftab_Alam",0.946057125251969
"Aftab_Shahban_Mirani",0.946057125251969
"Aijaz_Hussain_Jakhrani",0.946057125251969
"Akhtar_Javid_Khan",0.946057125251969
"Ali_Ahmed",0.946057125251969
"Ali_Jan_Mazari",0.946057125251969
"Ali_Muhammad_Sahito",0.946057125251969
"Ali_Muhammad_Sehto",0.946057125251969
"Aman_Ullah_Wald_Gul_Azad",0.946057125251969
"Amjad_Ali_Jutt",0.946057125251969
"Amjad_Yaqoub",0.946057125251969
"Arbab_Alamgir_Khan",0.946057125251969
"Arbab_Wazir_Ahmed_Memon",0.946057125251969
"Arif_Aziz_Shaikh",0.946057125251969
"Asad_Ullah_Khan",0.946057125251969
"Asghar_Ali_Jara",0.946057125251969
"Asif_Ali_Zardari",0.946057125251969
"Asif_Bashir",0.946057125251969
"Asma_Shahnawaz_Cheema",0.946057125251969
"Athar_Hassan_Khan_Gorchani",0.946057125251969
"Ayatullah_Durrani",0.946057125251969
"Ayub_Shah",0.946057125251969
"Azeem_Daultana",0.946057125251969
"Baber_Sultan_Jadoon",0.946057125251969
"Basharat_Ali_Wald_Faqir_Muhammad",0.946057125251969
"Begum_Shahnaz_Javed",0.946057125251969
"Bushra_Aitzaz_Ahsan",0.946057125251969
"Capt__Rtd__Rai_Ghulam_Mujtaba_Kharral",0.946057125251969
"Captain_Retired_Asad_Gill",0.946057125251969
"Ch__Ahmad_Mukhtar",0.946057125251969
"Ch__Hammad_Muhammad_Khan",0.946057125251969
"Ch__Iftikhar_Nazir",0.946057125251969
"Ch__Muhammad_Abdullah_Virk",0.946057125251969
"Ch_Iftikhar_Ahmed",0.946057125251969
"Ch_Muhammad_Saddique",0.946057125251969
"Ch_Muhammad_Saeed_Gujar",0.946057125251969
"Ch_mushtaq_Ahmad_",0.946057125251969
"Ch_tawakkal-Ullah_Virk",0.946057125251969
"Ch_zahid_Iqbal",0.946057125251969
"Ch_Zulifqar_Bhindar",0.946057125251969
"Chaudhary_Ijaz_Ahmad_Cheema",0.946057125251969
"Chaudhry_Asad_Parvez",0.946057125251969
"Chaudhry_Manzoor_Ahmad",0.946057125251969
"Choudhary_Altaf_Hussain",0.946057125251969
"Choudhary_Sharaqat_Rasool_Ghumman",0.946057125251969
"Choudhary_Zafar_Iqbal_Warriach",0.946057125251969
"Choudhri_Umar_Hayat_Sandhu",0.946057125251969
"Col_Rtd_Rao_Abid_Ali_Khan",0.946057125251969
"Comrade_Zahoor_Ahmed_Khosa",0.946057125251969
"Dewan_Syed_Muhammad_Haider_Abbas_Bukhari",0.946057125251969
"Doctor_Mian_Akhtar_Ali_Laleka",0.946057125251969
"Doctor_Sultan_Zeb_Khan",0.946057125251969
"Dr__Abdul_Wahid_Soomro",0.946057125251969
"Dr__Arbab_Alamgir_Khan",0.946057125251969
"Dr__Ayatullah_Durrani",0.946057125251969
"Dr__Mirza_Ikhtiar_Baig",0.946057125251969
"Dr__Muhammad_Shakir_Alam",0.946057125251969
"Dr_Azra_Fazal_Pechuho",0.946057125251969
"Dr_fahmida_Mirza",0.946057125251969
"Dr_Farooq_Afzal",0.946057125251969
"Dr_Fehmida_Mirza",0.946057125251969
"Dr_Firdous_Ashiq_Awan",0.946057125251969
"Dr_Mazhar_Iqbal_Choudhary",0.946057125251969
"Dr_Saeed_Ahmad_Buzdar",0.946057125251969
"Dr_zaheer-Ul-Hassan_Rizvi",0.946057125251969
"Dr_zulfiqar_Ali_Bhatti",0.946057125251969
"Ejaz_Ahmed_Samma",0.946057125251969
"Engr_dawar_Khan_Kundi",0.946057125251969
"Faisal_Karim_Kundi",0.946057125251969
"Fakhar_Umar_Hayat",0.946057125251969
"Faqir_Sher_Muhammad_Bilalani",0.946057125251969
"Farooq_Akbar_Kahloon",0.946057125251969
"Farzana_Sherin",0.946057125251969
"Fateh_Ullah_Khan",0.946057125251969
"Fazal_Wadood",0.946057125251969
"Fida_Hussain_Dero",0.946057125251969
"Ghanva_Bhutto",0.946057125251969
"Ghanwa_Bhutto",0.946057125251969
"Ghayas-Ud-Din_Khan",0.946057125251969
"Ghinwa_Bhutto",0.946057125251969
"Ghulam_Akbar_Lasi",0.946057125251969
"Ghulam_Farid_Kathia",0.946057125251969
"Ghulam_Muhammad_Junejo_Alias_Gul_Junejo",0.946057125251969
"Ghulam_Murtaza_Satti",0.946057125251969
"Gulzar_Ahmed_Chaudhary",0.946057125251969
"Hafeez-Ullah_Ishaq",0.946057125251969
"Hafiz_Hussain_Ahmed_Madni",0.946057125251969
"Haider_Ali_Khan_Kharal",0.946057125251969
"Hajan_Allah_Rakhi",0.946057125251969
"Haji_Muhammad_Ishaq",0.946057125251969
"Haji_Nafees_Ahmed_Usmani_Advocate",0.946057125251969
"Hamid_Ali_Bhatti",0.946057125251969
"Hamid_Saeed_Kazmi",0.946057125251969
"Haris_Meeran",0.946057125251969
"Hazrat_Wali",0.946057125251969
"Ibne_Saeed_Ch_",0.946057125251969
"Iftikhar_Shahid",0.946057125251969
"Ihsan_Ur_Rahman_Mazari",0.946057125251969
"Imtiaz_Safdar_Waraich",0.946057125251969
"Imtiaz_Safdar_Warraich",0.946057125251969
"Iqbal_Ahmad_Khan",0.946057125251969
"Irfan_Ali_Leghari",0.946057125251969
"Irfan_Qureshi",0.946057125251969
"Israr_Ahmed_Khan",0.946057125251969
"Jamshed_Ahmad_Khan_Dasti",0.946057125251969
"Javaid_Saeed_Kazmi",0.946057125251969
"Javed_Iqbal_Warraich",0.946057125251969
"Javeed_Iqbal_Waraich",0.946057125251969
"Jawad_Hussain",0.946057125251969
"Khair_Muhammad_Khan_Tareen",0.946057125251969
"Khalilu_Rehman",0.946057125251969
"Khanim_Ullah",0.946057125251969
"Khanzada_Khan",0.946057125251969
"Khawaja_Atta_Ullah_Khan_Tonsa_Sharif",0.946057125251969
"Khawaja_Kaleem-Ud-Din_Koreja_",0.946057125251969
"Khawaja_Muhammad_Saleh",0.946057125251969
"Khawaja_Sheeraz_Mehmood",0.946057125251969
"Khawja_Mudassir_Mehmood",0.946057125251969
"Lal_Muhammad_Khan",0.946057125251969
"Lt_col__r__Sultan_Sikandar_Ghumman_",0.946057125251969
"m_Bilal_Khan_Sherpao",0.946057125251969
"m_Israr_Tareen",0.946057125251969
"Mahar_Khliq_Yar_Khan_Lak",0.946057125251969
"Mahesh_Kumar_Malhani",0.946057125251969
"Mahmood_Akhtar_Ghuman",0.946057125251969
"Mahr_Irshad_Ahmed_Siyal",0.946057125251969
"Maj_Retd_Liaqat_Ali_Shah_Gailani",0.946057125251969
"Makhddom_Syed_Murtaza_Mehmood",0.946057125251969
"Makhdoom_Amad-Ud-Din",0.946057125251969
"Makhdoom_Muhammad_Ameen_Fahim",0.946057125251969
"Makhdoom_Syed_Ali_Hassan_Gilani",0.946057125251969
"Makhdum_Syed_Mustafa_Mahmud",0.946057125251969
"Malak_Syed_Noor_Akbar",0.946057125251969
"Malik_Aamer_Fida_Paracha",0.946057125251969
"Malik_Amjad_Aziz_Khan",0.946057125251969
"Malik_Asad_Sikandar",0.946057125251969
"Malik_Mushtaq_Ahmad",0.946057125251969
"Malik_Nawab_Sher_Waseer",0.946057125251969
"Malik_Nawab_Sher_Wasseer",0.946057125251969
"Malik_Raza_Rabbani_Khar",0.946057125251969
"Malik_Salah-Ud-Din_Dogar",0.946057125251969
"Malik_Sardar_Muhammad_Tralay_Wala",0.946057125251969
"Malik_Shah",0.946057125251969
"Malik_Shoukat_Hayyat_Awan",0.946057125251969
"Malik_Sultan_Mehmood_Wadhal_Tiwana",0.946057125251969
"Mehboob_Ullah_Jan",0.946057125251969
"Mehkumuddin",0.946057125251969
"Mehmood_Hayat_Khan_Alias_Tochi_Khan",0.946057125251969
"Mehmood_Hayat_Khan_Tochi",0.946057125251969
"Mehr_Ghulam_Farid_Kathia",0.946057125251969
"Mehr_Sultana",0.946057125251969
"Mehreen_Anwar_Raja",0.946057125251969
"Mian_Abdul_Haq_Alias_Mian_Mitho",0.946057125251969
"Mian_Abdul_Sattar",0.946057125251969
"Mian_Abdus_Sattar",0.946057125251969
"Mian_Humayun_Sarwar_Bodla",0.946057125251969
"Mian_Jamshed-Ud-Din",0.946057125251969
"Mian_Muhammad_Aslam_Arain",0.946057125251969
"Mian_Muzaffar_Shah",0.946057125251969
"Mian_Omer_Misbah-Ul-Rehman",0.946057125251969
"Mian_Shamim_Haider",0.946057125251969
"Mir_Aijaz_Hussain_Jakhrani",0.946057125251969
"Mir_Changez_Khan_Jamali",0.946057125251969
"Mir_Imran_Jattak",0.946057125251969
"Mir_Jan_Muhammad_Masuri",0.946057125251969
"Mir_Maqbool_Ahmed_Lehri",0.946057125251969
"Mir_Munawar_Ali_Talpur",0.946057125251969
"Mir_Shabbir_Ali_Bijarani",0.946057125251969
"Mirza_Ikhtiar_Baig",0.946057125251969
"Mirza_Muhammad_Nasir_Baig",0.946057125251969
"Misbah-Ud-Din",0.946057125251969
"Mohammad_Ayaz_Soomro",0.946057125251969
"Mohammad_Sagheer",0.946057125251969
"Mohammad_Sulleman",0.946057125251969
"Mr_imran_Zafar_Leghari",0.946057125251969
"Mrs_faryal_Talpur",0.946057125251969
"Mubeen_Arshad",0.946057125251969
"Muhammad_Alam_Khan",0.946057125251969
"Muhammad_Ali_Laleka",0.946057125251969
"Muhammad_Amjid_Abbas",0.946057125251969
"Muhammad_Arshad_Abbas_Qureshi",0.946057125251969
"Muhammad_Azam_Afridi",0.946057125251969
"Muhammad_Haider_Shah",0.946057125251969
"Muhammad_Hakeem_Khan",0.946057125251969
"Muhammad_Hyder_Ali_Bukhari",0.946057125251969
"Muhammad_Irshad_Khan",0.946057125251969
"Muhammad_Jamshed",0.946057125251969
"Muhammad_Kashif_Bhabha",0.946057125251969
"Muhammad_Murad_Baloch",0.946057125251969
"Muhammad_Muzamil_Qureshi",0.946057125251969
"Muhammad_Naveed_Ch_",0.946057125251969
"Muhammad_Rashid_Hussain_Rabani",0.946057125251969
"Muhammad_Saif_Ullah_Khan_Sadozai_Advocate",0.946057125251969
"Muhammad_Sardar_Bahadar_Babar_Khan",0.946057125251969
"Muhammad_Shahjahan_Khan",0.946057125251969
"Muhammad_Shahryar_Khan_Mahar",0.946057125251969
"Muhammad_Shakeel_Shah_Gilani",0.946057125251969
"Muhammad_Shuja_Khan",0.946057125251969
"Muhammad_Tariq_Anees",0.946057125251969
"Muhammad_Tariq_Tarar",0.946057125251969
"Muhammad_Waqas",0.946057125251969
"Muhammad_Yaqoob_Ziaratwal",0.946057125251969
"Muhammad_Yasin",0.946057125251969
"Muhammad_Yousuf_Ali_Ghallu",0.946057125251969
"Muhammad_Zulfiqar_Ali",0.946057125251969
"Mukhtar_Abbas",0.946057125251969
"Mullna_Abdul_Sattar",0.946057125251969
"Nadeem_Afzal_Gondal",0.946057125251969
"Nadeem_Ahmad_Awan",0.946057125251969
"Naeem_Dastgir_Khan",0.946057125251969
"Naeem_Mehmood_Rana",0.946057125251969
"Nafisa_Shah",0.946057125251969
"Najam_Ud_Din_Khan",0.946057125251969
"Najam_Uddin_Khan",0.946057125251969
"Najmuddin_Khan",0.946057125251969
"Naseer_Mohammad_Khan",0.946057125251969
"Nasira_Meo",0.946057125251969
"Nauman_Islam_Shaikh_",0.946057125251969
"Nawab_Ali_Wassan",0.946057125251969
"Nawab_Muhammad_Yousif_Talpur",0.946057125251969
"Nawabzada_Ghazanfar_Ali_Gul",0.946057125251969
"Nawabzada_Iftikhar_Ahmad_Khan",0.946057125251969
"Nawabzada_Iftikhar_Ahmed_Khan",0.946057125251969
"Nawabzada_Mir_Amir_Ali_Khan_Magsi",0.946057125251969
"Nawabzada_Mir_Jamal_Khan_Raisani",0.946057125251969
"Nazar_Muhammad",0.946057125251969
"Nazar_Muhammad_Gondal",0.946057125251969
"Nazar_Muhammad_Kakar",0.946057125251969
"Nazeer_Ahmad",0.946057125251969
"Nazir_Ahmed_Bhugio",0.946057125251969
"Nazir_Ahmed_Bughio",0.946057125251969
"Neha_Javed",0.946057125251969
"Nida_Asim",0.946057125251969
"Nisar_Muhammad",0.946057125251969
"Noor_Ul_Ain_Rai_Saeed",0.946057125251969
"Peer_Haider_Zaman_Quraishi",0.946057125251969
"Pir_Aftab_Hussain_Shah_Jilani",0.946057125251969
"Pir_Haider_Zaman_Qureshi",0.946057125251969
"Pir_Noor_Muhammad_Shah_Jeelani",0.946057125251969
"Pir_Shafqat_Hussain_Shah_Jilani",0.946057125251969
"Pir_Syed_Fazal_Ali_Shah_Jeelani",0.946057125251969
"Pir_Syed_Fazal_Ali_Shah_Jillani",0.946057125251969
"Qadir_Khan_Mando_Khail",0.946057125251969
"Qamar_Abbas",0.946057125251969
"Qazi_Muhammad_Azhar_Advocate",0.946057125251969
"Rafiq_Ahmed_Jamali",0.946057125251969
"Rafique_Ahmed_Jamali",0.946057125251969
"Rai_Ijaz_Ahmad_Khan",0.946057125251969
"Rais_Muhammad_Khalid_Chachar",0.946057125251969
"Raja_Masood_Ahmad",0.946057125251969
"Raja_Muhammad_Afzal_Khan",0.946057125251969
"Rajib_Ali",0.946057125251969
"Rameez_u_Din_Memon",0.946057125251969
"Rana_Abdul_Rehman_Khan",0.946057125251969
"Rana_Muhammad_Azhar_Uttra",0.946057125251969
"Rana_Muhammad_Farooq_Saeed_Khan",0.946057125251969
"Rao_Muhammad_Jameel_Hashim_Khan",0.946057125251969
"Rao_Najeeb_Ur_Rehman",0.946057125251969
"Roshan_Din_Junejo",0.946057125251969
"Rozi_Khan_Kakar",0.946057125251969
"Sabar_Ali_Baloch",0.946057125251969
"Sabir_Ali_Baloch",0.946057125251969
"Sajjad_Ahmad_Awan_",0.946057125251969
"Sajjad_Ul_Hassan",0.946057125251969
"Sakhawat_Masih",0.946057125251969
"Salahuddin_Junejo",0.946057125251969
"Saleem_Shah",0.946057125251969
"Saleem_Ullah_Khan",0.946057125251969
"Sardar_Ahmed_Khan_Alias_Fayyaz_Ali_Khan",0.946057125251969
"Sardar_Al_Haaj_Muhammmad_Umer_Gorgaij",0.946057125251969
"Sardar_Ali",0.946057125251969
"Sardar_Ali_Abbas_Khan_Baloch",0.946057125251969
"Sardar_Bahadur_Ahmad_Khan",0.946057125251969
"Sardar_Bahadur_Ahmed_Khan",0.946057125251969
"Sardar_Dost_Muhammad_Khan_Khosa",0.946057125251969
"Sardar_Kamal_Khan_Chang",0.946057125251969
"Sardar_Khyzar_Hayat_Khan_Ladhu_Ka",0.946057125251969
"Sardar_Mir_Baz_Muhammad_Khan_Khethran",0.946057125251969
"Sardar_Saleem_Haider",0.946057125251969
"Sardar_Shaukat_Hayat_Khan_Advocate",0.946057125251969
"Sardar_Shoaib_Mumtaz_Khan",0.946057125251969
"Sardar_Usman_Nawaz",0.946057125251969
"Sardar_Wahid_Bux_Bhayo",0.946057125251969
"Sarshar_Hassan_Cheema",0.946057125251969
"Shabbir_Ahmad_Khan_Leghari",0.946057125251969
"Shabir_Ahmed",0.946057125251969
"Shafeeqa_Baghum_Rao_Sikindar_Iqbal",0.946057125251969
"Shahadat_Ali_Khan_Baloch",0.946057125251969
"Shaheen_Zamir",0.946057125251969
"Shahjahan_Baloch",0.946057125251969
"Shakeel_Ahmed_",0.946057125251969
"Shamas-Un-Nisa",0.946057125251969
"Shazia_Mari",0.946057125251969
"Shehryar_Amir_Zeb",0.946057125251969
"Sheikh_Kamran_Iqbal",0.946057125251969
"Sheikh_Muhammad_Maghaz_Feroz",0.946057125251969
"Shoaib_Alam_Khan",0.946057125251969
"Shoukat_Ali_Joya_Laleka",0.946057125251969
"Sohail_Ansari",0.946057125251969
"Sohail_Shahzad",0.946057125251969
"Syed_Abbas_Raza_Rizvi",0.946057125251969
"Syed_Abid_Ali_Shah",0.946057125251969
"Syed_Akhunzada_Chattan",0.946057125251969
"Syed_Ali_Musa_Gillani",0.946057125251969
"Syed_Ali_Zawar_Naqvi",0.946057125251969
"Syed_Amir_Ali_Shah_Jamote",0.946057125251969
"Syed_Amir_Hamza_Peerzada",0.946057125251969
"Syed_Amjad_Hussain_Zaidi",0.946057125251969
"Syed_Ayaz_Ali_Shah_Sherazi",0.946057125251969
"Syed_Faqeer_Hussain_Shah",0.946057125251969
"Syed_Gayoor_Abbas_Bukhari_",0.946057125251969
"Syed_Ghulam_Mustafa_Shah",0.946057125251969
"Syed_Hamid_Saeed_Kazmi",0.946057125251969
"Syed_Hasnat_Ahmed",0.946057125251969
"Syed_Ibne_Ali",0.946057125251969
"Syed_Irfan_Gardezi",0.946057125251969
"Syed_Khursheed_Ahmed_Shah",0.946057125251969
"Syed_Manzoor_Abbas",0.946057125251969
"Syed_Mumtaz_Alam_Gillani",0.946057125251969
"Syed_Murtza_Mehmud",0.946057125251969
"Syed_Naveed_Qamar",0.946057125251969
"Syed_Nayyer_Hussain_Bukhari",0.946057125251969
"Syed_Qutab_Ali_Shah_Alias_Ali_Baba",0.946057125251969
"Syed_Rafiullah",0.946057125251969
"Syed_Raza_Abbas",0.946057125251969
"Syed_Sohail_Abidi",0.946057125251969
"Syed_Sohail_Abrar",0.946057125251969
"Syed_Sumsam_Ali_Shah_Bukhari",0.946057125251969
"Syed_Tariq_Raza",0.946057125251969
"Syed_Waseem_Ul_Hassan_Naqvi",0.946057125251969
"Syed_Zaffar_Ali_Shah",0.946057125251969
"Syed_Zahid_Bukhari",0.946057125251969
"Syeda_Abida_Hussain",0.946057125251969
"Taimoor_Tahir",0.946057125251969
"Taj_Muhammad_Jamali",0.946057125251969
"Tariq_Ashrif_Kahloon",0.946057125251969
"Tariq_Hakam_Ali",0.946057125251969
"Tariq_Javed_Manzoor",0.946057125251969
"Tariq_Mahmood",0.946057125251969
"Tariq_Mahmood_Bajwa",0.946057125251969
"Tariq_Shabbir_Advocate",0.946057125251969
"Tasneem_Ahmad_Qureshi",0.946057125251969
"Tussadiq_Masood_Khan",0.946057125251969
"Umar_Aftab",0.946057125251969
"Umar_Farooq_Khan_Shawa",0.946057125251969
"Usman_Khan_Tarakai",0.946057125251969
"Waqar_Ahmad_Khan",0.946057125251969
"Waseef_Ullah_Khan",0.946057125251969
"Waseem_Akhtar",0.946057125251969
"Waseem_Khan_Rajput",0.946057125251969
"Yousaf_Ali",0.946057125251969
"Zafar_Ahmed_Siddiqui_Advocate",0.946057125251969
"Zafar_Iqbal_Ch_",0.946057125251969
"Zafar_Jhandeer",0.946057125251969
"Zahid_Pervaiz_Alias_Zahid_Bashir_",0.946057125251969
"Zar_Gul_Khan",0.946057125251969
"Zubair_Kardar",0.946057125251969
"Zulfaqar_Ali_Qaim_Khani",0.946057125251969
"Zulfiqar_Ali_Khan",0.946057125251969
"Zumarad_Khan",0.946057125251969
"Zumurrad_Khan",0.946057125251969
"Abdul_Aziz_Memon",0.946057125251968
"Aezid_Mahmood_Khan_",0.946057125251968
"Agha_Shafqatullah",0.946057125251968
"Ahmad_Mustafa",0.946057125251968
"Ali_Musa_Gilani",0.946057125251968
"Aurangzeb_Shafi_Barki",0.946057125251968
"Bari_Khan",0.946057125251968
"Dr__Azra_Fazal_Pecheho",0.946057125251968
"Dr__Muhammad_Haider_Baloch",0.946057125251968
"Dr__Syed_Israr_Hussain",0.946057125251968
"Faryal_Talpur",0.946057125251968
"Fazal_e_Rabi",0.946057125251968
"Ghulam_Rabbani_Khar",0.946057125251968
"Khawaja_Ghulam_Hussain",0.946057125251968
"Khurram_Pervaiz_Raja",0.946057125251968
"Makhdoom_Jamil_Uz_Zaman",0.946057125251968
"Mehar_Abdul_Rashid_",0.946057125251968
"Mir_Aamir_Ali_Khan_Magsi",0.946057125251968
"Mir_Imam_Bakhsh_Zahri",0.946057125251968
"Naseem_Khan",0.946057125251968
"Nawab_Din",0.946057125251968
"Raja_Pervaiz_Ashraf",0.946057125251968
"Sardar_Jahazeb_Khan_Drishak_Almarof_Chand_Khan",0.946057125251968
"Shiyam_Sundar_Advocate",0.946057125251968
"Syed_Ahmad_Mujtaba_Gillani",0.946057125251968
"Syed_Sumsan_Ali_Shah_Bukhari",0.946057125251968
"Syed_Yousaf_Raza_Gillani",0.946057125251968
"Farhana",0.946057125251968
"Syed_Ghayoor_Abbas_Bukhari",0.946057125251968
"Ahmad_Raza_Maneka",0.113801599110791
"Malik_Sohail_Khan",0.113801599110791
"Ayaz_Amir",0.113801599110791
"Omar_Ayub_Khan",0.11380159911079
"Sajid_Ali",0.110276650419465
"Imran_Khan",0.11026763603757
"Ghulam_Rasool",0.0983954564737637
"Usman_Ghani",0.0943696642276975
"Muhammad_Nawaz",0.0943694774480223
"Safdar_Ali",0.0943694774480221
"Muhammad_Iqbal_Khan",0.094369477448022
"Muhammad_Afzal",0.0921347510812115
"Muhammad_Yaqoob",0.0798378361218219
"Mian_Tariq_Mehmood",0.0798378361218217
"Ali_Asghar_Rind",0.0798378361218215
"Syed_Sajjad_Hussain_Shah",0.0798378361218215
"Nasir_Khan",0.0758867156585258
"Muhammad_Rafique",0.0756003094273732
"Saleh_Muhammad",0.0734681283565244
"Muhammad_Ibrahim",0.0734681283565242
"Usman_Ali",0.0734681283565242
"Saif_Ur_Rehman",0.0734681283565241
"Saif_Ullah",0.0723646804099215
"Dawa_Khan",0.0718504375809295
"Muhammad_Nawaz_Khan",0.0718504375809295
"Ghulam_Sarwar_Khan",0.0718504375809294
"Sardar_Muhammad_Yaqoob",0.0718504375809294
"Aurang_Zeb_Khan",0.0698183733002068
"Muhammad_Younas",0.0679079269262645
"Muhammad_Asif",0.0671179151051851
"Muhammad_Haris",0.0671176490464584
"Abdul_Khaliq",0.0669623198115455
"Muhammad_Alam",0.0667695819105406
"Abdul_Latif",0.0667695819105405
"Ghulam_Muhammad",0.0662592747201982
"Jahangir_Khan_Tareen",0.0662393918845231
"Muhammad_Riaz",0.066041679734581
"Qaisar_Jamal",0.0658827817476296
"Gul_Asghar_Khan",0.0646308801955539
"Sahibzada_Muhammad_Hamid_Raza",0.0646264091892292
"Abdul_Razzaq",0.0646244960236965
"Nasir_Abbas",0.0645506444685011
"Taj_Muhammad",0.0645486839519627
"Aftab_Jahangir",0.0645485561949942
"Atif_Ali_Khan_Dreshak",0.0645485561949942
"Gul_Muhammad_Rind",0.0645485561949942
"Makhdoom_Shah_Mahmood_Qureshi",0.0645485561949942
"Muhammad_Daood",0.0645485561949942
"Rana_Aamir_Shahzad_Tahir",0.0645485561949942
"Riyaz_Fatyana",0.0645485561949942
"Tahir_Sadiq",0.0645485561949942
"Ahsan_Ulla_Virk",0.0645485561949942
"Aleem_Adil_Sheikh_",0.0645485561949942
"Amber_Majeed_Niazi",0.0645485561949942
"Amirullah",0.0645485561949942
"Amjid_Ali_Khan",0.0645485561949942
"Asif_Khan",0.0645485561949942
"Ataullah_Khan",0.0645485561949942
"Ayaz_Sarfraz_Malik",0.0645485561949942
"Bakht_Jamal_Chandio",0.0645485561949942
"Ch_Muhammad_Shahnawaz_Cheema",0.0645485561949942
"Ch_Usman_Ali_Tariq",0.0645485561949942
"Choudhry_Muhammad_Saqlain",0.0645485561949942
"Faisal_Mughal",0.0645485561949942
"Ghulam_Zahid",0.0645485561949942
"Hafiz_Hamid_Raza",0.0645485561949942
"Hassan_Adeel",0.0645485561949942
"Iffat_Soomro",0.0645485561949942
"Iftikhar_Ali_Khitran",0.0645485561949942
"Iftikhar_Soomro",0.0645485561949942
"Imran_Ahmed_Khan_Niazi",0.0645485561949942
"Javed_Ali_Bozdar",0.0645485561949942
"Jehanzeb_Khan_Dhakki",0.0645485561949942
"Khalid_Abdullah_Ghazi",0.0645485561949942
"Khurram_Shahzad_Virk",0.0645485561949942
"Lal_Chand_Malhi",0.0645485561949942
"Lala_Asad_Ullah",0.0645485561949942
"Mahar_Sajjad_Hussain_Cheena",0.0645485561949942
"Maj_Latasab_Satti",0.0645485561949942
"Malik_Mehboob_Ahmed",0.0645485561949942
"Mansoor_Sarwar_Khan",0.0645485561949942
"Matiullah_Khan",0.0645485561949942
"Mehr_Bano_Qureshi",0.0645485561949942
"Mian_Ghous_Muhammad",0.0645485561949942
"Mir_Ali_Ahmed_Zehri",0.0645485561949942
"Mir_Mohammad_Azam_Sumalani",0.0645485561949942
"Mohammad_Imran",0.0645485561949942
"Mubeen_Arif_Jatt",0.0645485561949942
"Muhammad_Afzal_Gondal",0.0645485561949942
"Muhammad_Alamgir_Khan",0.0645485561949942
"Muhammad_Aurangzaib_Khan_Khichi",0.0645485561949942
"Muhammad_Bashir_Khan",0.0645485561949942
"Muhammad_Dawood_Khan",0.0645485561949942
"Muhammad_Ibraheem_Khan",0.0645485561949942
"Muhammad_Miqdad_Ali_Khan",0.0645485561949942
"Muhammad_Qasim_Khan_Suri",0.0645485561949942
"Muhammad_Riaz_Haider",0.0645485561949942
"Muhammad_Shoaib_Shaheen",0.0645485561949942
"Muhammad_Tuffail",0.0645485561949942
"Muhammad_Usman_Dar",0.0645485561949942
"Muhammad_Zeeshan",0.0645485561949942
"Mujahid_Ali",0.0645485561949942
"Naseem_Hashim_Khan",0.0645485561949942
"Nasir_Khan_Khattak",0.0645485561949942
"Nawab_Aman_Ullah_Khan",0.0645485561949942
"Nawab_Khan_Dumer",0.0645485561949942
"Nawab_Muhammad_Ahmad_Khan",0.0645485561949942
"Nazish_Bhatti",0.0645485561949942
"Noor_Muhammad_Ghaffari",0.0645485561949942
"Pir_Bux_Jamood",0.0645485561949942
"Qurban_Ali",0.0645485561949942
"Rafique_Ahmad_Khan_Niazi",0.0645485561949942
"Rahat_Aman_Ullah_Bhatti",0.0645485561949942
"Rai_Hassan_Nawaz_Khan",0.0645485561949942
"Raja_Muhammad_Saleem",0.0645485561949942
"Raja_Yassir_Humayun_Sarfraz",0.0645485561949942
"Rana_Shehzad_Hafeez",0.0645485561949942
"Rana_Tanveer_Riaz_Khan",0.0645485561949942
"Rao_Khalid_Khan",0.0645485561949942
"Saadullah_Baloch",0.0645485561949942
"Sajid_Khan",0.0645485561949942
"Sajid_Nawaz_Khan",0.0645485561949942
"Salar_Khan_Kakar",0.0645485561949942
"Salman_Saif_Cheema",0.0645485561949942
"Sardar_Muhammad_Ali_Khan",0.0645485561949942
"Sardar_Sher_Muhammad_Rind_Baloch",0.0645485561949942
"Shabana_Nawab",0.0645485561949942
"Shafqat_Mehmood",0.0645485561949942
"Shahram_Tarakai",0.0645485561949942
"Shamraiz_Khan",0.0645485561949942
"Shehryar_Afridi",0.0645485561949942
"Sheikh_Waqar_Ahmad_Advocate",0.0645485561949942
"Sher_Afzal_Marwat",0.0645485561949942
"Sher_Ali_Arbab",0.0645485561949942
"Siraj_Muhammad_Khan",0.0645485561949942
"Syed_Jameel_Ahmad_Hussain_Bokhari",0.0645485561949942
"Syed_Muhammad_Jawad_Asghar_Shah",0.0645485561949942
"Syed_Raza_Ali_Gillani",0.0645485561949942
"Syed_Shah_Ahad_Ali_Shah",0.0645485561949942
"Talib_Hussain_Sidhu",0.0645485561949942
"Tariq_Aziz_Bhatti",0.0645485561949942
"Umar_Aslam_Khan",0.0645485561949942
"Usama_Ahmed_Mela",0.0645485561949942
"Usama_Hamza",0.0645485561949942
"Wajiha_Akram",0.0645485561949942
"Walid_Iqbal",0.0645485561949942
"Waseem_Abbas",0.0645485561949942
"Zaffar_Khan",0.0645485561949942
"Zaheer_Abbas_Naqvi",0.0645485561949942
"Zahid_Mehmood_Mazari",0.0645485561949942
"Zartaj_Gul_Wazir",0.0645485561949942
"Abdul_Sattar_Samoon",0.0645485561949941
"Abdur_Raoof_Dolla",0.0645485561949941
"Abid_Mahmood",0.0645485561949941
"Abid_Mahmood_Khagga",0.0645485561949941
"Abrar_Ul_Haq",0.0645485561949941
"Abu_Bakar_Virk",0.0645485561949941
"Adil_Khan_Bazai",0.0645485561949941
"Advocate_Zahoor_Mehsud",0.0645485561949941
"Aftab_Ahmad_Khan_Khichi",0.0645485561949941
"Aftab_Ahmed_Soomro",0.0645485561949941
"Aftab_Irshad_Cheema",0.0645485561949941
"Afzaal_Azeem_Pahat_Advocate",0.0645485561949941
"Akeel_Aslam",0.0645485561949941
"Akhtar_Iqbal_Dar",0.0645485561949941
"Ali_Afzal_Sahi",0.0645485561949941
"Ali_Asghar_Khan",0.0645485561949941
"Ali_Ashraf",0.0645485561949941
"Ali_Asjid_Malhi",0.0645485561949941
"Ali_Bukhari",0.0645485561949941
"Ali_Ijaz_Buttar",0.0645485561949941
"Ali_Khan_Jadoon",0.0645485561949941
"Ambreen_Malik",0.0645485561949941
"Amir_Sharjeel",0.0645485561949941
"Amjad_Ali_Bajwa",0.0645485561949941
"Aniqa_Mehdi",0.0645485561949941
"Anwar_Haqdad",0.0645485561949941
"Anwar_Taj",0.0645485561949941
"Aqibullah",0.0645485561949941
"Arbab_Muhammad_Haleem",0.0645485561949941
"Arif_Murad",0.0645485561949941
"Arif_Ur_Rehman_Alvi",0.0645485561949941
"Arshad_Mahmood_Chaudhry",0.0645485561949941
"Arslan_Khalid",0.0645485561949941
"Asad_Qaiser",0.0645485561949941
"Asiya_Asad",0.0645485561949941
"Atif_Choudhry",0.0645485561949941
"Aurangzeb_Khichi",0.0645485561949941
"Ayesha_Nazir_Jatt",0.0645485561949941
"Azra_Masood",0.0645485561949941
"Babar_Marghazani",0.0645485561949941
"Barrister_Abdullah_Mumtaz_Kahloon",0.0645485561949941
"Barrister_Hammad_Azhar",0.0645485561949941
"Barrister_Nabeel_Dhar",0.0645485561949941
"Basharat_Ali_Randhawa",0.0645485561949941
"Basharat_Raja",0.0645485561949941
"Bilal_Ejaz",0.0645485561949941
"Brig_Ejaz_Shah",0.0645485561949941
"Brigadier_Mumtaz_Iqbal_Kahlon",0.0645485561949941
"Ch__Muhammad_Ilyas",0.0645485561949941
"Chaudhary_Abdul_Ilyas",0.0645485561949941
"Chaudhry_Muhammad_Ashfaq",0.0645485561949941
"Chudhary_Ilyas_Meharban",0.0645485561949941
"Col_Ajmal_Sabir_Raja",0.0645485561949941
"Dawar_Khan_Kundi",0.0645485561949941
"Dawood_Ullah",0.0645485561949941
"Doctor_Yasmin_Rashid",0.0645485561949941
"Dr__Nisar_Jutt",0.0645485561949941
"Dr__Riaz_Lang",0.0645485561949941
"Dr__Tahir_Ali_Javed",0.0645485561949941
"Dr_Azeem_Zahid_Lakhvi",0.0645485561949941
"Engineer_Dawar_Khan_Kundi",0.0645485561949941
"Faheem_Khan",0.0645485561949941
"Falak_Niaz",0.0645485561949941
"Falak_Sheer_Sikandar",0.0645485561949941
"Farhat_Faheem_Bhatti",0.0645485561949941
"Fawad_Ahmad_Cheema",0.0645485561949941
"Fayaz_Ahmed",0.0645485561949941
"Fazal_Muhammad_Khan",0.0645485561949941
"Gohar_Ali_Khoso",0.0645485561949941
"Gul_Badshah",0.0645485561949941
"Gul_Dad_Khan",0.0645485561949941
"Gul_Muhammad_Keerio",0.0645485561949941
"Gul_Zafar_Khan",0.0645485561949941
"Haji_Akhtar_Mohammad_Mandokhel",0.0645485561949941
"Hamid_Khan",0.0645485561949941
"Hamid_Ul_Haq",0.0645485561949941
"Hamid_Zaman",0.0645485561949941
"Hamza_Khan",0.0645485561949941
"Haroon_Ihsaan_Paracha",0.0645485561949941
"Hassan_Ali_Khan",0.0645485561949941
"Imran_Khattak",0.0645485561949941
"Imran_Qaisar_Abbbas",0.0645485561949941
"Jameel_Ahmed_Lund_Baloch",0.0645485561949941
"Javaid_Safdar_Kahlon",0.0645485561949941
"Junaid_Akbar",0.0645485561949941
"Kanwal_Shauzab",0.0645485561949941
"Karim_Dad",0.0645485561949941
"Khalid_Masood_Khan",0.0645485561949941
"Khalid_Mehmood_Ali",0.0645485561949941
"Khalid_Nawaz",0.0645485561949941
"Khawaja_Sharif_Muhammad_Koreja",0.0645485561949941
"Khial_Zaman_Aurak_Zai",0.0645485561949941
"Khudada_Kalyar_Advocate",0.0645485561949941
"Khurram_Munawar_Munj",0.0645485561949941
"Khurram_Sher_Zaman",0.0645485561949941
"Khursheed_Mehmood_Kasuri",0.0645485561949941
"Kousar_Parveen",0.0645485561949941
"Lt_Col_r_Ajmal_Sabir_Raja",0.0645485561949941
"Mahmood_Khan",0.0645485561949941
"Makhdoom_Javaid_Hussain_Hashmi",0.0645485561949941
"Makhdoom_Shah_Mahmood_Hussain_Qureshi",0.0645485561949941
"Makhdoom_Shah_Mehmood_Hussain_Qureshi",0.0645485561949941
"Malik_Ameen_Aslam_Khan",0.0645485561949941
"Malik_Amir_Dogar",0.0645485561949941
"Malik_Arif_Awan",0.0645485561949941
"Malik_Atiq_Ur_Rehman_Orakzai",0.0645485561949941
"Malik_Ghulam_Murtaza_Metla",0.0645485561949941
"Malik_Muhammad_Akram_Bhatti",0.0645485561949941
"Malik_Muhammad_Ali_Khan_Tiwana",0.0645485561949941
"Malik_Muhammad_Muzaffar_Khan",0.0645485561949941
"Malik_Muhammad_Yar_Dhakoo",0.0645485561949941
"Malik_Nazir_Ahmed_Sobhi",0.0645485561949941
"Malik_Touqeer_Abbas_Khokhar",0.0645485561949941
"Malik_Umar_Farooq",0.0645485561949941
"Malik_Waheed_Khan",0.0645485561949941
"Malik_Waqar_Ahmad",0.0645485561949941
"Malik_Zaheer_Abbas",0.0645485561949941
"Manochaher",0.0645485561949941
"Maqsood_Ali",0.0645485561949941
"Masroor_Ali",0.0645485561949941
"Mehar_Un_Nisa_Baloch",0.0645485561949941
"Mehboob_Shah",0.0645485561949941
"Mian_Moin_Uddin",0.0645485561949941
"Mian_Muhammad_Afzal_Hayat",0.0645485561949941
"Mian_Muhammad_Amjad_Joyia",0.0645485561949941
"Mian_Muhammad_Naeem",0.0645485561949941
"Mian_Mumtaz_Ahmad_Matyana",0.0645485561949941
"Mian_Nazir_Rahman",0.0645485561949941
"Mian_Salman_Ali_Qureshi",0.0645485561949941
"Mian_Shahid_Mustafa_Qureshi",0.0645485561949941
"Mirza_Abdul_Qayyum",0.0645485561949941
"Mirza_Saeed_Mehmood_Baig",0.0645485561949941
"Moazam_Jatoi",0.0645485561949941
"Muhammad_Ahmad_Chattha",0.0645485561949941
"Muhammad_Ajmal_Cheema",0.0645485561949941
"Muhammad_Ali_Sarfaraz",0.0645485561949941
"Muhammad_Ameer_Sultan",0.0645485561949941
"Muhammad_Arshad_Sahi",0.0645485561949941
"Muhammad_Ashraf_Jabbar_Qureshi",0.0645485561949941
"Muhammad_Aslam_Ghumman",0.0645485561949941
"Muhammad_Atif",0.0645485561949941
"Muhammad_Azam_Khan_Swati",0.0645485561949941
"Muhammad_Imran_Shaukat_Khan",0.0645485561949941
"Muhammad_Ishaq_Khan_Khakwani",0.0645485561949941
"Muhammad_Madni",0.0645485561949941
"Muhammad_Naem",0.0645485561949941
"Muhammad_Nawaz_Gondal",0.0645485561949941
"Muhammad_Sajid_Naeem_Qureshi",0.0645485561949941
"Muhammad_Saleem_Akhtar_Durrani",0.0645485561949941
"Muhammad_Saleem_Imran",0.0645485561949941
"Muhammad_Sana_Ullah_Khan_Mastikhel",0.0645485561949941
"Muhammad_Waqar_Wasi_Chaudhary",0.0645485561949941
"Muhammad_Yasir",0.0645485561949941
"Muhammad_Zubair_Khan",0.0645485561949941
"Muhram_Khan",0.0645485561949941
"Mujahid_Khan",0.0645485561949941
"Mumtaz_Ahmad",0.0645485561949941
"Mumtaz_Ali_Jakhrani",0.0645485561949941
"Mumtaz_Ali_Shah",0.0645485561949941
"Mumtaz_Mustafa_Advocate",0.0645485561949941
"Mustafa_Kundi",0.0645485561949941
"Mustansir_Billah",0.0645485561949941
"Nadeem_Abbasi",0.0645485561949941
"Nasim_Ali_Shah",0.0645485561949941
"Nasrullah_Mughal",0.0645485561949941
"Nawabzada_Salahuddin_Saeed",0.0645485561949941
"Naz_Baloch",0.0645485561949941
"Nek_Mohammad",0.0645485561949941
"Niaz_Mohammad_Khan",0.0645485561949941
"Nisar_Akbar_Khan",0.0645485561949941
"Nisaraslam_Khan",0.0645485561949941
"Peer_Zahoor_Hussain_Quraishi",0.0645485561949941
"Pervez_Khattak",0.0645485561949941
"Qaisara_Elahi",0.0645485561949941
"Rab_Nawaz_Kalwar",0.0645485561949941
"Raees_Nawaz_Ali_Burfat",0.0645485561949941
"Rahat_Amanullah_Bhatti",0.0645485561949941
"Rai_Haider_Ali_Khan",0.0645485561949941
"Rai_Hasan_Nawaz_Khan",0.0645485561949941
"Rai_Muhammad_Akram_Khan_Bhatti",0.0645485561949941
"Raja_Aamer_Zaman",0.0645485561949941
"Raja_Abdul_Haque",0.0645485561949941
"Raja_Azhar_Khan",0.0645485561949941
"Raja_Taila_Saeed",0.0645485561949941
"Rana_Javed_Umar",0.0645485561949941
"Rana_Naeem_Ur_Rehman_Khan",0.0645485561949941
"Rao_Hassan_Skindar",0.0645485561949941
"Rao_Umer_Hashim_Khan",0.0645485561949941
"Rashid_Siddiqui",0.0645485561949941
"Rashida_Tariq",0.0645485561949941
"Rehana_Imtiaz_Dar",0.0645485561949941
"Riaz_Ahmad_Tarar",0.0645485561949941
"Riaz_Hyder",0.0645485561949941
"Rozina_Bhutto",0.0645485561949941
"s_a_Hameed",0.0645485561949941
"Saadullah_Mehmood_Urf_Muhammad_Yasir_Baloch",0.0645485561949941
"Sabeen_Safdar_Bandesha",0.0645485561949941
"Sadaqat_Ali_Abbasi",0.0645485561949941
"Saddam_Tareen",0.0645485561949941
"Saeed_Mushtaq",0.0645485561949941
"Sahibzada_Mehboob_Sultan",0.0645485561949941
"Sajid_Khan_Wald_Taj_Gul",0.0645485561949941
"Sajid_Yousaf",0.0645485561949941
"Saleem_Ur_Rehman",0.0645485561949941
"Salman_Akram_Raja",0.0645485561949941
"Sardar_Ahsan_Raza_Advocate",0.0645485561949941
"Sardar_Muhammad_Ahmed_Dreshak",0.0645485561949941
"Sardar_Rafique_Haider_Khan_Laghari",0.0645485561949941
"Shafqat_Abbas",0.0645485561949941
"Shafqat_Ali",0.0645485561949941
"Shahbaz_Ahmad_Khan_Sial",0.0645485561949941
"Shahid_Ahmad_Khattak",0.0645485561949941
"Shandana_Gulzar_Khan",0.0645485561949941
"Shaukat_Iqbal_Mirza",0.0645485561949941
"Shehryar_Riaz",0.0645485561949941
"Shehzad_Farooq",0.0645485561949941
"Shoukat_Basra",0.0645485561949941
"Sibghatullah",0.0645485561949941
"Sidra_Faisal",0.0645485561949941
"Sohail_Sultan",0.0645485561949941
"Syed_Akhtar_Hussain_Rizvi",0.0645485561949941
"Syed_Ali_Haider_Zaidi",0.0645485561949941
"Syed_Ali_Husnain_Shah",0.0645485561949941
"Syed_Jameel_Ahmed_Hussain_Bokhari",0.0645485561949941
"Syed_Jamil_Ahmed_Shah_Bukhari",0.0645485561949941
"Syed_Qaisar_Abbas_Shah",0.0645485561949941
"Syed_Zahoor_Agha",0.0645485561949941
"Tahir_Iqbal_Chuhdary",0.0645485561949941
"Umair_Khan_Niazi",0.0645485561949941
"Usman_Hamza",0.0645485561949941
"Wasim_Qadir",0.0645485561949941
"Yasmin_Rashid",0.0645485561949941
"Yousaf_Khan",0.0645485561949941
"Zahid_Hussain_Hashmi",0.0645485561949941
"Zain_Qureshi",0.0645485561949941
"Zubair_Khan",0.0645485561949941
"Zulfiqar",0.0645485561949941
"Zulfiqar_Ali_Mallah",0.0645485561949941
"Zulqarnain_Als_Sakhi_Bhutto",0.0645485561949941
"Aamer_Masood_Mughal",0.064548556194994
"Abdul_Hakeem_Chandio",0.064548556194994
"Abdul_Qayum",0.064548556194994
"Abid_Javed_Virk",0.064548556194994
"Adv_Shujaat_Ali",0.064548556194994
"Aftab_Ahmad",0.064548556194994
"Ajab_Gul",0.064548556194994
"Akram_Khan",0.064548556194994
"Akram_Niazi",0.064548556194994
"Ali_Amin_Gandapur",0.064548556194994
"Ali_Muhammad_Khalul",0.064548556194994
"Ali_Muhammad_Khan",0.064548556194994
"Aliya_Hamza",0.064548556194994
"Arbab_Amir_Ayub",0.064548556194994
"Arshad_Ali_Mayo",0.064548556194994
"Asad_Umar",0.064548556194994
"Awais_Haider_Jakhar",0.064548556194994
"Azizullah_Dero",0.064548556194994
"Barrister_Taimur_Malik",0.064548556194994
"Ch_Khalil_Arain",0.064548556194994
"Changez_Khan_Kakar",0.064548556194994
"Chaudhary_Javed_Iqbal_Waraich",0.064548556194994
"Choudary_Shokat_Ali_Bhatti",0.064548556194994
"Choudhry_Naeem_Ul_Din_Waraich",0.064548556194994
"Chudhary_Muhammed_Yaqoob",0.064548556194994
"Colnel_Ejaz_Hussain_Minhas",0.064548556194994
"Dawood_Shah",0.064548556194994
"Doctor_Saeed_Ahmed_Afridi",0.064548556194994
"Dr__Amjad",0.064548556194994
"Dr_Muhammad_Azhar_Khan_Jadoon",0.064548556194994
"Ejaz_Ahmad_Gaddan",0.064548556194994
"Faiz_Ullah_Kamoka",0.064548556194994
"Farrukh_Habib",0.064548556194994
"Gulzar_Khan",0.064548556194994
"Hafeezullah",0.064548556194994
"Haji_Imtiaz_Ahmed_Choudhry",0.064548556194994
"Haji_Khalid_Mehmood_Chatha",0.064548556194994
"Haleem_Adil_Sheikh",0.064548556194994
"Hamida_Masood_Shah",0.064548556194994
"Hina_Manzoor",0.064548556194994
"Iqra_Mubarik",0.064548556194994
"Jahanzaib_Imtiaz_Gill",0.064548556194994
"Jamshaid_Dasti",0.064548556194994
"Khan_Shaid_Afridi",0.064548556194994
"Khawaja_Mudasar_Mehmood",0.064548556194994
"Khawaja_Sheraz_Mehmood",0.064548556194994
"Latif_Khosa",0.064548556194994
"Maher_Naveed_Ahmad_Kherha",0.064548556194994
"Makhdoom_Imad_Ud_Din_Hashmi",0.064548556194994
"Malik_Muhammad_Faisal_Dehwar",0.064548556194994
"Maqsood_Ahmed_Ansari",0.064548556194994
"Maryam_Batool",0.064548556194994
"Mian_Azhar",0.064548556194994
"Mohtarma_Zartaj_Gul_Akhwand",0.064548556194994
"Muhammad_Ali_Shakoor",0.064548556194994
"Muhammad_Jamal_Ahsan_Khan",0.064548556194994
"Muhammad_Mansha_Sindhu",0.064548556194994
"Muhammad_Roman_Ahmed",0.064548556194994
"Naiz_Muhammad_Gujjar",0.064548556194994
"Nawaz_Mehmood_Khan",0.064548556194994
"Rai_Naeem_Asad_Kharal",0.064548556194994
"Riasat_Ali_Bhatti",0.064548556194994
"Saeed_Khursheed_Ahmad",0.064548556194994
"Sajid_Nawaz",0.064548556194994
"Saleem_Mahmood_Kamlana_Sial",0.064548556194994
"Sami_Ullah_Chaudhry",0.064548556194994
"Sardar_Muhammad_Hussain_Dogar",0.064548556194994
"Seemabia_Tahir",0.064548556194994
"Shabbir_Ali_Quereshi",0.064548556194994
"Shahid_Amin",0.064548556194994
"Shahid_Talib",0.064548556194994
"Shahnawaz",0.064548556194994
"Shehzada_Muhammad_Gushtasap_Khan",0.064548556194994
"Shoaib_Nasir",0.064548556194994
"Subhan_Ali",0.064548556194994
"Subhan_Ali_Sahil",0.064548556194994
"Syed_Ahmed_Rasheed",0.064548556194994
"Syed_Ali_Hyder_Zaidi",0.064548556194994
"Syed_Khawar_Ali_Shah",0.064548556194994
"Syed_Mumtaz_Ali_Shah",0.064548556194994
"Syed_Niaz_Hussain_Shah_Jillani",0.064548556194994
"Syed_Wajahat_Hasnain_Shah",0.064548556194994
"Tasawar_Abbas",0.064548556194994
"Wali_Muhammad_Mugheri",0.064548556194994
"Waqas_Akram",0.064548556194994
"Zafar_Ullah_Tararr",0.064548556194994
"Zain_Ul_Abidin_Khelji",0.064548556194994
"Zameer_Jedhu_Advocate",0.064548556194994
"Eman_Tahir",0.0645485561949939
"Murad_Saeed",0.0645485561949939
"Naveed_Hameed",0.0645485561949939
"Rana_Atif",0.0645485561949939
"Abdul_Bari",0.0625560928332969
"Sajjad_Ahmad",0.0623452399271452
"Sardar_Meer_Badshah_Khan_Qaisrani",0.0623447442502933
"Nisar_Ahmad",0.059139993806422
"Irfan_Ahmed",0.0590681686979402
"Muhammad_Yousaf",0.05906143060146
"Sardar_Awais_Ahmad_Khan_Leghari",0.056866511941573
"Daniyal_Aziz",0.0568665119415729
"Muhammad_Mehboob_Sultan",0.0568665119415729
"Tahir_Bashir_Cheema",0.0568665119415729
"Ghulam_Bibi_Bharwana",0.0568665119415728
"Mian_Riaz_Hussain_Pirzada",0.0568665119415728
"Rao_Muhammad_Ajmal_Khan",0.0568665119415727
"Naseem_Muhammad_Khan",0.0568665119415726
"Abdullah",0.055335424636944
"Muhammad_Anwar",0.0540900627270581
"Muhammad_Hassan",0.0535433426337413
"Sohail_Ahmad",0.0524331837688639
"Hamza",0.0524331837688638
"Tahir_Iqbal",0.0513657309873421
"Aijaz_Ali",0.0510690355258942
"Mian_Muhammad_Rasheed",0.0499914286818805
"Sardar_Ghulam_Mustafa_Khaskheli",0.0499564966270351
"Syed_Mukhtar_Hussain_Shah",0.049956496627035
"Syed_Ghous_Ali_Shah",0.0499340979261959
"Karim_Ali_Jatoi",0.0499340979261958
"Fida_Muhammad",0.0498931986840334
"Abdullah_Sheedi",0.0498930009049322
"Abid_Azeem",0.0498930009049322
"Asif_Aqeel",0.0498930009049322
"Atta_Ullah_Tarar",0.0498930009049322
"Ch_bilal_Ahmed_Virk",0.0498930009049322
"Chaudhry_Mahmood_Bashir_Virk",0.0498930009049322
"Chaudhry_Muhammad_Jamil_Johar_Advocate",0.0498930009049322
"Chaudry_Armaghan_Subhani",0.0498930009049322
"Ehsan_Ul_Haq_Bajwa",0.0498930009049322
"Hafiz_Abdul_Kareem",0.0498930009049322
"m_Junaid_Anwar_Chaudhary",0.0498930009049322
"Major_r_Amir_Aziz_Kurd",0.0498930009049322
"Malak_Muhammad_Zeb_Khan",0.0498930009049322
"Mian_Muhammad_Qasim_Farooq_",0.0498930009049322
"Mian_Muhammad_Shahbaz_Sharif",0.0498930009049322
"Mir_Dosteen_Khan_Domki",0.0498930009049322
"Mohsin_Shah_Nawaz_Ranjha",0.0498930009049322
"Mr_liaquat_Ali_Jatoi",0.0498930009049322
"Muhammad_Abdul_Ghaffar_Watto",0.0498930009049322
"Muhammad_Akhtar_Khan_Kanju",0.0498930009049322
"Muhammad_Amjad_Farooq_Khan_Khosa",0.0498930009049322
"Muhammad_Asim_Nazeer",0.0498930009049322
"Muhammad_Baleegh-Ur-Rehman",0.0498930009049322
"Muhammad_Hanif_Abbasi",0.0498930009049322
"Muhammad_Mueen_Watto",0.0498930009049322
"Muhammad_Sana_Ullah_Khan_Masti_Khel",0.0498930009049322
"Naheed_Parveen",0.0498930009049322
"Nawab_Zada",0.0498930009049322
"Nawabzada_Mazher_Ali",0.0498930009049322
"Noor_Ul_Hassan_Tanveer",0.0498930009049322
"Obaid_Ullah_Khan_Shadi_Khel",0.0498930009049322
"Parveen_Bashir",0.0498930009049322
"Qaiser_Ahmad_Sheikh",0.0498930009049322
"Saboohuddin_Malik",0.0498930009049322
"Saddique_Khan_Baloch",0.0498930009049322
"Saeed_Ahmed_Khan_Manais",0.0498930009049322
"Sahabzada_Syed_Murtaza_Amin",0.0498930009049322
"Saira_Afzal_Tarar",0.0498930009049322
"Saleem_Zia",0.0498930009049322
"Sardar_Ayaz_Sadiq",0.0498930009049322
"Sardar_Riaz_Mahmood_Khan_Mazari",0.0498930009049322
"Shah_Jee_Gul_Afridi",0.0498930009049322
"Shezra_Mansab_Ali_Khan_Kharal",0.0498930009049322
"Sohail_Shoukat_Butt",0.0498930009049322
"Syed_Basit_Sultan_Bukhari",0.0498930009049322
"Zameer_Hussain_Leghari",0.0498930009049322
"Zar_Khan",0.0498930009049322
"Abbas_Khan_Afridi",0.0498930009049321
"Abdul_Ghaffar_Dogar",0.0498930009049321
"Abdul_Hameed_Rajput",0.0498930009049321
"Abdul_Hamid_Orakzai",0.0498930009049321
"Abdul_Rehman_Khan_Kanju",0.0498930009049321
"Abdul_Subhan",0.0498930009049321
"Abid_Ali_",0.0498930009049321
"Ahmad_Atteeq_Anwer",0.0498930009049321
"Akhtar_Hussain_Jadoon",0.0498930009049321
"Alam_Dad_Laleka",0.0498930009049321
"Alamzeb_Khan",0.0498930009049321
"Alhaj_Muhammad_Farid_Mufakkar",0.0498930009049321
"Ali_Sher_Khan",0.0498930009049321
"Allando_Shah_Alias_Zafar_Ali_Shah",0.0498930009049321
"Amir_Muqam",0.0498930009049321
"Ammar_Ahmad_Khan_Leghari",0.0498930009049321
"Arshad_Manan_Yousaf_Zai",0.0498930009049321
"Asif_Ali_Malik",0.0498930009049321
"Azad_Ali_Tabassum",0.0498930009049321
"Babar_Nawaz_Khan",0.0498930009049321
"Bashir_Ahmed",0.0498930009049321
"Begum_Tehmina_Doultana",0.0498930009049321
"Capt_r_Muhammad_Safdar",0.0498930009049321
"Ch__Mehmood_Bashir_Virk",0.0498930009049321
"Ch__Mubashir_Hussain",0.0498930009049321
"Ch__Nisar_Ali_Khan",0.0498930009049321
"Ch_muhammad_Ali_Gujar__Advocate",0.0498930009049321
"Ch_Muhammad_Ashraf",0.0498930009049321
"Ch_muhammad_Munir_Azhar",0.0498930009049321
"Chaudhary_Asad_Ur_Rehman",0.0498930009049321
"Chaudhary_Farrukh_Altaf",0.0498930009049321
"Chaudhary_Khalid_Javed",0.0498930009049321
"Chaudhary_Mahmood_Bashir_Virk",0.0498930009049321
"Chaudhary_Muhammad_Ashraf_Gujjar",0.0498930009049321
"Chaudhary_Muhammad_Shahbaz_Babar",0.0498930009049321
"Chaudhary_Naseer_Ahmed_Sidhu",0.0498930009049321
"Chaudhary_Nazir_Ahmad",0.0498930009049321
"Chaudhary_Nisar_Ali_Khan",0.0498930009049321
"Chaudhry_Khadim_Hussain",0.0498930009049321
"Chaudhry_Muhammad_Munir_Azhar",0.0498930009049321
"Chaudhry_Naseer_Ahmed_Bhutta",0.0498930009049321
"Choudhary_Iftikhar_Nazir",0.0498930009049321
"Choudhry_Muhammad_Shahbaz_Babar",0.0498930009049321
"Col_r__Mian_Muhammad_Akram_Advocate",0.0498930009049321
"Dr__Abu-Ul-Hassan_Ansari",0.0498930009049321
"Dr__Imtiaz_Ahmed",0.0498930009049321
"Dr__Mian_Akhtar_Ali_Lalika",0.0498930009049321
"Dr__Muhammad_Afzal_Khan_Dhandla",0.0498930009049321
"Dr__Syed_Ali_Hyder_Shah",0.0498930009049321
"Dr__Tariq_Fazal_Chudhary",0.0498930009049321
"Dr__Zulfiqar_Ali_Bhatti",0.0498930009049321
"Dr_hafiz_Shabbir_Ahmed",0.0498930009049321
"Dr_tariq_Fazal_Chaudhry",0.0498930009049321
"Ehsan-Ul-Haq_Idrees_Advocate",0.0498930009049321
"Farah_Awan_Advocate",0.0498930009049321
"Farah_Khan",0.0498930009049321
"Farid_Khan_Yousafzai",0.0498930009049321
"Farkhanda_Amjad_Waraich",0.0498930009049321
"Furqan_Ali",0.0498930009049321
"Ghalib_Khan",0.0498930009049321
"Ghulam_Muhammad_Lali",0.0498930009049321
"Ghulam_Rasool_Sahi",0.0498930009049321
"Ghulam_Shoaib",0.0498930009049321
"Hafiz_Masroor_Lateef",0.0498930009049321
"Haji_Arz_Muhammad_Barech",0.0498930009049321
"Haji_Jamal_Shah_Kakar",0.0498930009049321
"Haji_Muhammad_Akram_Ansari",0.0498930009049321
"Hameer_Imdad_Unar",0.0498930009049321
"Hammad_Nawaz_Khan",0.0498930009049321
"Hizbullah_Gandapur",0.0498930009049321
"Humair_Hayat_Khan_Rokhari",0.0498930009049321
"Iftikhar_Uddin",0.0498930009049321
"Ijaz_Ahmed_Chaudhary",0.0498930009049321
"Illah_Bukhsh_Soomro",0.0498930009049321
"Iqbal_Zaffar_Jhagra",0.0498930009049321
"Ishtiaq_Ahmed_Advocate",0.0498930009049321
"Jam_Kamal_Khan",0.0498930009049321
"Jamil_Ahmad_Khan",0.0498930009049321
"Kaleem_Akbar_Durrani",0.0498930009049321
"Khalid_Aziz",0.0498930009049321
"Khawaja_Ahmad_Hassan",0.0498930009049321
"Khawaja_Muhammad_Asif_",0.0498930009049321
"Khudai_Noor",0.0498930009049321
"Mailk_Sohail_Khan",0.0498930009049321
"Major_Rtd_Tahir_Iqbal",0.0498930009049321
"Makdum_Syed_Ahmad_Alam_Anwer",0.0498930009049321
"Makhdoom_Moeen_Uddin_Ali",0.0498930009049321
"Makhdoom_Muhammad_Javed_Hashmi",0.0498930009049321
"Makhdoomzada_s_b_a_Sultan",0.0498930009049321
"Malik_Ghulam_Qasim_Hanjra",0.0498930009049321
"Malik_Ibrar_Ahmed",0.0498930009049321
"Malik_Saif_Ul_Malook_Khokar",0.0498930009049321
"Mansoor_Kamal_Marwat",0.0498930009049321
"Mehar_Ishtiaq_Ahmad",0.0498930009049321
"Mian_Abdul_Mannan_",0.0498930009049321
"Mian_Faiz-Ul-Hassan",0.0498930009049321
"Mian_Imtiaz_Ahmad",0.0498930009049321
"Mian_Margoob_Ahmad",0.0498930009049321
"Mian_Muhammad_Farooq",0.0498930009049321
"Mian_Muhammad_Nawaz_Sharif",0.0498930009049321
"Mian_Muhammad_Sharif_Zafar_Joia",0.0498930009049321
"Mian_Riaz_Hussain_Peerzada",0.0498930009049321
"Mian_Shahid_Hussain_Khan",0.0498930009049321
"Mian_Yawar_Zaman",0.0498930009049321
"Mir_Amanullah_Talpur",0.0498930009049321
"Mir_Mehrullah_Khan_Umrani",0.0498930009049321
"Mohammad_Riyaz",0.0498930009049321
"Mohmmad-Ul-Mulk__Akhon_Zada_",0.0498930009049321
"Mohsin_Shah_Nawaz_Ranjah",0.0498930009049321
"Moin_Khan",0.0498930009049321
"Muhammad_Abad",0.0498930009049321
"Muhammad_Akhter_Khadam_Alias_Khadam_Hussain",0.0498930009049321
"Muhammad_Akram_Mughal",0.0498930009049321
"Muhammad_Asad_Ali_Khan_Junejo",0.0498930009049321
"Muhammad_Aslam_Khan_Khattak",0.0498930009049321
"Muhammad_Azhar_Khan_Laghari",0.0498930009049321
"Muhammad_Faiz_Tamman",0.0498930009049321
"Muhammad_Farooq_Baha-Ul-Haq_Shah",0.0498930009049321
"Muhammad_Humair_Hayat_Khan_Niazi",0.0498930009049321
"Muhammad_Jamil_Malik",0.0498930009049321
"Muhammad_Junaid_Anwaar_Chaudhry",0.0498930009049321
"Muhammad_Junaid_Anwaar_Chudhary",0.0498930009049321
"Muhammad_Nisar_Khan",0.0498930009049321
"Muhammad_Pervaiz_Malik",0.0498930009049321
"Muhammad_Qasim_Farooq",0.0498930009049321
"Muhammad_Shahbaz_Sharif",0.0498930009049321
"Muhammad_Shoaib_Khan",0.0498930009049321
"Muhammad_Ullah",0.0498930009049321
"Muhammad_Uzair_Khan",0.0498930009049321
"Muhammad_Yaqub_Sheikh",0.0498930009049321
"Muhammad_Yar_Khan_Kamoka",0.0498930009049321
"Mukhdoom_Syed_Asad_Murtaza_Geelani",0.0498930009049321
"Mukhtar_Ahmed_Malik",0.0498930009049321
"Mumtaz_Ahmad_Tarar",0.0498930009049321
"Munawar_Hayat_Abbasi",0.0498930009049321
"Murtaza_Javed_Abbasi",0.0498930009049321
"Mushahid_Raza",0.0498930009049321
"Mushahidullah_Khan",0.0498930009049321
"Nadeem_Abbas",0.0498930009049321
"Najeeb_Ullah_Khan_Niazi",0.0498930009049321
"Nasar_Iqbal_Bosal",0.0498930009049321
"Nawab_Arshad_Ali_Talpur",0.0498930009049321
"Nawab_Salman_Khan_Khilji",0.0498930009049321
"Nisar_Akbar_Khan_",0.0498930009049321
"Pir_Muhammad_Amin_Ul_Hasnat_Shah",0.0498930009049321
"Professor_Doctor_Noor_Muhammad_Ghafari",0.0498930009049321
"Rai_Mansab_Ali_Khan",0.0498930009049321
"Rai_Muhammad_Saleem_Raza_Kharral_Advocate",0.0498930009049321
"Raja_Javed_Ikhlas",0.0498930009049321
"Raja_Muhammad_Asad_Khan",0.0498930009049321
"Raja_Osama_Sarwar",0.0498930009049321
"Rana_Iradat_Sharif_Khan",0.0498930009049321
"Rana_Mahmood-Ul-Hassan",0.0498930009049321
"Rana_Muhammad_Afzal_Khan",0.0498930009049321
"Rana_Muhammad_Ishaq_Khan",0.0498930009049321
"Rana_Zahid_Hussain_Khan",0.0498930009049321
"Rasheed_Ahmad_Khan",0.0498930009049321
"Rehan_Qaiser_Sheikh",0.0498930009049321
"Riaz_Ahmad_Khan",0.0498930009049321
"Riaz_Ul_Haq",0.0498930009049321
"Rooh_Ullah_Khan",0.0498930009049321
"Saad_Waseem",0.0498930009049321
"Sadia_Shabir",0.0498930009049321
"Saeed_Ahmed_Manais",0.0498930009049321
"Sahibzada_Faiz_Ul_Hassan",0.0498930009049321
"Sahibzada_Haji_Muhammad_Fazal-e-Kareem_",0.0498930009049321
"Sahibzada_Shabbir_Hassan_Ansari",0.0498930009049321
"Saima_Akhtar_Bharwana",0.0498930009049321
"Saira_Tarar",0.0498930009049321
"Sajjad_Ahmed_Sohal",0.0498930009049321
"Salman_Hanif",0.0498930009049321
"Sardar_Adil_Umar",0.0498930009049321
"Sardar_Fateh_Muhammad_Hasni",0.0498930009049321
"Sardar_Ghulam_Abbas",0.0498930009049321
"Sardar_m_Yaqoob_Nasir",0.0498930009049321
"Sardar_Mansab_Ali_Dogar",0.0498930009049321
"Sardar_Mehtab_Ahmed_Khan",0.0498930009049321
"Sardar_Muhammad_Amjad_Farooq_Khan_Khosa",0.0498930009049321
"Sardar_Muhammad_Arshad_Khan_Laghari",0.0498930009049321
"Sardar_Muhammad_Irfan_Dogar",0.0498930009049321
"Sardar_Muhammad_Shafqat_Hayat_Khan",0.0498930009049321
"Sardar_Muhammad_Yaqoob_Khan_Nasir",0.0498930009049321
"Sardar_Muhammad_Yousaf",0.0498930009049321
"Sardar_Mumtaz_Khan",0.0498930009049321
"Sardar_Noor_Ahmed_Khan_Malaizai",0.0498930009049321
"Sardar_Sanaullah_Zehri",0.0498930009049321
"Saud_Majeed",0.0498930009049321
"Shabbir_Ahmed_Hyderi",0.0498930009049321
"Shahibzada_Faiz_Ul_Hassan",0.0498930009049321
"Shams_Ur_Rehman_Khattak",0.0498930009049321
"Sharafat_Khan",0.0498930009049321
"Shehzad_Asghar_Khan_Rind__Advocate",0.0498930009049321
"Sheikh_Aftab_Ahmed",0.0498930009049321
"Sheikh_Fayyaz_Ud_Din",0.0498930009049321
"Sheikh_Muhammad_Akram",0.0498930009049321
"Sheikh_Rohale_Asghar",0.0498930009049321
"Sher_Rehman",0.0498930009049321
"Skindar_Hayyat_Khan_Bosan",0.0498930009049321
"Sumaira_Naz",0.0498930009049321
"Syed_Faisal_Abbas",0.0498930009049321
"Syed_Ghulam_Mustafa_Shah_s_o_Syed_Asadullah_Shah",0.0498930009049321
"Syed_Hafeezuddin",0.0498930009049321
"Syed_Imran_Ahmed_Shah",0.0498930009049321
"Syed_Javed_Hassan",0.0498930009049321
"Syed_Javed_Hassnain_Shah",0.0498930009049321
"Syed_Muhammad_Abdullah_Shah",0.0498930009049321
"Syed_Muhammad_Ali_Shah_Bacha_Lala",0.0498930009049321
"Syed_Muhammad_Ashiq_Hussain_Shah",0.0498930009049321
"Syed_Muhammad_Athar_Hussain_Shah_Gillani",0.0498930009049321
"Syed_Muhammad_Iqbal_Shah",0.0498930009049321
"Syed_Muhammad_Rafi_Ud_Din_Bukhari",0.0498930009049321
"Syed_Muhammad_Raza_Bukhari",0.0498930009049321
"Syed_Muhammad_Saleem_Ashrafi",0.0498930009049321
"Syed_Muhammad_Salman_Mohsin_Gillani",0.0498930009049321
"Syed_Muhammad_Saqlain_Bukhari",0.0498930009049321
"Syed_Raza_Ali_Bukhari",0.0498930009049321
"Syed_Riaz_Hussain_Shah_Sherazi",0.0498930009049321
"Syeda_Nosheen_Iftikhar",0.0498930009049321
"Tariq_Fazal_Chaudhry",0.0498930009049321
"Tehmina_Daultana",0.0498930009049321
"Uzair_Tariq",0.0498930009049321
"Waheed_Alam_Khan",0.0498930009049321
"Waseem_Akhtar_Shaikh",0.0498930009049321
"Waseem_Akhtar_Sheikh",0.0498930009049321
"Wazeer_Ahmed_Afridi",0.0498930009049321
"Zahid_Hamid",0.0498930009049321
"Zain-Ul-Abideen_Ansari",0.0498930009049321
"Zain_Ul_Abdin_Ansari",0.0498930009049321
"Zakir_Hussain_Mari",0.0498930009049321
"Zulifqar_Ali_Bhindar",0.0498930009049321
"Muhammad_Kashif",0.0498930009049321
"Abdul_Khaliq_Khar",0.0498930009049321
"Abdul_Qadeer",0.0498930009049321
"Abdul_Qadir_Khan",0.0498930009049321
"Abdulkhaliq",0.0498930009049321
"Abid_Ali",0.0498930009049321
"Abid_Sheer_Ali",0.0498930009049321
"Adrees_Bajwa_",0.0498930009049321
"Agha_Muhammad_Munwar",0.0498930009049321
"Ahmad_Hussain_Dehar",0.0498930009049321
"Ahsan_Iqbal",0.0498930009049321
"Akhlaq_Younas",0.0498930009049321
"Akhtiar_Wali",0.0498930009049321
"Akhundzada_Badruddin",0.0498930009049321
"Ali_Gohar_Khan",0.0498930009049321
"Ali_Mohammad_Khan_Juna_Advocate",0.0498930009049321
"Ali_Raza_Cholyani",0.0498930009049321
"Ali_Zahid",0.0498930009049321
"Amir_Talal_Gopang",0.0498930009049321
"Anjum_Aqeel_Khan",0.0498930009049321
"Asghar_Ali_Awan",0.0498930009049321
"Aslam_Bodla",0.0498930009049321
"Azhar_Qayyum_Nahra",0.0498930009049321
"Azhar_Qayyum_Nehra",0.0498930009049321
"Baz_Gul_Afridi",0.0498930009049321
"Bilal_Azhar_Kayani",0.0498930009049321
"Bilal_Yaseen",0.0498930009049321
"Ch__Abid_Raza",0.0498930009049321
"Ch__Ashfaq_Ahmed_Mattu",0.0498930009049321
"Ch__Muhammad_Jafar_Iqbal",0.0498930009049321
"Ch__Muhammad_Riaz",0.0498930009049321
"Ch__Safdar-Ur-Rehman",0.0498930009049321
"Ch__Saud_Majeed",0.0498930009049321
"Ch_Armaghan_Subhani",0.0498930009049321
"Ch_Asad_Ur_Rehman",0.0498930009049321
"Ch_Jaffar_Iqbal",0.0498930009049321
"Ch_Nadeem_Abbas_Rebera",0.0498930009049321
"Chaudhary_Abid_Raza",0.0498930009049321
"Chaudhary_Asad-Ur-Rehman",0.0498930009049321
"Chaudhary_Iftikhar_Nazir",0.0498930009049321
"Chaudhary_Muhammad_Ashraf",0.0498930009049321
"Chaudhary_Muhammad_Barjees_Tahir",0.0498930009049321
"Chaudhary_Nazeer_Ahmad",0.0498930009049321
"Chaudhry_Khalid_Javed_Warraich",0.0498930009049321
"Choudhary_Muhammad_Barjees_Tahir",0.0498930009049321
"Choudhry_Muhammad_Tarique",0.0498930009049321
"Chudhary_Bilal_Ahmed_Virk",0.0498930009049321
"Chudhary_Hamid_Hameed",0.0498930009049321
"Daniyal_Ahmed",0.0498930009049321
"Danyal_Choudhary",0.0498930009049321
"Dewan_Ashiq_Hussain_Bukhari",0.0498930009049321
"Dewan_Syed_Jaffar_Hussain",0.0498930009049321
"Dilawar_Khan",0.0498930009049321
"Doctor_Liaquat_Ali_Khan",0.0498930009049321
"Dr__Azeem-Ud-Din_Zahid_Lakhvi",0.0498930009049321
"Dr_Rahila_Gul_Magsi",0.0498930009049321
"Dr_syed_Khawar_Ali_Shah",0.0498930009049321
"Engineer_Abdul_Munim_Khan",0.0498930009049321
"Engineer_Khuram_Dastgir_Khan",0.0498930009049321
"Engr_Khurram_Dastgir_Khan",0.0498930009049321
"Faheem_Advocate",0.0498930009049321
"Faiz_Muhammad_Khan",0.0498930009049321
"Farhat_Ullah_Khan",0.0498930009049321
"Ghani_Ur_Rehman",0.0498930009049321
"Ghulam_Hyder_Phulpoto",0.0498930009049321
"Hafeez_Ur_Rehman_Khan_Drishak",0.0498930009049321
"Hafiz_Abdul_Karim",0.0498930009049321
"Haji_Javed_Iqbal_Jat",0.0498930009049321
"Haji_Muzaffar_Ali_Shajra",0.0498930009049321
"Haji_Zar_Khan_Safi",0.0498930009049321
"Hamza_Shahbaz_Sharif",0.0498930009049321
"Husnain_Rashid",0.0498930009049321
"Ibadullah",0.0498930009049321
"Ihasn_Kareem_Qureshi",0.0498930009049321
"Illahi_Bux_Soomro",0.0498930009049321
"Imtiaz_Ahmad_Gondal",0.0498930009049321
"Inamullah_Khan_Niazi",0.0498930009049321
"Irfan_Aziz_Kurd",0.0498930009049321
"Javed_Akhter",0.0498930009049321
"Justice_r__Iftikhar_Ahmad_Cheema",0.0498930009049321
"Justice_r_Iftikhar_Ahmad_Cheema",0.0498930009049321
"Kalim_Akbar",0.0498930009049321
"Khawaja_Muhammad_Asif",0.0498930009049321
"Khawaja_Saad_Rafique",0.0498930009049321
"Khurram_Dastagir_Khan",0.0498930009049321
"Liaqat_Ahmed_Khan",0.0498930009049321
"Liaquat_Ali_Jamali",0.0498930009049321
"Lt_gen_r_Abdul_Qadir_Baloch",0.0498930009049321
"m_Aslam_Buledi",0.0498930009049321
"Makhadom_Jamil_Ahmed_Hussain_Bukhari",0.0498930009049321
"Makhdoom_Faisal_Saleh_Hayat",0.0498930009049321
"Makhdoom_Moin_Ud_Din_Ali_Hashmi",0.0498930009049321
"Makhdoom_Syed_Ali_Hassan_Gillani",0.0498930009049321
"Malak_Syed_Ahmad",0.0498930009049321
"Malik_Abdul_Ghaffar_Dogar",0.0498930009049321
"Malik_Abrar_Ahmad",0.0498930009049321
"Malik_Akhtar_Hussain_Awan",0.0498930009049321
"Malik_Iqbal_Mehdi_Khan",0.0498930009049321
"Malik_Maula_Dad_Khan_Sherani_",0.0498930009049321
"Malik_Muhammad_Asad_Khan",0.0498930009049321
"Malik_Muhammad_Basit_Khar",0.0498930009049321
"Malik_Shakir_Bashir_Awan",0.0498930009049321
"Malik_Sultan_Mehmood",0.0498930009049321
"Maryam_Nawaz_Sharif",0.0498930009049321
"Mian_Abdul_Manan",0.0498930009049321
"Mian_Imtiaz_Ahmed",0.0498930009049321
"Mian_Javed_Latif",0.0498930009049321
"Mian_Manzoor_Hussain",0.0498930009049321
"Mian_Muhammad_Arshad_Abbas_Qureshi",0.0498930009049321
"Mian_Muhammad_Ilyas_Rasheed",0.0498930009049321
"Mian_Najibuddin_Awaisi",0.0498930009049321
"Mian_Shahid_Hussain_Khan_Bhatti",0.0498930009049321
"Mir_Atta_Ullah",0.0498930009049321
"Mir_Khan_Muhammad_Jamali",0.0498930009049321
"Mohsin_Shahnawaz_Ranjha",0.0498930009049321
"Mohtarmatehmina_Doultana",0.0498930009049321
"Molana_Asif_Muawia",0.0498930009049321
"Mr__Makhdoom_Shah_Nawaz_Qureshi",0.0498930009049321
"Mr_babu_Sarfraz_Khan_Jatoi",0.0498930009049321
"Mrs_Amjad_Ali_Warraich",0.0498930009049321
"Muhammad_Afzal_Khokhar",0.0498930009049321
"Muhammad_Akbar_Khan",0.0498930009049321
"Muhammad_Akhtar_Khan_Kanjoo",0.0498930009049321
"Muhammad_Arif_Ch",0.0498930009049321
"Muhammad_Arshad_Khan_Laghari",0.0498930009049321
"Muhammad_Baligh_Ur_Rehman",0.0498930009049321
"Muhammad_Barjees_Tahir",0.0498930009049321
"Muhammad_Hamid_Hameed",0.0498930009049321
"Muhammad_Hamza_Shehbaz_Sharif",0.0498930009049321
"Muhammad_Israr",0.0498930009049321
"Muhammad_Khan_Daha",0.0498930009049321
"Muhammad_Moeen_Wattoo",0.0498930009049321
"Muhammad_Nawaz_Sharif",0.0498930009049321
"Muhammad_Nazir_Khan",0.0498930009049321
"Muhammad_Numan",0.0498930009049321
"Muhammad_Riaz_Malik",0.0498930009049321
"Muhammad_Tahir_Ameer_Ghroi",0.0498930009049321
"Muhammad_Talal_Chaudhry_",0.0498930009049321
"Muhammad_Tallal_Choudhary",0.0498930009049321
"Muhammad_Usman_Awaisi",0.0498930009049321
"Muhammad_Yousaf_Kakar",0.0498930009049321
"Naik_Amal_Khan",0.0498930009049321
"Nasir_Iqbal_Bosal",0.0498930009049321
"Nasir_Khan_Mosazai",0.0498930009049321
"Nawab_Sher",0.0498930009049321
"Nawabzada_Jangaiz_Khan_Marri",0.0498930009049321
"Nawabzada_Khawaja_Muhammad_Khan_Hoti",0.0498930009049321
"Niaz_Muhammad_Khan",0.0498930009049321
"Nisar_Ahmed_Cheema",0.0498930009049321
"Obaid_Ullah_Shadi_Khel",0.0498930009049321
"Pir_Muhammad_Aslam_Bodla",0.0498930009049321
"Pirzada_Muhammad_Ashraf_Zia",0.0498930009049321
"Qadir_Bux",0.0498930009049321
"Raees_Khan",0.0498930009049321
"Rahim_Bux",0.0498930009049321
"Rai_Salah-Ud-Din",0.0498930009049321
"Raja_Muhammad_Javed_Ikhlas",0.0498930009049321
"Raja_Muhammad_Safdar",0.0498930009049321
"Raja_Qamar_Ul_Islam",0.0498930009049321
"Rajab_Ali_Khan_Baloch",0.0498930009049321
"Rana_Abdul_Sattar_Bin_Rana_Shamim_Ahmed_Khan",0.0498930009049321
"Rana_Mehmood_Ul_Hassan",0.0498930009049321
"Rana_Mubasshir_Iqbal",0.0498930009049321
"Rana_Muhammad_Hayat_Khan",0.0498930009049321
"Rana_Nazir_Ahmad_Khan",0.0498930009049321
"Rana_Shamim_Ahmed_Khan",0.0498930009049321
"Rana_Tanveer_Hussain",0.0498930009049321
"Rana_Umer_Nazir_Khan",0.0498930009049321
"Rao_Abid_Rizwan_Shoukat",0.0498930009049321
"Rao_Mazhar_Hayyat_Khan",0.0498930009049321
"Rao_Muhammad_Mohsin_Ali_Khan",0.0498930009049321
"Rasool_Bux_Jakhro",0.0498930009049321
"Rehan_Malik_Advocate",0.0498930009049321
"Rehmat_Salam_Khattak",0.0498930009049321
"Rozina",0.0498930009049321
"Saad_Ullah_Tareen",0.0498930009049321
"Sahibzada-Faizul-Hassan",0.0498930009049321
"Sahibzada_Muhammad_Tahir_Sultan",0.0498930009049321
"Sajid_Mehdi",0.0498930009049321
"Sajjad_Ali",0.0498930009049321
"Sajjad_Anwar_Khan",0.0498930009049321
"Sakina_Anwer",0.0498930009049321
"Salar_Khan",0.0498930009049321
"Sardar_Mansab_Ali_Doggar",0.0498930009049321
"Sardar_Muhammad_Jaffar_Khan_Leghari",0.0498930009049321
"Sardar_Muhammad_Saif-Ul-Din_Khan_Khosa",0.0498930009049321
"Sardar_Muhammad_Yousaf_Zaman",0.0498930009049321
"Sarzamin_Khan",0.0498930009049321
"Shahab_Ud_Din_Khan",0.0498930009049321
"Shahid_Khaqan_Abbasi",0.0498930009049321
"Shahid_Khaqan_Abbassi",0.0498930009049321
"Shahid_Usman",0.0498930009049321
"Shaikh_Maqsood_Ahmed",0.0498930009049321
"Shaikh_Rohale_Asghar",0.0498930009049321
"Shazia_Mubashar",0.0498930009049321
"Sheikh_Abdul_Sattar_Mandokhel",0.0498930009049321
"Sheikh_Aftab_Ahmad",0.0498930009049321
"Sheikh_Muhammad_Tariq_Rasheed",0.0498930009049321
"Sheikh_Roheel_Asghar",0.0498930009049321
"Sher_Afghan_Khan",0.0498930009049321
"Sidra_Tel_Muntaha",0.0498930009049321
"Sikander_Ali_Mirani",0.0498930009049321
"Sobia_Shahid",0.0498930009049321
"Speen_Gul",0.0498930009049321
"Syed_Ansub_Raza_Fatmi",0.0498930009049321
"Syed_Attaullah_Shah_Bukhari",0.0498930009049321
"Syed_Iftikhar_Ul_Hassan",0.0498930009049321
"Syed_Imran_Ahmad_Shah",0.0498930009049321
"Syed_Javed_Hassnain",0.0498930009049321
"Syed_Mobeen_Ahmed",0.0498930009049321
"Syed_Muhammad_Nihal_Hashmi",0.0498930009049321
"Syed_Sajid_Mehdi",0.0498930009049321
"Syed_Zahoor_Shah",0.0498930009049321
"Syed_Zulfiqar_Ali_Shah",0.0498930009049321
"Syeda_Shehr_Bano_Bukhari",0.0498930009049321
"Toor_Gul_Khan_Jogezai",0.0498930009049321
"Umer_Sohail_Zia_Butt",0.0498930009049321
"Usman_Ibrahim",0.0498930009049321
"Wajid_Ali_Khan",0.0498930009049321
"Yasir_Khan",0.0498930009049321
"Zahid_Khan_Afridi",0.0498930009049321
"Zaib_Jafar",0.0498930009049321
"Zobaida_Jalal",0.0498930009049321
"Abdul_Majeed_Khan",0.049893000904932
"Ch_Nisar_Ali_Khan",0.049893000904932
"Chaudhary_Muhammad_Iqbal",0.049893000904932
"Doctor_Hafeez_Ur_Rehman_Khan_Drishak",0.049893000904932
"Engineer_Iqbal_Zafar_Jhagra",0.049893000904932
"Haji_Waris_Khan_Achakzai",0.049893000904932
"Javaid_Ibrahim_Paracha",0.049893000904932
"Jehanzeb_Khan",0.049893000904932
"Lt_Gen_r__Salah-Ud-Din_Trimzi",0.049893000904932
"Makhdoom_Syed_Sami_Ul_Hassan_Gilani",0.049893000904932
"Malik_Ihtebar_Khan",0.049893000904932
"Malik_Khalid_Naeem",0.049893000904932
"Malik_Majid_Bucha",0.049893000904932
"Malik_Muhammad_Afzal_Khokhar",0.049893000904932
"Malik_Muhammad_Iqbal_Chanar",0.049893000904932
"Malik_Shakeel_Ahmed_Awan",0.049893000904932
"Mian_Abdul_Rasheed",0.049893000904932
"Muhabbat_Khan",0.049893000904932
"Qaiser_Ahmed_Sheikh",0.049893000904932
"Rana_Afzaal_Hussain",0.049893000904932
"Rana_Qasim_Noon",0.049893000904932
"Rana_Sana_Ullah_Khan",0.049893000904932
"Zain_Ansari",0.049893000904932
"Abid_Hussain",0.0479907716887955
"Muhammad_Arshad",0.0479889425586398
"Abdul_Sattar",0.0479718979832962
"Muhammad_Shahid",0.0479656809422701
"Muhammad_Yaseen",0.0479656809422701
"Ghulam_Nabi",0.0413343223767991
"Niaz_Muhammad",0.0399794300855102
"Muhammad_Aslam",0.0399284107224707
"Muhammad_Rafiq",0.0388041589648012
"Abdul_Aleem_Khan",0.0385144893498474
"Abdul_Hameed_Khan",0.0384123978722014
"Muhammad_Javed",0.0384123978722014
"Nazir_Ahmed",0.0384123978722013
"Khalid_Mehmood",0.0373178366868614
"Muhammad_Ismail",0.0360310010614326
"Imtiaz_Hussain",0.0360300580508
"Muhammad_Ayoub",0.0343925023704202
"Muhammad_Sadiq",0.0335986628889764
"Muhammad_Shafique",0.0333554705728996
"Zafar_Iqbal",0.033304755433974
"Muhammad_Amin",0.0333046234118861
"Syed_Asghar_Ali_Shah",0.0321235174608722
"Malik_Tariq_Mehmood",0.0320327373341846
"Muhammad_Azam",0.0307851722970964
"Hameed_Hussain",0.0306620874345669
"Abdul_Waseem_Khan_Ghouri",0.0306616590034011
"Inayat_Ul_Haq",0.0306616590034011
"Mohsin_Badshah_Advocate",0.0306616590034011
"Nisar_Ahmed_Sultan_Tanoli",0.0306616590034011
"Rana_Muhammad_Arif_Raza",0.0306616590034011
"Rana_Zulqarnain_Khan",0.0306616590034011
"Sajjad_Ahmad_Naseem",0.0306616590034011
"Shaikh_Salahuddin",0.0306616590034011
"Syed_Baqar_Ahsan",0.0306616590034011
"Syed_Jamil_Ur_Rab",0.0306616590034011
"Abdul_Khalid",0.030661659003401
"Abdul_Qadir_Solangi",0.030661659003401
"Abdul_Rasheed_Godil",0.030661659003401
"Advocate_Sikandar_Ali_Keerio",0.030661659003401
"Aftikhar_Akbar_Randhawa",0.030661659003401
"Agha_Muhammad_Naved",0.030661659003401
"Ahmed_Saleem_Siddiqui",0.030661659003401
"Alama_Syed_Farman_Raza_Abidi",0.030661659003401
"Aminul_Haque",0.030661659003401
"Asghar_Ali_Parhiar",0.030661659003401
"Chaudhry_Javed_Sarwar",0.030661659003401
"Doctor_Asif_Rafique",0.030661659003401
"Dr__Muhammad_Farooq_Sattar",0.030661659003401
"Engineer_Afridi",0.030661659003401
"Ghaman",0.030661659003401
"Ghazanfar_Anjum_Yousafzai_Advocate",0.030661659003401
"Ghulam_Farooq_Shahwani",0.030661659003401
"Habibullah_Khan",0.030661659003401
"Hassan_Sabir",0.030661659003401
"Humayu_Usman",0.030661659003401
"Iftikhar_Mughal",0.030661659003401
"Irfan_Ali_Bikak",0.030661659003401
"Izhar_Ul_Haq_Qureshi_Siddiqui",0.030661659003401
"Kaleem_Khan",0.030661659003401
"Kiran_Muhammad_Ali",0.030661659003401
"Malik_Mazhar_Hussain",0.030661659003401
"Maryam_Bibi",0.030661659003401
"Mian_Sarfraz_Watto",0.030661659003401
"Mihtab_Hayat_Khan",0.030661659003401
"Mirza_Muhammad_Jameel_Raza",0.030661659003401
"Mr__Ghulam_Mohiuddin_Durrani__Advocate_",0.030661659003401
"Muhammad_Imran_Ijaz_Butt",0.030661659003401
"Muhammad_Meraj_Ahmed",0.030661659003401
"Muhammad_Zakir_Shaikh",0.030661659003401
"Muhammad_Zunbair_Anjum",0.030661659003401
"Munawar_Ali_Chohan",0.030661659003401
"Nawab_Ali",0.030661659003401
"Nazli_Ifat_Tabasum",0.030661659003401
"Nisar_Ahmed_Shar",0.030661659003401
"Raja_Ajaz_Hussain",0.030661659003401
"Rao_Abdul_Qayoum_Khan_Advocate",0.030661659003401
"Razia_Iqbal",0.030661659003401
"Salahuddin",0.030661659003401
"Sarwar_Khan_Lashri_Advocate_High_Court_",0.030661659003401
"Shehzad_Asif_Javed",0.030661659003401
"Sheikh_Salahuddin",0.030661659003401
"Siraj-Ud-Din",0.030661659003401
"Syed_Farzand_Ali_Shah",0.030661659003401
"Syed_Ghulam_Shabbir_Shah",0.030661659003401
"Syed_Naveed_Anjum_Bukhari",0.030661659003401
"Syed_Tayyab_Hussain",0.030661659003401
"Zahid_Mehmood_Kiani",0.030661659003401
"Zameer_Ahmed",0.030661659003401
"Abdul_Jalil_Bazai",0.030661659003401
"Ali_Muhammad_Memon",0.030661659003401
"Anwar_Ali_Khan",0.030661659003401
"Arif_Jamal",0.030661659003401
"Arshad_Iqbal",0.030661659003401
"Arshad_Mahmood_Rabbani",0.030661659003401
"Asad_Ullah_Shah",0.030661659003401
"Ashfaq",0.030661659003401
"Atta_Shaikh_Advocate",0.030661659003401
"Basir_Ahmad",0.030661659003401
"Bisma_Asif",0.030661659003401
"Ch__Hamid_Ali_Wahla",0.030661659003401
"Ch__Muhammad_Suleman_Gujar",0.030661659003401
"Ch_Khalid_Hussain_Bhatti_Advocate",0.030661659003401
"Chaudhry_Munawar_Hafeez",0.030661659003401
"Choudhary_Anwar_Ali_Gill_Advocate",0.030661659003401
"Choudhary_Muhammad_Ilyas",0.030661659003401
"Doctor_Hafiz_Mohammad_Sarwar_Joyia",0.030661659003401
"Dr__Abdul_Qadir_Khanzada",0.030661659003401
"Dr__Mumtaz_Ali_Chandio",0.030661659003401
"Dr_nadeem_Ehsan",0.030661659003401
"Dr_Zaib_Un_Nisa",0.030661659003401
"Engineer_Muhammad_Zakir",0.030661659003401
"Fahmida_Shah_Bukhari",0.030661659003401
"Farkhanda_Khalid",0.030661659003401
"Ghulam_Akber_Mallah",0.030661659003401
"Ghulam_Muhammad_Rajoka",0.030661659003401
"Haji_Muhammad_Saeed_Arian",0.030661659003401
"Heer_Soho",0.030661659003401
"Hubdar_Ali",0.030661659003401
"Hussain_Bakhsh_Panhwar",0.030661659003401
"Imtiaz_Ali",0.030661659003401
"Junaid_Ahmed_Samejo",0.030661659003401
"Junaid_Tariq_Qureshi_Advocate",0.030661659003401
"Karim_Khan",0.030661659003401
"Kashif_Ali_Khan",0.030661659003401
"Khair_Bux_Khosa",0.030661659003401
"Khalid_Maqbool_Siddiqui",0.030661659003401
"Khursheed_Abbas",0.030661659003401
"Kokab_Bukhari",0.030661659003401
"m_Ameen_Watoo",0.030661659003401
"Malik_Abdul_Hameed_Awan",0.030661659003401
"Malik_Muhammad_Asim",0.030661659003401
"Malik_Tanveer_Hussain",0.030661659003401
"Mangharam",0.030661659003401
"Mehboob_Alam",0.030661659003401
"Mehmood_Qadir_Khanzada",0.030661659003401
"Mian_Tariq_Ali_Bodla",0.030661659003401
"Mohammad_Umer_Agha_Awaan",0.030661659003401
"Mr__Rana_Fateh_Muhammad_Rajput",0.030661659003401
"Muhamamd_Moin_Aamer_Pirzada",0.030661659003401
"Muhammad_Akhtar",0.030661659003401
"Muhammad_Imran_Gill",0.030661659003401
"Muhammad_Rashid_Saleem_Khanzada",0.030661659003401
"Muhammad_Saeed_Anwar",0.030661659003401
"Muhammad_Saleem_Langah",0.030661659003401
"Muhammad_Talib_Bhatti",0.030661659003401
"Muhammad_Tariq_Pachar",0.030661659003401
"Mustafa_Kamal",0.030661659003401
"Nasir_Ayyub_Awan_Advocate",0.030661659003401
"Naveed_Akhter_Khan",0.030661659003401
"Nazir_Ahmed_Abbasi",0.030661659003401
"Paras",0.030661659003401
"Peer_Nasir_Saqlalin_Muhammadi",0.030661659003401
"Prof_muhammad_Sagheer_Choudhary_",0.030661659003401
"Qalib_Abbas_Malik",0.030661659003401
"Rai_Muhammad_Younas",0.030661659003401
"Rana_Nisar_Ahmed",0.030661659003401
"Rana_Sajid_Mehmood_Advocate",0.030661659003401
"Rana_Zahoor_Ul_Haq_Advocate",0.030661659003401
"Rao_Abdul_Qayyum_Khan_Advocate",0.030661659003401
"Rao_Muhammad_Farman_Uarf_Chotu_Chacha",0.030661659003401
"Razziq_Mehmood_Bhatti",0.030661659003401
"S_a_iqbal_Qadri",0.030661659003401
"Sajid_Wahab_Khanzada",0.030661659003401
"Sakhi_Dad_Mari",0.030661659003401
"Samia_Naz",0.030661659003401
"Sardar_Ameer_Qalam_Awan",0.030661659003401
"Sardar_Nabeel_Ahmed_Gabol",0.030661659003401
"Shah_Nawaz_Mahar",0.030661659003401
"Shahid_Akram",0.030661659003401
"Shakeel_Ahmed",0.030661659003401
"Shaukatullah_Farooqui",0.030661659003401
"Sher_Muhammad_Nohri",0.030661659003401
"Suheno",0.030661659003401
"Syed_Ali_Raza_Abidi",0.030661659003401
"Syed_Asif_Hasnain",0.030661659003401
"Syed_Iqbal_Hussain",0.030661659003401
"Syed_Waseem_Hussain",0.030661659003401
"Waheed_Ahmed_Mughal",0.030661659003401
"Wasiullah_Lakhoo",0.030661659003401
"Abdul_Kareem",0.030661659003401
"Abdul_Salam_Ansari",0.030661659003401
"Abdul_Sattar_Chaudhary",0.030661659003401
"Abdul_Sattar_Jatoi",0.030661659003401
"Advocate_Zulfiqar_Ali_Qazi",0.030661659003401
"Aftab_Ahmed_Rajput",0.030661659003401
"Agha_Muhammad_Ali_Khan",0.030661659003401
"Ahmed_Ali_Buriro",0.030661659003401
"Ahmed_Gabol",0.030661659003401
"Anwer_Sial_Bhai_",0.030661659003401
"Arbab_Abdul_Ghani_Kasi",0.030661659003401
"Arshad_Abdullah_Vohra",0.030661659003401
"Asghar_Ali_Parhiar_Advocate",0.030661659003401
"Babar_Siraj_Mirza",0.030661659003401
"Bilal_Hussain",0.030661659003401
"Ch__Muhammad_Safdar_Jamna",0.030661659003401
"Ch_Abdul_Qayyum_Bajwa_Advocate",0.030661659003401
"Chaudhry_Iftikhar_Ahmed_Siddhu_Advocate",0.030661659003401
"Dr__Ejaz_Hussain",0.030661659003401
"Dr__Farooq_Sattar",0.030661659003401
"Dr__Khalid_Maqbool_Siddiqui",0.030661659003401
"Dr__Muhammad_Ayoub_Shaikh",0.030661659003401
"Dr__Taj_Hussain_Fani",0.030661659003401
"Dr_Abdul_Razaque_Lashari",0.030661659003401
"Faiz_Muhammad",0.030661659003401
"Farhan_Chishti",0.030661659003401
"Fazal_Ul_Rehman",0.030661659003401
"Feroz_Khan",0.030661659003401
"Gulzar_Ali_Mugheri",0.030661659003401
"Hafeezuddin",0.030661659003401
"Hafiz_Muhammad_Hanif",0.030661659003401
"Imran_Khan_Rajput",0.030661659003401
"Iqbal_Muhammad_Ali_Khan",0.030661659003401
"Khawaja_Awais_Mushtaq",0.030661659003401
"Khawaja_Izhar_Ul_Hassan",0.030661659003401
"Khushbakht_Shujat",0.030661659003401
"Major_r__Habib_Ur_Rehman_Khan_Myo_Advocate",0.030661659003401
"Malik_Ameer_Abdullah_Awan",0.030661659003401
"Malik_Aurang_Zaib_Awan",0.030661659003401
"Malik_Javed_Khan",0.030661659003401
"Malik_Muhammad_Asif_Awan",0.030661659003401
"Maqsood_Ahmed_Awan",0.030661659003401
"Maulana_Noor_Ul_Haq",0.030661659003401
"Mazhar_Ali_Alvi",0.030661659003401
"Mazhar_Hussain",0.030661659003401
"Mehar_Tajamal_Hussain_Luck",0.030661659003401
"Mian_Aftab_Ahmad_Qureshi",0.030661659003401
"Mian_Muhammad_Ateeq_Sheikh",0.030661659003401
"Mian_Nadeem_Anwar",0.030661659003401
"Mrs__Khush_Bakhat_Shujaat",0.030661659003401
"Mudassar_Ejaz",0.030661659003401
"Muhammad_Abdul_Rauf_Siddiqui",0.030661659003401
"Muhammad_Adrees",0.030661659003401
"Muhammad_Ali_Rodeni",0.030661659003401
"Muhammad_Asif_Jah",0.030661659003401
"Muhammad_Hafeez_Tabassum",0.030661659003401
"Muhammad_Hanif_Ansari",0.030661659003401
"Muhammad_Ilyas",0.030661659003401
"Muhammad_Jan_Rind",0.030661659003401
"Muhammad_Jawed_Hanif_Khan",0.030661659003401
"Muhammad_Jumma_Changazi",0.030661659003401
"Muhammad_Muzammil_Qureshi",0.030661659003401
"Muhammad_Saleem",0.030661659003401
"Muhammad_Shafique_Bhatti",0.030661659003401
"Muhammad_Tufail_Thakar_Advocate",0.030661659003401
"Mujahid_Abbas_Khan",0.030661659003401
"Mulana_Abdul_Baqi_Torkhel",0.030661659003401
"Munawar_Ali_Choohan_",0.030661659003401
"Munzleen",0.030661659003401
"Mushtaq_Ali",0.030661659003401
"Muzammil_Hussain_Joyia",0.030661659003401
"Naseer_Ahmed_Farooqi",0.030661659003401
"Naveed_Hasan",0.030661659003401
"Noor_Mohammad_Sahito",0.030661659003401
"Pir_Bux_Solangi",0.030661659003401
"Pir_Zaman_Shah",0.030661659003401
"Prem_Chand",0.030661659003401
"Professor_Khursheed_Ahmed_Siddiqui",0.030661659003401
"Qayum_Khan",0.030661659003401
"Sajid_Ahmed",0.030661659003401
"Shabbir_Ahmed_Qaimkhani",0.030661659003401
"Shahid_Khan_Advocate",0.030661659003401
"Shahid_Parvaiz_Dogar_Advocate",0.030661659003401
"Shahid_Sultan",0.030661659003401
"Shahinshah_Khuddar",0.030661659003401
"Sohail_Ahmed_Abbasi",0.030661659003401
"Suhail_Ahmed_Abbasi_Advocate_",0.030661659003401
"Syed_Akhter_Ul_Iqbal_Qadri",0.030661659003401
"Syed_Ashraf_Hussain_Shah",0.030661659003401
"Syed_Haider_Abbas_Rizvi",0.030661659003401
"Syed_Imran_Hyder_Shah",0.030661659003401
"Syed_Jehan_Shah__Retd_",0.030661659003401
"Syed_Nadeem_Hyder_Shah_Advocate",0.030661659003401
"Syed_Nadeem_Mansoor",0.030661659003401
"Syed_Riffat_Hussain_Shah",0.030661659003401
"Syed_Zafar_Iqbal_Bukhari",0.030661659003401
"Syed_Zahid_Ali_Shah",0.030661659003401
"Waseem_Ahmed",0.030661659003401
"Zahid_Ali_Ujjan",0.030661659003401
"Abdul_Majeed_Chohan",0.0306616590034009
"Abdul_Qadeer_Khan",0.0306616590034009
"Abdul_Waseem",0.0306616590034009
"Adbul_Rashid_Godil",0.0306616590034009
"Afaq_Shafqat",0.0306616590034009
"Alam_Dar_Hussain_Shah",0.0306616590034009
"Amin",0.0306616590034009
"Aziz_Ullah_Marwat",0.0306616590034009
"Begum_Tahira_Asif",0.0306616590034009
"Ch__Muahmmad_Shabbir_Kamboh",0.0306616590034009
"Ch__Zafar_Iqbal",0.0306616590034009
"Dr__Lala_Rukh_Mustafa",0.0306616590034009
"Dr_imam_Bux_Khilji",0.0306616590034009
"Dr_Muhammad_Musa_Advocate",0.0306616590034009
"Farrukh_Hussain",0.0306616590034009
"Fayyaz_Ali",0.0306616590034009
"Ghulam_Yasin",0.0306616590034009
"Hamid_Mehmood",0.0306616590034009
"Imtiaz_Ali_Lakho",0.0306616590034009
"Inayat_Ali_Rind",0.0306616590034009
"Mahrukh_Mirza",0.0306616590034009
"Makhdoom_Syyed_Zawar_Hussain",0.0306616590034009
"Malik_Amjid_Hussain_Uttera",0.0306616590034009
"Malik_Ejaz_Ahmad_Channar",0.0306616590034009
"Malik_Subhoh_Saddiq",0.0306616590034009
"Malik_Zafar_Iqbal_Boorh",0.0306616590034009
"Manzoor_Joori",0.0306616590034009
"Mehr_Tariq_Maqsood_Advocate",0.0306616590034009
"Mir_Sanaullah_Khan_Murghazani",0.0306616590034009
"Mohammad_Salman_Khan_Baloch",0.0306616590034009
"Muhammad_Akram_Arain_Advocate",0.0306616590034009
"Muhammad_Amin_Wattoo_",0.0306616590034009
"Muhammad_Anwar_Khantareen",0.0306616590034009
"Muhammad_Arif_Brohi",0.0306616590034009
"Muhammad_Aslam__Retired_",0.0306616590034009
"Muhammad_Hussain_Awan",0.0306616590034009
"Muhammad_Junaid_Niaz_Siddiqui",0.0306616590034009
"Muhammad_Mureed_Brohi",0.0306616590034009
"Muhammad_Ramzan_Lashari",0.0306616590034009
"Muhammad_Rehan_Hashmi",0.0306616590034009
"Mumtaz_Bhai",0.0306616590034009
"Nadeem_Brohi_Bhai",0.0306616590034009
"Naeem_Ajmal_Khan_Lashari_Bedar",0.0306616590034009
"Najma",0.0306616590034009
"Nazir_Hussain",0.0306616590034009
"Noor_Ahmad",0.0306616590034009
"Pir_Syed_Farzand_Ali_Shah",0.0306616590034009
"Rana_Abdul_Rehman_Sultani",0.0306616590034009
"Rana_Farhat_Ali_Advocate",0.0306616590034009
"Rana_Muhamamd_Ashraf",0.0306616590034009
"Rana_Muhammad_Arshad_Khan",0.0306616590034009
"Rana_Zafar_Ali_Khan",0.0306616590034009
"Rizwan_Zafar",0.0306616590034009
"Saba_Anwar",0.0306616590034009
"Sadiq_Iftikhar",0.0306616590034009
"Sardar_Afzaal_Ahmed_Madahar_Advocate",0.0306616590034009
"Sardar_Ghulam_Mujtaba_Khan",0.0306616590034009
"Sarfaraz_Khan",0.0306616590034009
"Sufyan_Yousuf",0.0306616590034009
"Syed_Imran_Abdullah_so_Syed_Muhammd_Abdullah_Shah",0.0306616590034009
"Syed_Munir_Ul_Haq_Advocate_Attock",0.0306616590034009
"Syed_Murtaza_Hussain_Shah",0.0306616590034009
"Syed_Rafi_Uddin",0.0306616590034009
"Ubedullah",0.0306616590034009
"Waheed_Ud_Din",0.0306616590034009
"Zaheer_Ahmed",0.0306616590034009
"Zair_Ullah_Khan",0.0306616590034009
"Zeeshan_Hasan_Sidhu_Advocate",0.0306616590034009
"Zulfiqar_Ali",0.0306616590034009
"Aasia_Ishaq",0.0306616590034009
"Alambardar_Hussain_Rizvi",0.0306616590034009
"Dildar_Ahmed_Khaskheli",0.0306616590034009
"Dr__K_s__Mujahid_Khan_Baloch",0.0306616590034009
"Farhat_Muhammad_Khan",0.0306616590034009
"Fouzia_Hameed",0.0306616590034009
"Ghazi_Salahuddin",0.0306616590034009
"Ghulam_Asghar_Rind",0.0306616590034009
"Ghulam_Mustafa_Sumsam_Qureshi",0.0306616590034009
"Irfan_Siddique",0.0306616590034009
"Irshad_Bano",0.0306616590034009
"Khawaja_Sohail_Mansoor",0.0306616590034009
"Khursheed_Ali",0.0306616590034009
"Mohammad_Zubair_Anjum",0.0306616590034009
"Muhammad_Aleem",0.0306616590034009
"Muhammad_Ali_Jawad",0.0306616590034009
"Muhammad_Pervaiz",0.0306616590034009
"Muhammad_Roshan_Khan",0.0306616590034009
"Muhammad_Sarwar_Alvi",0.0306616590034009
"Munir_Ahmed_Pathan",0.0306616590034009
"Naseem_Akhtar",0.0306616590034009
"Poonjo_Bheel_Advocate",0.0306616590034009
"Rana_Muhammad_Abu_Bakar",0.0306616590034009
"Riaz_Shar",0.0306616590034009
"Saifullah_Khan",0.0306616590034009
"Syed_Ali_Abbas_Shah",0.0306616590034009
"Walidad",0.0306616590034009
"Dev_Das",0.0306616590034008
"Ghulam_Murtza_Solangi",0.0306616590034008
"Malik_Abdul_Rehman_Dehwar",0.0306616590034008
"Mr_ferozuddin_Narejo",0.0306616590034008
"Prof__Mushtaq_Hussain_Mughal",0.0306616590034008
"Shehbaz_Khan_Umrani",0.0306616590034008
"Sheikh_Qaisar_Javed",0.0306616590034008
"Waseem_Akhter",0.0306616590034008
"Wing_Commander_r__Muhammad_Nawaz_Asim",0.0306616590034008
"Noor_Muhammad",0.029514492679636
"Muhammad_Zubair",0.0261400197573657
"Muhammad_Mushtaq",0.0261400197573657
"Muhammad_Ijaz",0.0261400197573656
"Irfan_Ullah",0.0261400197573655
"Abdul_Qayyum",0.0261384252242288
"Umar_Farooq",0.0237516773988743
"Atta_Ur_Rehman",0.0224430562674337
"Abdul_Hameed",0.0224196192065184
"Maqsood_Ahmed",0.0219933306506673
"Abdul_Wajid",0.0209732561152493
"Muhammad_Iqbal",0.0209732561152493
"Naveed_Iqbal",0.0207482293018108
"Mian_Muhammad_Asif",0.0205277788863628
"Ubaid_Ullah",0.0200244442317722
"Abdul_Jabbar_Khan",0.0198795715640455
"Muhammad_Rizwan",0.0184043499094922
"Muhammad_Yousuf",0.0184004997917871
"Liaqat_Baloch",0.0184004997917871
"Akhtar_Ali_Khan",0.018400499791787
"Bilal_Qudrat_Butt",0.018400499791787
"Syed_Javed_Hussain_Shah",0.018400499791787
"Sahibzada_Tariq_Ullah",0.018400499791787
"Akhtar_Muhammad",0.0184004997917869
"Mahmood_Ul_Hassan",0.0184004997917869
"Muhammad_Riaz_Farooq_Sahi",0.0184004997917869
"Shah_Faisal_Afridi",0.0184004997917869
"Abdul_Mohsin",0.0184004997917868
"Manzoor_Ahmed",0.0183899592048668
"Gul_Hassan",0.0183207098330259
"Abdul_Rashid",0.0182580009060766
"Saeed_Ahmed",0.0182578489506092
"Israr_Ahmed",0.0182487258529227
"Muhammad_Mehmood_Qadri",0.0182487258529227
"Qari_Ghulam_Akber",0.0182487258529227
"Azhar_Hussain",0.0182487258529226
"Faqeer_Hussain_Dogar",0.0182487258529226
"Ghulam_Meeran_Shah_Gilani",0.0182487258529226
"Hafiz_Muhammad_Ahmad_Bukhari",0.0182487258529226
"Haji_Allah_Dad",0.0182487258529226
"Mohammad_Zaheer_u_Din_Pechuho",0.0182487258529226
"Muhamamd_Mazhar_Mahmood",0.0182487258529226
"Muhammad_Akbar",0.0182487258529226
"Muhammad_Akram_Tahir",0.0182487258529226
"Muhammad_Tayyab",0.0182487258529226
"Muhammad_Yar_Mehboob_Khar",0.0182487258529226
"Raja_Saleem_Abid",0.0182487258529226
"Raja_Sohail_Akhtar_Satti",0.0182487258529226
"Abrar_Ahmad",0.0182487258529226
"Allah_Bachaya",0.0182487258529226
"Ameen",0.0182487258529226
"Asad_Jawad_Khan_Sherwani",0.0182487258529226
"Ashique_Hussain",0.0182487258529226
"Bilal_Liaqat",0.0182487258529226
"Chaudhary_Zulfiqar_Ali_Gujjar",0.0182487258529226
"Chaudhry_Alhamza_Hussain_Cheema",0.0182487258529226
"Ghulam_Rasool_Kalwar",0.0182487258529226
"Habib_Ul_Maalik_Khan",0.0182487258529226
"Hafiz_Imran_Siddiq",0.0182487258529226
"Hafiz_Khawar_Ikhlas",0.0182487258529226
"Hafiz_Muneeb_Ahmad",0.0182487258529226
"Imtiaz_Dogar",0.0182487258529226
"Kashif_Ullah",0.0182487258529226
"Manzoor_Elahi",0.0182487258529226
"Muhammad_Farooq",0.0182487258529226
"Muhammad_Ghulam_Rasool",0.0182487258529226
"Muhammad_Irfan_Qureshi",0.0182487258529226
"Muhammad_Ismail_Hussaini",0.0182487258529226
"Muhammad_Jahangeer",0.0182487258529226
"Muhammad_Jawad_Saleem",0.0182487258529226
"Muhammad_Mushtaq_Rehmani",0.0182487258529226
"Muhammad_Raza_Khan",0.0182487258529226
"Muhammad_Saleh",0.0182487258529226
"Muhammad_Sarfraz",0.0182487258529226
"Muhammad_Shahid_Iqbal",0.0182487258529226
"Muhammad_Sharjil_Gopalani",0.0182487258529226
"Muhammad_Sohail_Manzoor",0.0182487258529226
"Munawar_Ali",0.0182487258529226
"Nadeem_Zafar",0.0182487258529226
"Pie_Muhammad_Ali_Sarhandi",0.0182487258529226
"Ray_Munsif_Shabbir_Ahmad",0.0182487258529226
"Rehmat_Ullah",0.0182487258529226
"Sadam_Hussain",0.0182487258529226
"Sajjad_Hussain_Shah",0.0182487258529226
"Shehzad_Ullah_Chatha",0.0182487258529226
"Syed_Atta_Ullah_Shah_Bukhari",0.0182487258529226
"Syed_Muhammad_Ali_Shah",0.0182487258529226
"Syed_Muhammad_Irfan_Shah",0.0182487258529226
"Syed_Munir_Hussain",0.0182487258529226
"Wahid_Bakhsh",0.0182487258529226
"Waseem_Nisar",0.0182487258529226
"Waseem_Zafar",0.0182487258529226
"Abrar_Hussain",0.0182487258529226
"Abdul_Rehman_Shar",0.0182487258529226
"Aftab_Ahmad_Joiya",0.0182487258529226
"Amjad_Naeem",0.0182487258529226
"Anbreen_aka_Hena",0.0182487258529226
"Atiq_Ur_Rehman",0.0182487258529226
"Azhar_Mehmood",0.0182487258529226
"Ghulam_Farid",0.0182487258529226
"Ghulam_Sarwar_Khatti",0.0182487258529226
"Ghulam_Yaseen",0.0182487258529226
"Hafiz_Abid_Hussain",0.0182487258529226
"Hafiz_Muhammad_Abubakar",0.0182487258529226
"Hafiz_Muhammad_Hamid_Mehmood_Kagani",0.0182487258529226
"Hafiz_Muhammad_Saad_Rizvi",0.0182487258529226
"Hafiz_Shoukat_Ali_Jatoi",0.0182487258529226
"Irfan_Ali_Bhatti",0.0182487258529226
"Javed_Akhtar_Abbasi",0.0182487258529226
"Majid_Hussain",0.0182487258529226
"Malik_Azhar_Ahmad_Sandila",0.0182487258529226
"Matloob_Ahmad",0.0182487258529226
"Mehtab_Ahmad",0.0182487258529226
"Mohsin_Raza",0.0182487258529226
"Muhammad_Ahmad_Majeed",0.0182487258529226
"Muhammad_Akram",0.0182487258529226
"Muhammad_Amad_Khan_Wajid",0.0182487258529226
"Muhammad_Amjad_Ali",0.0182487258529226
"Muhammad_Asad_Iqbal",0.0182487258529226
"Muhammad_Athar_Amin",0.0182487258529226
"Muhammad_Hussain_Babar",0.0182487258529226
"Muhammad_Munir",0.0182487258529226
"Muhammad_Noman_Khalid",0.0182487258529226
"Muhammad_Qasim_Jakhro",0.0182487258529226
"Muhammad_Rashid_Shah",0.0182487258529226
"Muhammad_Sajid",0.0182487258529226
"Muhammad_Shafiq",0.0182487258529226
"Muhammad_Shafiq_Ul_Hai",0.0182487258529226
"Muhammad_Umer_Jan",0.0182487258529226
"Muhammad_Waseem",0.0182487258529226
"Muhammad_Younis",0.0182487258529226
"Najeeb_Ullah_Durrani",0.0182487258529226
"Nasir_Ali",0.0182487258529226
"Rana_Muhammad_Rafique",0.0182487258529226
"Rao_Dilnawaz",0.0182487258529226
"Saeed_Ullah",0.0182487258529226
"Saqib_Hussain",0.0182487258529226
"Shahid_Ullah",0.0182487258529226
"Syed_Ishrat_Jahania_Bukhari",0.0182487258529226
"Syed_Jahanzaib_Bukhari",0.0182487258529226
"Syed_Shahid_Zahoor_Gillani",0.0182487258529226
"Syed_Shamin_Raza",0.0182487258529226
"Tahir_Uddin_Shah",0.0182487258529226
"Tariq_Maqsood",0.0182487258529226
"Zahid_Hameed_Gujjar",0.0182487258529226
"Zameer_Hussain",0.0182487258529226
"Alaf_Khan",0.0182487258529226
"Allah_Baksh",0.0182487258529226
"Asif_Mahmood",0.0182487258529226
"Asim_Irshad_Khan",0.0182487258529226
"Chaudhry_Abdul_Kraim",0.0182487258529226
"Chuadhary_Muhammad_Riaz",0.0182487258529226
"Faisal_Bashir",0.0182487258529226
"Faisal_Hasan_Khan",0.0182487258529226
"Ghulam_Mohyu_Din",0.0182487258529226
"Ghulam_Murtaza",0.0182487258529226
"Hafiz_Farrukh_Saleem",0.0182487258529226
"Hafiz_Sher_Muhammad_Sialvi",0.0182487258529226
"Ikram_Ullah",0.0182487258529226
"Irshad_Ali_Babar",0.0182487258529226
"m_Habib",0.0182487258529226
"Mudassar_Ali",0.0182487258529226
"Muhammad_Ali_Langrial",0.0182487258529226
"Muhammad_Amjad_Jameel",0.0182487258529226
"Muhammad_Arif",0.0182487258529226
"Muhammad_Farooq_Ul_Hassan",0.0182487258529226
"Muhammad_Ismail_Shah",0.0182487258529226
"Muhammad_Kamran_Aulakh",0.0182487258529226
"Muhammad_Khurram_Riaz",0.0182487258529226
"Muhammad_Luqman",0.0182487258529226
"Muhammad_Shafi_Khan",0.0182487258529226
"Muhammad_Taimoor_Khalid",0.0182487258529226
"Muhammad_Wakeel",0.0182487258529226
"Naseer_Ahmed",0.0182487258529226
"Niamat_Ullah",0.0182487258529226
"Qazi_Tahir_Mahmood",0.0182487258529226
"Shabana_Kouser",0.0182487258529226
"Shahbaz_Ahmed",0.0182487258529226
"Shujaat_Ali",0.0182487258529226
"Sohail_Anwar",0.0182487258529226
"Syed_Asif_Ullah_Shah_Bukhari",0.0182487258529226
"Syed_Muhammad_Sarwar_Shah",0.0182487258529226
"Wazir_Ahmed_Noorani",0.0182487258529226
"Allah_Bakhsh",0.0182487258529226
"Farzand_Nasim",0.0182487258529226
"Hafiz_Muhammad_Hamid",0.0182487258529226
"Imran_Haider",0.0182487258529226
"Mir_Muhammad_Aslam",0.0182487258529226
"Muhamamd_Waseem",0.0182487258529226
"Muhammad_Ahsan",0.0182487258529226
"Muhammad_Akhtar_Abbasi",0.0182487258529226
"Muhammad_Ali",0.0182487258529226
"Muhammad_Amin_Uddin_Sialvi",0.0182487258529226
"Muhammad_Yaqub",0.0182487258529226
"Muhammad_Zaheer_Mughal",0.0182487258529226
"Sajjad_Akbar_Abbasi",0.0182487258529226
"Shahzada_Shahbaz",0.0182487258529226
"Syed_Iqbal_Hussain_Shah",0.0182487258529226
"Syed_Muhammad_Atta_Ul_Hasnain_Ali",0.0182487258529226
"Syed_Zaheer_Ul_Hassan_Shah",0.0182487258529226
"Syed_Zaman_Ali_Jafri",0.0182487258529226
"Tahir_Riaz",0.0182487258529226
"Zahir_Shah",0.0182487258529226
"Zamurd_Abbas_Khan",0.0182487258529226
"Hamid_Mehmood_Faizi",0.0182487258529225
"Rao_Atif_Ali_Khan",0.0182487258529225
"Saif_Ur_Rahman",0.0182487258529225
"Syed_Kashif_Ali_Shah",0.0182487258529225
"Ubedullah_Jamro",0.0182487258529225
"Malik_Kamran_Rasheed",0.0182487258529225
"Muhammad_Jamal_Ud_Din",0.0165942829524719
"Abdul_Aziz",0.0165942829524718
"Muhammad_Wali_Shah",0.0165942829524718
"Abdul_Rauf",0.0162076504520272
"Shah_Abdul_Aziz",0.014537678782456
"Muhammad_Nasrullah",0.014198457493645
"Khalid_Mahmood",0.0141984574936449
"Waheed_Ahmad",0.0130363415876886
"Haji_Ghulam_Qadir_Noohani",0.0128745047486488
"Malik_Sikandar_Khan",0.0128745047486487
"Moulana_Abdullah_Pahore",0.0128745047486487
"Rahat_Hussain",0.0128745047486487
"Maulana_Fazal_Ur_Rehman",0.0128745047486487
"Maulana_Mian_Hussain_Jalali",0.0128745047486486
"Nasir_Mahmood",0.0128640931421582
"Muhammad_Sher_Khan",0.0128508370594033
"Muhammad_Saddiq",0.0128507601061433
"Maulana_Shirin_Muhammad",0.0128507091650964
"Akram_Khan_Durrani",0.0128507091650963
"Allama_Abdul_Raoof_Rabbani",0.0128507091650963
"Aneela",0.0128507091650963
"Ch_Waseem_Ahmed",0.0128507091650963
"Engineer_Tahir_Iqbal_Orakzai",0.0128507091650963
"Fakharul_Hassan",0.0128507091650963
"Fazal_Ali",0.0128507091650963
"Hafiz_Abdul_Qadeer",0.0128507091650963
"Hafiz_Abdul_Wadood",0.0128507091650963
"Hafiz_Hamdullah",0.0128507091650963
"Hafiz_Muhammad_Azam",0.0128507091650963
"Hafiz_Shahzad_Bashir",0.0128507091650963
"Hajan_Khan_Leghari",0.0128507091650963
"Haji_Abdul_Rasheed_Khan_Bhatti",0.0128507091650963
"Haji_Ghulam_Ali",0.0128507091650963
"Haji_Mangey_Khan_Rahija",0.0128507091650963
"Hakeem_Muhammad_Asaad",0.0128507091650963
"Hameed_Ullah_Jan_Afridi",0.0128507091650963
"Hidayat_Ur_Rehman",0.0128507091650963
"Ihsan_Ul_Haq",0.0128507091650963
"Ilhaj_Pervaiz_Khan_Khattak",0.0128507091650963
"Kifayat_Ullah",0.0128507091650963
"Liaq_Muhammad_Khan",0.0128507091650963
"Makhdoom_Zada_Syed_Muhammad_Zakaria_Shah",0.0128507091650963
"Malik_Naveed_Ahmed_Advocate",0.0128507091650963
"Malik_Qadir_Bukhsh",0.0128507091650963
"Malik_Zafar_Borrana_Sahab",0.0128507091650963
"Maulana_Abdul_Ghafar_Tauhadi",0.0128507091650963
"Maulana_Abdur_Rashid",0.0128507091650963
"Maulana_Fazli_Azeem",0.0128507091650963
"Maulana_Haleem_Ur_Rahman",0.0128507091650963
"Maulana_Muhammad_Gohar_Shah",0.0128507091650963
"Mehboobullah_Jan_Baqi",0.0128507091650963
"Mir_Hussain",0.0128507091650963
"Mohammad_Akram_Khan",0.0128507091650963
"Mohammad_Ibrahim_Jatol",0.0128507091650963
"Molana_Ameer_Zaman",0.0128507091650963
"Moulana_Abdul_Naeem_Nomani",0.0128507091650963
"Moulana_Hafiz_Sana_Ullah",0.0128507091650963
"Moulana_Mohammad_Khan_Sherani",0.0128507091650963
"Moulana_Noor_Ul_Haq",0.0128507091650963
"Mualana_Muhammad_Qasim",0.0128507091650963
"Mufti_Abdul_Shakoor",0.0128507091650963
"Muhammad_Abdullah",0.0128507091650963
"Muhammad_Arif_Wald_Meer_Azam_Khan",0.0128507091650963
"Muhammad_Ayaz_Chaudhary",0.0128507091650963
"Muhammad_Hafeezur_Rahman",0.0128507091650963
"Muhammad_Nabi",0.0128507091650963
"Muhammad_Shah_Zaman",0.0128507091650963
"Muhammad_Zakriya",0.0128507091650963
"Muhammad_Zubair_Abbasi",0.0128507091650963
"Niyaz_Ali",0.0128507091650963
"Nizam_Ud_Din_Lehri",0.0128507091650963
"Obaid_Ullah",0.0128507091650963
"Pir_Syed_Alamzeb_Shah",0.0128507091650963
"Qari_Attique_Ur_Rehman",0.0128507091650963
"Qari_Khalil_Ur_Rehman",0.0128507091650963
"Qari_Muhammad_Safdar_Javed",0.0128507091650963
"Raheem_Ullah",0.0128507091650963
"Rashid_Mahmood_Soomro",0.0128507091650963
"Saeed_Ahmad_Awan",0.0128507091650963
"Safeer_Alam",0.0128507091650963
"Saida_Jan",0.0128507091650963
"Salahuddin_",0.0128507091650963
"Sardar_Ibrar_Khan",0.0128507091650963
"Syed_Haroon_Sultan_Bukhari",0.0128507091650963
"Syed_Qasim_Shah",0.0128507091650963
"Abd_Ul_Ghafoor",0.0128507091650963
"Abdul_Haleem",0.0128507091650963
"Abdul_Majeed_Anwar",0.0128507091650963
"Abdul_Majeed_Hazarvi",0.0128507091650963
"Abdul_Quyyum",0.0128507091650963
"Abdul_Salam",0.0128507091650963
"Abdullah_Ahmed",0.0128507091650963
"Abdur_Rahim_Khan",0.0128507091650963
"Abu_Bakar_Brohi",0.0128507091650963
"Adnan_Bin_Abdul_Aziz",0.0128507091650963
"Ahmad_Mujeeb_Aslam",0.0128507091650963
"Ahmed_Naseer",0.0128507091650963
"Arbab_Kamal_Ahmad",0.0128507091650963
"Asad_Mehmood",0.0128507091650963
"Asjad_Mahmood",0.0128507091650963
"Asmat_Ullah",0.0128507091650963
"Attaul_Haq",0.0128507091650963
"Azam_Khan",0.0128507091650963
"Fazal_Ur_Rehman",0.0128507091650963
"Gohar_Ali",0.0128507091650963
"Gohar_Mohammad_Khan_Bangesh",0.0128507091650963
"Gohar_Muhammad_Khan_Bangash",0.0128507091650963
"Hafiz_Abdul_Razzak",0.0128507091650963
"Hafiz_Mahmood_Ul_Hassan",0.0128507091650963
"Hafiz_Muhammad_Jameel_Ahmed",0.0128507091650963
"Hafiz_Muhammad_Saeed",0.0128507091650963
"Hafiz_Muhammad_Zubair",0.0128507091650963
"Haji_Manzoor_Ahmed_Mengal",0.0128507091650963
"Kaleem_Ullah_Khan",0.0128507091650963
"Khalid_Mobeen",0.0128507091650963
"Khalid_Waleed",0.0128507091650963
"Malik_Gulfraz_Ahmad_Faraz",0.0128507091650963
"Maulana_Abdullah_Ahmad",0.0128507091650963
"Maulana_Nizam_Ud_Din",0.0128507091650963
"Misbah_Ud_Din_Wald_e_Ahmad_Din",0.0128507091650963
"Misbahul_Alam",0.0128507091650963
"Molana_Abdul_Ghafoor_Haideri",0.0128507091650963
"Molana_Fazal_Ur_Rehman",0.0128507091650963
"Molana_Muhammad_Iqbal_Rasheed",0.0128507091650963
"Molana_Muhammad_Sabir_Aarfi",0.0128507091650963
"Molana_Qamar_Din",0.0128507091650963
"Mollana_Ghulam_Qadir_Qasmi",0.0128507091650963
"Molvi_Muhammad_Saleh_Alhadad",0.0128507091650963
"Moulana_Abdul_Ghafoor_Haideri",0.0128507091650963
"Moulana_Muhammad_Yakoob_Mahar",0.0128507091650963
"Mufti_Faizul_Haq",0.0128507091650963
"Mufti_Kifayat_Ullah",0.0128507091650963
"Mufti_Nazir_Ahmed_Umrani",0.0128507091650963
"Mufti_Taj_Ud_Din_Rabani",0.0128507091650963
"Muhammad_Akbar_Tabani",0.0128507091650963
"Muhammad_Ayub",0.0128507091650963
"Muhammad_Naseef_Awan",0.0128507091650963
"Muhammad_Rafique_Abid_Alwi",0.0128507091650963
"Muhammad_Riaz_Shaheen",0.0128507091650963
"Muhammad_Saeed_Jan",0.0128507091650963
"Muhammad_Safdar",0.0128507091650963
"Muhammad_Safi_Ullah",0.0128507091650963
"Muhammad_Sardar",0.0128507091650963
"Muhammad_Sharif_Sadwani_Mazari",0.0128507091650963
"Muhammad_Sufyan_Muavia",0.0128507091650963
"Muhammad_Tahir_Siddique",0.0128507091650963
"Muhammad_Talha_Mahmood",0.0128507091650963
"Muhammad_Usman_Badini",0.0128507091650963
"Mulana_Ain_u_Din_Shaker",0.0128507091650963
"Mulana_Muhammad_Abdul_Majeed_Farooqe",0.0128507091650963
"Musammir_Shah",0.0128507091650963
"Mushtaq_Ahmad",0.0128507091650963
"Nizam_Din",0.0128507091650963
"Nizamuddin",0.0128507091650963
"Pir_Muhammad_Aqal_Shah",0.0128507091650963
"Qaiser_Khan",0.0128507091650963
"Qari_Abdul_Aziz",0.0128507091650963
"Qari_Mohammad_Yousif",0.0128507091650963
"Rashid_Ahmad_Khan",0.0128507091650963
"Rashid_Mehmood_Soomro",0.0128507091650963
"Saad_Sultan",0.0128507091650963
"Sahabzada_Hafiz_Aziz_Ur_Rehman_Darkhuwasti",0.0128507091650963
"Saif_Ullah_Saifi",0.0128507091650963
"Salah_Ud_Din",0.0128507091650963
"Shafqat_Rehman",0.0128507091650963
"Shahzane_Khan",0.0128507091650963
"Shamsuddin",0.0128507091650963
"Shuja_Ul_Mulk",0.0128507091650963
"Syed_Abdul_Wadood_Azad",0.0128507091650963
"Syed_Muhammad_Athar",0.0128507091650963
"Syed_Sami_Ullah",0.0128507091650963
"Tariq_Sultan",0.0128507091650963
"Tipu_Sultan",0.0128507091650963
"Umer_Ali",0.0128507091650963
"Zafarullah_Khan_Gichki",0.0128507091650963
"Zahid_Akram_Durrani",0.0128507091650963
"Zia_Ur_Rehman_Tamimi",0.0128507091650963
"Abdul_Samad_Son_of_Muhammad_Yousuf",0.0128507091650962
"Abdul_Wajid_Hussain",0.0128507091650962
"Agha_Syed_Muhammad_Ayyoob",0.0128507091650962
"Akhunzada_Irfan_Ullah_Shah",0.0128507091650962
"Amin_Ullah",0.0128507091650962
"Asad_Mahmood",0.0128507091650962
"Asghar_Ali_Nasir",0.0128507091650962
"Farooq_Hussain_Shah",0.0128507091650962
"Fazlullah",0.0128507091650962
"Ghulam_Mohammad_Sadiq",0.0128507091650962
"Hafiz_Muhammad_Afzaal",0.0128507091650962
"Ijaz_Ul_Haq",0.0128507091650962
"Imdad_Ullah_Yousafzai",0.0128507091650962
"Ishfaq_Ullah_Khan",0.0128507091650962
"Maulvi_Mohammad_Abdullah_Jatak",0.0128507091650962
"Mir_Baz_Muhammad_Marri",0.0128507091650962
"Molana_Muhammad_Gohar_Shah",0.0128507091650962
"Molvi_Mohammad_Ishaque_Laghari",0.0128507091650962
"Moulana_Abdul_Malik",0.0128507091650962
"Moulvi_Agha_Muhammad",0.0128507091650962
"Muhammad_Saleh_Indhar",0.0128507091650962
"Muhammad_Uzair_Jagirani",0.0128507091650962
"Noor_Muhammad_Shah",0.0128507091650962
"Obaid_Ur_Rehman",0.0128507091650962
"Saif_Ur_Rehman_Rashidi",0.0128507091650962
"Saifullah_Khalid",0.0128507091650962
"Saleem_Ullah",0.0128507091650962
"Sultan_Ahmad",0.0128507091650962
"Tanveer_Rasool_Qureshi",0.0128507091650962
"Abdul_Qayoom",0.0128507091650962
"Qari_Muhammad_Shair_Ali",0.0128507091650962
"Siraj_Ud_Din",0.0128507091650962
"Muhammad_Saeed",0.0111307597417231
"Iftikhar_Ahmed",0.0109054792299651
"Muhammad_Jameel",0.0108594037105198
"Ghous_Bux_Khan_Mahar",0.0107388900317032
"Pir_Sajjad_Saeed_Jan_Sirhandi",0.0107388900317032
"Bibi_Yasmeen_Shah",0.0107388900317031
"Syed_Qurban_Ali_Shah",0.0107388900317031
"Javed_Iqbal",0.0107158971103004
"Ghulam_Haider",0.00962942254695571
"Ghulam_Mustafa",0.00956500576920467
"Nasir_Mehmood",0.00945717410142524
"Muhammad_Bilal",0.00944577278292444
"Amjad_Ali_Khan",0.00943925580535237
"Muhammad_Latif",0.00943905666631799
"Maulana_Abdul_Akbar_Chitrali",0.00943900046174985
"Mussawair_Shah",0.00943900046174985
"Zabeeh_Ullah_Balgan",0.00943900046174985
"Akhtar_Hussain_Qureshi",0.00943900046174982
"Muhammad_Irfan_Ullah",0.00943900046174982
"Syed_Ihsan_Ullah_Waqas",0.00943900046174982
"Tasheen",0.00943900046174982
"Abdul_Fatah_Pathan",0.0094390004617498
"Ahktar_Hussain",0.0094390004617498
"Akbar_Ali_Khan",0.0094390004617498
"Ameer_Ul_Azeem",0.0094390004617498
"Dedar_Hussain_Behrani",0.0094390004617498
"Ghanzanfar_Ali_Bajwa",0.0094390004617498
"Jamal_d_Din",0.0094390004617498
"Kamran_Aziz_Ghauri",0.0094390004617498
"Manzoor_Hussain",0.0094390004617498
"Muhammad_Ibrahim_Khan",0.0094390004617498
"Muhammad_Javed_Kasori",0.0094390004617498
"Muhammad_Musa",0.0094390004617498
"Muhammad_Nasir_Nadeem_Gujjar",0.0094390004617498
"Muhammad_Umar_Farooq",0.0094390004617498
"Naveed_Ali_Baig",0.0094390004617498
"Qari_Saeed_Ahmad",0.0094390004617498
"Rustam_Ali_Saqi",0.0094390004617498
"Shiraz_Khan_Jadoon",0.0094390004617498
"Syed_Ghaffar",0.0094390004617498
"Tahir_Mehmood_Butt",0.0094390004617498
"Zaheer_Babar",0.0094390004617498
"Muhammad_Zahid",0.00943900046174978
"Abd_Ur_Rasheed",0.00943900046174978
"Chaudhry_Irfan_Aslam",0.00943900046174978
"Fazal_Ahmed",0.00943900046174978
"Haji_Sami_Ullah",0.00943900046174978
"Hameed_Ud_Din_Awan",0.00943900046174978
"Hashmat_Khan",0.00943900046174978
"Imdad_Khan",0.00943900046174978
"Mamtaz_Hussain",0.00943900046174978
"Mufti_Muhammad_Imtiaz_Marwat",0.00943900046174978
"Muhammad_Ashique",0.00943900046174978
"Muhammad_Hanif_Khan",0.00943900046174978
"Muhammad_Islam",0.00943900046174978
"Muhammad_Safdar_Iqbal",0.00943900046174978
"Muhammad_Shabir_Khanzada",0.00943900046174978
"Muhammad_Usama_Razi_Khan",0.00943900046174978
"Munir_Ahmed_Anjum",0.00943900046174978
"Nageena",0.00943900046174978
"Qamar_Zaman_Cheema",0.00943900046174978
"Shamas_Ur_Rehman",0.00943900046174978
"Sheikh_Muhammad_Afzaal_Shaheen",0.00943900046174978
"Shiekh_Usman_Farooq",0.00943900046174978
"Siraj_Ul_Haq",0.00943900046174978
"Syed_Tariq_Hussain_Shah_Sherazi",0.00943900046174978
"Tasnim_Khurshid",0.00943900046174978
"Tofiq_Ul_Din_Siddiqui",0.00943900046174978
"Zafar_Hussain_Khan",0.00943900046174978
"Zaheer_Ud_Din_Jatoi",0.00943900046174978
"Abdul_Hameed_Alias_Arfan",0.00943900046174976
"Abdul_Kabeer",0.00943900046174976
"Altaf_Ahmad_Khan",0.00943900046174976
"Anam_Hamza",0.00943900046174976
"Anwar_Ul_Haq",0.00943900046174976
"Asim_Muneer",0.00943900046174976
"Aslam_Khan",0.00943900046174976
"Atif_Imran",0.00943900046174976
"Bakht_Jehan_Khan",0.00943900046174976
"Engr_Muhammad_Sikandar_Asad",0.00943900046174976
"Fazal_Subhan",0.00943900046174976
"Hafiz_Aqib_Ismail",0.00943900046174976
"Hafiz_Nasrullah_Aziz",0.00943900046174976
"Hammad_Hasan_Lashari",0.00943900046174976
"Imran_Shafiq_Advocate",0.00943900046174976
"Kamran_Malik",0.00943900046174976
"Khalid_Mahmood_Mirza",0.00943900046174976
"Mairaj_Ul_Huda_Siddiqui",0.00943900046174976
"Malik_Abdul_Aziz",0.00943900046174976
"Malik_Muhammad_Naeem_Haider",0.00943900046174976
"Mir_Muhammad_Baldi",0.00943900046174976
"Muhammad_Asim_Khan",0.00943900046174976
"Muhammad_Azeem_Tahir_Randhawa",0.00943900046174976
"Muhammad_Babar_Khan",0.00943900046174976
"Muhammad_Rehmat_Ullah_Watto",0.00943900046174976
"Muhammad_Shahid_Abbas",0.00943900046174976
"Muhammad_Sufyan_Abbasi",0.00943900046174976
"Muhammad_Tahir_Malik",0.00943900046174976
"Muhammad_Yousaf_Khan",0.00943900046174976
"Noor_Ali",0.00943900046174976
"Raja_Sajid_Sharif",0.00943900046174976
"Rana_Abdul_Waheed",0.00943900046174976
"Rana_Muhammad_Sikandar_Azam_Khan",0.00943900046174976
"Safia_Khanum",0.00943900046174976
"Sahibzada_Haroon_u_Rasheed",0.00943900046174976
"Sardar_Karam_Khan",0.00943900046174976
"Sharaf_Ud_Din",0.00943900046174976
"Shoukat_Ali_Bhatti",0.00943900046174976
"Sufi_Khalique_Ahmad_Butt",0.00943900046174976
"Syed_Abdul_Rasheed",0.00943900046174976
"Syed_Ahmad",0.00943900046174976
"Syed_Umer_Farooq",0.00943900046174976
"Syed_Ziaullah_Shah_Bukhari",0.00943900046174976
"Tohfa_Dastgir_Ahmad",0.00943900046174976
"Umar_Gul",0.00943900046174976
"Zubair_Khadim",0.00943900046174976
"Abdul_Razzaq_Khalil",0.00943900046174974
"Afrasiab_Khattak",0.00943900046174974
"Amir_Mahmood_Cheema",0.00943900046174974
"Atta_Ullah_Hameed",0.00943900046174974
"Ch__Abid_Hussain",0.00943900046174974
"Chaudhary_Abdul_Sattar",0.00943900046174974
"Chaudhary_Asadullah",0.00943900046174974
"Chaudry_Muhammad_Shoukat",0.00943900046174974
"Chaudry_Zulfiqar_Advocate",0.00943900046174974
"Faiz_Miran",0.00943900046174974
"Hafiz_Muhammad_Arshad",0.00943900046174974
"Hizabullah_Jakhro",0.00943900046174974
"Iftikhar_Nadeem",0.00943900046174974
"Iqbal_Khan",0.00943900046174974
"Jahangir_Ahmad",0.00943900046174974
"Khalid_Khan_Yousafzai",0.00943900046174974
"Malik_Ghulam_Mohiuddin",0.00943900046174974
"Malik_Mateeullah",0.00943900046174974
"Maulana_Mehboob_Janan",0.00943900046174974
"Maulana_Muhammad_Ismail",0.00943900046174974
"Mohtarma_Zaiba_Basharat",0.00943900046174974
"Mudassar_Ahmad_Shah",0.00943900046174974
"Muhammad_Anwar_Khan",0.00943900046174974
"Muhammad_Ishaq_Khan",0.00943900046174974
"Muhammad_Kashif_Chaudhry",0.00943900046174974
"Muhammad_Tariq_Javed",0.00943900046174974
"Muhammad_Tauseef",0.00943900046174974
"Muhammad_Waris",0.00943900046174974
"Mumtaz_Hussain",0.00943900046174974
"Munam_Zafar_Khan",0.00943900046174974
"Naeem_Ullah",0.00943900046174974
"Naeem_Ur_Rehman_Khan",0.00943900046174974
"Qasim_Mehmood",0.00943900046174974
"Rasheed_Ahmad",0.00943900046174974
"Sakeena",0.00943900046174974
"Salman_Ahmed",0.00943900046174974
"Sardar_Abdul_Razaq",0.00943900046174974
"Sultan_Ahmed_Lashari",0.00943900046174974
"Syed_Arif_Shirazi",0.00943900046174974
"Tahir_Majeed",0.00943900046174974
"Tariq_Mateen",0.00943900046174974
"Zafar_Ali",0.00943900046174974
"Abdul_Jamil_Khan",0.00943900046174971
"Abdul_Waheed_Akhtar",0.00943900046174971
"Ahmad_Jamil_Rashid",0.00943900046174971
"Amir_Siddiqui",0.00943900046174971
"Azhar_Ul_Haq",0.00943900046174971
"Babar_Rashid",0.00943900046174971
"Dr_Atta_Ur_Rehman",0.00943900046174971
"Fazal_Ur_Rehman_Niazi",0.00943900046174971
"Ghazan_Iqbal",0.00943900046174971
"Iftikhar_Ahmad_Shaikh",0.00943900046174971
"Inayat_Ur_Rehman",0.00943900046174971
"Kashif_Azam",0.00943900046174971
"Mian_Mohammad_Aslam",0.00943900046174971
"Mian_Muslim_Pervaiz",0.00943900046174971
"Miraj_Ul_Huda_Siddiqui",0.00943900046174971
"Muhammad_Arif_Gujjar",0.00943900046174971
"Muhammad_Arslan_Khan_Khakwani",0.00943900046174971
"Muhammad_Ejaz_Malik",0.00943900046174971
"Muhammad_Faisal_Bin_Zair",0.00943900046174971
"Muhammad_Kashif_Gujjar",0.00943900046174971
"Muhammad_Sami_Ul_Qazi",0.00943900046174971
"Muhmmad_Mudabbar_Siddique",0.00943900046174971
"Naheem_Ur_Rehman_Khan",0.00943900046174971
"Rashid_Farooq",0.00943900046174971
"Saif_Ud_Din",0.00943900046174971
"Samina_Saeed",0.00943900046174971
"Shafiq_Ahmad_Rouf",0.00943900046174971
"Shakeela",0.00943900046174971
"Umar_Farooq_Kanju",0.00943900046174971
"Zubair_Ahmed_Gondal",0.00943900046174971
"Zulifqar_Ali_Ahmad",0.00943900046174971
"Afifa_Athar",0.00943900046174969
"Asad_Ullah",0.00943900046174969
"Imtiaz_Ahmed",0.00943900046174969
"Mahmood_Urf_Mahmood_Illahi",0.00943900046174969
"Muhammad_Ahmad_Raza",0.00943900046174969
"Muhammad_Jabir",0.00943900046174969
"Rana_Muhammad_Afzal",0.00943900046174969
"Talib_Jan",0.00943900046174969
"Naveed_Anjum_Khan",0.00936424374346233
"Farid_Ahmed_Piracha",0.00933013565126165
"Abdul_Jameel_Khan",0.00933013565126162
"Fazale_Subhan",0.00933013565126162
"Gul_Nawaz_Khan",0.00933013565126162
"Haroon_Ur_Rasheed_Nizami_Advocate",0.00933013565126162
"Israr_Ullah",0.00933013565126162
"Muhammad_Mashal_Khan",0.00933013565126162
"Sardar_Zafar_Hussain_Khan",0.00933013565126162
"Tashkeel_Ahmed_Siddiqui",0.00933013565126162
"Anwar_Ul_Haq_Butt",0.0093301356512616
"Arshad_Mahmood_Baggu",0.0093301356512616
"Atta_Ur_Rahman",0.0093301356512616
"Bakhtiar_Maani",0.0093301356512616
"Basheer_Ahmed_Mandai",0.0093301356512616
"Ch_Manzoor_Hussain",0.0093301356512616
"Chaudhery_Asghar_Ali_Gujjar",0.0093301356512616
"Chaudhry_Sajid_Ali_Chadhar",0.0093301356512616
"Dr_Muhammad_Abdullah",0.0093301356512616
"Engineer_Muhammad_Azeem_Randhawa",0.0093301356512616
"Farooq_Ahmad_Chatha",0.0093301356512616
"Habib_Ur_Rehman_Abbasi",0.0093301356512616
"Hafiz_Khalid_Rauf",0.0093301356512616
"Hafiz_Nasrullah",0.0093301356512616
"Haji_Abdul_Aziz",0.0093301356512616
"Hizbullah_Jhakro",0.0093301356512616
"Jaffer_Ali_Nizamani",0.0093301356512616
"Khalid_Mahmood_Virk",0.0093301356512616
"Maehrullah_Khan",0.0093301356512616
"Mehrab_Ali",0.0093301356512616
"Muhammad_Husain_Mehenti",0.0093301356512616
"Muhammad_Iqbal_Khalil",0.0093301356512616
"Muhammad_Younis_Khattak",0.0093301356512616
"Qari_Muhammad_Asif_Gujjar",0.0093301356512616
"Rai_Muhammad_Akram_Khan",0.0093301356512616
"Rana_Zahid_Farooq",0.0093301356512616
"Riaz_Ali_Kazmi",0.0093301356512616
"Shahib_Zada_Muhammad_Yaqub",0.0093301356512616
"Uzair_Latif",0.0093301356512616
"Abdul_Majeed_Pathan_Advocate",0.00933013565126158
"Abdul_Mateen_Akhondzada",0.00933013565126158
"Abdul_Mustaan",0.00933013565126158
"Akhtar_Mohammad",0.00933013565126158
"Ch__Ansar_Mahmood",0.00933013565126158
"Chaudhary_Bashir_Ahmed",0.00933013565126158
"Choudhry_Muhammad_Anwar",0.00933013565126158
"Dr__Abdul_Rehman_Ranjha",0.00933013565126158
"Dr_Muhammad_Arshad_Shahid",0.00933013565126158
"Dr_muhammad_Ashraf",0.00933013565126158
"Gulab_Baloch",0.00933013565126158
"Habib_Ullah_Cheema",0.00933013565126158
"Hafiz_Muhammad_Tahir_Aslam",0.00933013565126158
"Israr_Ahmed_Sheikh",0.00933013565126158
"Khawaja_Muhammad_Waqar_Khan",0.00933013565126158
"Major_r_Muhammad_Ghulam_Sarwar",0.00933013565126158
"Mian_Muhammad_Ibhrahim",0.00933013565126158
"Mian_Mukhtar_Ahmad",0.00933013565126158
"Mohammad_Awais_Ghumman",0.00933013565126158
"Mohammad_Laeeque_Khan",0.00933013565126158
"Mr_Niamatullah_Khan",0.00933013565126158
"Muhammad_Haq_Nawaz_Khan_Durani",0.00933013565126158
"Muhammad_Irshad_Anwar",0.00933013565126158
"Mumtaz_Hussain_Sahto",0.00933013565126158
"Naseer_Ahmad",0.00933013565126158
"Naveed_Zafar_Shah",0.00933013565126158
"Professor_Muhammad_Ibrahim_Khan",0.00933013565126158
"Raza_Ahmed_Shah",0.00933013565126158
"Sabir_Hussain_Awan",0.00933013565126158
"Sahib_Zada_Haroon_Ur_Raheed",0.00933013565126158
"Sarfraz_Ahmad_Khan",0.00933013565126158
"Sheikh_Muhammad_Mushtaq",0.00933013565126158
"Shoukat_Ali_Shaikh",0.00933013565126158
"Solat_Majeed_Satti_Advocate",0.00933013565126158
"Syed_Mehr_Hassan_Gillani",0.00933013565126158
"Tahir_Siraj",0.00933013565126158
"Tariq_Javeed_Janjua",0.00933013565126158
"Waheed_Akhtar",0.00933013565126158
"Yahya_Bakhtiar",0.00933013565126158
"Zahid_Saeed",0.00933013565126158
"Zar_Noor_Afridi",0.00933013565126158
"Abdul_Akbar_Chitrali",0.00933013565126156
"Ch_Zahid_Imran_Korotana",0.00933013565126156
"Chaudhry_Ihsan_Ali",0.00933013565126156
"Choudhry_Abdul_Rehman_Ranga",0.00933013565126156
"Doctor_Muhammad_Anwar_Shah",0.00933013565126156
"Dr_Muhammad_Ubaid_Ullah_Gohar",0.00933013565126156
"Hafiz_Salman_Butt",0.00933013565126156
"Hafiz_Zubair_Ahmad",0.00933013565126156
"Haji_Muhammad_Irshad_Mund",0.00933013565126156
"Haji_Muhammad_Ramzan",0.00933013565126156
"Khalid_Mehmood_Mirza",0.00933013565126156
"Khuda_Dino",0.00933013565126156
"Major_Retired_Haq_Daad_Ali_Khan",0.00933013565126156
"Mian_Asad_Ullah",0.00933013565126156
"Mian_Saleem_Akbar",0.00933013565126156
"Muhammad_Arshad_Khan",0.00933013565126156
"Muhammad_Rafique_Nizami_Advocate",0.00933013565126156
"Muhammad_Rasool",0.00933013565126156
"Muhammad_Sadiq_Malik",0.00933013565126156
"Muhammad_Saeed_Khan",0.00933013565126156
"Muhammad_Tasleem_Iqbal",0.00933013565126156
"Raja_Muhammad_Jawwad",0.00933013565126156
"Raja_Muhammad_Nawaz_Kayani",0.00933013565126156
"Riaz_Ahmad_Bhulla_Advocate",0.00933013565126156
"Sardar_Riaz_Ahmad_Khan",0.00933013565126156
"Sultan_Muhammad",0.00933013565126156
"Syed_Attaullah_Shah",0.00933013565126156
"Syed_Muhammad_Bilal",0.00933013565126156
"Taufeequddin_Siddiqui",0.00933013565126156
"Waleed_Nasir_Choudhary",0.00933013565126156
"Zahid_Mohibullah_Khan_Advocate",0.00933013565126156
"Zahoor_Ahmad_Watto",0.00933013565126156
"Zubair_Farooq_Khan",0.00933013565126156
"Asadullah_Bhutto",0.00933013565126154
"Atta_Muhammad_Jafri",0.00933013565126154
"Dr_Mairaj_Ul_Huda_Siddiqui",0.00933013565126154
"Haji_Muhammad_Khalid",0.00933013565126154
"Hameed_u_Deen_Awan",0.00933013565126154
"Hikmat_Khan",0.00933013565126154
"Mian_Muhammad_Younis",0.00933013565126154
"Mohammad_Tariq_Javed_Dar",0.00933013565126154
"Muhammad_Hanif_Chaudhary",0.00933013565126154
"Muhammad_Ibraheem",0.00933013565126154
"Raj_Muhammad",0.00933013565126154
"Rana_Javed_Iqbal",0.00933013565126154
"Rana_Muhammad_Adnan_Khan",0.00933013565126154
"Rashid_Nasim",0.00933013565126154
"Rizwan_Ahmed",0.00933013565126154
"Syed_Mohammad_Faheem",0.00933013565126154
"Zubair_Ahmad_Gondal",0.00933013565126154
"Sami_Ullah_Jan",0.00933013565126152
"Taj_Muhammad_Khan",0.00933013565126152
"Zafar_Jamal_Khan_Advocate",0.00933013565126152
"Maulana_Abdul_Malik",0.00933013565126149
"Muhammad_Farooq_Sheikh",0.00933013565126149
"Majid_Khan",0.00847092235482776
"Muhammad_Saleem_Khan",0.00847092235482774
"Hamayun_Akhtar_Khan",0.00790697645544118
"Naseer_Ahmed_Kakar",0.00770605220433787
"Muhammad_Ijaz-Ul-Haq",0.00770595952020209
"Sheikh_Rasheed_Ahmed",0.00770594422511492
"Professor_Engineer_Rana_Saeed_Ahmed_Zafar",0.00770592897324604
"Ch_Sajid_Hussain_Chatha",0.00770592897324599
"Muhammad_Afrooq_Anwar_Abbasi",0.00770592897324599
"Rai_Mansab_Ali",0.00770592897324599
"Sardar_Shajehan_Yousaf",0.00770592897324599
"Ch__Abdul_Sattar",0.00770592897324595
"Ch__Anwar_Ali_Cheema",0.00770592897324595
"Ch__Muhammad_Ashiq_Dyial",0.00770592897324595
"Ch__Shahid_Akram_Bhinder",0.00770592897324595
"Ch_amir_Hussain_",0.00770592897324595
"Ch_Anwar_Ali_Cheema",0.00770592897324595
"Ch_pervaiz_Elahi",0.00770592897324595
"Ch_Shoukat_Ali_Bhatti",0.00770592897324595
"Ch_Wajahat_Hussain",0.00770592897324595
"Engineer_Amir_Muqam",0.00770592897324595
"Fazal_Ahmad_Sheikh",0.00770592897324595
"Ghulam_Sarwar_Siyal_Babu",0.00770592897324595
"Habibullah_Khan_Kundi",0.00770592897324595
"Hamid_Nasir_Chatha",0.00770592897324595
"Haroon_Ehsan_Piracha",0.00770592897324595
"Ihsan_Ali_Jatoi",0.00770592897324595
"Ishaq_Khan_Khakwani",0.00770592897324595
"Javed_Iqbal_Satti",0.00770592897324595
"Khurram_Munawar_Manj",0.00770592897324595
"Khurshid_Ali_Khan",0.00770592897324595
"Maj__r__Habib_Ullah_Warraich",0.00770592897324595
"Makhdom_Zada_Syed_Basit_Ahmad_Sultan_Bukhari",0.00770592897324595
"Mian_Khursheed_Mehmood_Kasuri",0.00770592897324595
"Mian_Mazhar_Ahmed_Qureshi",0.00770592897324595
"Mian_Muhammad_Kashif_Ashfaq",0.00770592897324595
"Mian_Muhammad_Riaz_",0.00770592897324595
"Mian_Najeeb_Ud_Din_Awasi",0.00770592897324595
"Mian_Shamim_Haidar",0.00770592897324595
"Muhammad_Ajmal_Khan_Kanjoo",0.00770592897324595
"Muhammad_Asim_Nazir",0.00770592897324595
"Muhammad_Nasir_Raja",0.00770592897324595
"Muhammad_Shah_Khagga",0.00770592897324595
"Muhtarma_Amna_Zulifqar_Dhillon",0.00770592897324595
"Peer_Tariq_Ahmed_Shah",0.00770592897324595
"Rana_Zahid_Mahmood_",0.00770592897324595
"Rehman_Naseer_Ch_",0.00770592897324595
"Saranzaib_Khan",0.00770592897324595
"Sardar_Bahadar_Ahmad_Khan_Seehar",0.00770592897324595
"Sardar_Fateh_Muhammad_Muhammad_Hassani",0.00770592897324595
"Sardar_Muhammad_Nawab_Khan",0.00770592897324595
"Sardar_Yar_Muhammad_Rind",0.00770592897324595
"Sheikh_Muhammad_Anwar",0.00770592897324595
"Sheikh_Waqas_Akram",0.00770592897324595
"Shoukat_Ali_Khan",0.00770592897324595
"Shujaat_Ali_Khan",0.00770592897324595
"Syed_Mujahid_Ali_Shah",0.00770592897324595
"Syed_Obaidullah",0.00770592897324595
"Tariq_Bashir_Cheema",0.00770592897324595
"Waseem_Gulzar",0.00770592897324595
"Wazir_Mohammad_Safi",0.00770592897324595
"Zafarullah_Tarar",0.00770592897324595
"Zaheer_Ud_Din",0.00770592897324595
"Zardali_Khan",0.00770592897324595
"Zargul_Khan",0.00770592897324595
"Abdur_Raj_Khan",0.0077059289732459
"Adeeba_Gul_Magsi",0.0077059289732459
"Alhaaj_Malak_Aurangzeb_Khan",0.0077059289732459
"Ali_Asjad_Malhi",0.0077059289732459
"Altaf_Hussain_Unar",0.0077059289732459
"Ameer_Maqam",0.0077059289732459
"Aurangzaib_Khan_Khichi",0.0077059289732459
"Begum_Malik_Shoaib_Awan",0.0077059289732459
"Ch__Ghais_Ahmed_Mela",0.0077059289732459
"Ch__Imran_Ullah",0.0077059289732459
"Ch__Nazir_Ahmed_Jatt",0.0077059289732459
"Ch__Pervaiz_Ellahi",0.0077059289732459
"Ch__Shamshad_Ahmad_Khan",0.0077059289732459
"Ch__Shujaat_Hussain",0.0077059289732459
"Ch__Zaffar_Iqbal_Warraich",0.0077059289732459
"Ch_nauraiz_Shakoor_Khan",0.0077059289732459
"Ch_Parvez_Elahi",0.0077059289732459
"Ch_pervaiz_Ellahi",0.0077059289732459
"Ch_shahbaz_Hussain",0.0077059289732459
"Ch_shujat_Hussain",0.0077059289732459
"Chaudhary_Shahbaz_Hussain",0.0077059289732459
"Chaudhry_Muhammad_Anwar_Bhinder",0.0077059289732459
"Choudhry_Adil_Saboor",0.0077059289732459
"Choudhry_Farrukh_Altaf",0.0077059289732459
"Choudhry_Tariq_Bashir_Cheema",0.0077059289732459
"Dewan_Syed_Ashiq_Hussain_Bukhari",0.0077059289732459
"Doctor_Nisar_Ahmad_Jat_",0.0077059289732459
"Dr_junaid_Mumtaz_Joya",0.0077059289732459
"Dr_sher_Afghan_Khan_Niazi",0.0077059289732459
"Fahad_Malik",0.0077059289732459
"Farhad_Ali_Khan",0.0077059289732459
"Farooq_Ahmed_Khan_Leghari",0.0077059289732459
"Haji_Mohammad_Islam_Qureshi",0.0077059289732459
"Hamayun_Saifullah_Khan",0.0077059289732459
"Humayun_Akhtar_Khan",0.0077059289732459
"Hussaini_Shahabuddin_Shah",0.0077059289732459
"Inam_Khan",0.0077059289732459
"Jaffar_Khan_Mandokhel",0.0077059289732459
"Jam_Mir_Muhammad_Yousuf",0.0077059289732459
"Khan_Amanullah_Khan",0.0077059289732459
"Khan_Muhammad_Dhari",0.0077059289732459
"Khawja_Sheeraz_Mehmood",0.0077059289732459
"Khurram_Munawwar_Munj",0.0077059289732459
"Liaquat_Ali_Qureshi",0.0077059289732459
"Lietutant_Col__r_Ghulam_Rasul_Sahi_",0.0077059289732459
"Liquat_Ali_Khan_Jatoi",0.0077059289732459
"Makhdoom_Khusru_Bakhtiar",0.0077059289732459
"Makhdoom_Syed_Ahmad_Alam_Anwar",0.0077059289732459
"Makhdoom_Syed_Ali_Akbar_Mehmood",0.0077059289732459
"Makhdoom_Syed_Faisal_Saleh_Hayat",0.0077059289732459
"Malik_Ghulam_Murtaza_Maitla",0.0077059289732459
"Malik_Ghulam_Qasim_Hinjra",0.0077059289732459
"Malik_Nauman_Ahmad_Langrial",0.0077059289732459
"Malik_Nauman_Ahmed_Langriyal",0.0077059289732459
"Malik_Niaz_Ahmad_Jakhar",0.0077059289732459
"Mian_Ahmad_Raza_Khan_Maneka",0.0077059289732459
"Mian_Muhammad_Azhar",0.0077059289732459
"Mian_Muhammad_Jehangir",0.0077059289732459
"Mian_Rajab_Ali_Khan_Baloch_",0.0077059289732459
"Mian_Yahya_Shah_Kaka_Khel",0.0077059289732459
"Mir_Ahmadan_Khan_Bugti",0.0077059289732459
"Mir_Ahmedan_Khan_Bugti",0.0077059289732459
"Mir_Atta-Ur-Rehman_Mengal",0.0077059289732459
"Mr__Ghulam_Sarwar_Siyal__Babu_",0.0077059289732459
"Muhammad_Basharat_Raja",0.0077059289732459
"Muhammad_Idrees",0.0077059289732459
"Muhammad_Naseer_Khan",0.0077059289732459
"Muhammad_Raza_Hayat_Hiraj",0.0077059289732459
"Muhammad_Saddique_Khan_Baluch",0.0077059289732459
"Muhammad_Safdar_Shakir_",0.0077059289732459
"Muhammad_Sarwar_Khan_Kakar",0.0077059289732459
"Muhammad_Tahir_Shah",0.0077059289732459
"Mukhdoom_Syed_Sami-Ul-Hassan_Gilani",0.0077059289732459
"Mushtaq_Ali_Cheema_",0.0077059289732459
"Nasrullah_Khan_Bijarani",0.0077059289732459
"Nawabzada_Sardar_Khan_Chandio",0.0077059289732459
"Niloufer_Qasim_Mahdi",0.0077059289732459
"Pir_Aslam_Bodla",0.0077059289732459
"Qari_Mushtaque_Ahmed_Farooqui",0.0077059289732459
"Raja_Qasim_Javaid_Ikhlas",0.0077059289732459
"Raja_Talia_Saeed_Khan",0.0077059289732459
"Rana_Tariq_Javed",0.0077059289732459
"Rao_Sikandar_Iqbal",0.0077059289732459
"Riaz_Fatiyana",0.0077059289732459
"Rifat_Javed_Kahloon",0.0077059289732459
"Rizwan_Sadiq_Khan",0.0077059289732459
"Ruquiya_Saeed_Hashmi",0.0077059289732459
"Sahibzada_Muhammad_Nazir_Sultan",0.0077059289732459
"Said_Badshah",0.0077059289732459
"Sajad_Hussain",0.0077059289732459
"Sardar_Ashiq_Hussain_Gopan",0.0077059289732459
"Sardar_Maqsood_Khan_Leghari",0.0077059289732459
"Sardar_Masood_Ali_Khan_Luni",0.0077059289732459
"Sardar_Muhammad_Asif_Nakai",0.0077059289732459
"Sardar_Muhammad_Israr_Tareen",0.0077059289732459
"Sardar_Muhammad_Jafar_Khan_Leghari",0.0077059289732459
"Sardar_Talib_Hassan_Nakai",0.0077059289732459
"Sayed_Murad_Ali_Shah",0.0077059289732459
"Sh__Rasheed_Ahmed",0.0077059289732459
"Shad_Ali_Khan",0.0077059289732459
"Shahid_Manzoor_Gill_",0.0077059289732459
"Shahida_Sattar_Laleka",0.0077059289732459
"Shahzada_Muhyuddin",0.0077059289732459
"Sheikh_Jafar_Khan_Mandokhail",0.0077059289732459
"Sheikh_Muhammad_Tahir_Rasheed",0.0077059289732459
"Sultan_Shahab_Jahangir",0.0077059289732459
"Sumaira_Malik",0.0077059289732459
"Syed_Noor-Ul-Hassan_Shah",0.0077059289732459
"Syed_Riaz_Hussain_Shah_Sheerazi",0.0077059289732459
"Tahir_Hussain_Shah_",0.0077059289732459
"Taj_Mohammad_Shaikh",0.0077059289732459
"Umar_Ayub_Khan",0.0077059289732459
"Umar_Zeb_Khan",0.0077059289732459
"Zahid_Nazir",0.0077059289732459
"Abdul_Rehman_Khan_Jamali",0.00770592897324586
"Amanullah_Khan_Jadoon",0.00770592897324586
"Amanullah_Paracha",0.00770592897324586
"Anwar_Ul_Haq_Alias_Anno",0.00770592897324586
"Arbab_Zakaullah",0.00770592897324586
"Asif_Tauseef_",0.00770592897324586
"Azeem_u_Deen_Zahid",0.00770592897324586
"Brgd_r__Zulfiqar_Ahmad_Dhillon",0.00770592897324586
"Ch_Liaqat_Abbas_Bhatti",0.00770592897324586
"Ch_muhammad_Saeed_Virk",0.00770592897324586
"Chaudhary_Wajahat_Hussain",0.00770592897324586
"Dr__Ghulam_Hyder_Samejo",0.00770592897324586
"Farkhanda_Amjad_Warraich",0.00770592897324586
"Fawad_Ahmad",0.00770592897324586
"Ghias_Ahmad_Mela",0.00770592897324586
"Haji_Bilal_Noor_Ansari_",0.00770592897324586
"Haleem_Adil_Shaikh",0.00770592897324586
"Hamid_Yar_Hiraj",0.00770592897324586
"Irshad_Alam",0.00770592897324586
"Khan_Aftab_Ahmad_Khan_Khichi",0.00770592897324586
"Malik_Najab_Gul_Khalil_Adv_",0.00770592897324586
"Mir_Asim_Kurd",0.00770592897324586
"Mir_Zeeshan_Ali_Panhwar",0.00770592897324586
"Muhammad_Aslam_Khan_Kharral",0.00770592897324586
"Muhammad_Ayub_Khan_Khattak",0.00770592897324586
"Muhammad_Intikhab_Khan",0.00770592897324586
"Muhammad_Urs_Khero",0.00770592897324586
"Nasir_Iqbal_Busal",0.00770592897324586
"Nawab_Zada_Iftikhar_Ahmad_Khan_Babar",0.00770592897324586
"Pir_Muhammad_Shah_Khagga",0.00770592897324586
"Rai_Muhammad_Aslam_Kharal",0.00770592897324586
"Rais_Munir_Ahmad",0.00770592897324586
"Rana_Asif_Touseef",0.00770592897324586
"Rehman_Naseer",0.00770592897324586
"Sardar_Aqil_Omer",0.00770592897324586
"Sardar_Nasrullh_Khan_Dreshak_",0.00770592897324586
"Sardar_Tofail_Ahmed_Khan",0.00770592897324586
"Shahid_Manzoor_Gill",0.00770592897324586
"Sikandar_Hayat_Khan_Bossan",0.00770592897324586
"Suhrab_Ali",0.00770592897324586
"Syed_Ayaz_Ali_Shah_Sheerazi",0.00770592897324586
"Syed_Gulzar_Sabtain_Shah",0.00770592897324586
"Ch__Bilal_Ijaz",0.00770592897324582
"Kh__Tahir_Zia",0.00770592897324582
"Khalid_Ahmad_Gurmani",0.00770592897324582
"Sana_Ullah",0.00687806683263945
"Ashiq_Ali",0.00658780144790412
"Abdul_Rasheed",0.00629065964503898
"Muhammad_Irfan",0.00555641740927075
"Shah_Hussain",0.00546970704931799
"Ahmad_Ali",0.00546970704931797
"Haji_Rehmanullah",0.00546970704931797
"Khan_Zeb",0.00546970704931797
"Malik_Dad_Muhammad_Tareen",0.00546970704931797
"Muhammad_Ayaz_Khan",0.00546970704931797
"Muhammad_Sharif_Khattak",0.00546970704931797
"Rahmat_Shah_Sael",0.00546970704931797
"Amir_Haider_Khan",0.00546970704931794
"Amir_Nawab",0.00546970704931794
"Asif_Ali",0.00546970704931794
"Bismillah_Jan",0.00546970704931794
"Dost_Muhammad",0.00546970704931794
"Farid_Ullah_Dumar",0.00546970704931794
"Irfan_Ali",0.00546970704931794
"Khudai_Dad",0.00546970704931794
"Mian_Babar_Shah_Kaka_Khel",0.00546970704931794
"Muhammad_Farooq_Khan",0.00546970704931794
"Noor_Ahmed",0.00546970704931794
"Shahzia_Batul",0.00546970704931794
"Sultan_Khan_Mandokhel",0.00546970704931794
"Waris_Khan",0.00546970704931794
"Abdul_Rehman_Khan_Yousufzai",0.00546970704931792
"Ahmed_Zaman",0.00546970704931792
"Alhaj_Ghulam_Ahmad_Bilour",0.00546970704931792
"Arbab_Najeeb_Ullah_Khan_Khalil",0.00546970704931792
"Arshad_Sohail",0.00546970704931792
"Bismillah_Jan_Luni",0.00546970704931792
"Ch__Ghulam_Mustafa",0.00546970704931792
"Habib_Ullah_Khan",0.00546970704931792
"Haji_Naseem-Ur-Rehman",0.00546970704931792
"Hameed_Ullah",0.00546970704931792
"Hamidullah_Khan",0.00546970704931792
"Iqbal_Zaib_Khan",0.00546970704931792
"Kabir_Ahmed_Sher",0.00546970704931792
"Khan_Parvez",0.00546970704931792
"Khursheed_Begum_Saeed",0.00546970704931792
"Malik_Muhammad_Usman_Achakzai_",0.00546970704931792
"Masood_Abbas_Khattak",0.00546970704931792
"Mohammad_Farooq_Khan",0.00546970704931792
"Muhammad_Farooq_Bangsh",0.00546970704931792
"Muhammad_Hashim_Babar",0.00546970704931792
"Muhammad_Younus_Khan",0.00546970704931792
"Muhammad_Zahid_Khan",0.00546970704931792
"Muhibullah_Kakar",0.00546970704931792
"Munir_Shah",0.00546970704931792
"Naik_Muhammad_Kakar",0.00546970704931792
"Naimat_Khalil",0.00546970704931792
"Qalandar_Bux",0.00546970704931792
"Sadid_Ur_Rahman",0.00546970704931792
"Sajid_Mahmood",0.00546970704931792
"Saqib_Ullah_Khan",0.00546970704931792
"Shah_Mohammad",0.00546970704931792
"Shahi_Khan",0.00546970704931792
"Shahnawaz_Khanzada",0.00546970704931792
"Sher_Nawaz_Khattak",0.00546970704931792
"Syed_Muhammad_Afzal",0.00546970704931792
"Abdul_Matin_Khan",0.0054697070493179
"Abdul_Rasheed_Nasir",0.0054697070493179
"Aimal_Wali_Khan",0.0054697070493179
"Aman_Masood",0.0054697070493179
"Arbab_Inam_Ullah_Khan",0.0054697070493179
"Arbab_Muhammad_Zahir_Khan",0.0054697070493179
"Asfandyar_Wali_Khan",0.0054697070493179
"Bashir_Khan_Umerzai",0.0054697070493179
"Doulat_Ali",0.0054697070493179
"Gul_Afzal",0.0054697070493179
"Haji_Nizamuddin_Kakar",0.0054697070493179
"Hamid_Khan_Toofan",0.0054697070493179
"Inayat_Khan",0.0054697070493179
"Irshad_Khan",0.0054697070493179
"Jumma_Khan_Babar",0.0054697070493179
"Khadija_Bibi",0.0054697070493179
"Khurshid",0.0054697070493179
"Maj_r__Mahr_Muhammad_Ramzan",0.0054697070493179
"Malik_Darya_Khan",0.0054697070493179
"Muhammad_Ayub_Khan",0.0054697070493179
"Muhammad_Fayaz_Khan",0.0054697070493179
"Muhammad_Khan_Afridi",0.0054697070493179
"Muhammad_Riaz_Khan",0.0054697070493179
"Muhammad_Sajid_Taheem_Advocate",0.0054697070493179
"Muhammad_Taimoor_Khan",0.0054697070493179
"Muzafer_Ul_Mulk",0.0054697070493179
"Nawabzada_Mohamamd_Amin_Khan_Jogezai",0.0054697070493179
"Noor_Aslam",0.0054697070493179
"Rana_Mushtaq_Ahmad",0.0054697070493179
"Sadeed_Ur_Rehman",0.0054697070493179
"Shahi_Khan_Sherani",0.0054697070493179
"Shazia_Bibi",0.0054697070493179
"Sheheryar_Khan",0.0054697070493179
"Sherullah_Khan",0.0054697070493179
"Sultan_Khan_Mandokhail",0.0054697070493179
"Syed_Basharat_Hussain",0.0054697070493179
"Syed_Karam_Darwesh",0.0054697070493179
"Syed_Masood_Shah",0.0054697070493179
"Syed_Muhammad_Hanif",0.0054697070493179
"Umar_Hayat",0.0054697070493179
"Zain_Umar_Arbab",0.0054697070493179
"Abdur_Rauf",0.00546970704931788
"Ahmadullah",0.00546970704931788
"Ameer_Haider_Azam_Khan",0.00546970704931788
"Anwar_Zaib",0.00546970704931788
"Arbab_Mohammad_Ayub_Jan",0.00546970704931788
"Asghar_Khan",0.00546970704931788
"Ashraf_Ullah",0.00546970704931788
"Bahadar_Khan",0.00546970704931788
"Dr_Sherbaz_Khan",0.00546970704931788
"Hafiz_Zardullah_Khan_Hassan_Zai_",0.00546970704931788
"Haji_Ghulam_Ahmad_Bilour",0.00546970704931788
"Mohammad_Ayub_Khan_Advocate",0.00546970704931788
"Muhammad_Daud_Khan_Khattak",0.00546970704931788
"Muhammad_Kamal",0.00546970704931788
"Muzaffar-Ul-Mulk",0.00546970704931788
"Nawabzada_Khawaja_Muhammad_Khan_Hoti_Alias_Toti_Khan",0.00546970704931788
"Nawaz_Ali_Burfat",0.00546970704931788
"Nisar_Ahmed",0.00546970704931788
"Perviz_Khan_Advocate",0.00546970704931788
"Sarfaraz_Khan_Jadoon",0.00546970704931788
"Syed_Abdul_Qayyum",0.00546970704931788
"Syed_Muzafar_Ali_Shah_Jan",0.00546970704931788
"Tariq_Hameed_Khattak",0.00546970704931788
"Zarbali_Syed",0.00546970704931788
"Ahmad_Khan",0.00546970704931786
"Arbab_Najeeb_Ullah_Khan",0.00546970704931786
"Arshad_Mansoor_Shah",0.00546970704931786
"Asfandiyar_Wali_Khan",0.00546970704931786
"Engineer_Noor_Ahmed_Khan",0.00546970704931786
"Faisal_Imran_Khan_Niazi",0.00546970704931786
"Mamoon_Khan_Kakar",0.00546970704931786
"Masood_Abbas",0.00546970704931786
"Muhammad_Azam_Khan",0.00546970704931786
"Owais_Khan",0.00546970704931786
"Syed_Haider_Ali_Shah",0.00546970704931786
"m_Shafi",0.00546970704931783
"Syed_Haroon_Shah",0.00546970704931783
"Umar_Khan",0.00546970704931783
"Muhammad_Owais_Siddiqui",0.00540711960326254
"Muhammad_Qasim",0.00476862764451706
"Abdul_Khaliq_Rehmani",0.00476167259477867
"Imdad_Ali",0.00476167259477863
"Muhammad_Amjad",0.00455532267595254
"Malik_Matloob_Ali_Awan",0.00424325387143691
"Ajab_Khan",0.00410398619500046
"Abdul_Malik",0.0039783659048219
"Naqeeb_Ullah",0.00396103756156034
"Aziz_Ullah",0.00390770927548966
"Hafiz_Muhammad_Muzaffar",0.00390770154121751
"Abdul_Qadir_Luni",0.0039077015412175
"Azizullah_Satakzai",0.0039077015412175
"Faaiz_Mehmood",0.0039077015412175
"Haji_Naseem_Shah",0.0039077015412175
"m_Ajmal_Qadri",0.0039077015412175
"Mufti_Syed_Zain_Ul_Abidin",0.0039077015412175
"Muhammad_Jan",0.0039077015412175
"Muhammad_Sadiq_Serani",0.0039077015412175
"Rao_Azmat_Ullah",0.0039077015412175
"Abdul_Nabi",0.00390770154121748
"Abdul_Nasir",0.00390770154121748
"Abul_Khair_Muhammad_Zubair",0.00390770154121748
"Ameer_Ullah",0.00390770154121748
"Arman_Ahmed",0.00390770154121748
"Fazal_Muhammad_Kakar",0.00390770154121748
"Ghous_Baksh_Fareed",0.00390770154121748
"Gul_Naseeb_Khan",0.00390770154121748
"Ishfaq_Ahmad",0.00390770154121748
"Islam_Noor",0.00390770154121748
"Khalil_Ahmad",0.00390770154121748
"m_Esa",0.00390770154121748
"m_Iqbal",0.00390770154121748
"Malik_Amjad_Kakar",0.00390770154121748
"Mohammad_Ismail_Buledi",0.00390770154121748
"Moheb_Ullah",0.00390770154121748
"Muhammad_Bashir_Yousaf",0.00390770154121748
"Muhammad_Ishtiaq_Khan_Jadoon",0.00390770154121748
"Muhammad_Khalid_Shakir",0.00390770154121748
"Shafi_Ullah",0.00390770154121748
"Shaheen_Iqbal",0.00390770154121748
"Abdul_Sadiq",0.00390770154121747
"Abdul_Wahid",0.00390770154121747
"Faiz_Ul_Hassan",0.00390770154121747
"Hafiz_Ahmed_Ali",0.00390770154121747
"Mahmood_Ahmed_Qadri",0.00390770154121747
"Muhammad_Dawood",0.00390770154121747
"Muhammad_Rizwan_Sheikh",0.00390770154121747
"Noor_Ahmad_Sial",0.00390770154121747
"Zubair_Ahmad",0.00390770154121747
"Mher_Ullah",0.00390770154121746
"Muhammad_Maroof",0.00390770154121746
"Shafi_Ud_Din",0.00390770154121746
"Shuja_Al_Malik",0.00390770154121746
"Abdul_Razzaque",0.00327025123730674
"Abdul_Jabbar",0.00321023639405056
"Deedar_Ali",0.00320202966548226
"Abdul_Ghafoor",0.00319355035451875
"Muhammad_Ashraf",0.00314241015336336
"Mian_Abdul_Malik",0.00309335070608898
"Sardar_Mir_Hakim_Ali_Khan_Sundrani",0.00309335070608898
"Ghulam_Dastgir_Rajar",0.00309335070608897
"Mehtab_Akbar_Rashidi",0.00309335070608897
"Muhammad_Jadam_Mangrio",0.00309335070608897
"Nadeem_Qadir_Bhutto",0.00309335070608897
"Pir_Bux_Junejo",0.00309335070608897
"Shabir_Ahmed_Qaim_Khani",0.00309335070608897
"Syed_Zahid_Hussain_Shah",0.00309335070608897
"Ali_Akber_Nizamani",0.00309335070608897
"Ali_Asghar_Halepoto",0.00309335070608897
"Chakar_Khan_Shahani",0.00309335070608897
"Inayatullah",0.00309335070608897
"Jam_Mashooque_Ali",0.00309335070608897
"Makhdum_Syed_Ahmad_Mahmud",0.00309335070608897
"Malik_Ghulam_Mustafa_Khar",0.00309335070608897
"Mir_Naseer_Khan_Khoso_",0.00309335070608897
"Pir_Sadruddin_Shah",0.00309335070608897
"Shehzad_Mughal",0.00309335070608897
"Syed_Ghulam_Abbas",0.00309335070608897
"Syed_Safdar_Ali_Shah",0.00309335070608897
"Amjad_Hussain",0.00309335070608896
"Fakir_Ghulam_Nabi_Mangrio",0.00309335070608896
"Imamuddin_Shaookeen",0.00309335070608896
"Main_Sajjad_Ahmad_Sajid",0.00309335070608896
"Maj___Rtd__Syed_Tanveer_Hussain_Satara_Juraat",0.00309335070608896
"Pir_Noor_Mohammad_Shah_Jeelani",0.00309335070608896
"Pir_Syed_Saddaruddin_Shah_Rashdi",0.00309335070608896
"Syed_Mehr_Mohi_Ud_Din_Hashmi",0.00309335070608896
"Khuda_Bux_Dars",0.00309335070608896
"Mir_Hassan_Khoso",0.00309335070608896
"Sarfaraz_Ali_Bughio",0.00309335070608896
"Syed_Kazim_Ali_Shah_Lakyari",0.00309335070608896
"Makhdoom_Syed_Ahmad_Mahmood",0.00309335070608895
"Musharraf_Ali_Khan_Khoso",0.00309335070608895
"Syed_Qazim_Ali_Shah",0.00309335070608894
"Jehangir_Khan",0.00302963047427116
"Abdul_Ali",0.00302503322405702
"Aqeel_Shahzad",0.00302503322405702
"Asif_Iqbal",0.00302503322405702
"Malik_Nazar_Fareed_Khokhar",0.00302503322405702
"Rao_Muhammad_Akbar_Khan_Mayyo",0.00302503322405702
"Zaheer_Ahmad_Zia_Warraich",0.00302503322405702
"Zahid_Sadique_Ansari",0.00302503322405702
"Abdul_Qayyum_Bajwa",0.00302503322405701
"Aman_Ullah_Khan",0.00302503322405701
"Ch_Tanveer_Ahmad_Kambo",0.00302503322405701
"Iftikhar_Ali",0.00302503322405701
"Khizar_Hayat",0.00302503322405701
"Maki_Muhammad",0.00302503322405701
"Malik_Zafar_Iqbal_Rajput_Panwar",0.00302503322405701
"Mr_mumtaz_Ali",0.00302503322405701
"Muhammad_Ahmad_Chaudhary",0.00302503322405701
"Muhammad_Arshad_Taqi",0.00302503322405701
"Muhammad_Irfan_Ud_Din",0.00302503322405701
"Muhammad_Muzzammil",0.00302503322405701
"Muhammad_Nawaz_Cheema",0.00302503322405701
"Nek_Daraz_Khan",0.00302503322405701
"Rana_Muhammad_Saeed_Khan",0.00302503322405701
"Rao_Wajid_Ali_Khan",0.00302503322405701
"Shamim_Khan",0.00302503322405701
"Waheed_Ahmad_Khan",0.00302503322405701
"Adeel_Ahmad",0.003025033224057
"Amir_Hamza_Dogar_Advocate",0.003025033224057
"Doctor_Abdul_Rashid",0.003025033224057
"Dr__Rafique_Ahmed_Ghuncha",0.003025033224057
"Ghulam_Abbass",0.003025033224057
"Muhammad_Abu_Bakar_Watto",0.003025033224057
"Muhammad_Rafique_Advocate",0.003025033224057
"Muhammad_Sharif",0.003025033224057
"Naseer_Ahmed_Chandio",0.003025033224057
"Rana_Muhammad_Sharif",0.003025033224057
"Saghir_Hussain",0.003025033224057
"Sahahbaz_Yasir_Ali",0.003025033224057
"Zaib_Ali",0.003025033224057
"Amir_Muhammad",0.00302503322405699
"Doctor_Nasir_Razzaq",0.00302503322405699
"Kamal_Azfar",0.00302503322405699
"Malik_Gul_Zali_Khan_Zakheli",0.00302503322405699
"Moin_Ud_Din",0.00302503322405699
"Peer_Abdul_Shakoor_Naqsh_Bandi",0.00302503322405699
"Raja_Izat_Ali",0.00302503322405699
"Amjid_Pervaiz",0.00302503322405698
"Mian_Abdul_Waheed",0.00302503322405698
"Qazi_Aslam_Khan",0.00302503322405697
"Rahimullah_Khan",0.00302503322405697
"Muhammad_Imran",0.00302400212381203
"Shah_Nawaz",0.0030120013757508
"Abdul_Khaliq_s_o_Haji_Fazal_m",0.00298003491349612
"Hafiz_Aurangzaib_Farooqui",0.00298003491349612
"Abdul_Ahad",0.00298003491349612
"Ata_Muhammad",0.00298003491349612
"Hamza_Tariq",0.00298003491349612
"Muhammad_Abu_Bakar_Saddique",0.00298003491349612
"Muhammad_Sikandar",0.00298003491349611
"Naimatullah",0.00298003491349611
"Syed_Kaleem_Ullah",0.00298003491349611
"Abdul_u_Haq_Malik",0.00298003491349611
"Asgher_Ali",0.00298003491349611
"Eid_Nazar",0.00298003491349611
"Ghulam_Shabbir",0.00298003491349611
"Gul_Faraz",0.00298003491349611
"Khuda_Nazar",0.00298003491349611
"Muhammad_Ishfaq",0.00298003491349611
"Saeed_Khan",0.00298003491349611
"Syed_Abdul_Rafay",0.00298003491349611
"Ubaid_Ullah_Khan",0.00298003491349611
"Kamran_Khalid_Butt",0.0029800349134961
"Muhammad_Ahmad_Khan",0.0029800349134961
"Muhammad_Ishaque",0.0029800349134961
"Muhammad_Safder_Hashmi",0.0029800349134961
"Ali_Nawaz",0.00298003491349609
"Iftikhar_Ahmed_Farooqi",0.00298003491349609
"Shakil_Ahmed",0.00298003491349609
"Waqas_Ahmed",0.00298003491349609
"Tariq_Aziz",0.00298003491349609
"Muhammad_Asghar",0.00286437980260936
"Imran_Ali",0.00286007851032417
"Amjad_Islam_Amjad",0.00285954456325376
"Abdul_Azeem",0.00285954456325374
"Ruqia_Bibi",0.00285954456325374
"Abdul_Azeem_Khan",0.00285954456325372
"Arshad_Nawab",0.00285954456325372
"Azmat_Ali_Kiyani",0.00285954456325372
"Hafiz_Muhammad_Masood",0.00285954456325372
"Hafiz_Talha_Saeed",0.00285954456325372
"Haq_Nawaz",0.00285954456325372
"Kashif_Altaf",0.00285954456325372
"Khalid_Masood_Sandhu",0.00285954456325372
"Maqbool_Bibi",0.00285954456325372
"Muhamamd_Saif_Ullah_Saif",0.00285954456325372
"Muhamamd_Shahid_Siddique",0.00285954456325372
"Muhammad_Ameen",0.00285954456325372
"Muhammad_Ashfaq",0.00285954456325372
"Muhammad_Haroon_Rafiq",0.00285954456325372
"Muhammad_Siraj",0.00285954456325372
"Qaisar_Sardar",0.00285954456325372
"Rana_Shahid_Iqbal_Chachar",0.00285954456325372
"Saeeda_Zafar",0.00285954456325372
"Sajjad_Ahmed_Khan",0.00285954456325372
"Shahbaz_Hussain_Sidhu",0.00285954456325372
"Aasim_Nisar",0.0028595445632537
"Abdul_Aziz_Aziz",0.0028595445632537
"Abdul_Raheem",0.0028595445632537
"Abdul_Rahim",0.0028595445632537
"Abdul_Waheed_Abid",0.0028595445632537
"Adil_Hussain",0.0028595445632537
"Choudhary_Muhammad_Yaqoob_Chahal",0.0028595445632537
"Danish_Anam",0.0028595445632537
"Faisal_Ahmad_Cheema",0.0028595445632537
"Faisal_Nadeem_Shaikh",0.0028595445632537
"Fazal_Rahim",0.0028595445632537
"Ghulam_Ali_Shakar_Toor",0.0028595445632537
"Hafeez_Ullah_Rehman",0.0028595445632537
"Hafiz_Muhammad_Rizwan",0.0028595445632537
"Imran_Liaquat",0.0028595445632537
"Jahanzaib_Zahid",0.0028595445632537
"Khalid_Mahmood_Cheema",0.0028595445632537
"Mahar_Muhammad_Mujahid",0.0028595445632537
"Mehak_Rafiq",0.0028595445632537
"Mir_Hazoor_Bakhsh",0.0028595445632537
"Muhamamd_Ehsan",0.0028595445632537
"Muhammad_Abid",0.0028595445632537
"Muhammad_Ajmal_Khan",0.0028595445632537
"Muhammad_Arshad_Bhatti",0.0028595445632537
"Muhammad_Bilal_Haider",0.0028595445632537
"Muhammad_Ghalib",0.0028595445632537
"Muhammad_Mansha",0.0028595445632537
"Muhammad_Munawar",0.0028595445632537
"Muhammad_Nadeem_Tabasum",0.0028595445632537
"Muhammad_Sajjad",0.0028595445632537
"Muhammad_Shafiq_Ur_Rahman",0.0028595445632537
"Muzamil_Iqbal_Hashmi",0.0028595445632537
"Nighat_Fardoos",0.0028595445632537
"Qaisar_Haroon_Toor",0.0028595445632537
"Qaiser_Mustafa_Jajja",0.0028595445632537
"Rahila_Khanum",0.0028595445632537
"Rana_Abu_Khubaib_Rehman_Khan",0.0028595445632537
"Saeed_Ahmed_Khalid",0.0028595445632537
"Sajid_Bashir",0.0028595445632537
"Syed_Rabab_Haider",0.0028595445632537
"Tahir_Javed_Khan",0.0028595445632537
"Taj_Mehmood",0.0028595445632537
"Tasneem_Gul",0.0028595445632537
"Waqar_Murtaza",0.0028595445632537
"Yasira_Bibi",0.0028595445632537
"Abdul_Nisar",0.00285954456325367
"Abu_Zar",0.00285954456325367
"Ahmad_Bakhsh",0.00285954456325367
"Aisha",0.00285954456325367
"Akhtari_Bibi",0.00285954456325367
"Amir_Zeb",0.00285954456325367
"Ansar_Javed_Tarar",0.00285954456325367
"Asmat_Bibi",0.00285954456325367
"Babar_Ijaz_Virk",0.00285954456325367
"Fiaz_Ahmad",0.00285954456325367
"Hafiz_Safi_Ur_Rehman",0.00285954456325367
"Jamil_Badshah",0.00285954456325367
"Mehdi_Ishaq",0.00285954456325367
"Mudassir_Yaqoob",0.00285954456325367
"Muhammad_Akmal_Javed",0.00285954456325367
"Muhammad_Hussain_Amir",0.00285954456325367
"Muhammad_Zafar_Iqbal",0.00285954456325367
"Qaisar_Mustafa_Jajja",0.00285954456325367
"Qasim_Ali_Khan",0.00285954456325367
"Rana_Tariq_Jamal",0.00285954456325367
"s_m_Yousuf_Ali_Bhatti",0.00285954456325367
"Sajid_Iqbal",0.00285954456325367
"Salma_Bibi",0.00285954456325367
"Shaban_Akhtar",0.00285954456325367
"Shahbaz",0.00285954456325367
"Shakeela_Yasmeen",0.00285954456325367
"Sohail_Qaiser",0.00285954456325367
"Wasim_Shaukat",0.00285954456325367
"Yawar_Aftab",0.00285954456325367
"Abdul_Mateen",0.00285954456325365
"Abdul_Rehman_Muslim",0.00285954456325365
"Ahmad_Sher",0.00285954456325365
"Asad_Munawar",0.00285954456325365
"Balquees_Begum",0.00285954456325365
"Basmeeda",0.00285954456325365
"Chaudhry_Zulfiqar_Ali_Aulakh",0.00285954456325365
"Hafiz_Ameer_Hamza",0.00285954456325365
"Muhammad_Rizwan_Sarwar",0.00285954456325365
"Muhammad_Shamshad",0.00285954456325365
"Muhammad_Shoaib_Ahmad",0.00285954456325365
"Muhammad_Usaman",0.00285954456325365
"Nabi_Ahmad_Virk",0.00285954456325365
"Noreen_Kamran",0.00285954456325365
"Rashid_Mahmood",0.00285954456325365
"Raza_Ullah_Khan",0.00285954456325365
"Sardar_Abdul_Sattar_Khan",0.00285954456325365
"Taj_Mehal",0.00285954456325365
"Zain_Ullah",0.00285954456325365
"Muhammad_Ijaz_Malik",0.00285954456325363
"Muhammad_Irfan_Ashraf",0.00285954456325363
"Muhammad_Shoaib",0.00285954456325363
"Hussain_Ellahi",0.00271400910185322
"Aneela_Iftikhar",0.00271400910185322
"Riaz_Ahmed_Jan",0.00271400910185322
"Shakeel_Ahmed_Roshan",0.00271400910185322
"Muhammad_Tariq_Hassan",0.00271400910185322
"Chaudhry_Salik_Hussain",0.00271400910185322
"Syed_Faizan_Anis",0.00271400910185322
"Muhammad_Jameel_Ahmed_Khan",0.00271400910185322
"Arshad_Ahmad_Qamar",0.00271400910185322
"Chaudhry_Tariq_Bashir_Cheema",0.00271400910185321
"Musa_Elahi",0.00271400910185321
"Sohail_Baig_Noori",0.00270468440960628
"Moulana_Nalay_Mitho_Shaikh",0.00270468440960628
"Hamid_Idrees",0.00270468440960628
"Mian_Muhammad_Asif_Raza_",0.00270468440960628
"Sikandar_Khan",0.00270468440960628
"Allama_Haider_Alvi",0.00270468440960628
"Muhammad_Javed_Qadri",0.00270468440960628
"Fanoos_Gujar",0.00269911538990252
"Commander__r__Ayoub_Malik",0.00269911004772079
"Ghulam_Qadir_Alias_Papu",0.00269911004772079
"Mian_Abdul_Qayum",0.00269911004772079
"Mian_Ashiq_Hussain_Kamyana_Advocate",0.00269911004772079
"Muhammad_Aslam_Miraj",0.00269911004772079
"Muhammad_Athar_Khan_Advocate",0.00269911004772079
"Khan_Zada",0.00269911004772079
"Fida_Mohammad",0.00269689930957595
"Najeebullah_Durrani",0.00269689930957595
"Malik_Haider_Khan",0.00269689930957595
"Sher_Wali",0.00269689930957595
"Sikandar_Hayat_Khan",0.00269689930957594
"Amjad_Ali",0.00269689930957594
"Mian_Abdul_Latif",0.00269689930957594
"Bakhtiar_Ali",0.00269689930957594
"Babar_Ali",0.00200501097707761
"Muhammad_Tahir_Makhdoom",0.00180388435289757
"Molvi_Abdul_Hai",0.00180387001108549
"Muhammad_Arfan_Siddiquei_Advocate",0.00180387001108549
"Abdul_Hai_Sheikh_Qari_Sahab",0.00180387001108548
"Hafiz_Muhammad_Hanif_Usmani",0.00180387001108548
"Hafiz_Orangzaib",0.00180387001108548
"Hakeem_Muhammad_Sadique",0.00180387001108548
"Khwaja_Muhammad",0.00180387001108548
"Molana_Hamid_Ul_Haq_Haqqani",0.00180387001108548
"Muhammad_Ibrahim_Qasmi",0.00180387001108548
"Muhammad_Muhsan_Rahmani",0.00180387001108548
"Qari_Abdul_Majeed_Pitafi",0.00180387001108548
"Qari_Faqir_Mohammad_Hazarvi",0.00180387001108548
"Qazi_Naeem_Akhtar",0.00180387001108548
"Raheem_Bukhsh",0.00180387001108548
"Rehan_Mehmood_Zia",0.00180387001108548
"Fiaz_Ur_Rehman_Siddiqui",0.00180387001108547
"Hafiz_Asim_Makdoom",0.00180387001108547
"Hafiz_Manzoor_Ahmed_Solangi",0.00180387001108547
"Hafiz_Muhammad_Safdar_Qasmi",0.00180387001108547
"Mahar_Ghulam_Shabir",0.00180387001108547
"Maulana_Rasheed_Ahmad",0.00180387001108547
"Maulana_Umar_Farooq_Saddiqui",0.00180387001108547
"Molana_Hidayat_Ullah_Khan_Chishti",0.00180387001108547
"Molana_Muhammad_Bilal_Umer",0.00180387001108547
"Molana_Taj_Muhammad_Hanfi",0.00180387001108547
"Muhammad_Ashiq_Khan",0.00180387001108547
"Muhammad_Aslam_Siddiqui",0.00180387001108547
"Muhammad_Hayat_Muhammad_Hassani",0.00180387001108547
"Muhammad_Iqbal_Jutt",0.00180387001108547
"Muhammad_Naseem_Khan",0.00180387001108547
"Muhammad_Sarwar",0.00180387001108547
"Mulana_Muhammad_Asif_Moavia_Sial",0.00180387001108547
"Qari_Hussain_Ahmad_Shad",0.00180387001108547
"Qazi_Saif_Ullah_Khan",0.00180387001108547
"Rao_Habib_Ur_Rehman",0.00180387001108547
"Rao_Muhammad_Javaid_Iqbal",0.00180387001108547
"Syed_Bahroon_Shah",0.00180387001108547
"Tahir_Aqeel",0.00180387001108547
"Abdul_Hakam",0.00180387001108546
"Abdul_Hanan",0.00180387001108546
"Anus_Bin_Malik",0.00180387001108546
"Asghar_Ali_Abbasi",0.00180387001108546
"Atta_Ullah",0.00180387001108546
"Bashir_Ahmad",0.00180387001108546
"Chand_Faisal",0.00180387001108546
"Faridullah",0.00180387001108546
"Gul_Wazir_Shaheen",0.00180387001108546
"Hafeezullah_Chandio",0.00180387001108546
"Hafiz_Qudratullah_Arif_Khan",0.00180387001108546
"Hafiz_Rana_Muhammad_Usman_Shakar",0.00180387001108546
"Ishtiaq_Ahmad",0.00180387001108546
"Khalifa_Abdul_Qayyum",0.00180387001108546
"Mohammad_Ramzan_Malik_Mdm",0.00180387001108546
"Molana_Iftikhar_Ahmed",0.00180387001108546
"Molana_Muhammad_Ahmad_Ludhianvi",0.00180387001108546
"Mr_ayoub_Chandio",0.00180387001108546
"Muhammad_Basir_Sikhan_Advocate",0.00180387001108546
"Qari_Abdul_Majeed",0.00180387001108546
"Qari_Asghar_Ali",0.00180387001108546
"Syed_Faisal_Hussain_Shah_Gillani",0.00180387001108546
"Syed_Muhammad_Subtain_Shah_Naqvi",0.00180387001108546
"Zaheer_Uddin_Baber",0.00180387001108546
"Hafiz_Mohammad_Akber",0.00180387001108545
"Hakeem_Jameel_Asghar_Khizri",0.00180387001108545
"Molana_Abdul_Waheed",0.00180387001108545
"Zar_Wali_Khan",0.00180387001108545
"Amanullah_Usmani",0.00180387001108544
"Bilal_Ahmed",0.00180387001108544
"Habibullah_Mukhtiar",0.00180387001108544
"Mohammad_Tayyab",0.00180387001108544
"Mollana_Abdul_Kabeer_Shahkir",0.00180387001108544
"Qudratullah_Rajput",0.00180387001108544
"Rana_Hafiz_Abdul_Jabbar_Muavia",0.00180387001108544
"Muhammad_Azhar",0.00177083989400875
"Abdul_Majeed",0.00170218227389328
"Ali_Akbar_Kalhoro",0.00154453489693035
"Aamir_Rasheed",0.00154453489693034
"Allama_Shabbir_Ahmed_Chasti_Nazimi_Off_Sakka",0.00154453489693034
"Arshad_Mehmood",0.00154453489693034
"Basharat_Ali_Gujjar",0.00154453489693034
"Imtiaz",0.00154453489693034
"Mollana_Mohammad_Illyas_Gabool",0.00154453489693034
"Sajid_Mehmood_Qadri",0.00154453489693034
"Shoukat_Ali_Lehri",0.00154453489693034
"Jahangir_Qadri",0.00154453489693034
"Professor_Farooq_Ahmed_Tajra",0.00154453489693034
"Rana_Muhammad_Riaz_Qadri",0.00154453489693034
"Ali_Nawaz_Qasmi",0.00154453489693033
"Hafiz_Gul_Sher",0.00154453489693033
"Matloob_Awan",0.00154453489693033
"Mian_Ghulam_Shabir_Qadri",0.00154453489693033
"Muhammad_Afzal_Qadri",0.00154453489693033
"Muhammad_Ajmal_Umar",0.00154453489693033
"Muhammad_Arif_Mansoori",0.00154453489693033
"Muhammad_Imran_Javaid",0.00154453489693033
"Muhammad_Kaleem",0.00154453489693033
"Rizwan_Ali",0.00154453489693033
"Sajjad_Haider",0.00154453489693033
"Afzal_Ahmad_Gondal",0.00154453489693032
"Allama_Mujhahid_Abdul_Rasool_Khan",0.00154453489693032
"Jhangir_Qadri",0.00154453489693032
"Mahboob_Ali_Sahto",0.00154453489693032
"Malik_Muhammad_Iqbal_Khokhar",0.00154453489693032
"Mohammad_Kashif",0.00154453489693032
"Raza_e_Mustafa",0.00154453489693032
"Hafiz_Malik_Muhammad_Bashir",0.00154453489693032
"Hafiz_Raja_Muhammad_Sana_Ul_Haq",0.00154453489693032
"Muhammad_Jamal_Barket",0.00154453489693032
"Peer_Sayed_Munir_Hussain_Shah_Noori",0.00154453489693032
"Syed_Ahmad_Shah",0.00154453489693032
"Syed_Tawaqal_Hussain_Shah_Bukhari",0.00154453489693032
"Awal_Jan_Mazari",0.00154453489693031
"Muhammad_Murtaza_Rizvi_Wattoo",0.00154453489693031
"Pir_Syed_Mubashar_Hussain_Shah_Shakreelvy",0.00154453489693031
"Rizwan_Qureshi",0.00154453489693031
"Muhammad_Tahir_Qadri",0.00154453489693031
"Mohammad_Younis_Ansari",0.0015445348969303
"Abul_Khair_Mohammad_Zubair",0.00150701973332068
"Malik_Bashir_Ahmad_Nizami",0.00150701973332068
"Badshah_Muain",0.00150701973332068
"Ghulam_Hussain_Farooqi",0.00150701973332068
"Mohammad_Jaffar",0.00150701973332068
"Muhammad_Siddiq_Rathore",0.00150701973332068
"Niaz_Muhammad_Chandio",0.00150701973332068
"Qari_Hafiz_Muhammad_Zawar_Bahadar",0.00150701973332068
"Mehmood_Ahmad",0.00150701973332067
"Molvi_Muhammad_Qasim",0.00150701973332067
"Muhammad_Younus",0.00150701973332067
"Rajab_Ali",0.00150701973332067
"Shad_Mohammad_Khan",0.00150701973332067
"Tauqeer_Ahmed_Bajwa",0.00150701973332067
"Akhtar_Hussain_Gil",0.00150701973332067
"Doctor_Muhammad_Aslam_Javaid_Awan",0.00150701973332067
"Hafiz_Ahmed_Ali_Abbasi",0.00150701973332067
"Hafiz_Munawar_Hussain",0.00150701973332067
"Mirza_Mukhtar_Ali_Khan",0.00150701973332067
"Mufti_Abdul_Shakoor_Rizvi",0.00150701973332067
"Muhammad_Tassaduq_Hussain",0.00150701973332067
"Qazi_Shehzada_Sultan_Ul_Haq",0.00150701973332067
"Rao_Azmat_Ullah_Khan",0.00150701973332067
"Allama_Muhammad_Yaqoob",0.00150701973332066
"Chaudhary_Tariq_Maqsood_Sahi",0.00150701973332066
"Jan_Muhammad_Jat",0.00150701973332066
"Muhammad_Fayaz",0.00150701973332066
"Pir_Muhammad_Saeed_Ahmad_Nuqshbandi",0.00150701973332066
"Pir_Syed",0.00150701973332066
"Rashid_Imran_Khan",0.00150701973332066
"Abu_Khair_Muhammad_Zubair",0.00150701973332065
"Hafiz_Saeed_Ahmed",0.00150701973332065
"Khalid_Mahmood_Akhtar_Jajja",0.00150701973332065
"Muhammad_Sajjad_Ali_Hamdi",0.00150701973332065
"Shah_Muhammad_Owais_Noorani",0.00150701973332065
"Wahid_Ali_Naqshband",0.00150701973332065
"Mir_Maqbool_Ahmed_Khosa",0.00150701973332065
"Molana_Miraj_Ud_Din_Sirkani",0.00150701973332065
"Muhammad_Awais_Siddiqi",0.00150701973332065
"Seikh_Muhammad_Akram",0.00150701973332065
"Rana_Umar_Nazir_Ahmad_Khan",0.0014873982446637
"Nawabzada_Talal_Akbar_Bugti",0.0014873982446637
"Gul_Muhammad",0.0014873982446637
"Nawabzada_Talal_Akbar_Bughti",0.0014873982446637
"Shah_Wali",0.0014873982446637
"Talal_Akbar_Bugti",0.0014873982446637
"Muhammad_Farooq_Rajput",0.00148739824466369
"Nawabzada_Shazain_Bugti",0.00148739824466369
"Sardar_Zia_Ul_Haq",0.00148739824466369
"Faiza_Bibi_Rasheed",0.00142684774084581
"Naseeb_Zaman",0.00142684774084581
"Muhammad_Rashid",0.00141611198218017
"Ch_Dilbar_Hussain_Ghaffari",0.00141611198218017
"Muhammad_Nasrullah_Arain",0.00141611198218017
"Zafar_Ahmed_Ghori",0.00141611198218017
"Abdul_Razaque",0.00141611198218017
"Chaudhary_Muhammad_Iqbal_Gujjar",0.00141611198218017
"Syed_Rehan_Ali",0.00141611198218017
"Gulana_Bibi",0.00141611198218016
"Mahboob_Aftab_Khan",0.00141611198218016
"Nawab_Imran_Khan_Khilji",0.00141611198218016
"Syed_Mustafsir_Hussain_Bukhari",0.00141611198218016
"Abdul_Khaliq_Shamas",0.00141611198218016
"Kanwar_Aamir_Sami",0.00141611198218016
"Muhammad_Usama_Nawaz",0.00141611198218016
"Sheikh_Rashid_Ahmed",0.00141611198218016
"Begum_Shahmeem_Arshad_Minhas",0.00141611198218016
"Jahanzaib_Baloch",0.0013941446484565
"Muhammad_Akhtar_Mengal",0.0013941446484565
"Zahid_Hussain",0.0013941446484565
"Gaman_Khan",0.0013941446484565
"Haq_Nawaz_Buzdar",0.0013941446484565
"Muhammad_Akhter_Mengal",0.0013941446484565
"Shair_Afgan",0.0013941446484565
"Syed_Ahsan_Shah",0.0013941446484565
"Agha_Hassan_Baloch_Advocate",0.00139414464845649
"Mohammad_Qasim_Roonjho",0.00139414464845649
"Naib_Faqeer_Muhammad_Zahri",0.00139414464845649
"Ghulam_Hadiar",0.00139414464845649
"Muhamamd_Akhtar_Mengal",0.00139414464845649
"Muhammad_Hashim",0.00139414464845649
"Nawabzada_Aurangzeb_Jogezai",0.00139414464845649
"Maqbool_Ahmed_Lehri",0.00139414464845649
"Sayed_Essa_Nori",0.00139414464845649
"Khuda_Bukhsh",0.00139414464845649
"Malik_Naveed_Dehwar",0.00139414464845649
"Mir_Abdul_Ghafoor_Mengal",0.00139414464845648
"Mir_Abdul_Rauf_Mengal",0.00139414464845648
"Wadera_Gulzar_Khan",0.00139414464845648
"Haji_Noor_Muhammad_Shahwani",0.00139414464845648
"Essa_Khan",0.00135966976194735
"Hakeem_Khan",0.00135966976194735
"Gul_Meer_Khan",0.00135966976194735
"Gulab_Khan",0.00135966976194735
"Gull_Meer_Khan",0.00135966976194735
"Mirza_Zaheer_Ahmed_Babar",0.00133566825956534
"Raja_Muhammad_Aftab_Satti",0.00133566825956534
"Asia_Chudhary",0.00133566825956534
"Hizbullah",0.000367389458072022
"Habib_Ur_Rehman",0.000356008863000474
"Khalil_Ur_Rehman",0.000338492799519933
"Syed_Ali_Hussain",0.000270484282277953
"Noureen_Iqbal",0.000266309719592626
"Jairam_Das",0.000266309719592623
"Bukhtiyar_Ali",0.000266309719592618
"Muhammad_Anwar_Azeem_Khan",0.000266309719592615
"Muhammad_Hashim_Dogar",0.000266309719592615
"Rana_Nazeer_Ahmad_Khan",0.000266309719592615
"Aiman_Javed",0.000266309719592612
"Ghulam_Sarwar",0.000266309719592612
"Malik_Muhammad_Ahmad_Langrial",0.000266309719592612
"Muhammad_Aon_Saqlain",0.000266309719592609
"Rasheed_Ahmed",0.000266309719592609
"Tariq_Mehmood_Qadri",0.000266309719592609
"Jalil_Ahmad_Khan",0.000266309719592607
"Mahmood_Baqi_Molvi",0.000266309719592607
"Nargis_Jabeen",0.000266309719592607
"Sharjeel_Mir",0.000266309719592607
"Zunaira_Rehman",0.000266309719592607
"Muhammad_Ayaz_Khan_Niazi",0.000266309719592604
"Firdous_Ashiq_Awan",0.000266309719592601
"Mir_Faiz_Ahmad",0.000266309719592601
"Fayyaz_Ahmed_Tabassum",0.000248241162255029
"Sohail_Babar",0.000248241162255029
"Muhammad_Anwar_Abbasi",0.000248241162255024
"Muhammad_Aziz",0.000248241162255024
"Salwat_Shahzad_Khan",0.000248241162255024
"Ali_Hassan",0.000248241162255018
"Aman_Ullah",0.000248241162255018
"Latif_Ahmed_Hussain",0.000248241162255018
"Mudassar_Hussain_Shah",0.000248241162255018
"Muhammad_Ayoub_Butt",0.000248241162255018
"Muhammad_Ijaz_Arshad",0.000248241162255018
"Muhammad_Nadeem",0.000248241162255018
"Muhammad_Shahzad",0.000248241162255018
"Muhammad_Usman",0.000248241162255018
"Mujahid_Mahmood",0.000248241162255018
"Sardar_Muhammad_Mansoor_Khan",0.000248241162255018
"Shafique_Ahmad",0.000248241162255018
"Ahmad_Ikhwan",0.000248241162255013
"Amjad_Arbab_Abbasi",0.000248241162255013
"Haji_Fateh_Din",0.000248241162255013
"Muhammad_Naveed_Akhtar",0.000248241162255013
"Naseer_Khan",0.000248241162255013
"Pervaiz_Iqbal_Virk",0.000248241162255013
"Asjad_Hussain",0.000248241162255007
"Mian_Muhammad_Raza",0.000248241162255007
"Mian_Noor_Ahmad",0.000248241162255007
"Mubashir_Hussain",0.000248241162255007
"Muhammad_Rafi",0.000248241162255007
"Naveed_Akram",0.000248241162255007
"Muhammad_Khalil",0.000248241162255002
"Muhammad_Amir_Awan",0.000248241162254996
"Muhammad_Asif_Sulehria",0.000248241162254996
"Raja_Amir_Rasheed",0.000203959737439875
"Jawaid_Ahmed_Khan",0.000203959737439864
"Malik_Muhammad_Siddique_Advocate",0.000203959737439864
"Rana_Arshad_Saeed_Khan",0.000203959737439864
"Ashar_Jahangir",0.000203959737439853
"Ch__Muhamamd_Ilyas",0.000203959737439853
"Khalid_Ibrar",0.000203959737439853
"Malik_Azhar_Mehmood",0.000203959737439853
"Malik_Fakhar_Iqbal_Wattoo",0.000203959737439853
"Mirza_Bilal_Baig",0.000203959737439853
"Muhammad_Asim_Ishtiaq",0.000203959737439853
"Muhammad_Ghufran_Rajput",0.000203959737439853
"Riaz_Ahmad",0.000203959737439853
"Riaz_Hussain_Sewag",0.000203959737439853
"Saqlain_Abbas_Bangash",0.000203959737439853
"Shafiur_Rahman",0.000203959737439853
"Shaheen_Munawer",0.000203959737439853
"Syed_Marghoob_Hussain_Abdi",0.000203959737439853
"Akhtar_Nawaz_Faisal_Daryana",0.000203959737439842
"Amoon_Pasha",0.000203959737439842
"Arshad_Ali",0.000203959737439842
"Ch_Ghulam_Dastageer",0.000203959737439842
"Ghulam_Qadir_Bajwa",0.000203959737439842
"Makhdeem_Syed_Zahid_Hussain",0.000203959737439842
"Makhodzada_Syed_Hasan_Raza_Gillini",0.000203959737439842
"Mashood_Ahsan_Gill",0.000203959737439842
"Mian_Nadeem_Ahmed_Saleemi",0.000203959737439842
"Mohammad_Sharif_Rind",0.000203959737439842
"Muhammad_Khaliq_Siddique",0.000203959737439842
"Muhammad_Naseer",0.000203959737439842
"Muhammad_Sharif_Noori",0.000203959737439842
"Nasar_Ullah_Khan_Jarral",0.000203959737439842
"Paras_Shah",0.000203959737439842
"Qasim_Ali",0.000203959737439842
"Sahibzada_Ahmed_Raza_Khan_Qasoori",0.000203959737439842
"Saira_Goga_Daughter_of_Goga_Pehalwan",0.000203959737439842
"Sarmir_Khan",0.000203959737439842
"Syed_Naveed_Ali_Shah",0.000203959737439842
"Syed_Sajjad_Hussain_Shah_Kazmi",0.000203959737439842
"Syed_Zakir_Shah",0.000203959737439842
"Asghar_Abbas",0.000203959737439831
"Chaudhary_Tanveer_Ahmed_Advocate",0.000203959737439831
"Choudhry_Gulzar_Hussain_Gohar_Advocate",0.000203959737439831
"Dilshad_Rind",0.000203959737439831
"Farid_Ullah_Bazai",0.000203959737439831
"Haji_Rashid_Ahmed_Khan_Rana",0.000203959737439831
"Malik_Nisar_Ahmad_Thind",0.000203959737439831
"Malik_Zia_Ul_Haque_Tiwana",0.000203959737439831
"Muhammad_Nisar_Butt",0.000203959737439831
"Mushtaq_Ahmed_Khan_Mughal",0.000203959737439831
"Nadir_Khan",0.000203959737439831
"Qaiser_Nawaz_Khan_Babar",0.000203959737439831
"Sardar_Ghulam_Mustafa",0.000203959737439831
"Shoaib_Khaskhali",0.000203959737439831
"Syed_Adnan_Haider_Jafri",0.000203959737439831
"Syed_Ali_Abbas_Kazmi",0.000203959737439831
"Syed_Imran_Sultan",0.000203959737439831
"Yar_Badshah",0.000203959737439831
"Iftikhar_Ud_Din",0.00020395973743982
"Israr_Ahmad_Chishti_Advocate",0.00020395973743982
"Malik_Shamriz_Awan",0.00020395973743982
"Muhammad_Zeb",0.00020395973743982
"Saradar_Sikandar_Hayat_Khan_Goopang",0.00020395973743982
"Tayyaba_Zameer",0.00020395973743982
"Waheed_Depal",0.00020395973743982
"Malik_Hamid_Mehmood",0.000203959737439809
"Malik_Muhammad_Iqbal_Jora",0.000203959737439809
"Waseem_Akhter_Raja",0.000203959737439809
"Haji_Muhamad_Azeem",0.000189716323682619
"Mir_Mujeeb_Rahman_Shahwani",0.000189716323682617
"Abdul_Rauf_Rind",0.000189716323682614
"Gulam_Farooq",0.000189716323682614
"Mir_Muhammad_Khan_Chandio",0.000189716323682614
"Muhammad_Arif_Badini",0.000189716323682614
"Noor_Ahmed_Adil",0.000189716323682614
"Ghulam_Farooq",0.000189716323682611
"Mir_Ali_Akbar",0.000189716323682611
"Muhammad_Hanif_Baloch",0.000189716323682611
"Noor_Ahmed_Umrani",0.000189716323682611
"Sayed_Akber_Shah",0.000189716323682611
"Yaqoob_Bizenjo_",0.000189716323682611
"Mir_Muhammad_Shoaib_Baloch",0.000189716323682608
"Muhammad_Qayyum_Baluch",0.000189716323682608
"Mir_Ali_Nawaz_Talpur",0.000181499863901245
"Shaista_Ameer",0.000181498057575389
"Kausar_Fatima_Zaidi",0.000181498057575384
"Mir_Hussain_Bakhash_Talpur",0.000181498057575384
"Muhammad_Faisal",0.000181498057575381
"Saira_Bano",0.000181498057575378
"m_Khan_Junejo",0.000181498057575375
"Muhammad_Mushtaq_Ahmed",0.000181498057575375
"Syed_Munir_Hyder_Shah",0.000181498057575375
"Syed_Mushtaq_Hussain",0.000181498057575375
"Arbab_Ghulam_Rahim",0.000181498057575373
"Liaquat_Ali_Jatoi",0.000181498057575373
"Rahila_Magsi",0.000181498057575373
"Safdar_Ali_Abbasi",0.000181498057575373
"Shaheena",0.000181498057575373
"Shumaila",0.000181498057575373
"Syed_Zainulabdin",0.000181498057575373
"Umair_Naeem",0.000181498057575373
"Muhammad_Hassam_Mirza",0.00018149805757537
"Pir_Sadar_Uddin_Shah",0.00018149805757537
"Aurangzaib_Khan",0.000181498057575367
"Ghullam_Murtaza_Khan_Jatoi",0.000181498057575367
"Dilawar_Gulzar",0.000181498057575364
"Shaheen_Khan",0.000181498057575364
"Mehmood_Khan_Achakzai",0.000175406098904089
"Hameed_Ghazi_Dogar",0.000168708894312466
"Basharat_Ali_Khan_Advocate",0.000168708894312464
"Muhammad_Haseeb",0.000168708894312464
"Qari_Fateh_Khan",0.000168708894312464
"Muhammad_Anwar_Ali",0.000168708894312461
"Saeed_Ahmed_Zafar",0.000168708894312461
"Allah_Rakha_Waseem",0.000168708894312458
"Haji_Rana_Sharafat_Ali_Qadri",0.000168708894312458
"Mofti_Mohammad_Hayat_Qadri",0.000168708894312458
"Muhammad_Sarfraz_Akbar",0.000168708894312458
"Rana_Muhammad_Irfan",0.000168708894312458
"Sardar_Mulana_Muhammad_Wazeer_Ul_Qadri",0.000168708894312458
"Tariq_Mehboob",0.000168708894312458
"Malik_Muhammad_Siddique_Khokhar",0.000168708894312453
"Jamal_Khan",0.000166793039130396
"Muhammad_Akram_Tareen",0.000166793039130395
"Nawab_Muhammad_Ayaz_Khan_Jogezai",0.000166793039130395
"Muhammad_Rahim",0.000166793039130393
"Riaz_Mahammad_Yousafzai",0.000166793039130393
"Palwasha_Ramzan",0.000166793039130392
"Abdul_Rab",0.00016679303913039
"Ehsan_Bari_Mian_Doctor_Sahib",0.000163946220006329
"Molana_Shujah-Ul-Mulk",0.000163946220006329
"Molvi_Fateh_Mohammad_Maheri",0.000163946220006318
"Aslam_Katchela",0.000163946220006307
"Hafiz_Muhammad_Ejaz-Ul-Haq_Ch_",0.000163946220006307
"Moulana_Siddique_Mughari",0.000163946220006307
"Rehmatullah_Tunsuwani",0.000163946220006307
"Sahibzada_Abul_Khair_Muhammad_Zubair",0.000163946220006307
"Attaullah_Khoso",0.000163946220006296
"Aziz_Ud_Din",0.000163946220006296
"Dr__Abid_Rauf_Orakzai",0.000163946220006296
"Hafiz_Muhammad_Nadeem",0.000163946220006296
"Maulana_Malik_Muhammad_Khan_Sherani",0.000163946220006296
"Molana_Abdul_Ghafoor_Hyderi_",0.000163946220006296
"Molana_Abdul_Hai",0.000163946220006296
"Molana_Fazal_Azim",0.000163946220006296
"Mufti_Ajmal_Khan",0.000163946220006296
"Mufti_Fazal-Ur-Rehman_Nasir_",0.000163946220006296
"Mufti_Hafiz_Muhammad_Usman",0.000163946220006296
"Muhammad_Faiz-Ur-Rehman",0.000163946220006296
"Muhammad_Riaz_Noori",0.000163946220006296
"Qari_Muhammad_Zawar_Bahadur__Retired_",0.000163946220006296
"Saleemullah_Khan_Tarak",0.000163946220006296
"Saqib_Rehman_",0.000163946220006296
"Shabbir_Abu_Talib",0.000163946220006296
"Abdul_Moeen_Qureshi",0.000163946220006285
"Hafiz_Abdul_Razaq_Parhyar",0.000163946220006285
"Hafiz_Muhammad_Hanif_Zafar__Advocate_",0.000163946220006285
"Haji_Abdul_Jalil_Jan",0.000163946220006285
"Imdad_Hussain_Pitafi",0.000163946220006285
"Manzoor_Ahmed_Soomro",0.000163946220006285
"Maulana_Rehmat_Ullah",0.000163946220006285
"Mohammad_Hafizur_Rehman",0.000163946220006285
"Molvi_Karimdad",0.000163946220006285
"Prof__Abdul_Rehman_Ludhanvi",0.000163946220006285
"Qari_Muhammad_Usman",0.000163946220006285
"Qari_Muhammad_Zawar_Bahadur",0.000163946220006285
"Syed_Muhammad_Ayoub_",0.000163946220006285
"Abdul_Aziz_Khan_Khilji_Advocate",0.000163946220006274
"Dr__Abdul_Rehman_Shakir",0.000163946220006274
"Hafiz_Muhammad_Ibrahim_Soomro",0.000163946220006274
"Hafiz_Saeed_Ahmad",0.000163946220006274
"Ibrahim_Rais_Advocate",0.000163946220006274
"Iftikhar_Ahmed_Haqqani",0.000163946220006274
"Kari_Abdul_Rasheed_Awan__Retired_",0.000163946220006274
"Maulana_Zahoor_Ahmad_Ranjha",0.000163946220006274
"Molana_Abdul_Ghafoor_Qasimi",0.000163946220006274
"Molvi_Attaullah",0.000163946220006274
"Moulana_Abdul_Razaque_Abid_Lakho_",0.000163946220006274
"Mufti_Muhammad_Sajjad",0.000163946220006274
"Mufti_Muhammad_Younas",0.000163946220006274
"Muhammad_Akram_Abbasi",0.000163946220006274
"Muhammad_Ilyas_Siddique_Advocate",0.000163946220006274
"Muhammad_Ramzan_Phulpoto",0.000163946220006274
"Professor_Raja_Aurangzeb_Khan",0.000163946220006274
"Qari_Syed_Abdul_Rahim_Shah",0.000163946220006274
"Raja_Ishtiaq_Ahmed",0.000163946220006274
"Rauy_Bashir_Ahmad",0.000163946220006274
"Said_Mukhtar_Ahmed",0.000163946220006274
"Anwar_Ul_Habib",0.000163946220006263
"Doctor_Muhammad_Khalid_Raza_Pir_Zakori_Sharif",0.000163946220006263
"Ghulam_Kibriya_Rizwan__G_k__Rizwan_Advocate_",0.000163946220006263
"Hafiz_Sana_Ullah",0.000163946220006263
"Iftikhar_Ahmed_Haqani",0.000163946220006263
"Khawja_Ghulam_Nizam_Ud_Din",0.000163946220006263
"Maulana_Atta-Ul-Haq",0.000163946220006263
"Maulana_Nisar_Khan",0.000163946220006263
"Mir_Wali",0.000163946220006263
"Molvi_Agha_Muhammad",0.000163946220006263
"Molvi_Muhammad_Idrees_Soomro",0.000163946220006263
"Moulana_Abdul_Samad_Shahwani___r_",0.000163946220006263
"Moulanataj_Muhammad_Nahiyon",0.000163946220006263
"Sahibzada_Khalid_Jan",0.000163946220006263
"Sibghatullah_Chuadhry",0.000163946220006263
"Abdullah_Shaikh",0.000163946220006252
"Allama_Doctor_Muhammad_Anees_Rohani",0.000163946220006252
"Hafiz_Muhammad_Idrees",0.000163946220006252
"Haji_Rozuddin",0.000163946220006252
"Malik_Faiz_Muhammad_Adovocate",0.000163946220006252
"Maulana_Sadiq_Ahmad",0.000163946220006252
"Molvi_Muhammad_Jehangir_Khan",0.000163946220006252
"Molvi_Qamar-Ud-Din",0.000163946220006252
"Mr__Mufti_Wali_Muhammad",0.000163946220006252
"Mufti_Abdul_Nabi_Langah",0.000163946220006252
"Mufti_Muhammad_Hanif_Khoso",0.000163946220006252
"Muhammad_Idrees_Haqani",0.000163946220006252
"Muhammad_Rab_Nawaz",0.000163946220006252
"Muhammad_Zubair_Kayani",0.000163946220006252
"Hidayat-Ur-Rehman",0.000163946220006241
"Molvi_Faizullah",0.000163946220006241
"Mufti_Ahtisham-Ul-Haq_Asia_Abadi",0.000163946220006241
"Muhammad_Siddique_Rathor",0.000163946220006241
"Qazi_Fazal_Ullah",0.000163946220006241
"Qazi_Hameed_Ullah_Khan",0.000163946220006241
"Syed_Abdul_Salam_Hassan_Raza_Naqvi",0.000163946220006241
"Abdul_Aziz_Baloch",0.00016394622000623
"Maulana_Mohammad_Qasim",0.00016394622000623
"Moulana_Abdul_Karim_Abid",0.00016394622000623
"Moulana_Muhammad_Zahid_Anwar",0.00016394622000623
"Mufti_Ali_Hassan_Buriro_",0.000163946220006219
"Qari_Muhammad_Yousaf",0.000163946220006219
"Atif_Atta",0.000161518266946241
"Aziz_Ul_Islam",0.00016151826694624
"Javed_Sharif",0.00016151826694624
"Abdul_Kareem_Khetran",0.000156691274839393
"Haji_Musa_Jan_Khilji",0.000156691274839393
"Mir_Muhammad_Ayoub_Jattak",0.000156691274839393
"Mmad_Yasin_Baloch",0.000156691274839393
"Sardar_Kamal_Khan_Bangulzai",0.000156691274839393
"Sardar_Sanaullah_Zehri_",0.000156691274839393
"Abdul_Khaliq_Baloch",0.000156691274839391
"Yar_Muhammad_Bangulzai",0.000156691274839391
"Dr_Abdul_Hayee_Baloch",0.000156691274839389
"Bahri_Room",0.000132857631900723
"Shah_Zia_Udin_Khan",9.46246756560467e-05
"Muhammad_Jahangir_Malik",9.46246756560457e-05
"Abdul_Shakoor",9.28380267548742e-05
"Rahmaan_Alli",9.28376587403648e-05
"Syed_Iqbal_Shah",9.28376587403648e-05
"Asghar_Ali_Javed",9.2837658740362e-05
"Muhammad_Salman_Ansari",9.2837658740362e-05
"Syed_Rashid_Ali_Gerdazi",9.2837658740362e-05
"Hafiz_Muhammad_Abid_Khan_Saeedi",9.28376587403593e-05
"Nazar_Ali_Mazari",9.28376587403566e-05
"Admiral_r_Javed_Iqbal",9.28376587403538e-05
"Ameer_Ahmad_Awan",9.28376587403538e-05
"Choudhary_Muhammad_Rafi",9.28376587403538e-05
"Tariq_Yaseen",9.28376587403538e-05
"Admiral_r_Javaid_Iqbal",9.28376587403511e-05
"Khalid_Jamal_Siddiqui",9.28376587403511e-05
"Nasir_Raheem",9.28376587403511e-05
"Syed_Ahmed_Ali",9.28376587403511e-05
"Himmat_Ali",9.08743859835509e-05
"Khuwaja_Tariq_Sarfaraz",8.81445646697839e-05
"Shahid_Naeem_Advocate",8.81445646697839e-05
"Riaz_Shahid_Khan_Punian_Advocate",8.81445646697826e-05
"Syed_Muhammad_Abbas",8.81445646697805e-05
"Abdul_Khalique",7.62574024201515e-05
"Ijaz_Hussain",7.62574024201501e-05
"Phaleen",7.62574024201501e-05
"Yar_Muhammad",7.62574024201501e-05
"Sabira_Asad",7.62574024201487e-05
"m_Naeem",7.62574024201473e-05
"Mir_Kabeer_Ahmed",7.62574024201473e-05
"Muhammad_Hussain_Wattoo",7.62574024201473e-05
"Yasar_Altaf_Rana",7.62574024201446e-05
"Yasmeen_Bibi_Lehri",7.62574024201446e-05
"Faiza_Rafique",7.62574024201405e-05
"Jawad_Aziz",7.26215826920435e-05
"M_iqbal_Haider",7.26215826920435e-05
"Molvi_Iqbal_Haider_Advocate",7.26215826920435e-05
"Moulvi_Iqbal_Haider",7.26215826920421e-05
"Waleed_Ahmad",7.03407985114021e-05
"Zahid_Iqbal",7.03407985114018e-05
"Muhammad_Ebrahim_Ali",5.89046978759061e-05
"Sohail_Wahab",5.89046978759027e-05
"Badshah_Rawan",5.8904697875902e-05
"Mohsin_Faraz",5.89046978758992e-05
"Muhammad_Shakeel_Tahir",5.70971385241421e-05
"Mian_Ghulam_Rasool_Advocate",5.70971385241366e-05
"Rai_Muhammad_Nawaz_Kharal_Advocate",5.70971385241366e-05
"Malik_Mansaf_Awan_Advocate",5.70971385241353e-05
"Muhammad_Arshad_Faqir",5.70971385241353e-05
"Zafar_Iqbal_Rajput_Khokhar",5.70971385241353e-05
"Ch_Ijaz_Hussain_Gujjar_Advocate",5.70971385241339e-05
"Ch_Muhammad_Majeed_Gill_Advocate",5.70971385241325e-05
"Qari_Nadeem_Ahmad_Owaisi",5.70971385241325e-05
"Muhammad_Naeem_Kashif_Adv",5.70971385241311e-05
"Chudhary_Ghulam_Rasool_Mehr",5.70971385241298e-05
"Malik_Noor_Muhammad_Sarfraz_Awan_Advocate",5.70971385241284e-05
"Mozaffer_Ali",5.15976744642854e-05
"Asif_Mamon",5.15976744642841e-05
"Chaudhary_Muhammad_Younas_Hanjra",5.15976744642827e-05
"Muhammad_Ahmad_Chatha",5.15976744642827e-05
"Syed_Ghulam_Abbas_Shah",5.15976744642827e-05
"Choudhary_Amjad_Mehmood",5.15976744642813e-05
"Fozia_Ashraf",5.15976744642813e-05
"Imran_Ahmad_Khan",5.15976744642813e-05
"Muhammad_Fiaz_Qadri",5.15976744642813e-05
"Syed_Safdar_Ali",5.159767446428e-05
"Adil_Farooq_Khan",5.15976744642786e-05
"Ijaz_Ahmed_Cheena",5.15976744642772e-05
"Muhammad_Mutahar_Ramzan",5.15976744642758e-05
"Saleem_Abbas",4.69542366981044e-05
"Khalil_Ahmed",4.69539571105693e-05
"Syed_Arif_Raza_Zaidi",4.35351361036993e-05
"Arbab_Liaquat_Ali",4.35351361036972e-05
"Mohsin_Sajjad_Utraa",4.35351361036972e-05
"Syeda_Zainab_Kazmi",4.35351361036972e-05
"Jaffar_Ali",4.35351361036965e-05
"Muntazir_Mehdi",4.35351361036965e-05
"Ruqia_Sultana",4.35351361036958e-05
"Bakhtiar_Ahmed_Maitlo",3.18774435850092e-05
"Sarfraz_Ahmed_Chandio",3.18774435850092e-05
"Muhammad_Farooq_Ali",3.18774435850078e-05
"Muhammad_Sarwar_Bin_Pakistan",3.18774435850078e-05
"Aurang_Sher",3.18774435850065e-05
"Dr_Babur_Zaheer_Uddin",3.18774435850065e-05
"Muhammad_Yousuf_Nawaz",3.18774435850065e-05
"Abdul_Nazeer",3.18774435850051e-05
"Azmat_Ali",3.14691341327558e-05
"Syed_Mazhar_Ali",3.14691341327555e-05
"Muhammad_Sohail_Akhter",2.94590832568984e-05
"Malik_Jahanzaib_Waran",2.94590832568971e-05
"Muhammad_Jan_Mohmand",2.94590832568971e-05
"Malik_Abdul_Rasheed",2.94590832568964e-05
"Mirza_Asif_Baig",2.94590832568964e-05
"Aftab_Khurram",2.94590832568943e-05
"Syed_Muhammad_Shakeel_Ali_Shah",2.94590832568936e-05
"Khalid_Hussain_Magsi",2.61478520970323e-05
"Qadha_Babar",2.61478520970309e-05
"Bahi_Khan",2.61478520970296e-05
"Mir_Shah_Jahan_Khan_Khetran",2.61478520970296e-05
"Prince_Ahmed_Omar_Ahmedzai",2.61478520970296e-05
"Rubina_Irfan",2.61478520970282e-05
"Jasim",2.61478520970241e-05
"Syed_Abdul_Karim",2.61478520970241e-05
"Ali_Muhammad",2.57767564686332e-05
"Zaeem_Ud_Din_Abid",2.57767564686325e-05
"Masood_Ahmed",2.57767564686321e-05
"Muhammad_Khan",1.93198432590793e-05
"Syed_Nadeem_Shah",1.81944151369196e-05
"Muhammad_Asghar_Khan",1.81944151369183e-05
"Aimal_Nasir_Khan",1.81944151369176e-05
"Mohsin_Javed",1.81944151369176e-05
"Ahmad_Jaan",1.81944151369155e-05
"Amir_Shehzad",1.81173536912128e-05
"Muhammad_Zia_Khan",1.81173536912121e-05
"Akbar_Khan",1.35256473843509e-05
"Haji_Muhammad_Umar",1.35256473843509e-05
"Masood_Ahmed_Saeed",1.35256473843481e-05
"Muhamamd_Ibrar",1.35256473843481e-05
"Sami_Ullah_Luni",1.35256473843481e-05
"Dr_Siraj_Ud_Din",1.35256473843467e-05
"Nasir_Mahmood_Chaudhry",1.35256473843467e-05
"Ahmad_Raza",1.3525647384344e-05
"Khalil_Saeed",1.3525647384344e-05
"Farooq_Ahmad",1.35256473843413e-05
"Irshad_Alam_Khan",1.35256473843413e-05
"Abdul_Ghaffar_Khan_Mohmand",1.35256473843399e-05
"Arslan_Khan_Manj",1.35231377820639e-05
"Muhammad_Ali_Khan_Yousafzai",1.35231377820639e-05
"Mirza_Tariq_Mehmood",1.35231377820632e-05
"Muhammad_Amin_Watoo",1.35231377820632e-05
"Munir_Ahmad_Zafar",1.33262283875557e-05
"Muhammad_Lateef_Lajpal_Sial",1.33262283875546e-05
"Mr_zulfiquar_Ali_Khoso__Retired_",1.33262283875543e-05
"Muhammad_Tasadduq",1.09568874539853e-05
"Fathe_Muhammad",1.09568874539839e-05
"Hussain_Ahmed_Madni",1.09568874539839e-05
"Saddam_Ul_Haq",1.09568874539839e-05
"Noor_Alam",1.09568874539825e-05
"Zia_Ur_Rehman_Amazai",1.09568874539825e-05
"Fakhar_Ul_Din",1.09568874539812e-05
"Ghazanfar_Aziz",1.09568874539812e-05
"Muhammad_Ijaz_Ul_Haq",1.08641811396419e-05
"Mian_Abu_Bakar_Hamza",1.08640730169606e-05
"Sheikh_Rashid_Shafiq",1.08487564270396e-05
"Noor_Ullah_Tareen",8.85649665993863e-06
"Rafi_Ullah",8.85649665993863e-06
"Zia_Watan_Dost",8.85649665993863e-06
"Akhtar_Shah_Kudezai",8.85649665993039e-06
"Ikram_Ul_Haq_Khan",8.85649665993039e-06
"Khurshid_Ali",8.85649665993039e-06
"Mohammad_Usman",8.85649665993039e-06
"Muhammad_Bakhsh_Mengal",8.85649665993039e-06
"Muhammad_Mukhtiar",8.85649665993039e-06
"Burhan_Ul_Din",8.85649665992764e-06
"Dr__Abdullah_Khan",8.85649665992764e-06
"Mohammad_Nawaz_Khan",8.85649665992764e-06
"Haji_Muhammad_Barki",8.8564966599249e-06
"Abdul_Razzaq_Achakzai",8.85649665992215e-06
"Abdul_Qadir_Khan_Wadan",8.8564966599194e-06
"Abdul_Rahim_Mandokhail",8.8564966599194e-06
"Ahmed_Jan_Khan",8.8564966599194e-06
"Jan_Dad_Khan",8.8564966599194e-06
"Raza_Mohammad_Raza",8.8564966599194e-06
"Saleem_Khan_Kakar",8.8564966599194e-06
"Main_Asmatullah_Shah",8.85649665991666e-06
"Murad_Ali",8.85649665991666e-06
"Zameen_Dad_Shah",8.85649665991666e-06
"Malik_Khaliq_Dad",8.85649665991391e-06
"Syed_Muhammad_Yousuf_Agha",8.85649665991391e-06
"Muhammad_Essa_Roshan",8.85649665991116e-06
"Zia_Ul_Haq",5.82135693429398e-06
"Eid_Muhammad",5.8213569342933e-06
"Abul_Salam",5.82135693429192e-06
"Mirza_Hussain",5.50143952240071e-06
"Molana_Moula_Bux_Murtazai",4.55482662436245e-06
"Rasool_Bux_Shah",4.55482662435421e-06
"Muhammad_Sarwer",4.55482662435146e-06
"Syed_Muhammad_Hassan_Zaidi",4.55482662435146e-06
"Muhammad_Hussain_Karimi",4.55482662434871e-06
"Darban_Ali_Jaffry",4.55482662434597e-06
"Mukhtar_Ahmed_Chandio",4.55482662434597e-06
"Syed_Asghar_Abbas_Zaidi",4.55482662434597e-06
"Syed_Basheer_Ahmed_Shah_Naqvi",4.55482662434597e-06
"Hakeem_Muhammad_Tufail",4.55482662434322e-06
"Hakeem_Syed_Jaffar_Hussain_Bukhari",4.55482662434322e-06
"Zaheer_Abass_Hajano",4.55482662434322e-06
"Abdullah_Mangi",4.55482662434047e-06
"Aijaz_Ahmed_Sanjrani",4.55482662434047e-06
"Allama_Muhammad_Hasnain_Arif",4.55482662434047e-06
"Ghulam_Hussain",4.55482662434047e-06
"Khair_Mohammad",4.55482662434047e-06
"Khuwaja_Aftab_Ali_Jaafri",4.55482662433772e-06
"Muhammad_Askari_Ul_Hidayat",4.55482662433772e-06
"Asghar_Ali_Mubarik",4.55482662433498e-06
"Ehsan_Ullah_Khan_Baluch",4.55482662433498e-06
"Shumaila_Bibi",4.55482662433498e-06
"Muhammad_Ismail_Jaffery",4.55482662433223e-06
"Maqsood_Ali_Domki",4.55482662432948e-06
"Doctor_Muhammad_Rashid_Qammar",4.51508577204975e-06
"Sufi_Muhammad_Ali_Naqshbandi",4.51508577204975e-06
"Muhammad_Arshad_Hussain_Chishti",4.51508577204838e-06
"Sardar_Naseer_Ahmed",4.51508577204838e-06
"Alhaaj_Choudhry_Zulfiqar_Ali",4.03259586174585e-06
"Raziq_Dad",3.79992958398254e-06
"Zaheer_Ud_Din_Bader",2.55035671026001e-06
"Bakht_Zar",2.55035671025932e-06
"Muhammad_Asad_Thaniwi_",2.55035671025863e-06
"Rana_Zia_Ahmed_Farooqi_Advocate",2.55035671025863e-06
"Ghulam_Rasool_Khan_Jatoi",2.56970332430898e-07
"Rais_Ghulam_Murtaza_Jatoi",2.56970332430211e-07
"Muhammad_Ibrahim_Jatoi",2.56970332428838e-07
"Abdul_Mujeeb_Pirzada",2.56970332427464e-07
"Ghulam_Murtaza_Khan_Jatoi",2.56970332427464e-07
"Asadullah_Khan",2.49757125199647e-07
"Nasrullah_Khan_Barech",2.49757125198273e-07
"Malik_Zada",2.497571251969e-07
"Muhammad_Mukhtar",2.49757125192779e-07
"Mehar_Ullah",2.49757125191406e-07
"Noor_Gul_Khan",2.49757125190033e-07
"Parveen_Usman",2.49757125190033e-07
"Khushal_Khan_Kakar",2.49757125187286e-07
"Muhammad_Essa_Achakzai",2.49757125187286e-07
"Muhammad_Mumtaz",1.30885593754332e-07
"Zaffar_Iqbal_Gurmani",1.30885593753302e-07
"Rasheed_Ahmad_Khan_Langha",6.62908280080274e-08
"Faqir_Jamshid_Ahmad",6.62908280076841e-08
"Farah_Noreen",6.62908280069974e-08
"Muhammad_Anwar_Ulhaq",1.53816767707703e-08
"Abdul_Rehman_Jameel",1.53816767687102e-08
"Arshad_Ali_Khan",1.53816767680235e-08
"Ahmad_Deen_Malik",1.538167676665e-08
"Muhammad_Allah_Dad_Cheema",1.538167676665e-08
"Syed_Mujahid_Abbas_Shah",1.23609172101287e-17
"Rana_Basharat_Ali",1.16741995873438e-17
"Muhammad_Zahid_Bashir",1.16741995873438e-17
"Muhammad_Bilal_Hussain",9.61404671898897e-18
"Fida_Hussain",9.61404671898897e-18
"Hazrat_Umar",8.92732909620404e-18
"Shahbaz_Ali",8.92732909620404e-18
"Mahr_Ghulam_Mustafa_Mangan_Advocate",8.24061147341912e-18
"Muhammad_Mazhar_Jaffar",8.24061147341912e-18
"Agha_Syed_Sibtian_Haider_Sabzwari",8.24061147341912e-18
"Hazoor_Baksh",8.24061147341912e-18
"Ijaz_Ahmad",8.24061147341912e-18
"Daud_Ahmed_Fakhri",8.24061147341912e-18
"Farzana_Parveen",8.24061147341912e-18
"Muhammad_Arif_Khan",8.24061147341912e-18
"Rana_Akbar_Abbas",7.55389385063419e-18
"Sayyeda_Nighat_Ishfaq",7.55389385063419e-18
"Mohsin_Khan",7.55389385063419e-18
"Syed_Anis_Raza_Naqvi",7.55389385063419e-18
"Nawab_Zada_Shahzain",7.55389385063419e-18
"Jahangir_Hussain_Jafari",7.55389385063419e-18
"Abdul_Samad_Khan",7.55389385063419e-18
"Syed_Azizullah_Shah",6.86717622784926e-18
"Syed_Gazanfar_Abbas",6.86717622784926e-18
"Syed_Muhammad_Ishrat_Ghazali",6.86717622784926e-18
"Yasir_Ali",6.86717622784926e-18
"Fakhar_e_Alam_Urf_Hazrat",6.86717622784926e-18
"Mohammad_Ashfaque",6.86717622784926e-18
"Qari_Nasir_Mahmood_Mughal",6.18045860506434e-18
"Muhammad_Fahad",6.18045860506434e-18
"Mir_Muhammad_Ali_Reki_Baloch",6.18045860506434e-18
"Shafaqaat_Ahmad",6.18045860506434e-18
"Taimoor_Ahmad_Yar_Khan",6.18045860506434e-18
"Irfan_Karim",6.18045860506434e-18
"Ali_Afsar_Tanoli",6.18045860506434e-18
"Major_Rtd_Jameel_Ehsan_Kiyani",6.18045860506434e-18
"Mushtaq_Ahmad_Bhatti",5.49374098227941e-18
"Ali_Gohar_Shah__Retired_",5.49374098227941e-18
"Manzoor_Ali",5.49374098227941e-18
"Abdul_Basit",5.49374098227941e-18
"Muhammad_Jawad",5.49374098227941e-18
"Rizwan_Ahmed_Khan",5.49374098227941e-18
"Sardar_Haider_Zaman",5.49374098227941e-18
"Ikhtiar_Ahmed",4.80702335949449e-18
"Muhammad_Jibran",4.80702335949449e-18
"Sardar_Muhammad_Iqbal_Khan",4.80702335949449e-18
"Muhammad_Zafar_Iqbal_Gujjar",4.12030573670956e-18
"Abid_Wazir",4.12030573670956e-18
"Waqas_Ahmad",4.12030573670956e-18
"Syed_Muhammad_Asad_Shah_Athar",4.12030573670956e-18
"Tariq_Iqbal",4.12030573670956e-18
"Imtiaz_Khan",4.12030573670956e-18
"Mubeen_Malik",4.12030573670956e-18
"Mohtarma_Nazish_Aslam_Advocate",3.43358811392463e-18
"Nisar_Ahmad_Khattak",3.43358811392463e-18
"Abdul_Ghafoor_Kolachi",3.43358811392463e-18
"Malik_Zulfiqar_Hussain",3.43358811392463e-18
"Sara_Ashfaq",3.43358811392463e-18
"Muhammad_Ajmal_Siddique",2.74687049113971e-18
"Muhammad_Amir_Wattoo",2.74687049113971e-18
"Rubina_Shaheen_Wattoo",2.40351167974724e-18
"Alamgir_Khan",2.40351167974724e-18
"m_Raza",2.40351167974724e-18
"Ibtisam_Elahi_Zaheer",2.06015286835478e-18
"Shabbir_Ahmed_Anjum",2.06015286835478e-18
"Tayyaba_Mubarak",2.06015286835478e-18
"Syed_Ali_Raza",2.06015286835478e-18
"Mutasim_Elahi_Zaheer",1.71679405696232e-18
"Raja_Muhammad_Ashraf",1.71679405696232e-18
"Mukhtar_Ali",1.71679405696232e-18
"Rana_Intizar_Hussain",1.37343524556985e-18
"Riaz_Hussain_Al_Hussaini__Retired_",1.37343524556985e-18
"Hafiz_Hasham_Elahi_Zaheer",1.37343524556985e-18
"Muhammad_Nazeer",1.37343524556985e-18
"Sumbul_Akhtar",1.37343524556985e-18
"Malik_Muhammad_Tufail",1.37343524556985e-18
"Noor_Hussain",1.03007643417739e-18
"Gul_Muhammad_Bhatti",1.03007643417739e-18
"Wajid_Hussain_Mughal",1.03007643417739e-18
"Abdul_Aziz_Khan",1.03007643417739e-18
"Makhdoom_Nasir_Farid_Chishti",1.03007643417739e-18
"Muhammad_Jaffar_Jatoi",1.03007643417739e-18
"Ihsan_Ullah_Khan_Mahsood",1.03007643417739e-18
"Majeeda_Maria",1.03007643417739e-18
"Moulana_Abdul_Quddoos",1.03007643417739e-18
"Nasar_Ullah_Khan",1.03007643417739e-18
"Aijaz_Ali_Khokhar",6.86717622784926e-19
"Ghulam_Fareed_Koreja",6.86717622784926e-19
"Zawar_Hussain",6.86717622784926e-19
"Nawab_Amber_Shahzada",3.43358811392463e-19
"Nawab_Dr__Amber_Shehzada",3.43358811392463e-19
"Rashida_Naeem",3.43358811392463e-19
"Ibtesam_Elahi_Zaheer",3.43358811392463e-19
"Syed_Ghulam_Abul_Hassan_Shah",3.43358811392463e-19
"Ghulam_Habib_Marwat",3.43358811392463e-19
"Mirza_Zulfiqar_Ahmed",0
"Nawab_Doctor_Amber_Shahzada",0
"Waqar_Ahmed",0
"Ehsaamuddin",0
"Syed_Muhammad_Hussain",0
"Sadeed_Anver_Malik_Kashir",0
"Zain_Ul_Abideen",0
"Rana_Muhammad_Ali",0
"Mian_Saghir_Ahmed_Malvi",0
"Muhammad_Naseem_Sadiq",0
"Shoaib_Amjad_Pervaiz",0
"Makhdoom_Muhammad_Ehsan",0
"Bashir_Khan",0
"Malik_Annayat_Ullah_Khokhar",0
"Rajkumar",0
"Engineer_Usman_Khan_Tarrakai",0
"Gull_Muhammad_Bhatti__Retired_",0
"Sardar_Sher_Zaman_Khan_Qaisrani",0
"Makhdoom_Syed_Sami_Ul_Hassan_Gillani",0
"Muhammd_Farooq_Azam_Malik",0
"Nadeem_k_Joseph",0
"Naila_Joseph_Dayal",0
"Bashir_Hussain_Shah",0
"Chaudhary_Muhammad_Adnan_Mushtaq_Chanjotra",0
"Asad_Javed_Khan",0
"Abdul_Khaliq_Hazara",0
"Barkat_Ali_Thamki",0
"Muhammad_Raza",0
"Hussain_Baloch",0
"Hidayat_Ur_Rehman_Baloch",0
"Imtiaz_Alam",0
"Muhammad_Muzammil",0
"Kazim_Ali_Shah",0
"Raja_Zafar_Iqbal",0
"Muhammad_Ashraf_Khan_Niazi",0
"Rana_Muhammad_Ashraf_Advocate",0
"Muhammad_Hanif_Ullah",0
"Syed_Manzoor_Gillani",0
"Dad_Muhammad",0
"Ghulam_Hyder_Jakhro",0
"Hafiz_Fazal_Muhammad_Barech",0
"Haji_Molvi_Muhammad_Hanif",0
"Malik_Abdul_Qayum_Kakar",0
"Mohammad_Nawaz_Katoher",0
"Molana_Abdul_Qadir_Luni",0
"Mollana_Mehmood_Ul_Hassan_Qasmi",0
"Moulana_Asmatullah",0
"Qari_Nazir_Ahmed",0
"Sardarzada_Mir_Saeed_Ahmed_Langove",0
"Ubaid_Ur_Rehman",0
"Syed_Nadeem_Anjum",0
"Mir_Abdul_Majid_Abro",0
"Mir_Abdul_Majid_Abroo",0
"Majida_Abro",0
"Muhammad_Faiq",0
"Aizaz_Haider",0
"Baqa_Muhammad",0
"Ahmed_Noonari",0
"Zeeshan",0
"Dr_Sarfraz_Ahmad_Cheema",0
"Syed_Muhammad_Mafooz_Mushadi",0
"Khadam_Hussain",0
"Nadeem_Mumtaz_Qureshi",0
"Meer_Rab_Nawaz_Khan",0
"Habib_Noor",0
"Malik_Habib_Malak_Orakzai",0
"Noor_Jamal_Shah",0
"Major_General_Saad_Khattak",0
"Zulfiqar_Ali_Dasti",0
"Saira_Khatoon",0
"Sayyed_Khalid_Mehmood_Shah",0
"Shahid_Ahmad",0
"Moulana_Abdul_Hafiz",0
"S_m_Farooq",0
"Ali_Adrees",0
"Syed_Zahid_Abbas_Kazmi",0
"Imam_Ali_Brohi",0
"Danish_Channa",0
"Raheeman",0
"Ch_muhammad_Ashraf",0
"Nawab_Zada_Mansoor_Ahmad_Khan",0
"Miss_Mehwish_Chaudhary",0
"Mrs_Mehwish_Chaudhry_Advocate",0
"Muhammad_Ali_Sheikh",0
"Ilhaaj_Muhammad_Hassan_Chaudhry",0
"Muhammad_Yousuf_Kureshy",0
"Abd-Ul-Qadoos_Awan",0
"Syed_Yousaf_Shah",0
"Ch_Muhammad_Yaseen_Cheema",0
"Ch_Shoukat_Ali_Cabail",0
"Arslan_Ul_Mulk_Dhariwal",0
"Meharban_Saeen_Rana_Abdul_Ghafoor_Mian",0
"Inzar_Gul",0
"Safdar_Zaman",0
"Akbar_Dars",0
"Mohammad_Hussain",0
"Muhammad_Asghar_Dars",0
"Mir_Zarak_Khan_Zehri",0
"Naveed_Akhtar_Khan",0
"Gohar_Ali_Khan",0
"Meher_Muhammad_Jhangir_Advocate",0
"Tauseef_Ur_Rehman_Bhatti_Advocate",0
"Khurram_Muhammad_Qamar",0
"Mahmood_Ahmad_Khan_Qalandar_",0
"Mehmood_Qalandar",0
"Muhammad_Sultan",0
"Kaleem_Ullah",0
"Sardar_Taimoor",0
"Khaqan_Waheed_Khuwaja",0
"Ahmad_Nawaz_Khan",0
"Prof_javeed_Sandhu",0
"Muhammad_Syed",0
"Anwar_Hussain",0
"Shahid_Iqbal",0
"Syed_Rashid_Hussain_Shah",0
"Chaudhry_Zahid_Iqram",0
"Rahim_Bakhsh",0
"Shahid_Anjum",0
"Qadeer_Hussain",0
"Muzaffar_Ahmed",0
"Syed_Faqir_Hussain_Shah_Bukhari",0
"Zahid_Parvez",0
"Hafiz_Abdul_Rauf",0
"Aamir_Khan",0
"Abdullah_Abbasi",0
"Afzal_Hayat",0
"Fateh_Ali_Muawiya",0
"Fehmeed_Nawaz",0
"Hafiz_Allah_Ditta",0
"Khurram_Shehzad",0
"Luqman_Khan",0
"Muhammad_Arsalan_Khalid",0
"Muhammad_Aslam_Iqbal",0
"Muhammad_Muzammal_Nazir",0
"Rustam_Khan",0
"Wajid_Kiyani",0
"Waqas_Qudoos",0
"Waseem_Ahmad",0
"Muhammad_Majeed",0
"Abdul_Razaq_Shahid",0
"Muhammad_Hanif_Mughal",0
"Maazullah_Khan",0
"Muhammad_Sherwan_Amirzada",0
"Muhammad_Yaqub_Alvi",0
"Ibtsaam_Illahi_Zahir",0
"Sardar_Rafiq_Ar_Sanjrani",0
"Hajiani",0
"Ameer_Ali_Pate_Wale",0
"Muhammad_Aslam_Khan",0
"Khawja_Ghulam_Fareed_Koreja",0
"Muhammad_Wazeer_Khan_Dundam_Advocate",0
"Ahmad_Kamran_Thaeem_Ansari",0
"Allah_Nawaz",0
"Muhammad_Sardar_Bahadur_Khan",0
"Muhammad_Asim",0
"Manzoor_Ali_Bhatti",0
"Farrukh_Bashir",0
