"Candidate_ID","PageRank"
"Abdul_Rehman",0.00097164096294077
"Muhammad_Ramzan",0.000822614304958171
"Ghulam_Qadir",0.000784187145078179
"Muhammad_Yousaf",0.000746079623829724
"Muhammad_Aslam",0.000728641553286064
"Abdul_Qadir",0.000715857235761115
"Atta_Ur_Rehman",0.000689798455650656
"Sajid_Ali",0.000687832219079016
"Umar_Farooq",0.00068343944114474
"Ghulam_Rasool",0.000680127186898676
"Muhammad_Ishaq",0.000659117875771662
"Abdul_Khaliq",0.000656135512505405
"Abdul_Hameed",0.000647174428228262
"Muhammad_Anwar",0.000630039725556433
"Muhammad_Afzal",0.000617930379993716
"Liaqat_Ali",0.000597737884451488
"Sher_Akbar_Khan",0.000596769693750745
"Imran_Khan",0.000589802943669789
"Aijaz_Ali",0.000584397696459174
"Muhammad_Riaz",0.000583356173504711
"Muhammad_Tahir",0.000583025419758661
"Syed_Javed_Ali_Shah",0.000562344662859195
"Muhammad_Rafiq",0.00056149378916534
"Aziz_Ur_Rehman",0.000560274675563513
"Syed_Inayat_Ali_Shah",0.000550277590594625
"Saif_Ullah",0.00054438533514056
"Abdul_Waheed_Khan",0.000539974730374403
"Muhammad_Rafique",0.000535610160756698
"Muhammad_Ismail",0.000527960737285707
"Abdul_Qayyum",0.000520323729510543
"Abdul_Bari",0.000506629941227835
"Abid_Hussain",0.000502107527959661
"Sajjad_Ahmad",0.000499027005040922
"Abdul_Rauf",0.00049770900202251
"Ghulam_Abbas",0.000497021104338112
"Muhammad_Shafique",0.000495574942064079
"Abdul_Aleem_Khan",0.000495038157643579
"Abdullah",0.00049244570433389
"Naveed_Iqbal",0.000491536827285406
"Niaz_Muhammad",0.000488423175516461
"Ghulam_Nabi",0.000480517737456467
"Abdul_Jabbar_Khan",0.000472880829748116
"Muhammad_Zaman",0.000467280888985997
"Abdul_Hakeem_Baloch",0.000460443146427897
"Anwar_Ul_Haq_Chaudhary",0.000460443146427862
"Asghar_Ali_Shah",0.00046044314642786
"Jalal_Khan_Khattak",0.000460443146427739
"Sardar_Muhammad_Mushtaq_Khan",0.000460443146427476
"Syed_Fakhar_Imam",0.000460443146427423
"Usman_Ghani",0.000460015916490434
"Abdul_Sattar",0.000459407996482513
"Tahir_Iqbal",0.000458831754985823
"Khalid_Mehmood",0.000454673896969285
"Muhammad_Amjad",0.000454106737778179
"Abdul_Baqi",0.000452415698845097
"Muhammad_Ali_Rashid",0.000452415698844931
"Muhammad_Malik",0.000452415698844911
"Munir_Ahmad",0.000452415698844885
"Nabeel_Ahmed_Gabol",0.000452415698844879
"Raja_Imran_Ashraf",0.000452415698844849
"Riaz_Ahmed",0.000452415698844833
"Sohail_Mansoor_Khawaja",0.000452415698844795
"Abdul_Qayyum_Khan_Jatoi",0.000449031886201064
"Amanullah",0.000449031886201024
"Barrister_Gohar_Ali_Khan",0.000449031886201002
"Dost_Muhammad_Khan",0.000449031886200964
"Hassan_Sardar",0.0004490318862009
"Makhdoom_Shah_Mehmood_Qureshi",0.000449031886200841
"Malik_Karamat_Ali_Khokhar",0.000449031886200826
"Muhammad_Afzal_Sindhu",0.000449031886200757
"Rana_Muhammad_Faraz_Noon",0.000449031886200617
"Salim_Rehman",0.000449031886200586
"Sardar_Mansoor_Hayat_Tamman",0.000449031886200569
"Zafar_Iqbal",0.000445611858059968
"Ali_Asghar_Rind",0.000440251549610452
"Mian_Tariq_Mehmood",0.000440251549610301
"Muhammad_Yaqoob",0.000440251549610245
"Syed_Sajjad_Hussain_Shah",0.000440251549610121
"Ahmad_Raza_Maneka",0.000439843972203408
"Ayaz_Amir",0.000439843972203385
"Malik_Sohail_Khan",0.000439843972203218
"Omar_Ayub_Khan",0.000439843972203096
"Muhammad_Asif",0.000434536048118661
"Amanullah_Khan",0.000432484829821299
"Haider_Ali_Khan",0.000432484829821271
"Muhammad_Zia_Ul_Haq",0.000432484829821185
"Noor_Alam_Khan",0.000432484829821173
"Muhammad_Iqbal_Khan",0.000431522666813487
"Muhammad_Nawaz",0.000431522666813478
"Safdar_Ali",0.000431522666813397
"Muhammad_Naeem",0.000428752792845415
"Zulfiqar_Ali_Shah",0.000428752792845329
"Jahangir_Khan_Tareen",0.000425249475570398
"Ehsanullah_Reki",0.00042385957679343
"Khalid_Ahmed_Khan_Lund",0.000423859576793428
"Mustafa_Nawaz_Khokhar",0.000423859576793345
"Muhammad_Sadiq",0.000420362106620156
"Sardar_Meer_Badshah_Khan_Qaisrani",0.000420216941534732
"Irfan_Ahmed",0.000416414860656201
"Abdul_Wahab",0.000414618017105907
"Khurram_Shahzad",0.00041461801710571
"Muhammad_Abbas",0.000414618017105611
"Rashid_Ali",0.000414618017105461
"Zaka_Ullah",0.000414618017105255
"Pir_Dilawar_Shah",0.000414304769441437
"Abdul_Rasheed",0.000413463151303604
"Nasir_Khan",0.000412747057767709
"Daniyal_Aziz",0.00040816905619142
"Ghulam_Bibi_Bharwana",0.000408169056191366
"Mian_Riaz_Hussain_Pirzada",0.000408169056191321
"Muhammad_Mehboob_Sultan",0.000408169056191305
"Naseem_Muhammad_Khan",0.000408169056191291
"Rao_Muhammad_Ajmal_Khan",0.000408169056191272
"Sardar_Awais_Ahmad_Khan_Leghari",0.000408169056191259
"Tahir_Bashir_Cheema",0.00040816905619122
"Muhammad_Ibrahim",0.000406755151873177
"Saif_Ur_Rehman",0.000406755151873125
"Saleh_Muhammad",0.000406755151873123
"Usman_Ali",0.000406755151873089
"Muhammad_Younas",0.000404814063645848
"Abdul_Ghafoor",0.000404727330673723
"Sardar_Khan",0.000401852872972029
"Dawa_Khan",0.000401687586587715
"Ghulam_Sarwar_Khan",0.000401687586587713
"Muhammad_Nawaz_Khan",0.000401687586587635
"Sardar_Muhammad_Yaqoob",0.000401687586587584
"Muhammad_Arshad",0.000396874657927701
"Imtiaz_Hussain",0.000394332988658295
"Aurang_Zeb_Khan",0.000393194824656114
"Hamza",0.000392979581420173
"Sohail_Ahmad",0.000392979581419851
"Muhammad_Shahid",0.000392802909213374
"Muhammad_Yaseen",0.000392802909213369
"Nisar_Ahmad",0.000390685831766222
"Sardar_Ghulam_Mustafa_Khaskheli",0.000388021033181448
"Syed_Mukhtar_Hussain_Shah",0.000388021033181446
"Ghulam_Muhammad",0.000385851852969973
"Muhammad_Amin",0.000385224338397102
"Muhammad_Haris",0.000384787619861052
"Nasir_Abbas",0.000383952848346719
"Mian_Muhammad_Asif",0.000383687349258913
"Abdul_Hameed_Khan",0.000381187331188857
"Muhammad_Javed",0.000381187331188788
"Nazir_Ahmed",0.000381187331188775
"Saeed_Ur_Rehman",0.000379271895671473
"Mehmood_Khan_Achakzai",0.000376358748997986
"Noor_Muhammad",0.000375319441105834
"Ghulam_Mustafa",0.000373864177820894
"Abdul_Rashid",0.000373363638408826
"Muhammad_Asghar",0.000370476517267263
"Manzoor_Ahmed",0.00037034887649329
"Irfan_Ullah",0.000369181142328096
"Muhammad_Ijaz",0.000369181142328062
"Muhammad_Mushtaq",0.000369181142328054
"Muhammad_Zubair",0.000369181142328037
"Haji_Ghulam_Qadir_Noohani",0.000368954094064027
"Malik_Sikandar_Khan",0.000368954094064009
"Maulana_Fazal_Ur_Rehman",0.000368954094064005
"Maulana_Mian_Hussain_Jalali",0.000368954094064002
"Moulana_Abdullah_Pahore",0.000368954094063979
"Rahat_Hussain",0.000368954094063919
"Aftab_Ahmad_Khan_Sherpao",0.000364774108235687
"Khalid_Mahmood",0.000363483162420609
"Muhammad_Nasrullah",0.000363483162420552
"Shah_Abdul_Aziz",0.000363232642114196
"Saeed_Ahmed",0.000362001625567246
"Iftikhar_Ahmed",0.000360530966277031
"Waheed_Ahmad",0.000360073169305274
"Syed_Asghar_Ali_Shah",0.000358926699876292
"Muhammad_Saeed",0.000358870599670875
"Ghulam_Haider",0.000355710339674882
"Muhammad_Qasim",0.000354490279294704
"Karim_Ali_Jatoi",0.000353140397827611
"Syed_Ghous_Ali_Shah",0.000353140397827589
"Ubaid_Ullah",0.000349569063251708
"Amjad_Ali_Khan",0.00034882978463188
"Abdul_Wajid",0.000348402525735997
"Muhammad_Iqbal",0.000348402525735995
"Abdul_Mohsin",0.000348333335829622
"Akhtar_Ali_Khan",0.000348333335829621
"Akhtar_Muhammad",0.000348333335829619
"Bilal_Qudrat_Butt",0.000348333335829613
"Liaqat_Baloch",0.000348333335829578
"Mahmood_Ul_Hassan",0.000348333335829576
"Muhammad_Riaz_Farooq_Sahi",0.000348333335829553
"Muhammad_Yousuf",0.000348333335829548
"Sahibzada_Tariq_Ullah",0.000348333335829529
"Shah_Faisal_Afridi",0.000348333335829524
"Syed_Javed_Hussain_Shah",0.000348333335829516
"Atta_Ullah_Khan",0.000346652889192398
"Malik_Tariq_Mehmood",0.00034471636222691
"Hizbullah",0.000340262192519178
"Hameed_Hussain",0.00033980182727549
"Imran_Ali",0.000336925586395466
"Kamal_Shah",0.000336530400744512
"Syed_Faisal_Imam",0.000335829943902506
"Javed_Iqbal",0.000333121215554984
"Muhammad_Hassan",0.000332985292319612
"Babar_Ali",0.000331439701712589
"Mian_Muhammad_Rasheed",0.00032866425069705
"Muhammad_Ayoub",0.000325357558096814
"Abdul_Latif",0.000323980106337224
"Muhammad_Alam",0.000323980106337194
"Gul_Asghar_Khan",0.000323694702368688
"Majid_Khan",0.000321807032605446
"Muhammad_Saleem_Khan",0.000321807032605373
"Sahibzada_Muhammad_Hamid_Raza",0.0003200285918555
"Muhammad_Jameel",0.000319818489371895
"Haji_Muhammad_Gulzar_Awan",0.000319771525806455
"Naseer_Ahmed_Kakar",0.000316341622471093
"Jehangir_Khan",0.00031525663461896
"Muhammad_Rizwan",0.000308526135546329
"Gul_Hassan",0.000306768834515869
"Muhammad_Hanif",0.000305483202867591
"Muhammad_Sher_Khan",0.000303927816552328
"Abdul_Aziz",0.000303377656326975
"Muhammad_Jamal_Ud_Din",0.000303377656326937
"Muhammad_Wali_Shah",0.000303377656326932
"Bibi_Yasmeen_Shah",0.000302215760350336
"Ghous_Bux_Khan_Mahar",0.000302215760350296
"Pir_Sajjad_Saeed_Jan_Sirhandi",0.000302215760350212
"Syed_Qurban_Ali_Shah",0.000302215760350152
"Abdul_Majeed",0.000301000044061436
"Ajab_Khan",0.000299634185855727
"Muhammad_Azam",0.000294455287706071
"Hamayun_Akhtar_Khan",0.000293861951934571
"Abdul_Razzaq",0.000293160737380229
"Fida_Muhammad",0.000290781898607119
"Muhammad_Bilal",0.000287773081588896
"Maqsood_Ahmed",0.000287624465855284
"Naveed_Anjum_Khan",0.000285905637338545
"Abdul_Khaliq_Rehmani",0.000279129544559893
"Imdad_Ali",0.000279129544559867
"Ashiq_Ali",0.000276849022504818
"Muhammad_Latif",0.000275734670713371
"Muhammad_Imran",0.000272118716005738
"Deedar_Ali",0.00027173714357621
"Syed_Ali_Hussain",0.000269735519365711
"Muhammad_Tahir_Makhdoom",0.00026804452396132
"Muhammad_Saddiq",0.000263557282932919
"Taj_Muhammad",0.000261188365506187
"Qaisar_Jamal",0.000259968656109379
"Abdul_Jabbar",0.000258251339054067
"Muhammad_Ijaz-Ul-Haq",0.000255310162439792
"Muhammad_Tahir_Khan",0.000255095186530454
"Aarif_Aziz_Sheikh",0.000254148879097091
"Abdul_Akbar_Khan",0.00025414887909709
"Abdul_Aziz_Memon",0.000254148879097089
"Abdul_Berr",0.000254148879097088
"Abdul_Ghafoor_Chaudhary",0.000254148879097087
"Abdul_Habib_Memon",0.000254148879097086
"Abdul_Qadir_Patel",0.000254148879097085
"Abdul_Qudoos_Awan",0.000254148879097083
"Abdul_Rauf_Advocate",0.000254148879097082
"Abdul_Razzaq_Raja",0.000254148879097081
"Abdul_Sattar_Bachani",0.00025414887909708
"Abdul_Wahab_Barakzai",0.000254148879097078
"Abdul_Waheed",0.000254148879097078
"Abdullah_Bloch",0.000254148879097077
"Abid_Hussain_Sathi",0.000254148879097076
"Abid_Ullah_Yousafzai",0.000254148879097075
"Abrar_Azam",0.000254148879097074
"Adeel_Ghulam_Mohy_Ud_Din",0.000254148879097073
"Aezid_Mahmood_Khan_",0.000254148879097072
"Aftab_Alam",0.000254148879097071
"Aftab_Shahban_Mirani",0.00025414887909707
"Agha_Shafqatullah",0.00025414887909707
"Ahmad_Hassan",0.000254148879097069
"Ahmad_Mustafa",0.000254148879097068
"Ahmad_Shah_Khan",0.000254148879097067
"Ahmed_Ali_Khosa",0.000254148879097066
"Ahmed_Jan",0.000254148879097065
"Aijaz_Ahmed_Halepoto",0.000254148879097064
"Aijaz_Hussain_Jakhrani",0.000254148879097063
"Aitzaz_Rasheed",0.000254148879097062
"Ajmal_Khan",0.000254148879097062
"Akhtar_Javid_Khan",0.000254148879097061
"Alam_Zaib_Khan",0.00025414887909706
"Alamzaib_Umerzai",0.000254148879097059
"Alhaj_Muhammad_Asad_Bhatti",0.000254148879097058
"Ali-Uz-Zaman",0.000254148879097057
"Ali_Ahmed",0.000254148879097056
"Ali_Gohar_Khan_Mahar",0.000254148879097055
"Ali_Jan_Mazari",0.000254148879097054
"Ali_Javed",0.000254148879097054
"Ali_Muhammad_Khan_Mahar",0.000254148879097053
"Ali_Muhammad_Sahito",0.000254148879097052
"Ali_Muhammad_Sehto",0.000254148879097051
"Ali_Musa_Gilani",0.00025414887909705
"Allah_Yar",0.000254148879097049
"Altaf_Hussain_Virk",0.000254148879097048
"Aman_Ullah_Wald_Gul_Azad",0.000254148879097047
"Amjad_Ali_Jutt",0.000254148879097046
"Amjad_Yaqoub",0.000254148879097045
"Anwar-Ul-Haq_Ramay",0.000254148879097044
"Anwar_Saifullah_Khan",0.000254148879097043
"Arbab_Alamgir_Khan",0.000254148879097042
"Arbab_Wazir_Ahmed_Memon",0.000254148879097041
"Arif_Aziz_Shaikh",0.00025414887909704
"Asad_Alam_Niazi",0.000254148879097039
"Asad_Ullah_Khan",0.000254148879097038
"Asghar_Ali_Jara",0.000254148879097038
"Asif_Ali_Zardari",0.000254148879097037
"Asif_Bashir",0.000254148879097036
"Asma_Shahnawaz_Cheema",0.000254148879097035
"Athar_Hassan_Khan_Gorchani",0.000254148879097034
"Aurangzeb_Shaafi_Burki",0.000254148879097033
"Aurangzeb_Shafi_Barki",0.000254148879097032
"Ayatullah_Durrani",0.000254148879097031
"Ayaz_Imran",0.00025414887909703
"Ayub_Shah",0.000254148879097029
"Azeem_Daultana",0.000254148879097029
"Baber_Sultan_Jadoon",0.000254148879097028
"Babu_Nafees_Ahmad_Ansari",0.000254148879097027
"Bari_Khan",0.000254148879097026
"Barrister_Mian_Amir_Hassan",0.000254148879097024
"Basharat_Ali_Wald_Faqir_Muhammad",0.000254148879097023
"Begum_Shahnaz_Javed",0.000254148879097022
"Bilawal_Bhutto_Zardari",0.000254148879097021
"Bushra_Aitzaz_Ahsan",0.00025414887909702
"Capt__Rtd__Rai_Ghulam_Mujtaba_Kharral",0.000254148879097019
"Captain_Retired_Asad_Gill",0.000254148879097019
"Ch__Ahmad_Mukhtar",0.000254148879097018
"Ch__Ahmed_Mukhtar",0.000254148879097017
"Ch__Hammad_Muhammad_Khan",0.000254148879097016
"Ch__Iftikhar_Nazir",0.000254148879097015
"Ch__Manzoor_Ahmad",0.000254148879097014
"Ch__Muhammad_Abdullah_Virk",0.000254148879097013
"Ch__Zeshan_Ilyas",0.000254148879097012
"Ch_Ejaz_Ahmed_Cheema",0.000254148879097011
"Ch_Iftikhar_Ahmed",0.000254148879097011
"Ch_Muhammad_Saddique",0.00025414887909701
"Ch_Muhammad_Saeed_Gujar",0.000254148879097009
"Ch_mushtaq_Ahmad_",0.000254148879097008
"Ch_tawakkal-Ullah_Virk",0.000254148879097007
"Ch_zahid_Iqbal",0.000254148879097006
"Ch_Zulifqar_Bhindar",0.000254148879097005
"Chaudhary_Ijaz_Ahmad_Cheema",0.000254148879097004
"Chaudhary_Shoukat_Ali",0.000254148879097003
"Chaudhary_Sohail_Zafar",0.000254148879097002
"Chaudhary_Tasneem_Nasir",0.000254148879097001
"Chaudhry_Abdul_Ghafoor_Khan",0.000254148879097
"Chaudhry_Asad_Parvez",0.000254148879097
"Chaudhry_Manzoor_Ahmad",0.000254148879096999
"Chaudry_Atif_Rafique",0.000254148879096998
"Chohadry_Manzoor_Ahmad",0.000254148879096997
"Choudhary_Altaf_Hussain",0.000254148879096996
"Choudhary_Sharaqat_Rasool_Ghumman",0.000254148879096995
"Choudhary_Zafar_Iqbal_Warriach",0.000254148879096994
"Choudhri_Umar_Hayat_Sandhu",0.000254148879096993
"Col_Rtd_Rao_Abid_Ali_Khan",0.000254148879096992
"Comrade_Zahoor_Ahmed_Khosa",0.000254148879096991
"Dewan_Syed_Muhammad_Haider_Abbas_Bukhari",0.00025414887909699
"Doctor_Mian_Akhtar_Ali_Laleka",0.000254148879096989
"Doctor_Muhammad_Rashid_Malik",0.000254148879096989
"Doctor_Sultan_Zeb_Khan",0.000254148879096988
"Dr__Abdul_Wahid_Soomro",0.000254148879096986
"Dr__Arbab_Alamgir_Khan",0.000254148879096985
"Dr__Ayatullah_Durrani",0.000254148879096984
"Dr__Azra_Fazal_Pecheho",0.000254148879096983
"Dr__Fardos_Ashiq_Awan_",0.000254148879096982
"Dr__Mirza_Ikhtiar_Baig",0.000254148879096981
"Dr__Muhammad_Haider_Baloch",0.00025414887909698
"Dr__Muhammad_Riaz",0.000254148879096979
"Dr__Muhammad_Shakir_Alam",0.000254148879096978
"Dr__Syed_Israr_Hussain",0.000254148879096977
"Dr__Zafar_Chaudhary",0.000254148879096977
"Dr_afsar_Ul_Mulk_Khan",0.000254148879096976
"Dr_Azra_Fazal_Pechuho",0.000254148879096975
"Dr_fahmida_Mirza",0.000254148879096974
"Dr_Farooq_Afzal",0.000254148879096973
"Dr_Fehmida_Mirza",0.000254148879096972
"Dr_Firdous_Ashiq_Awan",0.000254148879096971
"Dr_Mazhar_Iqbal_Choudhary",0.00025414887909697
"Dr_Saeed_Ahmad_Buzdar",0.000254148879096969
"Dr_zaheer-Ul-Hassan_Rizvi",0.000254148879096968
"Dr_zulfiqar_Ali_Bhatti",0.000254148879096967
"Ejaz_Ahmed_Samma",0.000254148879096966
"Ejaz_Ali_Khan_Shahani",0.000254148879096965
"Engineer_Hamid_Iqbal_Khan",0.000254148879096964
"Engineer_Muhammad_Tariq_Khattak",0.000254148879096964
"Engr_dawar_Khan_Kundi",0.000254148879096963
"Faisal_Karim_Kundi",0.000254148879096962
"Faisal_Sakhi_Butt",0.000254148879096961
"Faizullah_Chaichee",0.00025414887909696
"Fakhar_Umar_Hayat",0.000254148879096959
"Faqir_Sher_Muhammad_Bilalani",0.000254148879096958
"Faraz_Hashmi",0.000254148879096957
"Farhana",0.000254148879096956
"Farooq_Akbar_Kahloon",0.000254148879096955
"Faryal_Talpur",0.000254148879096954
"Farzana_Sherin",0.000254148879096953
"Fateh_Ullah_Khan",0.000254148879096952
"Fazal_e_Rabi",0.000254148879096951
"Fazal_Rahman",0.000254148879096951
"Fazal_Wadood",0.00025414887909695
"Fida_Hussain_Dero",0.000254148879096949
"Fozia_Behram",0.000254148879096948
"Ghanva_Bhutto",0.000254148879096947
"Ghanwa_Bhutto",0.000254148879096946
"Ghayas-Ud-Din_Khan",0.000254148879096945
"Ghinva_Bhutto",0.000254148879096944
"Ghinwa_Bhutto",0.000254148879096943
"Ghulam_Akbar_Lasi",0.000254148879096942
"Ghulam_Ali_Nizamani",0.000254148879096941
"Ghulam_Farid_Kathia",0.00025414887909694
"Ghulam_Muhammad_Junejo_Alias_Gul_Junejo",0.000254148879096939
"Ghulam_Murtaza_Satti",0.000254148879096938
"Ghulam_Rabbani_Khar",0.000254148879096937
"Ghulam_Sarwar_Khan_Khichi",0.000254148879096937
"Gulzar_Ahmed_Chaudhary",0.000254148879096936
"Hafeez-Ullah_Ishaq",0.000254148879096935
"Hafiz_Hussain_Ahmed_Madni",0.000254148879096934
"Haider_Ali_Khan_Kharal",0.000254148879096933
"Hajan_Allah_Rakhi",0.000254148879096932
"Haji_Misar_Khan",0.000254148879096931
"Haji_Muhammad_Ishaq",0.00025414887909693
"Haji_Nafees_Ahmed_Usmani_Advocate",0.000254148879096929
"Haji_Rasool_Bux_Chandio",0.000254148879096928
"Hamid_Ali_Bhatti",0.000254148879096927
"Hamid_Saeed_Kazmi",0.000254148879096926
"Haris_Meeran",0.000254148879096925
"Hasnain_Ijaz_Khan_Shahani",0.000254148879096924
"Hayat_Ullah_Khan_Tareen",0.000254148879096922
"Hazrat_Wali",0.000254148879096921
"Hina_Rabbani_Khar",0.00025414887909692
"Ibne_Saeed_Ch_",0.000254148879096919
"Iftikhar_Ahmed_Cheema_Advocate",0.000254148879096919
"Iftikhar_Shahid",0.000254148879096918
"Ihsan_Ur_Rahman_Mazari",0.000254148879096917
"Imam_Ali_Samejo",0.000254148879096916
"Imdad_Ullah_Abbasi",0.000254148879096915
"Imran",0.000254148879096914
"Imtiaz_Safdar_Waraich",0.000254148879096913
"Imtiaz_Safdar_Warraich",0.000254148879096912
"Iqbal_Ahmad_Khan",0.000254148879096911
"Irfan_Ali_Leghari",0.00025414887909691
"Irfan_Qureshi",0.000254148879096909
"Israr_Ahmed_Khan",0.000254148879096908
"Jahangir_Badar",0.000254148879096907
"Jam_Abdul_Karim_Bijar",0.000254148879096906
"Jamshed_Ahmad_Khan_Dasti",0.000254148879096905
"Javaid_Saeed_Kazmi",0.000254148879096904
"Javed_Iqbal_Warraich",0.000254148879096903
"Javeed_Iqbal_Waraich",0.000254148879096902
"Jawad_Hussain",0.000254148879096901
"Jawaid_Sheikh",0.0002541488790969
"Kakagi_Muhammad_Zahoor",0.000254148879096899
"Kamal_Khan",0.000254148879096898
"Kamran_Yousaf_Ghumman",0.000254148879096897
"Khadeeja_Aamir",0.000254148879096897
"Khair_Muhammad_Khan_Tareen",0.000254148879096896
"Khalilu_Rehman",0.000254148879096895
"Khan_Daraz",0.000254148879096894
"Khanim_Ullah",0.000254148879096893
"Khanzada_Khan",0.000254148879096892
"Khawaja_Atta_Ullah_Khan_Tonsa_Sharif",0.000254148879096891
"Khawaja_Ghulam_Hussain",0.00025414887909689
"Khawaja_Kaleem-Ud-Din_Koreja_",0.000254148879096889
"Khawaja_Kaleem_Ud_Din_Koreja",0.000254148879096888
"Khawaja_Muhammad_Saleh",0.000254148879096887
"Khawaja_Sheeraz_Mehmood",0.000254148879096886
"Khawja_Mudassir_Mehmood",0.000254148879096885
"Khizarul_Islam",0.000254148879096884
"Khurram_Pervaiz_Raja",0.000254148879096883
"Khuwaja_Ghulam_Hussain",0.000254148879096881
"Khwaja_Ghulam_Rasool_Koreja",0.00025414887909688
"Kiramatullah_Khan",0.000254148879096879
"Lal_Muhammad_Khan",0.000254148879096878
"Liaqat_Ali_Khan",0.000254148879096877
"Lt_col__r__Sultan_Sikandar_Ghumman_",0.000254148879096876
"m_Bilal_Khan_Sherpao",0.000254148879096875
"m_Israr_Tareen",0.000254148879096874
"Mahar_Khliq_Yar_Khan_Lak",0.000254148879096873
"Mahesh_Kumar_Malani",0.000254148879096872
"Mahesh_Kumar_Malhani",0.000254148879096871
"Mahmood_Akhtar_Ghuman",0.00025414887909687
"Mahr_Irshad_Ahmed_Siyal",0.00025414887909687
"Maj_Retd_Liaqat_Ali_Shah_Gailani",0.000254148879096869
"Makhddom_Syed_Murtaza_Mehmood",0.000254148879096868
"Makhdoom_Amad-Ud-Din",0.000254148879096867
"Makhdoom_Jamil_Uz_Zaman",0.000254148879096866
"Makhdoom_Muhammad_Ameen_Fahim",0.000254148879096865
"Makhdoom_Shahab-Ud-Din",0.000254148879096863
"Makhdoom_Shahab_Ud_Din",0.000254148879096862
"Makhdoom_Syed_Ali_Hassan_Gilani",0.000254148879096861
"Makhdoom_Syed_Mustafa_Mehmood",0.00025414887909686
"Makhdoom_Tahir_Rashid",0.000254148879096859
"Makhdum_Syed_Mustafa_Mahmud",0.000254148879096858
"Makhdum_Syed_Usman_Mahmud",0.000254148879096857
"Malak_Azmat_Khan",0.000254148879096856
"Malak_Syed_Noor_Akbar",0.000254148879096855
"Malik_Aamer_Fida_Paracha",0.000254148879096854
"Malik_Amjad_Aziz_Khan",0.000254148879096853
"Malik_Asad_Sikandar",0.000254148879096852
"Malik_Asghar_Ali_Qaisar",0.000254148879096851
"Malik_Irfan_Ahmad_Gheba",0.00025414887909685
"Malik_Khalid_Awan",0.000254148879096848
"Malik_Muhammad_Amir_Dogar",0.000254148879096847
"Malik_Mushtaq_Ahmad",0.000254148879096846
"Malik_Nawab_Sher_Waseer",0.000254148879096845
"Malik_Nawab_Sher_Wasseer",0.000254148879096844
"Malik_Niaz_Ahmad",0.000254148879096843
"Malik_Raza_Rabbani_Khar",0.000254148879096842
"Malik_Salah-Ud-Din_Dogar",0.000254148879096841
"Malik_Sardar_Muhammad_Tralay_Wala",0.00025414887909684
"Malik_Shah",0.000254148879096839
"Malik_Shoukat_Hayyat_Awan",0.000254148879096838
"Malik_Sohail",0.000254148879096837
"Malik_Sultan_Mehmood_Wadhal_Tiwana",0.000254148879096836
"Meer_Dost_Muhammad_Mazari",0.000254148879096835
"Mehar_Abdul_Rashid_",0.000254148879096834
"Mehboob_Ullah_Jan",0.000254148879096833
"Mehkumuddin",0.000254148879096832
"Mehmood_Hayat_Khan_Alias_Tochi_Khan",0.000254148879096831
"Mehmood_Hayat_Khan_Tochi",0.00025414887909683
"Mehmood_Hayyat_Khan_Alias_Tauchi_Khan",0.000254148879096829
"Mehr_Ghulam_Farid_Kathia",0.000254148879096828
"Mehr_Sultana",0.000254148879096827
"Mehreen_Anwar_Raja",0.000254148879096826
"Mian_Abdul_Haq_Alias_Mian_Mitho",0.000254148879096825
"Mian_Abdul_Sattar",0.000254148879096824
"Mian_Abdus_Sattar",0.000254148879096823
"Mian_Aziz_Ur_Rehman_Chann",0.000254148879096822
"Mian_Humayun_Sarwar_Bodla",0.000254148879096821
"Mian_Jamshed-Ud-Din",0.00025414887909682
"Mian_Manzoor_Ahmad_Khan_Wattoo",0.000254148879096819
"Mian_Muhammad_Aslam_Arain",0.000254148879096818
"Mian_Muzaffar_Shah",0.000254148879096817
"Mian_Nasim_Mahmood_Hotiana",0.000254148879096816
"Mian_Omer_Misbah-Ul-Rehman",0.000254148879096815
"Mian_Rehman_Aziz_Chan",0.000254148879096814
"Mian_Shamim_Haider",0.000254148879096814
"Mian_Tariq_Habib_",0.000254148879096812
"Mir_Aamir_Ali_Khan_Magsi",0.000254148879096812
"Mir_Aijaz_Hussain_Jakhrani",0.000254148879096811
"Mir_Amir_Ali_Khan_Magsi",0.00025414887909681
"Mir_Changez_Khan_Jamali",0.000254148879096809
"Mir_Ghulam_Ali_Talpur",0.000254148879096807
"Mir_Ghulam_Fareed_Raisani",0.000254148879096807
"Mir_Hazar_Khan_Bijarani_",0.000254148879096805
"Mir_Imam_Bakhsh_Zahri",0.000254148879096805
"Mir_Imran_Jattak",0.000254148879096803
"Mir_Jan_Muhammad_Masuri",0.000254148879096803
"Mir_Maqbool_Ahmed_Lehri",0.000254148879096801
"Mir_Munawar_Ali_Talpur",0.000254148879096801
"Mir_Shabbir_Ali_Bijarani",0.0002541488790968
"Mirza_Ikhtiar_Baig",0.000254148879096798
"Mirza_Maqbool_Ahmed",0.000254148879096798
"Mirza_Muhammad_Nasir_Bage",0.000254148879096796
"Mirza_Muhammad_Nasir_Baig",0.000254148879096796
"Misbah-Ud-Din",0.000254148879096795
"Misbah_Ud_Din",0.000254148879096794
"Mohammad_Ayaz_Soomro",0.000254148879096793
"Mohammad_Moazim_Ali_Khan",0.000254148879096792
"Mohammad_Sagheer",0.00025414887909679
"Mohammad_Sulleman",0.000254148879096789
"Mr__Makhdoom_Muhammad_Ameen_Faheem",0.000254148879096788
"Mr__Peeral_Majeedano",0.000254148879096787
"Mr__Shahid_Hussain_Bhutto",0.000254148879096786
"Mr_imran_Zafar_Leghari",0.000254148879096785
"Mrs_faryal_Talpur",0.000254148879096784
"Mubeen_Arshad",0.000254148879096783
"Muhammad_Afaque_Khan_Alias_Shahid",0.000254148879096781
"Muhammad_Alam_Khan",0.000254148879096779
"Muhammad_Ali_Laleka",0.000254148879096778
"Muhammad_Ali_Sanul_Awan",0.000254148879096777
"Muhammad_Amjid_Abbas",0.000254148879096776
"Muhammad_Arshad_Abbas_Qureshi",0.000254148879096775
"Muhammad_Asghar_Lal",0.000254148879096774
"Muhammad_Ashraf_Bhatti",0.000254148879096773
"Muhammad_Asif_Khan",0.000254148879096772
"Muhammad_Azam_Afridi",0.000254148879096771
"Muhammad_Farooq_Azam_Malik",0.00025414887909677
"Muhammad_Haider_Shah",0.000254148879096769
"Muhammad_Hakeem_Khan",0.000254148879096768
"Muhammad_Hassan_Khan",0.000254148879096767
"Muhammad_Hyder_Ali_Bukhari",0.000254148879096766
"Muhammad_Idrees_Khattak",0.000254148879096765
"Muhammad_Ijaz_Virk_Advocate_",0.000254148879096764
"Muhammad_Irshad_Khan",0.000254148879096763
"Muhammad_Jamshed",0.000254148879096762
"Muhammad_Kashif_Bhabha",0.000254148879096761
"Muhammad_Khalid_Bashir_Tarnsporter",0.00025414887909676
"Muhammad_Khan_Nadeem",0.000254148879096759
"Muhammad_Moazam_Ali_Khan_Jatoi",0.000254148879096758
"Muhammad_Mohsin_Ali_Qureshi",0.000254148879096757
"Muhammad_Murad_Baloch",0.000254148879096756
"Muhammad_Muzamil_Qureshi",0.000254148879096755
"Muhammad_Naveed_Ch_",0.000254148879096754
"Muhammad_Nawazish_Ali_Pirzada",0.000254148879096753
"Muhammad_Nisar_Ahmad_Khan",0.000254148879096752
"Muhammad_Rashid_Hussain_Rabani",0.000254148879096751
"Muhammad_Saif_Ullah_Khan_Sadozai_Advocate",0.00025414887909675
"Muhammad_Sardar_Bahadar_Babar_Khan",0.000254148879096749
"Muhammad_Shah_Jehan",0.000254148879096748
"Muhammad_Shahjahan_Khan",0.000254148879096747
"Muhammad_Shahryar_Khan_Mahar",0.000254148879096746
"Muhammad_Shakeel_Shah_Gilani",0.000254148879096745
"Muhammad_Shakeel_Ur_Rehman",0.000254148879096744
"Muhammad_Shuja_Khan",0.000254148879096743
"Muhammad_Tariq_Anees",0.000254148879096742
"Muhammad_Tariq_Khan_Niazi",0.000254148879096741
"Muhammad_Tariq_Tarar",0.00025414887909674
"Muhammad_Waqas",0.000254148879096739
"Muhammad_Yaqoob_Ziaratwal",0.000254148879096738
"Muhammad_Yasin",0.000254148879096737
"Muhammad_Yousuf_Ali_Ghallu",0.000254148879096736
"Muhammad_Zaki_Chaudhary",0.000254148879096734
"Muhammad_Zaki_Chaudhry",0.000254148879096733
"Muhammad_Zulfiqar_Ali",0.000254148879096732
"Muhtarma_Ghanwa_Bhutto",0.000254148879096731
"Mukhtar_Abbas",0.00025414887909673
"Mullna_Abdul_Sattar",0.000254148879096729
"Mumtaz_Ali_Cheema",0.000254148879096728
"Munawar_Hayat_Abasi",0.000254148879096727
"Mushtaq_Ahmad_Mohal__Advocate_High_Court_",0.000254148879096726
"Nadeem_Afzal_Gondal",0.000254148879096725
"Nadeem_Ahmad_Awan",0.000254148879096724
"Naeem_Dastgir_Khan",0.000254148879096723
"Naeem_Mehmood_Rana",0.000254148879096722
"Nafisa_Shah",0.000254148879096721
"Najam_Ud_Din_Khan",0.00025414887909672
"Najam_Uddin_Khan",0.000254148879096719
"Najmuddin_Khan",0.000254148879096718
"Naseem_Khan",0.000254148879096717
"Naseer_Mohammad_Khan",0.000254148879096716
"Nasira_Arshad",0.000254148879096715
"Nasira_Meo",0.000254148879096714
"Nasrullah_Roonjha",0.000254148879096713
"Natasha_Daultana",0.000254148879096712
"Nauman_Islam_Shaikh",0.000254148879096711
"Nauman_Islam_Shaikh_",0.00025414887909671
"Nawab_Abdul_Ghani_Talpur",0.000254148879096709
"Nawab_Ali_Wassan",0.000254148879096707
"Nawab_Din",0.000254148879096706
"Nawab_Malik_Amir_Muhammad_Khan",0.000254148879096705
"Nawab_Mohammad_Yousif_Talpur",0.000254148879096704
"Nawab_Muhammad_Yousaf_Talpur",0.000254148879096703
"Nawab_Muhammad_Yousif_Talpur",0.000254148879096702
"Nawabzada_Abdul_Qadir_Khan",0.000254148879096701
"Nawabzada_Ghazanfar_Ali_Gul",0.0002541488790967
"Nawabzada_Iftikhar_Ahmad_Khan",0.000254148879096699
"Nawabzada_Iftikhar_Ahmed_Khan",0.000254148879096698
"Nawabzada_Mir_Amir_Ali_Khan_Magsi",0.000254148879096697
"Nawabzada_Mir_Jamal_Khan_Raisani",0.000254148879096696
"Nazar_Muhammad",0.000254148879096695
"Nazar_Muhammad_Gondal",0.000254148879096694
"Nazar_Muhammad_Kakar",0.000254148879096693
"Nazeer_Ahmad",0.000254148879096692
"Nazir_Ahmed_Bhugio",0.000254148879096691
"Nazir_Ahmed_Bughio",0.00025414887909669
"Neha_Javed",0.000254148879096689
"Nida_Asim",0.000254148879096688
"Nisar_Muhammad",0.000254148879096687
"Noor_Naeem_Khan",0.000254148879096686
"Noor_Ul_Ain",0.000254148879096684
"Noor_Ul_Ain_Rai_Saeed",0.000254148879096683
"Peer_Haider_Zaman_Quraishi",0.000254148879096682
"Peeral_Majeedano",0.000254148879096681
"Pir_Aftab_Hussain_Shah_Jilani",0.00025414887909668
"Pir_Aftab_Hussain_Shah_Jillani",0.000254148879096679
"Pir_Ameer_Ali_Shah_Jilani",0.000254148879096678
"Pir_Bux_Jamot",0.000254148879096677
"Pir_Haider_Zaman_Qureshi",0.000254148879096676
"Pir_Noor_Muhammad_Shah_Jeelani",0.000254148879096675
"Pir_Shafqat_Hussain_Shah_Jilani",0.000254148879096674
"Pir_Syed_Fazal_Ali_Shah_Jeelani",0.000254148879096673
"Pir_Syed_Fazal_Ali_Shah_Jillani",0.000254148879096672
"Qadir_Khan_Mando_Khail",0.000254148879096671
"Qamar_Abbas",0.00025414887909667
"Qamar_Zaman_Kaira",0.000254148879096669
"Qazi_Muhammad_Azhar_Advocate",0.000254148879096667
"Qazi_Muhammad_Bashir",0.000254148879096666
"Qurban_Ali_Kalwar",0.000254148879096665
"Quttab_Din",0.000254148879096664
"Rafiq_Ahmed_Jamali",0.000254148879096663
"Rafique_Ahmed_Jamali",0.000254148879096662
"Raheela_Perveen",0.000254148879096661
"Rai_Ghulam_Mujtaba_Kharal",0.00025414887909666
"Rai_Ijaz_Ahmad_Khan",0.000254148879096659
"Rais_Muhammad_Khalid_Chachar",0.000254148879096658
"Raja_Faiz_Akbar_Janjuha",0.000254148879096657
"Raja_Israr_Ahmed_Abbasi_Advocate",0.000254148879096656
"Raja_Masood_Ahmad",0.000254148879096655
"Raja_Muhammad_Afzal_Khan",0.000254148879096654
"Raja_Muhammad_Iftikhar_Kayani",0.000254148879096653
"Raja_Muhammad_Sana_Ul_Haq_Advocate",0.000254148879096651
"Raja_Parvaiz_Ashraf",0.00025414887909665
"Raja_Pervaiz_Ashraf",0.000254148879096649
"Rajib_Ali",0.000254148879096648
"Rameez_u_Din_Memon",0.000254148879096647
"Rana_Abdul_Rehman_Khan",0.000254148879096646
"Rana_Abdul_Shakoor_Khan",0.000254148879096645
"Rana_Mahmood_Ashraf",0.000254148879096644
"Rana_Mehmood_Ul_Hasan",0.000254148879096643
"Rana_Mubashir_Ali_Khan",0.000254148879096642
"Rana_Muhammad_Azhar_Uttra",0.000254148879096641
"Rana_Muhammad_Farooq_Saeed_Khan",0.000254148879096639
"Rana_Muhammad_Qasim_Noon",0.000254148879096638
"Rao_Abdul_Ghaffar",0.000254148879096637
"Rao_Muhammad_Jameel_Hashim_Khan",0.000254148879096635
"Rao_Najeeb_Ur_Rehman",0.000254148879096634
"Riaz_Hussain_Lund_Balouch",0.000254148879096632
"Rizwan_Ahmad_Hans",0.000254148879096631
"Roshan_Din_Junejo",0.00025414887909663
"Rozi_Khan_Kakar",0.000254148879096629
"Saathi_Ishaque_Advocate",0.000254148879096628
"Sabar_Ali_Baloch",0.000254148879096627
"Sabir_Ali_Baloch",0.000254148879096626
"Sabir_Hussain",0.000254148879096625
"Sadiq_Ali_Memon",0.000254148879096624
"Saeed_Iqbal",0.000254148879096623
"Saeed_Iqbal_",0.000254148879096622
"Sajid_Ali_Bambhan",0.00025414887909662
"Sajid_Ali_Banbhan",0.000254148879096619
"Sajid_Hussain_Turi",0.000254148879096618
"Sajjad_Ahmad_Awan_",0.000254148879096617
"Sajjad_Ul_Hassan",0.000254148879096616
"Sakhawat_Masih",0.000254148879096615
"Salahuddin_Junejo",0.000254148879096614
"Saleem_Mandviwala",0.000254148879096613
"Saleem_Shah",0.000254148879096612
"Saleem_Ullah_Khan",0.000254148879096611
"Samina_Khalid_Ghurki",0.000254148879096609
"Sardar_Ahmed_Khan_Alias_Fayyaz_Ali_Khan",0.000254148879096607
"Sardar_Al-Haaj_Muhammad_Umar",0.000254148879096606
"Sardar_Al_Haaj_Muhammmad_Umer_Gorgaij",0.000254148879096605
"Sardar_Ali",0.000254148879096604
"Sardar_Ali_Abbas_Khan_Baloch",0.000254148879096603
"Sardar_Asif_Ahmad_Ali",0.000254148879096602
"Sardar_Azhar_Ali_Mekan",0.000254148879096601
"Sardar_Bahadur_Ahmad_Khan",0.0002541488790966
"Sardar_Bahadur_Ahmed_Khan",0.000254148879096599
"Sardar_Dost_Muhammad_Khan_Khosa",0.000254148879096598
"Sardar_Jahazeb_Khan_Drishak_Almarof_Chand_Khan",0.000254148879096597
"Sardar_Kamal_Khan_Chang",0.000254148879096596
"Sardar_Khurram_Latif_Khan_Khosa",0.000254148879096594
"Sardar_Khyzar_Hayat_Khan_Ladhu_Ka",0.000254148879096593
"Sardar_Mir_Baz_Muhammad_Kha_Khetran",0.000254148879096591
"Sardar_Mir_Baz_Muhammad_Khan_Khethran",0.00025414887909659
"Sardar_Muhammad_Gulzar_Abbasi",0.000254148879096589
"Sardar_Muhammad_Saif_Ud_Din_Khan_Khosa",0.000254148879096588
"Sardar_Mushtaq_Ahmed",0.000254148879096587
"Sardar_Nabil_Ahmed_Gabol",0.000254148879096586
"Sardar_Saleem_Haider",0.000254148879096585
"Sardar_Saleem_Haider_Khan",0.000254148879096583
"Sardar_Sana_Ullah_Zehri",0.000254148879096582
"Sardar_Shahnawaz_Khan",0.000254148879096581
"Sardar_Shaukat_Hayat_Khan_Advocate",0.00025414887909658
"Sardar_Shoaib_Mumtaz_Khan",0.000254148879096579
"Sardar_Usman_Nawaz",0.000254148879096578
"Sardar_Wahid_Bux_Bhayo",0.000254148879096577
"Sardar_Wazir_Ahmed_Jogezai",0.000254148879096576
"Sardar_Zafar_Ullah_Khan_Laghari",0.000254148879096575
"Sarfaraz_Rajar",0.000254148879096574
"Sarshar_Hassan_Cheema",0.000254148879096573
"Sayed_Akhun_Zada_Chattan",0.000254148879096571
"Shabbir_Ahmad_Khan_Leghari",0.00025414887909657
"Shabir_Ahmed",0.000254148879096569
"Shafeeqa_Baghum_Rao_Sikindar_Iqbal",0.000254148879096568
"Shah_Fahad_Ansari",0.000254148879096567
"Shah_Rehman",0.000254148879096566
"Shahadat_Ali_Khan_Baloch",0.000254148879096565
"Shaheem_Safdar",0.000254148879096564
"Shaheen_Zamir",0.000254148879096563
"Shaheryar_Khan",0.000254148879096561
"Shahid_Abbas",0.00025414887909656
"Shahid_Bashir",0.000254148879096559
"Shahjahan_Ahmad_Bhatti",0.000254148879096558
"Shahjahan_Baloch",0.000254148879096557
"Shahrukh_Malik",0.000254148879096556
"Shahzad_Majeed",0.000254148879096555
"Shahzada_Ghulam_Muhyuddin",0.000254148879096554
"Shakeel_Ahmed_",0.000254148879096553
"Shamas-Un-Nisa",0.000254148879096551
"Shams_Panhwar",0.00025414887909655
"Shamshad_Sattar_Bachani",0.000254148879096549
"Shamusddin_Panhwar",0.000254148879096548
"Shaukat_Ali_Bajwa",0.000254148879096547
"Shaukat_Pervez_Khan",0.000254148879096546
"Shazia_Aurangzeb_Khan",0.000254148879096545
"Shazia_Mari",0.000254148879096544
"Shazia_Marri",0.000254148879096543
"Shazia_Tehmas_Khan",0.000254148879096541
"Shehryar_Amir_Zeb",0.00025414887909654
"Sheikh_Kamran_Iqbal",0.000254148879096539
"Sheikh_Muhammad_Iqbal",0.000254148879096538
"Sheikh_Muhammad_Maghaz_Feroz",0.000254148879096537
"Sheikh_Waqar_Ahmed_Advocate",0.000254148879096536
"Sher_Muhammad_Balcoh",0.000254148879096535
"Sher_Qanoos_Advocate",0.000254148879096534
"Shiyam_Sundar_Advocate",0.000254148879096532
"Shoaib_Alam_Khan",0.000254148879096531
"Shoukat_Ali_Joya_Laleka",0.00025414887909653
"Siddique_Akber",0.000254148879096529
"Sidra_Saeed",0.000254148879096528
"Sohail_Ansari",0.000254148879096527
"Sohail_Shahzad",0.000254148879096526
"Sumaira_Gul",0.000254148879096525
"Sumaira_Mushtaq_Kharal",0.000254148879096523
"Syed_Abbas_Raza_Rizvi",0.000254148879096522
"Syed_Abdul_Qadir_Gillani",0.000254148879096521
"Syed_Abid_Ali_Shah",0.00025414887909652
"Syed_Abid_Hussain_Imam",0.000254148879096519
"Syed_Abrar_Ali_Shah",0.000254148879096518
"Syed_Ahmad_Ali_Shah",0.000254148879096517
"Syed_Ahmad_Mujtaba_Gillani",0.000254148879096516
"Syed_Akhunzada_Chattan",0.000254148879096514
"Syed_Ali_Musa_Gillani",0.000254148879096513
"Syed_Ali_Zawar_Naqvi",0.000254148879096512
"Syed_Allauddin",0.000254148879096511
"Syed_Ameer_Ali_Shah_Jamot",0.00025414887909651
"Syed_Amir_Ali_Shah_Jamote",0.000254148879096509
"Syed_Amir_Hamza_Peerzada",0.000254148879096508
"Syed_Amjad_Hussain_Zaidi",0.000254148879096507
"Syed_Anayat_Ali_Shah",0.000254148879096505
"Syed_Asghar_Hussain",0.000254148879096504
"Syed_Asif_Hashmi",0.000254148879096503
"Syed_Ayaz_Ali_Shah_Sherazi",0.000254148879096502
"Syed_Azmat_Ali_Bukhari_Advocate",0.000254148879096501
"Syed_Faisal_Raza_Abidi",0.0002541488790965
"Syed_Faqeer_Hussain_Shah",0.000254148879096499
"Syed_Gayoor_Abbas_Bukhari_",0.000254148879096497
"Syed_Ghayoor_Abbas_Bukhari",0.000254148879096496
"Syed_Ghulam_Mustafa_Shah",0.000254148879096495
"Syed_Ghulam_Mustafa_Shah_s_o_Syed_Sabbir_Ahmed_Shah",0.000254148879096494
"Syed_Hamid_Saeed_Kazmi",0.000254148879096493
"Syed_Hasnat_Ahmed",0.000254148879096492
"Syed_Hussain_Tariq",0.000254148879096491
"Syed_Ibne_Ali",0.000254148879096489
"Syed_Intikhab_Hussain_Shah",0.000254148879096488
"Syed_Irfan_Gardezi",0.000254148879096487
"Syed_Ishtiaq_Ul_Hassan_Gilani",0.000254148879096486
"Syed_Javed_Ali_Shah_Jillani",0.000254148879096485
"Syed_Khursheed_Ahmed_Shah",0.000254148879096484
"Syed_Manzoor_Abbas",0.000254148879096483
"Syed_Mumtaz_Alam_Gillani",0.000254148879096482
"Syed_Murtza_Mehmud",0.00025414887909648
"Syed_Nasir_Ali_Shah_Alias_Syed_Abbas",0.000254148879096479
"Syed_Naveed_Qamar",0.000254148879096478
"Syed_Nayyer_Hussain_Bukhari",0.000254148879096477
"Syed_Qutab_Ali_Shah_Alias_Ali_Baba",0.000254148879096476
"Syed_Rafiullah",0.000254148879096475
"Syed_Raza_Abbas",0.000254148879096473
"Syed_Sabtul_Haider_Bukhari",0.000254148879096472
"Syed_Sohail_Abidi",0.000254148879096471
"Syed_Sohail_Abrar",0.00025414887909647
"Syed_Sumsam_Ali_Shah_Bukhari",0.000254148879096469
"Syed_Sumsan_Ali_Shah_Bukhari",0.000254148879096468
"Syed_Tariq_Gilani",0.000254148879096467
"Syed_Tariq_Raza",0.000254148879096465
"Syed_Waseem_Ul_Hassan_Naqvi",0.000254148879096464
"Syed_Yousaf_Raza_Gillani",0.000254148879096463
"Syed_Zaffar_Ali_Shah",0.000254148879096462
"Syed_Zahid_Bukhari",0.000254148879096461
"Syeda_Abida_Hussain",0.00025414887909646
"Syeda_Sughra_Imam",0.000254148879096459
"Taimoor_Tahir",0.000254148879096457
"Taj_Muhammad_Jamali",0.000254148879096456
"Talat_Iqbal_Mahessar",0.000254148879096455
"Tariq_Ashrif_Kahloon",0.000254148879096454
"Tariq_Hakam_Ali",0.000254148879096453
"Tariq_Javed_Manzoor",0.000254148879096452
"Tariq_Mahmood",0.00025414887909645
"Tariq_Mahmood_Bajwa",0.000254148879096449
"Tariq_Mehmood_Bajwa",0.000254148879096448
"Tariq_Shabbir_Advocate",0.000254148879096447
"Tariq_Yaqoob_Fateh_Muhammad",0.000254148879096446
"Tasneem_Ahmad_Qureshi",0.000254148879096445
"Tasneem_Ahmed_Qureshi",0.000254148879096443
"Tussadiq_Masood_Khan",0.000254148879096442
"Umar_Aftab",0.000254148879096441
"Umar_Farooq_Khan_Shawa",0.00025414887909644
"Usman_Khan_Tarakai",0.000254148879096439
"Waqar_Ahmad_Khan",0.000254148879096438
"Waseef_Ullah_Khan",0.000254148879096436
"Waseem_Akhtar",0.000254148879096435
"Waseem_Khan_Rajput",0.000254148879096434
"Yousaf_Ali",0.000254148879096433
"Zafar_Ahmed_Siddiqui_Advocate",0.000254148879096432
"Zafar_Iqbal_Ch_",0.000254148879096431
"Zafar_Jhandeer",0.000254148879096429
"Zahid_Pervaiz_Alias_Zahid_Bashir_",0.000254148879096428
"Zar_Gul_Khan",0.000254148879096426
"Zubair_Kardar",0.000254148879096425
"Zulfaqar_Ali_Qaim_Khani",0.000254148879096424
"Zulfiqar_Ali_Behan",0.000254148879096422
"Zulfiqar_Ali_Khan",0.000254148879096421
"Zulfiqar_Bachani",0.00025414887909642
"Zumarad_Khan",0.000254148879096419
"Zumurrad_Khan",0.000254148879096418
"Shah_Nawaz",0.000252289541686207
"Muhammad_Owais_Siddiqui",0.000248344668717567
"Muhammad_Azhar",0.000245303353854325
"Mir_Ali_Nawaz_Talpur",0.00024453220141163
"Abdul_Razzaque",0.000243031579915271
"Nasir_Mahmood",0.000241732997653495
"Muhammad_Kashif",0.000241262968025803
"Abbas_Khan_Afridi",0.000241262968025776
"Abdul_Ghaffar_Dogar",0.000241262968025775
"Abdul_Hameed_Rajput",0.000241262968025774
"Abdul_Hamid_Orakzai",0.000241262968025773
"Abdul_Khaliq_Khar",0.000241262968025773
"Abdul_Majeed_Khan",0.000241262968025772
"Abdul_Qadeer",0.000241262968025771
"Abdul_Qadir_Khan",0.00024126296802577
"Abdul_Rehman_Khan_Kanju",0.000241262968025769
"Abdul_Subhan",0.000241262968025768
"Abdulkhaliq",0.000241262968025767
"Abdullah_Sheedi",0.000241262968025767
"Abid_Ali",0.000241262968025766
"Abid_Ali_",0.000241262968025765
"Abid_Azeem",0.000241262968025764
"Abid_Sheer_Ali",0.000241262968025763
"Adrees_Bajwa_",0.000241262968025762
"Agha_Muhammad_Munwar",0.000241262968025761
"Ahmad_Atteeq_Anwer",0.000241262968025761
"Ahmad_Hussain_Dehar",0.00024126296802576
"Ahsan_Iqbal",0.000241262968025758
"Akhlaq_Younas",0.000241262968025757
"Akhtar_Hussain_Jadoon",0.000241262968025756
"Akhtiar_Wali",0.000241262968025755
"Akhundzada_Badruddin",0.000241262968025755
"Alam_Dad_Laleka",0.000241262968025754
"Alamzeb_Khan",0.000241262968025753
"Alhaj_Muhammad_Farid_Mufakkar",0.000241262968025752
"Ali_Gohar_Khan",0.000241262968025751
"Ali_Mohammad_Khan_Juna_Advocate",0.00024126296802575
"Ali_Raza_Cholyani",0.000241262968025749
"Ali_Sher_Khan",0.000241262968025749
"Ali_Zahid",0.000241262968025748
"Allando_Shah_Alias_Zafar_Ali_Shah",0.000241262968025747
"Amir_Muqam",0.000241262968025746
"Amir_Talal_Gopang",0.000241262968025745
"Ammar_Ahmad_Khan_Leghari",0.000241262968025744
"Anjum_Aqeel_Khan",0.000241262968025743
"Arshad_Manan_Yousaf_Zai",0.000241262968025742
"Asghar_Ali_Awan",0.000241262968025741
"Asif_Ali_Malik",0.000241262968025739
"Asif_Aqeel",0.000241262968025738
"Aslam_Bodla",0.000241262968025737
"Atta_Ullah_Tarar",0.000241262968025736
"Azad_Ali_Tabassum",0.000241262968025735
"Azhar_Qayyum_Nahra",0.000241262968025734
"Azhar_Qayyum_Nehra",0.000241262968025733
"Babar_Nawaz_Khan",0.000241262968025732
"Bashir_Ahmed",0.000241262968025731
"Baz_Gul_Afridi",0.00024126296802573
"Begum_Tehmina_Doultana",0.000241262968025729
"Bilal_Azhar_Kayani",0.000241262968025729
"Bilal_Yaseen",0.000241262968025728
"Capt_r_Muhammad_Safdar",0.000241262968025727
"Ch__Abid_Raza",0.000241262968025726
"Ch__Ashfaq_Ahmed_Mattu",0.000241262968025725
"Ch__Mehmood_Bashir_Virk",0.000241262968025724
"Ch__Mubashir_Hussain",0.000241262968025723
"Ch__Muhammad_Jafar_Iqbal",0.000241262968025722
"Ch__Muhammad_Riaz",0.000241262968025721
"Ch__Nisar_Ali_Khan",0.000241262968025721
"Ch__Safdar-Ur-Rehman",0.00024126296802572
"Ch__Saud_Majeed",0.000241262968025719
"Ch_Armaghan_Subhani",0.000241262968025718
"Ch_Asad_Ur_Rehman",0.000241262968025717
"Ch_bilal_Ahmed_Virk",0.000241262968025716
"Ch_Jaffar_Iqbal",0.000241262968025715
"Ch_muhammad_Ali_Gujar__Advocate",0.000241262968025714
"Ch_Muhammad_Ashraf",0.000241262968025714
"Ch_muhammad_Munir_Azhar",0.000241262968025713
"Ch_Nadeem_Abbas_Rebera",0.000241262968025712
"Ch_Nisar_Ali_Khan",0.000241262968025711
"Chaudhary_Abid_Raza",0.00024126296802571
"Chaudhary_Asad-Ur-Rehman",0.000241262968025709
"Chaudhary_Asad_Ur_Rehman",0.000241262968025708
"Chaudhary_Farrukh_Altaf",0.000241262968025707
"Chaudhary_Iftikhar_Nazir",0.000241262968025706
"Chaudhary_Khalid_Javed",0.000241262968025706
"Chaudhary_Mahmood_Bashir_Virk",0.000241262968025705
"Chaudhary_Muhammad_Ashraf",0.000241262968025704
"Chaudhary_Muhammad_Ashraf_Gujjar",0.000241262968025703
"Chaudhary_Muhammad_Barjees_Tahir",0.000241262968025702
"Chaudhary_Muhammad_Iqbal",0.000241262968025701
"Chaudhary_Muhammad_Shahbaz_Babar",0.0002412629680257
"Chaudhary_Naseer_Ahmed_Sidhu",0.000241262968025699
"Chaudhary_Nazeer_Ahmad",0.000241262968025698
"Chaudhary_Nazir_Ahmad",0.000241262968025698
"Chaudhary_Nisar_Ali_Khan",0.000241262968025697
"Chaudhry_Khadim_Hussain",0.000241262968025696
"Chaudhry_Khalid_Javed_Warraich",0.000241262968025695
"Chaudhry_Mahmood_Bashir_Virk",0.000241262968025694
"Chaudhry_Muhammad_Jamil_Johar_Advocate",0.000241262968025693
"Chaudhry_Muhammad_Munir_Azhar",0.000241262968025692
"Chaudhry_Naseer_Ahmed_Bhutta",0.000241262968025691
"Chaudry_Armaghan_Subhani",0.00024126296802569
"Choudhary_Iftikhar_Nazir",0.000241262968025689
"Choudhary_Muhammad_Barjees_Tahir",0.000241262968025689
"Choudhry_Muhammad_Shahbaz_Babar",0.000241262968025688
"Choudhry_Muhammad_Tarique",0.000241262968025687
"Chudhary_Bilal_Ahmed_Virk",0.000241262968025686
"Chudhary_Hamid_Hameed",0.000241262968025685
"Col_r__Mian_Muhammad_Akram_Advocate",0.000241262968025684
"Daniyal_Ahmed",0.000241262968025683
"Danyal_Choudhary",0.000241262968025682
"Dewan_Ashiq_Hussain_Bukhari",0.000241262968025681
"Dewan_Syed_Jaffar_Hussain",0.00024126296802568
"Dilawar_Khan",0.00024126296802568
"Doctor_Hafeez_Ur_Rehman_Khan_Drishak",0.000241262968025679
"Doctor_Liaquat_Ali_Khan",0.000241262968025678
"Dr__Abu-Ul-Hassan_Ansari",0.000241262968025677
"Dr__Azeem-Ud-Din_Zahid_Lakhvi",0.000241262968025676
"Dr__Imtiaz_Ahmed",0.000241262968025675
"Dr__Mian_Akhtar_Ali_Lalika",0.000241262968025674
"Dr__Muhammad_Afzal_Khan_Dhandla",0.000241262968025673
"Dr__Syed_Ali_Hyder_Shah",0.000241262968025672
"Dr__Tariq_Fazal_Chudhary",0.000241262968025671
"Dr__Zulfiqar_Ali_Bhatti",0.00024126296802567
"Dr_hafiz_Shabbir_Ahmed",0.00024126296802567
"Dr_Rahila_Gul_Magsi",0.000241262968025669
"Dr_syed_Khawar_Ali_Shah",0.000241262968025668
"Dr_tariq_Fazal_Chaudhry",0.000241262968025667
"Ehsan-Ul-Haq_Idrees_Advocate",0.000241262968025666
"Ehsan_Ul_Haq_Bajwa",0.000241262968025665
"Engineer_Abdul_Munim_Khan",0.000241262968025664
"Engineer_Iqbal_Zafar_Jhagra",0.000241262968025663
"Engineer_Khuram_Dastgir_Khan",0.000241262968025662
"Engr_Khurram_Dastgir_Khan",0.000241262968025661
"Faheem_Advocate",0.00024126296802566
"Faiz_Muhammad_Khan",0.000241262968025659
"Farah_Awan_Advocate",0.000241262968025659
"Farah_Khan",0.000241262968025658
"Farhat_Ullah_Khan",0.000241262968025657
"Farid_Khan_Yousafzai",0.000241262968025656
"Farkhanda_Amjad_Waraich",0.000241262968025655
"Furqan_Ali",0.000241262968025653
"Ghalib_Khan",0.000241262968025652
"Ghani_Ur_Rehman",0.000241262968025651
"Ghulam_Hyder_Phulpoto",0.00024126296802565
"Ghulam_Muhammad_Lali",0.000241262968025649
"Ghulam_Rasool_Sahi",0.000241262968025648
"Ghulam_Shoaib",0.000241262968025648
"Hafeez_Ur_Rehman_Khan_Drishak",0.000241262968025647
"Hafiz_Abdul_Kareem",0.000241262968025646
"Hafiz_Abdul_Karim",0.000241262968025645
"Hafiz_Masroor_Lateef",0.000241262968025644
"Haji_Arz_Muhammad_Barech",0.000241262968025643
"Haji_Jamal_Shah_Kakar",0.000241262968025642
"Haji_Javed_Iqbal_Jat",0.000241262968025641
"Haji_Muhammad_Akram_Ansari",0.00024126296802564
"Haji_Muzaffar_Ali_Shajra",0.000241262968025639
"Haji_Waris_Khan_Achakzai",0.000241262968025638
"Haji_Zar_Khan_Safi",0.000241262968025637
"Hameer_Imdad_Unar",0.000241262968025636
"Hammad_Nawaz_Khan",0.000241262968025636
"Hamza_Shahbaz_Sharif",0.000241262968025634
"Hizbullah_Gandapur",0.000241262968025633
"Humair_Hayat_Khan_Rokhari",0.000241262968025632
"Husnain_Rashid",0.000241262968025631
"Ibadullah",0.00024126296802563
"Iftikhar_Uddin",0.000241262968025629
"Ihasn_Kareem_Qureshi",0.000241262968025628
"Ijaz_Ahmed_Chaudhary",0.000241262968025627
"Illah_Bukhsh_Soomro",0.000241262968025626
"Illahi_Bux_Soomro",0.000241262968025625
"Imtiaz_Ahmad_Gondal",0.000241262968025624
"Inamullah_Khan_Niazi",0.000241262968025623
"Iqbal_Zaffar_Jhagra",0.000241262968025622
"Irfan_Aziz_Kurd",0.000241262968025622
"Ishtiaq_Ahmed_Advocate",0.000241262968025621
"Jam_Kamal_Khan",0.000241262968025619
"Jamil_Ahmad_Khan",0.000241262968025618
"Javaid_Ibrahim_Paracha",0.000241262968025617
"Javed_Akhter",0.000241262968025616
"Jehanzeb_Khan",0.000241262968025615
"Justice_r__Iftikhar_Ahmad_Cheema",0.000241262968025614
"Justice_r_Iftikhar_Ahmad_Cheema",0.000241262968025613
"Kaleem_Akbar_Durrani",0.000241262968025612
"Kalim_Akbar",0.000241262968025611
"Khalid_Aziz",0.00024126296802561
"Khawaja_Ahmad_Hassan",0.000241262968025609
"Khawaja_Muhammad_Asif",0.000241262968025608
"Khawaja_Muhammad_Asif_",0.000241262968025607
"Khawaja_Saad_Rafique",0.000241262968025607
"Khudai_Noor",0.000241262968025606
"Khurram_Dastagir_Khan",0.000241262968025605
"Liaqat_Ahmed_Khan",0.000241262968025604
"Liaquat_Ali_Jamali",0.000241262968025603
"Lt_Gen_r__Salah-Ud-Din_Trimzi",0.000241262968025602
"Lt_gen_r_Abdul_Qadir_Baloch",0.000241262968025601
"m_Aslam_Buledi",0.0002412629680256
"m_Junaid_Anwar_Chaudhary",0.000241262968025599
"Mailk_Sohail_Khan",0.000241262968025598
"Major_r_Amir_Aziz_Kurd",0.000241262968025597
"Major_Rtd_Tahir_Iqbal",0.000241262968025596
"Makdum_Syed_Ahmad_Alam_Anwer",0.000241262968025595
"Makhadom_Jamil_Ahmed_Hussain_Bukhari",0.000241262968025594
"Makhdoom_Faisal_Saleh_Hayat",0.000241262968025593
"Makhdoom_Moeen_Uddin_Ali",0.000241262968025592
"Makhdoom_Moin_Ud_Din_Ali_Hashmi",0.000241262968025591
"Makhdoom_Muhammad_Javed_Hashmi",0.00024126296802559
"Makhdoom_Syed_Ali_Hassan_Gillani",0.000241262968025589
"Makhdoom_Syed_Sami_Ul_Hassan_Gilani",0.000241262968025588
"Makhdoomzada_s_b_a_Sultan",0.000241262968025587
"Malak_Muhammad_Zeb_Khan",0.000241262968025587
"Malak_Syed_Ahmad",0.000241262968025586
"Malik_Abdul_Ghaffar_Dogar",0.000241262968025585
"Malik_Abrar_Ahmad",0.000241262968025584
"Malik_Akhtar_Hussain_Awan",0.000241262968025583
"Malik_Ghulam_Qasim_Hanjra",0.000241262968025582
"Malik_Ibrar_Ahmed",0.000241262968025581
"Malik_Ihtebar_Khan",0.00024126296802558
"Malik_Iqbal_Mehdi_Khan",0.000241262968025579
"Malik_Khalid_Naeem",0.000241262968025578
"Malik_Majid_Bucha",0.000241262968025577
"Malik_Maula_Dad_Khan_Sherani_",0.000241262968025576
"Malik_Muhammad_Afzal_Khokhar",0.000241262968025575
"Malik_Muhammad_Asad_Khan",0.000241262968025574
"Malik_Muhammad_Basit_Khar",0.000241262968025573
"Malik_Muhammad_Iqbal_Chanar",0.000241262968025572
"Malik_Saif_Ul_Malook_Khokar",0.000241262968025571
"Malik_Shakeel_Ahmed_Awan",0.00024126296802557
"Malik_Shakir_Bashir_Awan",0.000241262968025569
"Malik_Sultan_Mehmood",0.000241262968025567
"Mansoor_Kamal_Marwat",0.000241262968025566
"Maryam_Nawaz_Sharif",0.000241262968025565
"Mehar_Ishtiaq_Ahmad",0.000241262968025564
"Mian_Abdul_Manan",0.000241262968025563
"Mian_Abdul_Mannan_",0.000241262968025562
"Mian_Abdul_Rasheed",0.000241262968025562
"Mian_Faiz-Ul-Hassan",0.000241262968025561
"Mian_Imtiaz_Ahmad",0.00024126296802556
"Mian_Imtiaz_Ahmed",0.000241262968025559
"Mian_Javed_Latif",0.000241262968025558
"Mian_Manzoor_Hussain",0.000241262968025557
"Mian_Margoob_Ahmad",0.000241262968025556
"Mian_Muhammad_Arshad_Abbas_Qureshi",0.000241262968025555
"Mian_Muhammad_Farooq",0.000241262968025554
"Mian_Muhammad_Ilyas_Rasheed",0.000241262968025553
"Mian_Muhammad_Nawaz_Sharif",0.000241262968025552
"Mian_Muhammad_Qasim_Farooq_",0.000241262968025551
"Mian_Muhammad_Shahbaz_Sharif",0.000241262968025549
"Mian_Muhammad_Sharif_Zafar_Joia",0.000241262968025548
"Mian_Najibuddin_Awaisi",0.000241262968025547
"Mian_Riaz_Hussain_Peerzada",0.000241262968025546
"Mian_Shahid_Hussain_Khan",0.000241262968025545
"Mian_Shahid_Hussain_Khan_Bhatti",0.000241262968025544
"Mian_Yawar_Zaman",0.000241262968025543
"Mir_Amanullah_Talpur",0.000241262968025542
"Mir_Atta_Ullah",0.000241262968025541
"Mir_Dosteen_Khan_Domki",0.00024126296802554
"Mir_Khan_Muhammad_Jamali",0.000241262968025539
"Mir_Mehrullah_Khan_Umrani",0.000241262968025538
"Mohammad_Riyaz",0.000241262968025537
"Mohmmad-Ul-Mulk__Akhon_Zada_",0.000241262968025536
"Mohsin_Shah_Nawaz_Ranjah",0.000241262968025535
"Mohsin_Shah_Nawaz_Ranjha",0.000241262968025534
"Mohsin_Shahnawaz_Ranjha",0.000241262968025533
"Mohtarmatehmina_Doultana",0.000241262968025532
"Moin_Khan",0.000241262968025531
"Molana_Asif_Muawia",0.00024126296802553
"Mr__Makhdoom_Shah_Nawaz_Qureshi",0.000241262968025529
"Mr_babu_Sarfraz_Khan_Jatoi",0.000241262968025528
"Mr_liaquat_Ali_Jatoi",0.000241262968025527
"Mrs_Amjad_Ali_Warraich",0.000241262968025526
"Muhabbat_Khan",0.000241262968025525
"Muhammad_Abad",0.000241262968025524
"Muhammad_Abdul_Ghaffar_Watto",0.000241262968025523
"Muhammad_Afzal_Khokhar",0.000241262968025522
"Muhammad_Akbar_Khan",0.000241262968025521
"Muhammad_Akhtar_Khan_Kanjoo",0.00024126296802552
"Muhammad_Akhtar_Khan_Kanju",0.000241262968025519
"Muhammad_Akhter_Khadam_Alias_Khadam_Hussain",0.000241262968025518
"Muhammad_Akram_Mughal",0.000241262968025517
"Muhammad_Amjad_Farooq_Khan_Khosa",0.000241262968025516
"Muhammad_Arif_Ch",0.000241262968025515
"Muhammad_Arshad_Khan_Laghari",0.000241262968025514
"Muhammad_Asad_Ali_Khan_Junejo",0.000241262968025513
"Muhammad_Asim_Nazeer",0.000241262968025512
"Muhammad_Aslam_Khan_Khattak",0.000241262968025511
"Muhammad_Azhar_Khan_Laghari",0.00024126296802551
"Muhammad_Baleegh-Ur-Rehman",0.000241262968025509
"Muhammad_Baligh_Ur_Rehman",0.000241262968025508
"Muhammad_Barjees_Tahir",0.000241262968025507
"Muhammad_Faiz_Tamman",0.000241262968025506
"Muhammad_Farooq_Baha-Ul-Haq_Shah",0.000241262968025505
"Muhammad_Hamid_Hameed",0.000241262968025504
"Muhammad_Hamza_Shehbaz_Sharif",0.000241262968025503
"Muhammad_Hanif_Abbasi",0.000241262968025502
"Muhammad_Humair_Hayat_Khan_Niazi",0.000241262968025501
"Muhammad_Israr",0.0002412629680255
"Muhammad_Jamil_Malik",0.000241262968025499
"Muhammad_Junaid_Anwaar_Chaudhry",0.000241262968025498
"Muhammad_Junaid_Anwaar_Chudhary",0.000241262968025497
"Muhammad_Khan_Daha",0.000241262968025496
"Muhammad_Moeen_Wattoo",0.000241262968025495
"Muhammad_Mueen_Watto",0.000241262968025494
"Muhammad_Nawaz_Sharif",0.000241262968025493
"Muhammad_Nazir_Khan",0.000241262968025492
"Muhammad_Nisar_Khan",0.000241262968025491
"Muhammad_Numan",0.00024126296802549
"Muhammad_Pervaiz_Malik",0.000241262968025489
"Muhammad_Qasim_Farooq",0.000241262968025488
"Muhammad_Riaz_Malik",0.000241262968025487
"Muhammad_Sana_Ullah_Khan_Masti_Khel",0.000241262968025486
"Muhammad_Shahbaz_Sharif",0.000241262968025485
"Muhammad_Shoaib_Khan",0.000241262968025484
"Muhammad_Tahir_Ameer_Ghroi",0.000241262968025483
"Muhammad_Talal_Chaudhry_",0.000241262968025482
"Muhammad_Tallal_Choudhary",0.000241262968025481
"Muhammad_Ullah",0.00024126296802548
"Muhammad_Usman_Awaisi",0.000241262968025479
"Muhammad_Uzair_Khan",0.000241262968025478
"Muhammad_Yaqub_Sheikh",0.000241262968025477
"Muhammad_Yar_Khan_Kamoka",0.000241262968025476
"Muhammad_Yousaf_Kakar",0.000241262968025475
"Mukhdoom_Syed_Asad_Murtaza_Geelani",0.000241262968025474
"Mukhtar_Ahmed_Malik",0.000241262968025473
"Mumtaz_Ahmad_Tarar",0.000241262968025472
"Munawar_Hayat_Abbasi",0.000241262968025471
"Murtaza_Javed_Abbasi",0.00024126296802547
"Mushahid_Raza",0.000241262968025469
"Mushahidullah_Khan",0.000241262968025468
"Nadeem_Abbas",0.000241262968025467
"Naheed_Parveen",0.000241262968025466
"Naik_Amal_Khan",0.000241262968025465
"Najeeb_Ullah_Khan_Niazi",0.000241262968025464
"Nasar_Iqbal_Bosal",0.000241262968025463
"Nasir_Iqbal_Bosal",0.000241262968025462
"Nasir_Khan_Mosazai",0.000241262968025461
"Nawab_Arshad_Ali_Talpur",0.00024126296802546
"Nawab_Salman_Khan_Khilji",0.000241262968025459
"Nawab_Sher",0.000241262968025458
"Nawab_Zada",0.000241262968025457
"Nawabzada_Jangaiz_Khan_Marri",0.000241262968025456
"Nawabzada_Khawaja_Muhammad_Khan_Hoti",0.000241262968025455
"Nawabzada_Mazher_Ali",0.000241262968025454
"Niaz_Muhammad_Khan",0.000241262968025453
"Nisar_Ahmed_Cheema",0.000241262968025452
"Nisar_Akbar_Khan_",0.000241262968025451
"Noor_Ul_Hassan_Tanveer",0.000241262968025449
"Obaid_Ullah_Khan_Shadi_Khel",0.000241262968025448
"Obaid_Ullah_Shadi_Khel",0.000241262968025447
"Parveen_Bashir",0.000241262968025445
"Pir_Muhammad_Amin_Ul_Hasnat_Shah",0.000241262968025444
"Pir_Muhammad_Aslam_Bodla",0.000241262968025443
"Pirzada_Muhammad_Ashraf_Zia",0.000241262968025442
"Professor_Doctor_Noor_Muhammad_Ghafari",0.000241262968025441
"Qadir_Bux",0.00024126296802544
"Qaiser_Ahmad_Sheikh",0.000241262968025439
"Qaiser_Ahmed_Sheikh",0.000241262968025438
"Raees_Khan",0.000241262968025437
"Rahim_Bux",0.000241262968025436
"Rai_Mansab_Ali_Khan",0.000241262968025435
"Rai_Muhammad_Saleem_Raza_Kharral_Advocate",0.000241262968025434
"Rai_Salah-Ud-Din",0.000241262968025433
"Raja_Javed_Ikhlas",0.000241262968025432
"Raja_Muhammad_Asad_Khan",0.000241262968025431
"Raja_Muhammad_Javed_Ikhlas",0.00024126296802543
"Raja_Muhammad_Safdar",0.000241262968025429
"Raja_Osama_Sarwar",0.000241262968025428
"Raja_Qamar_Ul_Islam",0.000241262968025427
"Rajab_Ali_Khan_Baloch",0.000241262968025426
"Rana_Abdul_Sattar_Bin_Rana_Shamim_Ahmed_Khan",0.000241262968025425
"Rana_Afzaal_Hussain",0.000241262968025424
"Rana_Iradat_Sharif_Khan",0.000241262968025423
"Rana_Mahmood-Ul-Hassan",0.000241262968025421
"Rana_Mehmood_Ul_Hassan",0.00024126296802542
"Rana_Mubasshir_Iqbal",0.000241262968025419
"Rana_Muhammad_Afzal_Khan",0.000241262968025418
"Rana_Muhammad_Hayat_Khan",0.000241262968025417
"Rana_Muhammad_Ishaq_Khan",0.000241262968025416
"Rana_Nazir_Ahmad_Khan",0.000241262968025415
"Rana_Qasim_Noon",0.000241262968025414
"Rana_Sana_Ullah_Khan",0.000241262968025413
"Rana_Shamim_Ahmed_Khan",0.000241262968025412
"Rana_Tanveer_Hussain",0.000241262968025411
"Rana_Umer_Nazir_Khan",0.00024126296802541
"Rana_Zahid_Hussain_Khan",0.000241262968025409
"Rao_Abid_Rizwan_Shoukat",0.000241262968025408
"Rao_Mazhar_Hayyat_Khan",0.000241262968025407
"Rao_Muhammad_Mohsin_Ali_Khan",0.000241262968025406
"Rasheed_Ahmad_Khan",0.000241262968025405
"Rasool_Bux_Jakhro",0.000241262968025404
"Rehan_Malik_Advocate",0.000241262968025402
"Rehan_Qaiser_Sheikh",0.000241262968025401
"Rehmat_Salam_Khattak",0.0002412629680254
"Riaz_Ahmad_Khan",0.000241262968025399
"Riaz_Ul_Haq",0.000241262968025398
"Rooh_Ullah_Khan",0.000241262968025397
"Rozina",0.000241262968025396
"Saad_Ullah_Tareen",0.000241262968025395
"Saad_Waseem",0.000241262968025394
"Saboohuddin_Malik",0.000241262968025393
"Saddique_Khan_Baloch",0.000241262968025392
"Sadia_Shabir",0.000241262968025391
"Saeed_Ahmed_Khan_Manais",0.00024126296802539
"Saeed_Ahmed_Manais",0.000241262968025389
"Sahabzada_Syed_Murtaza_Amin",0.000241262968025388
"Sahibzada-Faizul-Hassan",0.000241262968025387
"Sahibzada_Faiz_Ul_Hassan",0.000241262968025385
"Sahibzada_Haji_Muhammad_Fazal-e-Kareem_",0.000241262968025384
"Sahibzada_Muhammad_Tahir_Sultan",0.000241262968025383
"Sahibzada_Shabbir_Hassan_Ansari",0.000241262968025382
"Saima_Akhtar_Bharwana",0.000241262968025381
"Saira_Afzal_Tarar",0.00024126296802538
"Saira_Tarar",0.000241262968025379
"Sajid_Mehdi",0.000241262968025378
"Sajjad_Ahmed_Sohal",0.000241262968025377
"Sajjad_Ali",0.000241262968025376
"Sajjad_Anwar_Khan",0.000241262968025375
"Sakina_Anwer",0.000241262968025374
"Salar_Khan",0.000241262968025373
"Saleem_Zia",0.000241262968025372
"Salman_Hanif",0.00024126296802537
"Sardar_Adil_Umar",0.000241262968025369
"Sardar_Ayaz_Sadiq",0.000241262968025368
"Sardar_Fateh_Muhammad_Hasni",0.000241262968025367
"Sardar_Ghulam_Abbas",0.000241262968025366
"Sardar_m_Yaqoob_Nasir",0.000241262968025365
"Sardar_Mansab_Ali_Dogar",0.000241262968025364
"Sardar_Mansab_Ali_Doggar",0.000241262968025363
"Sardar_Mehtab_Ahmed_Khan",0.000241262968025362
"Sardar_Muhammad_Amjad_Farooq_Khan_Khosa",0.000241262968025361
"Sardar_Muhammad_Arshad_Khan_Laghari",0.00024126296802536
"Sardar_Muhammad_Irfan_Dogar",0.000241262968025359
"Sardar_Muhammad_Jaffar_Khan_Leghari",0.000241262968025357
"Sardar_Muhammad_Saif-Ul-Din_Khan_Khosa",0.000241262968025355
"Sardar_Muhammad_Shafqat_Hayat_Khan",0.000241262968025354
"Sardar_Muhammad_Yaqoob_Khan_Nasir",0.000241262968025353
"Sardar_Muhammad_Yousaf",0.000241262968025352
"Sardar_Muhammad_Yousaf_Zaman",0.000241262968025351
"Sardar_Mumtaz_Khan",0.00024126296802535
"Sardar_Noor_Ahmed_Khan_Malaizai",0.000241262968025349
"Sardar_Riaz_Mahmood_Khan_Mazari",0.000241262968025348
"Sardar_Sanaullah_Zehri",0.000241262968025347
"Sarzamin_Khan",0.000241262968025346
"Saud_Majeed",0.000241262968025345
"Shabbir_Ahmed_Hyderi",0.000241262968025343
"Shah_Jee_Gul_Afridi",0.000241262968025342
"Shahab_Ud_Din_Khan",0.000241262968025341
"Shahibzada_Faiz_Ul_Hassan",0.00024126296802534
"Shahid_Khaqan_Abbasi",0.000241262968025339
"Shahid_Khaqan_Abbassi",0.000241262968025338
"Shahid_Usman",0.000241262968025337
"Shaikh_Maqsood_Ahmed",0.000241262968025336
"Shaikh_Rohale_Asghar",0.000241262968025335
"Shams_Ur_Rehman_Khattak",0.000241262968025334
"Sharafat_Khan",0.000241262968025333
"Shazia_Mubashar",0.000241262968025331
"Shehzad_Asghar_Khan_Rind__Advocate",0.00024126296802533
"Sheikh_Abdul_Sattar_Mandokhel",0.000241262968025329
"Sheikh_Aftab_Ahmad",0.000241262968025328
"Sheikh_Aftab_Ahmed",0.000241262968025327
"Sheikh_Fayyaz_Ud_Din",0.000241262968025326
"Sheikh_Muhammad_Akram",0.000241262968025325
"Sheikh_Muhammad_Tariq_Rasheed",0.000241262968025324
"Sheikh_Rohale_Asghar",0.000241262968025323
"Sheikh_Roheel_Asghar",0.000241262968025322
"Sher_Afghan_Khan",0.00024126296802532
"Sher_Rehman",0.000241262968025319
"Shezra_Mansab_Ali_Khan_Kharal",0.000241262968025318
"Sidra_Tel_Muntaha",0.000241262968025317
"Sikander_Ali_Mirani",0.000241262968025316
"Skindar_Hayyat_Khan_Bosan",0.000241262968025315
"Sobia_Shahid",0.000241262968025314
"Sohail_Shoukat_Butt",0.000241262968025312
"Speen_Gul",0.000241262968025311
"Sumaira_Naz",0.000241262968025309
"Syed_Ansub_Raza_Fatmi",0.000241262968025308
"Syed_Attaullah_Shah_Bukhari",0.000241262968025307
"Syed_Basit_Sultan_Bukhari",0.000241262968025306
"Syed_Faisal_Abbas",0.000241262968025305
"Syed_Ghulam_Mustafa_Shah_s_o_Syed_Asadullah_Shah",0.000241262968025303
"Syed_Hafeezuddin",0.000241262968025302
"Syed_Iftikhar_Ul_Hassan",0.000241262968025301
"Syed_Imran_Ahmad_Shah",0.0002412629680253
"Syed_Imran_Ahmed_Shah",0.000241262968025298
"Syed_Javed_Hassan",0.000241262968025297
"Syed_Javed_Hassnain",0.000241262968025296
"Syed_Javed_Hassnain_Shah",0.000241262968025295
"Syed_Mobeen_Ahmed",0.000241262968025294
"Syed_Muhammad_Abdullah_Shah",0.000241262968025293
"Syed_Muhammad_Ali_Shah_Bacha_Lala",0.000241262968025292
"Syed_Muhammad_Ashiq_Hussain_Shah",0.000241262968025291
"Syed_Muhammad_Athar_Hussain_Shah_Gillani",0.000241262968025289
"Syed_Muhammad_Iqbal_Shah",0.000241262968025288
"Syed_Muhammad_Nihal_Hashmi",0.000241262968025287
"Syed_Muhammad_Rafi_Ud_Din_Bukhari",0.000241262968025286
"Syed_Muhammad_Raza_Bukhari",0.000241262968025285
"Syed_Muhammad_Saleem_Ashrafi",0.000241262968025284
"Syed_Muhammad_Salman_Mohsin_Gillani",0.000241262968025283
"Syed_Muhammad_Saqlain_Bukhari",0.000241262968025282
"Syed_Raza_Ali_Bukhari",0.00024126296802528
"Syed_Riaz_Hussain_Shah_Sherazi",0.000241262968025279
"Syed_Sajid_Mehdi",0.000241262968025278
"Syed_Zahoor_Shah",0.000241262968025277
"Syed_Zulfiqar_Ali_Shah",0.000241262968025276
"Syeda_Nosheen_Iftikhar",0.000241262968025275
"Syeda_Shehr_Bano_Bukhari",0.000241262968025274
"Tariq_Fazal_Chaudhry",0.000241262968025273
"Tehmina_Daultana",0.000241262968025271
"Toor_Gul_Khan_Jogezai",0.00024126296802527
"Umer_Sohail_Zia_Butt",0.000241262968025269
"Usman_Ibrahim",0.000241262968025268
"Uzair_Tariq",0.000241262968025267
"Waheed_Alam_Khan",0.000241262968025266
"Wajid_Ali_Khan",0.000241262968025265
"Waseem_Akhtar_Shaikh",0.000241262968025263
"Waseem_Akhtar_Sheikh",0.000241262968025262
"Wazeer_Ahmed_Afridi",0.000241262968025261
"Yasir_Khan",0.00024126296802526
"Zahid_Hamid",0.000241262968025259
"Zahid_Khan_Afridi",0.000241262968025258
"Zaib_Jafar",0.000241262968025257
"Zain-Ul-Abideen_Ansari",0.000241262968025256
"Zain_Ansari",0.000241262968025254
"Zain_Ul_Abdin_Ansari",0.000241262968025253
"Zakir_Hussain_Mari",0.000241262968025252
"Zameer_Hussain_Leghari",0.000241262968025251
"Zar_Khan",0.00024126296802525
"Zobaida_Jalal",0.000241262968025249
"Zulifqar_Ali_Bhindar",0.000241262968025248
"Abdul_Shakoor",0.000239611508910761
"Nasir_Mehmood",0.000237372672896443
"Muhammad_Irfan",0.000236682916058691
"Aasia_Ishaq",0.000234117756312489
"Abdul_Jalil_Bazai",0.000234117756312489
"Abdul_Kareem",0.000234117756312488
"Abdul_Khalid",0.000234117756312487
"Abdul_Majeed_Chohan",0.000234117756312486
"Abdul_Qadeer_Khan",0.000234117756312486
"Abdul_Qadir_Solangi",0.000234117756312485
"Abdul_Rasheed_Godil",0.000234117756312484
"Abdul_Salam_Ansari",0.000234117756312483
"Abdul_Sattar_Chaudhary",0.000234117756312481
"Abdul_Sattar_Jatoi",0.000234117756312481
"Abdul_Waseem",0.00023411775631248
"Abdul_Waseem_Khan_Ghouri",0.000234117756312479
"Adbul_Rashid_Godil",0.000234117756312478
"Advocate_Sikandar_Ali_Keerio",0.000234117756312478
"Advocate_Zulfiqar_Ali_Qazi",0.000234117756312477
"Afaq_Shafqat",0.000234117756312476
"Aftab_Ahmed_Rajput",0.000234117756312475
"Aftikhar_Akbar_Randhawa",0.000234117756312474
"Agha_Muhammad_Ali_Khan",0.000234117756312473
"Agha_Muhammad_Naved",0.000234117756312473
"Ahmed_Ali_Buriro",0.000234117756312472
"Ahmed_Gabol",0.000234117756312471
"Ahmed_Saleem_Siddiqui",0.00023411775631247
"Alam_Dar_Hussain_Shah",0.000234117756312469
"Alama_Syed_Farman_Raza_Abidi",0.000234117756312469
"Alambardar_Hussain_Rizvi",0.000234117756312468
"Ali_Muhammad_Memon",0.000234117756312467
"Amin",0.000234117756312466
"Aminul_Haque",0.000234117756312465
"Anwar_Ali_Khan",0.000234117756312465
"Anwer_Sial_Bhai_",0.000234117756312464
"Arbab_Abdul_Ghani_Kasi",0.000234117756312463
"Arif_Jamal",0.000234117756312462
"Arshad_Abdullah_Vohra",0.000234117756312461
"Arshad_Iqbal",0.000234117756312461
"Arshad_Mahmood_Rabbani",0.00023411775631246
"Asad_Ullah_Shah",0.000234117756312459
"Asghar_Ali_Parhiar",0.000234117756312458
"Asghar_Ali_Parhiar_Advocate",0.000234117756312457
"Ashfaq",0.000234117756312456
"Atta_Shaikh_Advocate",0.000234117756312456
"Aziz_Ullah_Marwat",0.000234117756312455
"Babar_Siraj_Mirza",0.000234117756312454
"Basir_Ahmad",0.000234117756312453
"Begum_Tahira_Asif",0.000234117756312452
"Bilal_Hussain",0.000234117756312452
"Bisma_Asif",0.000234117756312451
"Ch__Hamid_Ali_Wahla",0.00023411775631245
"Ch__Muahmmad_Shabbir_Kamboh",0.000234117756312449
"Ch__Muhammad_Safdar_Jamna",0.000234117756312448
"Ch__Muhammad_Suleman_Gujar",0.000234117756312448
"Ch__Zafar_Iqbal",0.000234117756312447
"Ch_Abdul_Qayyum_Bajwa_Advocate",0.000234117756312446
"Ch_Khalid_Hussain_Bhatti_Advocate",0.000234117756312445
"Chaudhry_Iftikhar_Ahmed_Siddhu_Advocate",0.000234117756312444
"Chaudhry_Javed_Sarwar",0.000234117756312443
"Chaudhry_Munawar_Hafeez",0.000234117756312443
"Choudhary_Anwar_Ali_Gill_Advocate",0.000234117756312442
"Choudhary_Muhammad_Ilyas",0.000234117756312441
"Dev_Das",0.00023411775631244
"Dildar_Ahmed_Khaskheli",0.000234117756312439
"Doctor_Asif_Rafique",0.000234117756312438
"Doctor_Hafiz_Mohammad_Sarwar_Joyia",0.000234117756312438
"Dr__Abdul_Qadir_Khanzada",0.000234117756312437
"Dr__Ejaz_Hussain",0.000234117756312436
"Dr__Farooq_Sattar",0.000234117756312435
"Dr__K_s__Mujahid_Khan_Baloch",0.000234117756312434
"Dr__Khalid_Maqbool_Siddiqui",0.000234117756312433
"Dr__Lala_Rukh_Mustafa",0.000234117756312433
"Dr__Muhammad_Ayoub_Shaikh",0.000234117756312432
"Dr__Muhammad_Farooq_Sattar",0.000234117756312431
"Dr__Mumtaz_Ali_Chandio",0.00023411775631243
"Dr__Taj_Hussain_Fani",0.000234117756312429
"Dr_Abdul_Razaque_Lashari",0.000234117756312428
"Dr_imam_Bux_Khilji",0.000234117756312428
"Dr_Muhammad_Musa_Advocate",0.000234117756312427
"Dr_nadeem_Ehsan",0.000234117756312426
"Dr_Zaib_Un_Nisa",0.000234117756312425
"Engineer_Afridi",0.000234117756312424
"Engineer_Muhammad_Zakir",0.000234117756312423
"Fahmida_Shah_Bukhari",0.000234117756312423
"Faiz_Muhammad",0.000234117756312422
"Farhan_Chishti",0.000234117756312421
"Farhat_Muhammad_Khan",0.00023411775631242
"Farkhanda_Khalid",0.000234117756312419
"Farrukh_Hussain",0.000234117756312418
"Fayyaz_Ali",0.000234117756312417
"Fazal_Ul_Rehman",0.000234117756312417
"Feroz_Khan",0.000234117756312416
"Fouzia_Hameed",0.000234117756312415
"Ghaman",0.000234117756312414
"Ghazanfar_Anjum_Yousafzai_Advocate",0.000234117756312413
"Ghazi_Salahuddin",0.000234117756312412
"Ghulam_Akber_Mallah",0.000234117756312412
"Ghulam_Asghar_Rind",0.000234117756312411
"Ghulam_Farooq_Shahwani",0.00023411775631241
"Ghulam_Muhammad_Rajoka",0.000234117756312409
"Ghulam_Murtza_Solangi",0.000234117756312408
"Ghulam_Mustafa_Sumsam_Qureshi",0.000234117756312407
"Ghulam_Yasin",0.000234117756312406
"Gulzar_Ali_Mugheri",0.000234117756312406
"Habibullah_Khan",0.000234117756312405
"Hafeezuddin",0.000234117756312404
"Hafiz_Muhammad_Hanif",0.000234117756312403
"Haji_Muhammad_Saeed_Arian",0.000234117756312402
"Hamid_Mehmood",0.0002341177563124
"Hassan_Sabir",0.0002341177563124
"Heer_Soho",0.000234117756312399
"Hubdar_Ali",0.000234117756312398
"Humayu_Usman",0.000234117756312397
"Hussain_Bakhsh_Panhwar",0.000234117756312396
"Iftikhar_Mughal",0.000234117756312395
"Imran_Khan_Rajput",0.000234117756312393
"Imtiaz_Ali",0.000234117756312393
"Imtiaz_Ali_Lakho",0.000234117756312392
"Inayat_Ali_Rind",0.000234117756312391
"Inayat_Ul_Haq",0.00023411775631239
"Iqbal_Muhammad_Ali_Khan",0.000234117756312389
"Irfan_Ali_Bikak",0.000234117756312388
"Irfan_Siddique",0.000234117756312387
"Irshad_Bano",0.000234117756312387
"Izhar_Ul_Haq_Qureshi_Siddiqui",0.000234117756312386
"Junaid_Ahmed_Samejo",0.000234117756312385
"Junaid_Tariq_Qureshi_Advocate",0.000234117756312384
"Kaleem_Khan",0.000234117756312383
"Karim_Khan",0.000234117756312382
"Kashif_Ali_Khan",0.000234117756312381
"Khair_Bux_Khosa",0.00023411775631238
"Khalid_Maqbool_Siddiqui",0.00023411775631238
"Khawaja_Awais_Mushtaq",0.000234117756312379
"Khawaja_Izhar_Ul_Hassan",0.000234117756312378
"Khawaja_Sohail_Mansoor",0.000234117756312377
"Khursheed_Abbas",0.000234117756312376
"Khursheed_Ali",0.000234117756312375
"Khushbakht_Shujat",0.000234117756312374
"Kiran_Muhammad_Ali",0.000234117756312373
"Kokab_Bukhari",0.000234117756312373
"m_Ameen_Watoo",0.000234117756312372
"Mahrukh_Mirza",0.000234117756312371
"Major_r__Habib_Ur_Rehman_Khan_Myo_Advocate",0.00023411775631237
"Makhdoom_Syyed_Zawar_Hussain",0.000234117756312369
"Malik_Abdul_Hameed_Awan",0.000234117756312368
"Malik_Abdul_Rehman_Dehwar",0.000234117756312367
"Malik_Ameer_Abdullah_Awan",0.000234117756312366
"Malik_Amjid_Hussain_Uttera",0.000234117756312365
"Malik_Aurang_Zaib_Awan",0.000234117756312365
"Malik_Ejaz_Ahmad_Channar",0.000234117756312364
"Malik_Javed_Khan",0.000234117756312363
"Malik_Mazhar_Hussain",0.000234117756312362
"Malik_Muhammad_Asif_Awan",0.000234117756312361
"Malik_Muhammad_Asim",0.00023411775631236
"Malik_Subhoh_Saddiq",0.000234117756312359
"Malik_Tanveer_Hussain",0.000234117756312358
"Malik_Zafar_Iqbal_Boorh",0.000234117756312357
"Mangharam",0.000234117756312357
"Manzoor_Joori",0.000234117756312356
"Maqsood_Ahmed_Awan",0.000234117756312355
"Maryam_Bibi",0.000234117756312354
"Maulana_Noor_Ul_Haq",0.000234117756312353
"Mazhar_Ali_Alvi",0.000234117756312352
"Mazhar_Hussain",0.000234117756312351
"Mehar_Tajamal_Hussain_Luck",0.00023411775631235
"Mehboob_Alam",0.000234117756312349
"Mehmood_Qadir_Khanzada",0.000234117756312348
"Mehr_Tariq_Maqsood_Advocate",0.000234117756312348
"Mian_Aftab_Ahmad_Qureshi",0.000234117756312347
"Mian_Muhammad_Ateeq_Sheikh",0.000234117756312346
"Mian_Nadeem_Anwar",0.000234117756312345
"Mian_Sarfraz_Watto",0.000234117756312344
"Mian_Tariq_Ali_Bodla",0.000234117756312343
"Mihtab_Hayat_Khan",0.000234117756312341
"Mir_Sanaullah_Khan_Murghazani",0.00023411775631234
"Mirza_Muhammad_Jameel_Raza",0.00023411775631234
"Mohammad_Salman_Khan_Baloch",0.000234117756312339
"Mohammad_Umer_Agha_Awaan",0.000234117756312338
"Mohammad_Zubair_Anjum",0.000234117756312337
"Mohsin_Badshah_Advocate",0.000234117756312336
"Mr__Ghulam_Mohiuddin_Durrani__Advocate_",0.000234117756312335
"Mr__Rana_Fateh_Muhammad_Rajput",0.000234117756312334
"Mr_ferozuddin_Narejo",0.000234117756312333
"Mrs__Khush_Bakhat_Shujaat",0.000234117756312332
"Mudassar_Ejaz",0.000234117756312331
"Muhamamd_Moin_Aamer_Pirzada",0.00023411775631233
"Muhammad_Abdul_Rauf_Siddiqui",0.00023411775631233
"Muhammad_Adrees",0.000234117756312329
"Muhammad_Akhtar",0.000234117756312328
"Muhammad_Akram_Arain_Advocate",0.000234117756312327
"Muhammad_Aleem",0.000234117756312326
"Muhammad_Ali_Jawad",0.000234117756312325
"Muhammad_Ali_Rodeni",0.000234117756312323
"Muhammad_Amin_Wattoo_",0.00023411775631232
"Muhammad_Anwar_Khantareen",0.000234117756312319
"Muhammad_Arif_Brohi",0.000234117756312318
"Muhammad_Asif_Jah",0.000234117756312318
"Muhammad_Aslam__Retired_",0.000234117756312317
"Muhammad_Hafeez_Tabassum",0.000234117756312315
"Muhammad_Hanif_Ansari",0.000234117756312314
"Muhammad_Hussain_Awan",0.000234117756312313
"Muhammad_Ilyas",0.000234117756312312
"Muhammad_Imran_Gill",0.000234117756312311
"Muhammad_Imran_Ijaz_Butt",0.00023411775631231
"Muhammad_Jan_Rind",0.000234117756312308
"Muhammad_Jawed_Hanif_Khan",0.000234117756312307
"Muhammad_Jumma_Changazi",0.000234117756312306
"Muhammad_Junaid_Niaz_Siddiqui",0.000234117756312305
"Muhammad_Meraj_Ahmed",0.000234117756312304
"Muhammad_Mureed_Brohi",0.000234117756312303
"Muhammad_Muzammil_Qureshi",0.000234117756312302
"Muhammad_Pervaiz",0.0002341177563123
"Muhammad_Ramzan_Lashari",0.000234117756312299
"Muhammad_Rashid_Saleem_Khanzada",0.000234117756312298
"Muhammad_Rehan_Hashmi",0.000234117756312297
"Muhammad_Roshan_Khan",0.000234117756312296
"Muhammad_Saeed_Anwar",0.000234117756312295
"Muhammad_Saleem",0.000234117756312294
"Muhammad_Saleem_Langah",0.000234117756312293
"Muhammad_Sarwar_Alvi",0.000234117756312292
"Muhammad_Shafique_Bhatti",0.000234117756312291
"Muhammad_Talib_Bhatti",0.00023411775631229
"Muhammad_Tariq_Pachar",0.000234117756312289
"Muhammad_Tufail_Thakar_Advocate",0.000234117756312288
"Muhammad_Zakir_Shaikh",0.000234117756312285
"Muhammad_Zunbair_Anjum",0.000234117756312284
"Mujahid_Abbas_Khan",0.000234117756312283
"Mulana_Abdul_Baqi_Torkhel",0.000234117756312282
"Mumtaz_Bhai",0.000234117756312281
"Munawar_Ali_Chohan",0.00023411775631228
"Munawar_Ali_Choohan_",0.000234117756312279
"Munir_Ahmed_Pathan",0.000234117756312277
"Munzleen",0.000234117756312277
"Mushtaq_Ali",0.000234117756312276
"Mustafa_Kamal",0.000234117756312275
"Muzammil_Hussain_Joyia",0.000234117756312274
"Nadeem_Brohi_Bhai",0.000234117756312272
"Naeem_Ajmal_Khan_Lashari_Bedar",0.000234117756312271
"Najma",0.00023411775631227
"Naseem_Akhtar",0.000234117756312269
"Naseer_Ahmed_Farooqi",0.000234117756312268
"Nasir_Ayyub_Awan_Advocate",0.000234117756312267
"Naveed_Akhter_Khan",0.000234117756312266
"Naveed_Hasan",0.000234117756312265
"Nawab_Ali",0.000234117756312264
"Nazir_Ahmed_Abbasi",0.000234117756312263
"Nazir_Hussain",0.000234117756312262
"Nazli_Ifat_Tabasum",0.000234117756312261
"Nisar_Ahmed_Shar",0.00023411775631226
"Nisar_Ahmed_Sultan_Tanoli",0.000234117756312259
"Noor_Ahmad",0.000234117756312258
"Noor_Mohammad_Sahito",0.000234117756312257
"Paras",0.000234117756312256
"Peer_Nasir_Saqlalin_Muhammadi",0.000234117756312255
"Pir_Bux_Solangi",0.000234117756312254
"Pir_Syed_Farzand_Ali_Shah",0.000234117756312253
"Pir_Zaman_Shah",0.000234117756312252
"Poonjo_Bheel_Advocate",0.000234117756312251
"Prem_Chand",0.00023411775631225
"Prof__Mushtaq_Hussain_Mughal",0.00023411775631225
"Prof_muhammad_Sagheer_Choudhary_",0.000234117756312249
"Professor_Khursheed_Ahmed_Siddiqui",0.000234117756312248
"Qalib_Abbas_Malik",0.000234117756312247
"Qayum_Khan",0.000234117756312246
"Rai_Muhammad_Younas",0.000234117756312245
"Raja_Ajaz_Hussain",0.000234117756312244
"Rana_Abdul_Rehman_Sultani",0.000234117756312242
"Rana_Farhat_Ali_Advocate",0.000234117756312241
"Rana_Muhamamd_Ashraf",0.00023411775631224
"Rana_Muhammad_Abu_Bakar",0.000234117756312239
"Rana_Muhammad_Arif_Raza",0.000234117756312238
"Rana_Muhammad_Arshad_Khan",0.000234117756312237
"Rana_Nisar_Ahmed",0.000234117756312236
"Rana_Sajid_Mehmood_Advocate",0.000234117756312235
"Rana_Zafar_Ali_Khan",0.000234117756312234
"Rana_Zahoor_Ul_Haq_Advocate",0.000234117756312233
"Rana_Zulqarnain_Khan",0.000234117756312232
"Rao_Abdul_Qayoum_Khan_Advocate",0.000234117756312231
"Rao_Abdul_Qayyum_Khan_Advocate",0.00023411775631223
"Rao_Muhammad_Farman_Uarf_Chotu_Chacha",0.000234117756312229
"Razia_Iqbal",0.000234117756312228
"Razziq_Mehmood_Bhatti",0.000234117756312227
"Riaz_Shar",0.000234117756312225
"Rizwan_Zafar",0.000234117756312224
"S_a_iqbal_Qadri",0.000234117756312223
"Saba_Anwar",0.000234117756312222
"Sadiq_Iftikhar",0.000234117756312221
"Saifullah_Khan",0.000234117756312219
"Sajid_Ahmed",0.000234117756312218
"Sajid_Wahab_Khanzada",0.000234117756312217
"Sajjad_Ahmad_Naseem",0.000234117756312216
"Sakhi_Dad_Mari",0.000234117756312215
"Salahuddin",0.000234117756312214
"Samia_Naz",0.000234117756312213
"Sardar_Afzaal_Ahmed_Madahar_Advocate",0.000234117756312212
"Sardar_Ameer_Qalam_Awan",0.000234117756312211
"Sardar_Ghulam_Mujtaba_Khan",0.00023411775631221
"Sardar_Nabeel_Ahmed_Gabol",0.000234117756312209
"Sarfaraz_Khan",0.000234117756312208
"Sarwar_Khan_Lashri_Advocate_High_Court_",0.000234117756312207
"Shabbir_Ahmed_Qaimkhani",0.000234117756312206
"Shah_Nawaz_Mahar",0.000234117756312205
"Shahid_Akram",0.000234117756312204
"Shahid_Khan_Advocate",0.000234117756312203
"Shahid_Parvaiz_Dogar_Advocate",0.000234117756312202
"Shahid_Sultan",0.000234117756312201
"Shahinshah_Khuddar",0.0002341177563122
"Shaikh_Salahuddin",0.000234117756312199
"Shakeel_Ahmed",0.000234117756312198
"Shaukatullah_Farooqui",0.000234117756312197
"Shehbaz_Khan_Umrani",0.000234117756312196
"Shehzad_Asif_Javed",0.000234117756312195
"Sheikh_Qaisar_Javed",0.000234117756312194
"Sheikh_Salahuddin",0.000234117756312193
"Sher_Muhammad_Nohri",0.000234117756312192
"Siraj-Ud-Din",0.000234117756312191
"Sohail_Ahmed_Abbasi",0.00023411775631219
"Sufyan_Yousuf",0.000234117756312188
"Suhail_Ahmed_Abbasi_Advocate_",0.000234117756312187
"Suheno",0.000234117756312186
"Syed_Akhter_Ul_Iqbal_Qadri",0.000234117756312185
"Syed_Ali_Abbas_Shah",0.000234117756312184
"Syed_Ali_Raza_Abidi",0.000234117756312183
"Syed_Ashraf_Hussain_Shah",0.000234117756312182
"Syed_Asif_Hasnain",0.000234117756312181
"Syed_Baqar_Ahsan",0.00023411775631218
"Syed_Farzand_Ali_Shah",0.000234117756312178
"Syed_Ghulam_Shabbir_Shah",0.000234117756312177
"Syed_Haider_Abbas_Rizvi",0.000234117756312176
"Syed_Imran_Abdullah_so_Syed_Muhammd_Abdullah_Shah",0.000234117756312175
"Syed_Imran_Hyder_Shah",0.000234117756312174
"Syed_Iqbal_Hussain",0.000234117756312173
"Syed_Jamil_Ur_Rab",0.000234117756312172
"Syed_Jehan_Shah__Retd_",0.000234117756312171
"Syed_Munir_Ul_Haq_Advocate_Attock",0.00023411775631217
"Syed_Murtaza_Hussain_Shah",0.000234117756312169
"Syed_Nadeem_Hyder_Shah_Advocate",0.000234117756312168
"Syed_Nadeem_Mansoor",0.000234117756312167
"Syed_Naveed_Anjum_Bukhari",0.000234117756312166
"Syed_Rafi_Uddin",0.000234117756312165
"Syed_Riffat_Hussain_Shah",0.000234117756312164
"Syed_Tayyab_Hussain",0.000234117756312162
"Syed_Waseem_Hussain",0.000234117756312161
"Syed_Zafar_Iqbal_Bukhari",0.00023411775631216
"Syed_Zahid_Ali_Shah",0.000234117756312159
"Ubedullah",0.000234117756312158
"Waheed_Ahmed_Mughal",0.000234117756312157
"Waheed_Ud_Din",0.000234117756312156
"Walidad",0.000234117756312155
"Waseem_Ahmed",0.000234117756312154
"Waseem_Akhter",0.000234117756312153
"Wasiullah_Lakhoo",0.000234117756312151
"Wing_Commander_r__Muhammad_Nawaz_Asim",0.00023411775631215
"Zaheer_Ahmed",0.000234117756312148
"Zahid_Ali_Ujjan",0.000234117756312147
"Zahid_Mehmood_Kiani",0.000234117756312146
"Zair_Ullah_Khan",0.000234117756312145
"Zameer_Ahmed",0.000234117756312144
"Zeeshan_Hasan_Sidhu_Advocate",0.000234117756312143
"Zulfiqar_Ali",0.000234117756312142
"Muhammad_Khan",0.000233288613055241
"Aamer_Masood_Mughal",0.000232705062876443
"Abdul_Hakeem_Chandio",0.000232705062876442
"Abdul_Qayum",0.000232705062876441
"Abdul_Sattar_Samoon",0.00023270506287644
"Abdur_Raoof_Dolla",0.000232705062876439
"Abid_Javed_Virk",0.000232705062876438
"Abid_Mahmood",0.000232705062876437
"Abid_Mahmood_Khagga",0.000232705062876437
"Abrar_Ul_Haq",0.000232705062876436
"Abu_Bakar_Virk",0.000232705062876435
"Adil_Khan_Bazai",0.000232705062876434
"Adv_Shujaat_Ali",0.000232705062876433
"Advocate_Zahoor_Mehsud",0.000232705062876432
"Aftab_Ahmad",0.000232705062876431
"Aftab_Ahmad_Khan_Khichi",0.00023270506287643
"Aftab_Ahmed_Soomro",0.000232705062876429
"Aftab_Irshad_Cheema",0.000232705062876428
"Aftab_Jahangir",0.000232705062876427
"Afzaal_Azeem_Pahat_Advocate",0.000232705062876426
"Ahsan_Ulla_Virk",0.000232705062876425
"Ajab_Gul",0.000232705062876424
"Akeel_Aslam",0.000232705062876423
"Akhtar_Iqbal_Dar",0.000232705062876422
"Akram_Khan",0.000232705062876422
"Akram_Niazi",0.000232705062876421
"Aleem_Adil_Sheikh_",0.00023270506287642
"Ali_Afzal_Sahi",0.000232705062876419
"Ali_Amin_Gandapur",0.000232705062876418
"Ali_Asghar_Khan",0.000232705062876417
"Ali_Ashraf",0.000232705062876416
"Ali_Asjid_Malhi",0.000232705062876415
"Ali_Bukhari",0.000232705062876414
"Ali_Ijaz_Buttar",0.000232705062876413
"Ali_Khan_Jadoon",0.000232705062876412
"Ali_Muhammad_Khalul",0.000232705062876411
"Ali_Muhammad_Khan",0.00023270506287641
"Aliya_Hamza",0.000232705062876409
"Amber_Majeed_Niazi",0.000232705062876408
"Ambreen_Malik",0.000232705062876407
"Amir_Sharjeel",0.000232705062876406
"Amirullah",0.000232705062876405
"Amjad_Ali_Bajwa",0.000232705062876404
"Amjid_Ali_Khan",0.000232705062876404
"Aniqa_Mehdi",0.000232705062876403
"Anwar_Haqdad",0.000232705062876402
"Anwar_Taj",0.000232705062876401
"Aqibullah",0.0002327050628764
"Arbab_Amir_Ayub",0.000232705062876399
"Arbab_Muhammad_Haleem",0.000232705062876398
"Arif_Murad",0.000232705062876397
"Arif_Ur_Rehman_Alvi",0.000232705062876396
"Arshad_Ali_Mayo",0.000232705062876395
"Arshad_Mahmood_Chaudhry",0.000232705062876394
"Arslan_Khalid",0.000232705062876393
"Asad_Qaiser",0.000232705062876392
"Asad_Umar",0.000232705062876391
"Asif_Khan",0.00023270506287639
"Asiya_Asad",0.000232705062876389
"Ataullah_Khan",0.000232705062876388
"Atif_Ali_Khan_Dreshak",0.000232705062876387
"Atif_Choudhry",0.000232705062876386
"Aurangzeb_Khichi",0.000232705062876385
"Awais_Haider_Jakhar",0.000232705062876384
"Ayaz_Sarfraz_Malik",0.000232705062876383
"Ayesha_Nazir_Jatt",0.000232705062876382
"Azizullah_Dero",0.000232705062876381
"Azra_Masood",0.00023270506287638
"Babar_Marghazani",0.000232705062876379
"Bakht_Jamal_Chandio",0.000232705062876378
"Barrister_Abdullah_Mumtaz_Kahloon",0.000232705062876378
"Barrister_Hammad_Azhar",0.000232705062876377
"Barrister_Nabeel_Dhar",0.000232705062876376
"Barrister_Taimur_Malik",0.000232705062876375
"Basharat_Ali_Randhawa",0.000232705062876374
"Basharat_Raja",0.000232705062876373
"Bilal_Ejaz",0.000232705062876372
"Brig_Ejaz_Shah",0.000232705062876371
"Brigadier_Mumtaz_Iqbal_Kahlon",0.00023270506287637
"Ch__Muhammad_Ilyas",0.000232705062876369
"Ch_Khalil_Arain",0.000232705062876368
"Ch_Muhammad_Shahnawaz_Cheema",0.000232705062876367
"Ch_Usman_Ali_Tariq",0.000232705062876366
"Changez_Khan_Kakar",0.000232705062876365
"Chaudhary_Abdul_Ilyas",0.000232705062876364
"Chaudhary_Javed_Iqbal_Waraich",0.000232705062876363
"Chaudhry_Muhammad_Ashfaq",0.000232705062876362
"Choudary_Shokat_Ali_Bhatti",0.000232705062876361
"Choudhry_Muhammad_Saqlain",0.00023270506287636
"Choudhry_Naeem_Ul_Din_Waraich",0.000232705062876359
"Chudhary_Ilyas_Meharban",0.000232705062876358
"Chudhary_Muhammed_Yaqoob",0.000232705062876357
"Col_Ajmal_Sabir_Raja",0.000232705062876356
"Colnel_Ejaz_Hussain_Minhas",0.000232705062876355
"Dawar_Khan_Kundi",0.000232705062876354
"Dawood_Shah",0.000232705062876353
"Dawood_Ullah",0.000232705062876352
"Doctor_Saeed_Ahmed_Afridi",0.000232705062876351
"Doctor_Yasmin_Rashid",0.00023270506287635
"Dr__Amjad",0.000232705062876349
"Dr__Nisar_Jutt",0.000232705062876348
"Dr__Riaz_Lang",0.000232705062876347
"Dr__Tahir_Ali_Javed",0.000232705062876346
"Dr_Azeem_Zahid_Lakhvi",0.000232705062876345
"Dr_Muhammad_Azhar_Khan_Jadoon",0.000232705062876344
"Ejaz_Ahmad_Gaddan",0.000232705062876343
"Eman_Tahir",0.000232705062876342
"Engineer_Dawar_Khan_Kundi",0.000232705062876341
"Faheem_Khan",0.00023270506287634
"Faisal_Mughal",0.000232705062876339
"Faiz_Ullah_Kamoka",0.000232705062876338
"Falak_Niaz",0.000232705062876337
"Falak_Sheer_Sikandar",0.000232705062876336
"Farhat_Faheem_Bhatti",0.000232705062876335
"Farrukh_Habib",0.000232705062876334
"Fawad_Ahmad_Cheema",0.000232705062876333
"Fayaz_Ahmed",0.000232705062876332
"Fazal_Muhammad_Khan",0.000232705062876331
"Ghulam_Zahid",0.00023270506287633
"Gohar_Ali_Khoso",0.000232705062876329
"Gul_Badshah",0.000232705062876328
"Gul_Dad_Khan",0.000232705062876327
"Gul_Muhammad_Keerio",0.000232705062876326
"Gul_Muhammad_Rind",0.000232705062876325
"Gul_Zafar_Khan",0.000232705062876324
"Gulzar_Khan",0.000232705062876323
"Hafeezullah",0.000232705062876322
"Hafiz_Hamid_Raza",0.000232705062876321
"Haji_Akhtar_Mohammad_Mandokhel",0.00023270506287632
"Haji_Imtiaz_Ahmed_Choudhry",0.000232705062876319
"Haji_Khalid_Mehmood_Chatha",0.000232705062876318
"Haleem_Adil_Sheikh",0.000232705062876317
"Hamid_Khan",0.000232705062876316
"Hamid_Ul_Haq",0.000232705062876315
"Hamid_Zaman",0.000232705062876314
"Hamida_Masood_Shah",0.000232705062876313
"Hamza_Khan",0.000232705062876312
"Haroon_Ihsaan_Paracha",0.000232705062876311
"Hassan_Adeel",0.00023270506287631
"Hassan_Ali_Khan",0.000232705062876309
"Hina_Manzoor",0.000232705062876308
"Iffat_Soomro",0.000232705062876307
"Iftikhar_Ali_Khitran",0.000232705062876306
"Iftikhar_Soomro",0.000232705062876305
"Imran_Ahmed_Khan_Niazi",0.000232705062876304
"Imran_Khattak",0.000232705062876303
"Imran_Qaisar_Abbbas",0.000232705062876302
"Iqra_Mubarik",0.000232705062876301
"Jahanzaib_Imtiaz_Gill",0.0002327050628763
"Jameel_Ahmed_Lund_Baloch",0.000232705062876299
"Jamshaid_Dasti",0.000232705062876298
"Javaid_Safdar_Kahlon",0.000232705062876297
"Javed_Ali_Bozdar",0.000232705062876296
"Jehanzeb_Khan_Dhakki",0.000232705062876295
"Junaid_Akbar",0.000232705062876294
"Kanwal_Shauzab",0.000232705062876293
"Karim_Dad",0.000232705062876292
"Khalid_Abdullah_Ghazi",0.000232705062876291
"Khalid_Masood_Khan",0.00023270506287629
"Khalid_Mehmood_Ali",0.000232705062876289
"Khalid_Nawaz",0.000232705062876287
"Khan_Shaid_Afridi",0.000232705062876286
"Khawaja_Mudasar_Mehmood",0.000232705062876285
"Khawaja_Sharif_Muhammad_Koreja",0.000232705062876284
"Khawaja_Sheraz_Mehmood",0.000232705062876283
"Khial_Zaman_Aurak_Zai",0.000232705062876282
"Khudada_Kalyar_Advocate",0.000232705062876281
"Khurram_Munawar_Munj",0.00023270506287628
"Khurram_Shahzad_Virk",0.000232705062876279
"Khurram_Sher_Zaman",0.000232705062876278
"Khursheed_Mehmood_Kasuri",0.000232705062876277
"Kousar_Parveen",0.000232705062876276
"Lal_Chand_Malhi",0.000232705062876275
"Lala_Asad_Ullah",0.000232705062876274
"Latif_Khosa",0.000232705062876273
"Lt_Col_r_Ajmal_Sabir_Raja",0.000232705062876272
"Mahar_Sajjad_Hussain_Cheena",0.000232705062876271
"Maher_Naveed_Ahmad_Kherha",0.00023270506287627
"Mahmood_Khan",0.000232705062876269
"Maj_Latasab_Satti",0.000232705062876268
"Makhdoom_Imad_Ud_Din_Hashmi",0.000232705062876267
"Makhdoom_Javaid_Hussain_Hashmi",0.000232705062876266
"Makhdoom_Shah_Mahmood_Hussain_Qureshi",0.000232705062876265
"Makhdoom_Shah_Mahmood_Qureshi",0.000232705062876264
"Makhdoom_Shah_Mehmood_Hussain_Qureshi",0.000232705062876263
"Malik_Ameen_Aslam_Khan",0.000232705062876262
"Malik_Amir_Dogar",0.000232705062876261
"Malik_Arif_Awan",0.000232705062876259
"Malik_Atiq_Ur_Rehman_Orakzai",0.000232705062876258
"Malik_Ghulam_Murtaza_Metla",0.000232705062876257
"Malik_Mehboob_Ahmed",0.000232705062876256
"Malik_Muhammad_Akram_Bhatti",0.000232705062876255
"Malik_Muhammad_Ali_Khan_Tiwana",0.000232705062876254
"Malik_Muhammad_Faisal_Dehwar",0.000232705062876253
"Malik_Muhammad_Muzaffar_Khan",0.000232705062876252
"Malik_Muhammad_Yar_Dhakoo",0.000232705062876251
"Malik_Nazir_Ahmed_Sobhi",0.00023270506287625
"Malik_Touqeer_Abbas_Khokhar",0.000232705062876249
"Malik_Umar_Farooq",0.000232705062876248
"Malik_Waheed_Khan",0.000232705062876247
"Malik_Waqar_Ahmad",0.000232705062876246
"Malik_Zaheer_Abbas",0.000232705062876245
"Manochaher",0.000232705062876244
"Mansoor_Sarwar_Khan",0.000232705062876243
"Maqsood_Ahmed_Ansari",0.000232705062876242
"Maqsood_Ali",0.00023270506287624
"Maryam_Batool",0.000232705062876239
"Masroor_Ali",0.000232705062876238
"Matiullah_Khan",0.000232705062876237
"Mehar_Un_Nisa_Baloch",0.000232705062876236
"Mehboob_Shah",0.000232705062876235
"Mehr_Bano_Qureshi",0.000232705062876234
"Mian_Azhar",0.000232705062876233
"Mian_Ghous_Muhammad",0.000232705062876232
"Mian_Moin_Uddin",0.000232705062876231
"Mian_Muhammad_Afzal_Hayat",0.00023270506287623
"Mian_Muhammad_Amjad_Joyia",0.000232705062876229
"Mian_Muhammad_Naeem",0.000232705062876228
"Mian_Mumtaz_Ahmad_Matyana",0.000232705062876227
"Mian_Nazir_Rahman",0.000232705062876226
"Mian_Salman_Ali_Qureshi",0.000232705062876224
"Mian_Shahid_Mustafa_Qureshi",0.000232705062876223
"Mir_Ali_Ahmed_Zehri",0.000232705062876222
"Mir_Mohammad_Azam_Sumalani",0.000232705062876221
"Mirza_Abdul_Qayyum",0.00023270506287622
"Mirza_Saeed_Mehmood_Baig",0.000232705062876219
"Moazam_Jatoi",0.000232705062876218
"Mohammad_Imran",0.000232705062876217
"Mohtarma_Zartaj_Gul_Akhwand",0.000232705062876216
"Mubeen_Arif_Jatt",0.000232705062876215
"Muhammad_Afzal_Gondal",0.000232705062876214
"Muhammad_Ahmad_Chattha",0.000232705062876213
"Muhammad_Ajmal_Cheema",0.000232705062876212
"Muhammad_Alamgir_Khan",0.00023270506287621
"Muhammad_Ali_Sarfaraz",0.000232705062876209
"Muhammad_Ali_Shakoor",0.000232705062876208
"Muhammad_Ameer_Sultan",0.000232705062876207
"Muhammad_Arshad_Sahi",0.000232705062876206
"Muhammad_Ashraf_Jabbar_Qureshi",0.000232705062876205
"Muhammad_Aslam_Ghumman",0.000232705062876204
"Muhammad_Atif",0.000232705062876203
"Muhammad_Aurangzaib_Khan_Khichi",0.000232705062876202
"Muhammad_Azam_Khan_Swati",0.000232705062876201
"Muhammad_Bashir_Khan",0.0002327050628762
"Muhammad_Daood",0.000232705062876199
"Muhammad_Dawood_Khan",0.000232705062876197
"Muhammad_Ibraheem_Khan",0.000232705062876196
"Muhammad_Imran_Shaukat_Khan",0.000232705062876195
"Muhammad_Ishaq_Khan_Khakwani",0.000232705062876194
"Muhammad_Jamal_Ahsan_Khan",0.000232705062876193
"Muhammad_Madni",0.000232705062876192
"Muhammad_Mansha_Sindhu",0.000232705062876191
"Muhammad_Miqdad_Ali_Khan",0.00023270506287619
"Muhammad_Naem",0.000232705062876189
"Muhammad_Nawaz_Gondal",0.000232705062876188
"Muhammad_Qasim_Khan_Suri",0.000232705062876187
"Muhammad_Riaz_Haider",0.000232705062876185
"Muhammad_Roman_Ahmed",0.000232705062876184
"Muhammad_Sajid_Naeem_Qureshi",0.000232705062876183
"Muhammad_Saleem_Akhtar_Durrani",0.000232705062876182
"Muhammad_Saleem_Imran",0.000232705062876181
"Muhammad_Sana_Ullah_Khan_Mastikhel",0.00023270506287618
"Muhammad_Shoaib_Shaheen",0.000232705062876179
"Muhammad_Tuffail",0.000232705062876178
"Muhammad_Usman_Dar",0.000232705062876177
"Muhammad_Waqar_Wasi_Chaudhary",0.000232705062876176
"Muhammad_Yasir",0.000232705062876174
"Muhammad_Zeeshan",0.000232705062876173
"Muhammad_Zubair_Khan",0.000232705062876172
"Muhram_Khan",0.000232705062876171
"Mujahid_Ali",0.00023270506287617
"Mujahid_Khan",0.000232705062876169
"Mumtaz_Ahmad",0.000232705062876168
"Mumtaz_Ali_Jakhrani",0.000232705062876167
"Mumtaz_Ali_Shah",0.000232705062876166
"Mumtaz_Mustafa_Advocate",0.000232705062876164
"Murad_Saeed",0.000232705062876163
"Mustafa_Kundi",0.000232705062876162
"Mustansir_Billah",0.000232705062876161
"Nadeem_Abbasi",0.00023270506287616
"Naiz_Muhammad_Gujjar",0.000232705062876159
"Naseem_Hashim_Khan",0.000232705062876158
"Nasim_Ali_Shah",0.000232705062876157
"Nasir_Khan_Khattak",0.000232705062876156
"Nasrullah_Mughal",0.000232705062876154
"Naveed_Hameed",0.000232705062876153
"Nawab_Aman_Ullah_Khan",0.000232705062876152
"Nawab_Khan_Dumer",0.000232705062876151
"Nawab_Muhammad_Ahmad_Khan",0.00023270506287615
"Nawabzada_Salahuddin_Saeed",0.000232705062876149
"Nawaz_Mehmood_Khan",0.000232705062876148
"Naz_Baloch",0.000232705062876147
"Nazish_Bhatti",0.000232705062876145
"Nek_Mohammad",0.000232705062876144
"Niaz_Mohammad_Khan",0.000232705062876143
"Nisar_Akbar_Khan",0.000232705062876142
"Nisaraslam_Khan",0.000232705062876141
"Noor_Muhammad_Ghaffari",0.00023270506287614
"Peer_Zahoor_Hussain_Quraishi",0.000232705062876139
"Pervez_Khattak",0.000232705062876138
"Pir_Bux_Jamood",0.000232705062876136
"Qaisara_Elahi",0.000232705062876134
"Qurban_Ali",0.000232705062876133
"Rab_Nawaz_Kalwar",0.000232705062876132
"Raees_Nawaz_Ali_Burfat",0.000232705062876131
"Rafique_Ahmad_Khan_Niazi",0.00023270506287613
"Rahat_Aman_Ullah_Bhatti",0.000232705062876129
"Rahat_Amanullah_Bhatti",0.000232705062876127
"Rai_Haider_Ali_Khan",0.000232705062876126
"Rai_Hasan_Nawaz_Khan",0.000232705062876125
"Rai_Hassan_Nawaz_Khan",0.000232705062876124
"Rai_Muhammad_Akram_Khan_Bhatti",0.000232705062876123
"Rai_Naeem_Asad_Kharal",0.000232705062876122
"Raja_Aamer_Zaman",0.000232705062876121
"Raja_Abdul_Haque",0.00023270506287612
"Raja_Azhar_Khan",0.000232705062876118
"Raja_Muhammad_Saleem",0.000232705062876117
"Raja_Taila_Saeed",0.000232705062876116
"Raja_Yassir_Humayun_Sarfraz",0.000232705062876115
"Rana_Aamir_Shahzad_Tahir",0.000232705062876114
"Rana_Atif",0.000232705062876113
"Rana_Javed_Umar",0.000232705062876112
"Rana_Naeem_Ur_Rehman_Khan",0.00023270506287611
"Rana_Shehzad_Hafeez",0.000232705062876109
"Rana_Tanveer_Riaz_Khan",0.000232705062876108
"Rao_Hassan_Skindar",0.000232705062876107
"Rao_Khalid_Khan",0.000232705062876106
"Rao_Umer_Hashim_Khan",0.000232705062876105
"Rashid_Siddiqui",0.000232705062876103
"Rashida_Tariq",0.000232705062876102
"Rehana_Imtiaz_Dar",0.000232705062876101
"Riasat_Ali_Bhatti",0.0002327050628761
"Riaz_Ahmad_Tarar",0.000232705062876099
"Riaz_Hyder",0.000232705062876098
"Riyaz_Fatyana",0.000232705062876097
"Rozina_Bhutto",0.000232705062876095
"s_a_Hameed",0.000232705062876094
"Saadullah_Baloch",0.000232705062876093
"Saadullah_Mehmood_Urf_Muhammad_Yasir_Baloch",0.000232705062876092
"Sabeen_Safdar_Bandesha",0.000232705062876091
"Sadaqat_Ali_Abbasi",0.00023270506287609
"Saddam_Tareen",0.000232705062876088
"Saeed_Khursheed_Ahmad",0.000232705062876087
"Saeed_Mushtaq",0.000232705062876086
"Sahibzada_Mehboob_Sultan",0.000232705062876085
"Sajid_Khan",0.000232705062876083
"Sajid_Khan_Wald_Taj_Gul",0.000232705062876082
"Sajid_Nawaz",0.00023270506287608
"Sajid_Nawaz_Khan",0.000232705062876079
"Sajid_Yousaf",0.000232705062876078
"Salar_Khan_Kakar",0.000232705062876077
"Saleem_Mahmood_Kamlana_Sial",0.000232705062876076
"Saleem_Ur_Rehman",0.000232705062876075
"Salman_Akram_Raja",0.000232705062876073
"Salman_Saif_Cheema",0.000232705062876072
"Sami_Ullah_Chaudhry",0.000232705062876071
"Sardar_Ahsan_Raza_Advocate",0.00023270506287607
"Sardar_Muhammad_Ahmed_Dreshak",0.000232705062876069
"Sardar_Muhammad_Ali_Khan",0.000232705062876068
"Sardar_Muhammad_Hussain_Dogar",0.000232705062876066
"Sardar_Rafique_Haider_Khan_Laghari",0.000232705062876065
"Sardar_Sher_Muhammad_Rind_Baloch",0.000232705062876064
"Seemabia_Tahir",0.000232705062876063
"Shabana_Nawab",0.000232705062876062
"Shabbir_Ali_Quereshi",0.000232705062876061
"Shafqat_Abbas",0.000232705062876059
"Shafqat_Ali",0.000232705062876058
"Shafqat_Mehmood",0.000232705062876057
"Shahbaz_Ahmad_Khan_Sial",0.000232705062876056
"Shahid_Ahmad_Khattak",0.000232705062876055
"Shahid_Amin",0.000232705062876053
"Shahid_Talib",0.000232705062876052
"Shahnawaz",0.000232705062876051
"Shahram_Tarakai",0.00023270506287605
"Shamraiz_Khan",0.000232705062876049
"Shandana_Gulzar_Khan",0.000232705062876047
"Shaukat_Iqbal_Mirza",0.000232705062876046
"Shehryar_Afridi",0.000232705062876045
"Shehryar_Riaz",0.000232705062876044
"Shehzad_Farooq",0.000232705062876043
"Shehzada_Muhammad_Gushtasap_Khan",0.000232705062876041
"Sheikh_Waqar_Ahmad_Advocate",0.00023270506287604
"Sher_Afzal_Marwat",0.000232705062876039
"Sher_Ali_Arbab",0.000232705062876038
"Shoaib_Nasir",0.000232705062876037
"Shoukat_Basra",0.000232705062876036
"Sibghatullah",0.000232705062876034
"Sidra_Faisal",0.000232705062876033
"Siraj_Muhammad_Khan",0.000232705062876032
"Sohail_Sultan",0.000232705062876031
"Subhan_Ali",0.00023270506287603
"Subhan_Ali_Sahil",0.000232705062876028
"Syed_Ahmed_Rasheed",0.000232705062876027
"Syed_Akhtar_Hussain_Rizvi",0.000232705062876026
"Syed_Ali_Haider_Zaidi",0.000232705062876025
"Syed_Ali_Husnain_Shah",0.000232705062876024
"Syed_Ali_Hyder_Zaidi",0.000232705062876022
"Syed_Jameel_Ahmad_Hussain_Bokhari",0.000232705062876021
"Syed_Jameel_Ahmed_Hussain_Bokhari",0.00023270506287602
"Syed_Jamil_Ahmed_Shah_Bukhari",0.000232705062876019
"Syed_Khawar_Ali_Shah",0.000232705062876018
"Syed_Muhammad_Jawad_Asghar_Shah",0.000232705062876016
"Syed_Mumtaz_Ali_Shah",0.000232705062876015
"Syed_Niaz_Hussain_Shah_Jillani",0.000232705062876014
"Syed_Qaisar_Abbas_Shah",0.000232705062876013
"Syed_Raza_Ali_Gillani",0.000232705062876012
"Syed_Shah_Ahad_Ali_Shah",0.00023270506287601
"Syed_Wajahat_Hasnain_Shah",0.000232705062876009
"Syed_Zahoor_Agha",0.000232705062876008
"Tahir_Iqbal_Chuhdary",0.000232705062876007
"Tahir_Sadiq",0.000232705062876005
"Talib_Hussain_Sidhu",0.000232705062876003
"Tariq_Aziz_Bhatti",0.000232705062876002
"Tasawar_Abbas",0.000232705062876001
"Umair_Khan_Niazi",0.000232705062875999
"Umar_Aslam_Khan",0.000232705062875998
"Usama_Ahmed_Mela",0.000232705062875997
"Usama_Hamza",0.000232705062875996
"Usman_Hamza",0.000232705062875995
"Wajiha_Akram",0.000232705062875993
"Wali_Muhammad_Mugheri",0.000232705062875992
"Walid_Iqbal",0.000232705062875991
"Waqas_Akram",0.00023270506287599
"Waseem_Abbas",0.000232705062875988
"Wasim_Qadir",0.000232705062875987
"Yasmin_Rashid",0.000232705062875986
"Yousaf_Khan",0.000232705062875985
"Zafar_Ullah_Tararr",0.000232705062875984
"Zaffar_Khan",0.000232705062875982
"Zaheer_Abbas_Naqvi",0.000232705062875981
"Zahid_Hussain_Hashmi",0.00023270506287598
"Zahid_Mehmood_Mazari",0.000232705062875979
"Zain_Qureshi",0.000232705062875977
"Zain_Ul_Abidin_Khelji",0.000232705062875976
"Zameer_Jedhu_Advocate",0.000232705062875975
"Zartaj_Gul_Wazir",0.000232705062875974
"Zubair_Khan",0.000232705062875972
"Zulfiqar",0.000232705062875971
"Zulfiqar_Ali_Mallah",0.00023270506287597
"Zulqarnain_Als_Sakhi_Bhutto",0.000232705062875969
"Sheikh_Rasheed_Ahmed",0.00023205821881673
"Sana_Ullah",0.000222882104968563
"Hafiz_Hasham_Elahi_Zaheer",0.000220748115363154
"Abdul_Aziz_Khan",0.000220748115363154
"Alamgir_Khan",0.000220748115363154
"Majeeda_Maria",0.000220748115363154
"m_Raza",0.000220748115363154
"Sadeed_Anver_Malik_Kashir",0.000220748115363124
"Makhdoom_Syed_Sami_Ul_Hassan_Gillani",0.000220748115363124
"Nadeem_k_Joseph",0.000220748115363124
"Imtiaz_Alam",0.000220748115363124
"Muhammad_Ashraf_Khan_Niazi",0.000220748115363124
"Muhammad_Hanif_Ullah",0.000220748115363124
"Mir_Abdul_Majid_Abro",0.000220748115363124
"Majida_Abro",0.000220748115363124
"Aizaz_Haider",0.000220748115363124
"Ahmed_Noonari",0.000220748115363124
"Khadam_Hussain",0.000220748115363124
"Major_General_Saad_Khattak",0.000220748115363124
"Moulana_Abdul_Hafiz",0.000220748115363124
"Ali_Adrees",0.000220748115363124
"Ch_muhammad_Ashraf",0.000220748115363124
"Miss_Mehwish_Chaudhary",0.000220748115363124
"Abd-Ul-Qadoos_Awan",0.000220748115363124
"Ch_Muhammad_Yaseen_Cheema",0.000220748115363124
"Mahmood_Ahmad_Khan_Qalandar_",0.000220748115363124
"Kaleem_Ullah",0.000220748115363124
"Ahmad_Nawaz_Khan",0.000220748115363124
"Maazullah_Khan",0.000220748115363124
"Ibtsaam_Illahi_Zahir",0.000220748115363124
"Ameer_Ali_Pate_Wale",0.000220748115363124
"Ahmad_Kamran_Thaeem_Ansari",0.000220748115363124
"Abdul_Ghafoor_Kolachi",0.0002207481153631
"Ibtesam_Elahi_Zaheer",0.000220748115363077
"Ghulam_Habib_Marwat",0.000220748115363077
"Ihsan_Ullah_Khan_Mahsood",0.000220748115363077
"Malik_Muhammad_Tufail",0.000220748115363077
"Moulana_Abdul_Quddoos",0.000220748115363077
"Imtiaz_Khan",0.000220748115363062
"Malik_Zulfiqar_Hussain",0.000220748115363035
"Abdul_Basit",0.000220748115363035
"Ali_Afsar_Tanoli",0.000220748115363035
"Mahr_Ghulam_Mustafa_Mangan_Advocate",0.000220748115363014
"Abid_Wazir",0.000220748115363014
"Daud_Ahmed_Fakhri",0.000220748115363014
"Abdul_Samad_Khan",0.000220748115363014
"Mubeen_Malik",0.000220748115363007
"Agha_Syed_Sibtian_Haider_Sabzwari",0.000220748115362998
"Ibtisam_Elahi_Zaheer",0.000220748115362993
"Makhdoom_Nasir_Farid_Chishti",0.000220748115362993
"Muhammad_Sultan",0.000220748115362993
"Syed_Ali_Raza",0.000220748115362993
"Mukhtar_Ali",0.000220748115362993
"Hazoor_Baksh",0.000220748115362986
"Fakhar_e_Alam_Urf_Hazrat",0.000220748115362986
"Mohtarma_Nazish_Aslam_Advocate",0.000220748115362971
"Mohsin_Khan",0.000220748115362971
"Farzana_Parveen",0.000220748115362971
"Hazrat_Umar",0.000220748115362971
"Muhammad_Amir_Wattoo",0.000220748115362966
"Ali_Gohar_Shah__Retired_",0.000220748115362959
"Dad_Muhammad",0.000220748115362956
"Zain_Ul_Abideen",0.000220748115362956
"Muhammd_Farooq_Azam_Malik",0.000220748115362956
"Naila_Joseph_Dayal",0.000220748115362956
"Muhammad_Muzammil",0.000220748115362956
"Rana_Muhammad_Ashraf_Advocate",0.000220748115362956
"Syed_Manzoor_Gillani",0.000220748115362956
"Mir_Abdul_Majid_Abroo",0.000220748115362956
"Muhammad_Faiq",0.000220748115362956
"Baqa_Muhammad",0.000220748115362956
"Zeeshan",0.000220748115362956
"Nadeem_Mumtaz_Qureshi",0.000220748115362956
"Zulfiqar_Ali_Dasti",0.000220748115362956
"S_m_Farooq",0.000220748115362956
"Syed_Zahid_Abbas_Kazmi",0.000220748115362956
"Nawab_Zada_Mansoor_Ahmad_Khan",0.000220748115362956
"Mrs_Mehwish_Chaudhry_Advocate",0.000220748115362956
"Syed_Yousaf_Shah",0.000220748115362956
"Ch_Shoukat_Ali_Cabail",0.000220748115362956
"Mehmood_Qalandar",0.000220748115362956
"Sardar_Taimoor",0.000220748115362956
"Prof_javeed_Sandhu",0.000220748115362956
"Muhammad_Sherwan_Amirzada",0.000220748115362956
"Sardar_Rafiq_Ar_Sanjrani",0.000220748115362956
"Muhammad_Aslam_Khan",0.000220748115362956
"Allah_Nawaz",0.000220748115362956
"Aamir_Khan",0.000220748115362949
"Shabbir_Ahmed_Anjum",0.000220748115362948
"Ijaz_Ahmad",0.000220748115362935
"Fida_Hussain",0.000220748115362935
"Ghulam_Hyder_Jakhro",0.000220748115362928
"Muhammad_Zafar_Iqbal_Gujjar",0.000220748115362926
"Muhammad_Ajmal_Siddique",0.000220748115362926
"Jahangir_Hussain_Jafari",0.000220748115362926
"Irfan_Karim",0.000220748115362926
"Abdullah_Abbasi",0.000220748115362923
"Nawab_Amber_Shahzada",0.000220748115362919
"Noor_Hussain",0.000220748115362919
"Bashir_Khan",0.000220748115362919
"Gul_Muhammad_Bhatti",0.000220748115362919
"Abdul_Khaliq_Hazara",0.000220748115362919
"Dr_Sarfraz_Ahmad_Cheema",0.000220748115362919
"Habib_Noor",0.000220748115362919
"Saira_Khatoon",0.000220748115362919
"Danish_Channa",0.000220748115362919
"Akbar_Dars",0.000220748115362919
"Gohar_Ali_Khan",0.000220748115362919
"Anwar_Hussain",0.000220748115362919
"Aijaz_Ali_Khokhar",0.000220748115362919
"Ghulam_Fareed_Koreja",0.000220748115362919
"Kazim_Ali_Shah",0.000220748115362918
"Mutasim_Elahi_Zaheer",0.000220748115362902
"Rubina_Shaheen_Wattoo",0.000220748115362902
"Raja_Muhammad_Ashraf",0.000220748115362902
"Zawar_Hussain",0.000220748115362902
"Nasar_Ullah_Khan",0.000220748115362902
"Hafiz_Fazal_Muhammad_Barech",0.0002207481153629
"Afzal_Hayat",0.000220748115362897
"Syed_Muhammad_Asad_Shah_Athar",0.000220748115362892
"Shafaqaat_Ahmad",0.000220748115362886
"Ikhtiar_Ahmed",0.000220748115362882
"Major_Rtd_Jameel_Ehsan_Kiyani",0.000220748115362882
"Mushtaq_Ahmad_Bhatti",0.000220748115362879
"Muhammad_Fahad",0.000220748115362879
"Muhammad_Bilal_Hussain",0.000220748115362879
"Muhammad_Arif_Khan",0.000220748115362879
"Manzoor_Ali",0.000220748115362876
"Haji_Molvi_Muhammad_Hanif",0.000220748115362871
"Fateh_Ali_Muawiya",0.00022074811536287
"Fehmeed_Nawaz",0.000220748115362842
"Malik_Abdul_Qayum_Kakar",0.000220748115362841
"Rana_Intizar_Hussain",0.000220748115362833
"Qari_Nasir_Mahmood_Mughal",0.00022074811536283
"Muhammad_Mazhar_Jaffar",0.00022074811536283
"Muhammad_Zahid_Bashir",0.00022074811536283
"Muhammad_Jibran",0.00022074811536283
"Mir_Muhammad_Ali_Reki_Baloch",0.000220748115362826
"Mohammad_Ashfaque",0.000220748115362826
"Taimoor_Ahmad_Yar_Khan",0.000220748115362821
"Tariq_Iqbal",0.000220748115362814
"Hafiz_Allah_Ditta",0.000220748115362813
"Mohammad_Nawaz_Katoher",0.00022074811536281
"Riaz_Hussain_Al_Hussaini__Retired_",0.000220748115362788
"Nawab_Doctor_Amber_Shahzada",0.000220748115362787
"Rashida_Naeem",0.000220748115362787
"Malik_Annayat_Ullah_Khokhar",0.000220748115362787
"Gull_Muhammad_Bhatti__Retired_",0.000220748115362787
"Barkat_Ali_Thamki",0.000220748115362787
"Syed_Ghulam_Abul_Hassan_Shah",0.000220748115362787
"Malik_Habib_Malak_Orakzai",0.000220748115362787
"Sayyed_Khalid_Mehmood_Shah",0.000220748115362787
"Muhammad_Jaffar_Jatoi",0.000220748115362787
"Mohammad_Hussain",0.000220748115362787
"Meher_Muhammad_Jhangir_Advocate",0.000220748115362787
"Shahid_Iqbal",0.000220748115362787
"Rahim_Bakhsh",0.000220748115362787
"Khawja_Ghulam_Fareed_Koreja",0.000220748115362787
"Khurram_Shehzad",0.000220748115362784
"Rana_Akbar_Abbas",0.000220748115362779
"Nisar_Ahmad_Khattak",0.000220748115362779
"Rizwan_Ahmed_Khan",0.000220748115362779
"Sara_Ashfaq",0.000220748115362779
"Molana_Abdul_Qadir_Luni",0.000220748115362778
"Muhammad_Jawad",0.000220748115362768
"Sardar_Haider_Zaman",0.000220748115362768
"Luqman_Khan",0.000220748115362754
"Tayyaba_Mubarak",0.000220748115362752
"Mollana_Mehmood_Ul_Hassan_Qasmi",0.000220748115362746
"Syed_Azizullah_Shah",0.000220748115362741
"Rana_Basharat_Ali",0.000220748115362726
"Syed_Anis_Raza_Naqvi",0.000220748115362726
"Sumbul_Akhtar",0.000220748115362726
"Shahbaz_Ali",0.000220748115362726
"Muhammad_Arsalan_Khalid",0.000220748115362724
"Moulana_Asmatullah",0.000220748115362713
"Nawab_Zada_Shahzain",0.000220748115362706
"Sardar_Muhammad_Iqbal_Khan",0.000220748115362706
"Syed_Gazanfar_Abbas",0.000220748115362693
"Muhammad_Aslam_Iqbal",0.000220748115362693
"Muhammad_Nazeer",0.000220748115362679
"Sayyeda_Nighat_Ishfaq",0.000220748115362671
"Waqas_Ahmad",0.000220748115362671
"Syed_Muhammad_Ishrat_Ghazali",0.000220748115362671
"Yasir_Ali",0.000220748115362671
"Muhammad_Muzammal_Nazir",0.000220748115362661
"Qari_Nazir_Ahmed",0.000220748115362645
"Syed_Mujahid_Abbas_Shah",0.000220748115362643
"Nawab_Dr__Amber_Shehzada",0.000220748115362641
"Waqar_Ahmed",0.000220748115362641
"Rajkumar",0.000220748115362641
"Sardar_Sher_Zaman_Khan_Qaisrani",0.000220748115362641
"Muhammad_Raza",0.000220748115362641
"Wajid_Hussain_Mughal",0.000220748115362641
"Noor_Jamal_Shah",0.000220748115362641
"Shahid_Ahmad",0.000220748115362641
"Raheeman",0.000220748115362641
"Muhammad_Asghar_Dars",0.000220748115362641
"Tauseef_Ur_Rehman_Bhatti_Advocate",0.000220748115362641
"Syed_Rashid_Hussain_Shah",0.000220748115362641
"Shahid_Anjum",0.000220748115362641
"Muhammad_Wazeer_Khan_Dundam_Advocate",0.000220748115362641
"Rustam_Khan",0.000220748115362628
"Sardarzada_Mir_Saeed_Ahmed_Langove",0.000220748115362609
"Wajid_Kiyani",0.000220748115362595
"Ubaid_Ur_Rehman",0.000220748115362573
"Waqas_Qudoos",0.000220748115362561
"Malik_Matloob_Ali_Awan",0.000218234187799763
"Muhammad_Ijaz_Ul_Haq",0.000217938351436003
"Abd_Ul_Ghafoor",0.000213353048825431
"Abdul_Haleem",0.00021335304882543
"Abdul_Majeed_Anwar",0.00021335304882543
"Abdul_Majeed_Hazarvi",0.000213353048825429
"Abdul_Qayoom",0.000213353048825428
"Abdul_Quyyum",0.000213353048825427
"Abdul_Salam",0.000213353048825426
"Abdul_Samad_Son_of_Muhammad_Yousuf",0.000213353048825426
"Abdul_Wajid_Hussain",0.000213353048825425
"Abdullah_Ahmed",0.000213353048825424
"Abdur_Rahim_Khan",0.000213353048825423
"Abu_Bakar_Brohi",0.000213353048825423
"Adnan_Bin_Abdul_Aziz",0.000213353048825422
"Agha_Syed_Muhammad_Ayyoob",0.000213353048825421
"Ahmad_Mujeeb_Aslam",0.00021335304882542
"Ahmed_Naseer",0.000213353048825419
"Akhunzada_Irfan_Ullah_Shah",0.000213353048825419
"Akram_Khan_Durrani",0.000213353048825418
"Allama_Abdul_Raoof_Rabbani",0.000213353048825417
"Amin_Ullah",0.000213353048825415
"Aneela",0.000213353048825415
"Arbab_Kamal_Ahmad",0.000213353048825414
"Asad_Mahmood",0.000213353048825413
"Asad_Mehmood",0.000213353048825412
"Asghar_Ali_Nasir",0.000213353048825411
"Asjad_Mahmood",0.000213353048825411
"Asmat_Ullah",0.00021335304882541
"Attaul_Haq",0.000213353048825409
"Azam_Khan",0.000213353048825408
"Ch_Waseem_Ahmed",0.000213353048825407
"Engineer_Tahir_Iqbal_Orakzai",0.000213353048825407
"Fakharul_Hassan",0.000213353048825406
"Farooq_Hussain_Shah",0.000213353048825405
"Fazal_Ali",0.000213353048825404
"Fazal_Ur_Rehman",0.000213353048825403
"Fazlullah",0.000213353048825403
"Ghulam_Mohammad_Sadiq",0.000213353048825402
"Gohar_Ali",0.0002133530488254
"Gohar_Mohammad_Khan_Bangesh",0.000213353048825399
"Gohar_Muhammad_Khan_Bangash",0.000213353048825399
"Hafiz_Abdul_Qadeer",0.000213353048825398
"Hafiz_Abdul_Razzak",0.000213353048825397
"Hafiz_Abdul_Wadood",0.000213353048825396
"Hafiz_Hamdullah",0.000213353048825395
"Hafiz_Mahmood_Ul_Hassan",0.000213353048825394
"Hafiz_Muhammad_Afzaal",0.000213353048825394
"Hafiz_Muhammad_Azam",0.000213353048825393
"Hafiz_Muhammad_Jameel_Ahmed",0.000213353048825392
"Hafiz_Muhammad_Saeed",0.000213353048825391
"Hafiz_Muhammad_Zubair",0.00021335304882539
"Hafiz_Shahzad_Bashir",0.00021335304882539
"Hajan_Khan_Leghari",0.000213353048825388
"Haji_Abdul_Rasheed_Khan_Bhatti",0.000213353048825387
"Haji_Ghulam_Ali",0.000213353048825386
"Haji_Mangey_Khan_Rahija",0.000213353048825385
"Haji_Manzoor_Ahmed_Mengal",0.000213353048825384
"Hakeem_Muhammad_Asaad",0.000213353048825383
"Hameed_Ullah_Jan_Afridi",0.000213353048825382
"Hidayat_Ur_Rehman",0.000213353048825381
"Ihsan_Ul_Haq",0.00021335304882538
"Ijaz_Ul_Haq",0.00021335304882538
"Ilhaj_Pervaiz_Khan_Khattak",0.000213353048825379
"Imdad_Ullah_Yousafzai",0.000213353048825378
"Ishfaq_Ullah_Khan",0.000213353048825377
"Kaleem_Ullah_Khan",0.000213353048825376
"Khalid_Mobeen",0.000213353048825374
"Khalid_Waleed",0.000213353048825374
"Kifayat_Ullah",0.000213353048825373
"Liaq_Muhammad_Khan",0.000213353048825372
"Makhdoom_Zada_Syed_Muhammad_Zakaria_Shah",0.000213353048825371
"Malik_Gulfraz_Ahmad_Faraz",0.00021335304882537
"Malik_Naveed_Ahmed_Advocate",0.000213353048825369
"Malik_Qadir_Bukhsh",0.000213353048825368
"Malik_Zafar_Borrana_Sahab",0.000213353048825367
"Maulana_Abdul_Ghafar_Tauhadi",0.000213353048825366
"Maulana_Abdullah_Ahmad",0.000213353048825365
"Maulana_Abdur_Rashid",0.000213353048825364
"Maulana_Fazli_Azeem",0.000213353048825362
"Maulana_Haleem_Ur_Rahman",0.000213353048825362
"Maulana_Muhammad_Gohar_Shah",0.00021335304882536
"Maulana_Nizam_Ud_Din",0.000213353048825359
"Maulana_Shirin_Muhammad",0.000213353048825358
"Maulvi_Mohammad_Abdullah_Jatak",0.000213353048825357
"Mehboobullah_Jan_Baqi",0.000213353048825356
"Mir_Baz_Muhammad_Marri",0.000213353048825355
"Mir_Hussain",0.000213353048825354
"Misbah_Ud_Din_Wald_e_Ahmad_Din",0.000213353048825353
"Misbahul_Alam",0.000213353048825352
"Mohammad_Akram_Khan",0.000213353048825351
"Mohammad_Ibrahim_Jatol",0.00021335304882535
"Molana_Abdul_Ghafoor_Haideri",0.000213353048825349
"Molana_Ameer_Zaman",0.000213353048825349
"Molana_Fazal_Ur_Rehman",0.000213353048825348
"Molana_Muhammad_Gohar_Shah",0.000213353048825347
"Molana_Muhammad_Iqbal_Rasheed",0.000213353048825346
"Molana_Muhammad_Sabir_Aarfi",0.000213353048825345
"Molana_Qamar_Din",0.000213353048825344
"Mollana_Ghulam_Qadir_Qasmi",0.000213353048825343
"Molvi_Mohammad_Ishaque_Laghari",0.000213353048825342
"Molvi_Muhammad_Saleh_Alhadad",0.000213353048825341
"Moulana_Abdul_Ghafoor_Haideri",0.000213353048825341
"Moulana_Abdul_Malik",0.00021335304882534
"Moulana_Abdul_Naeem_Nomani",0.000213353048825339
"Moulana_Hafiz_Sana_Ullah",0.000213353048825337
"Moulana_Mohammad_Khan_Sherani",0.000213353048825336
"Moulana_Muhammad_Yakoob_Mahar",0.000213353048825335
"Moulana_Noor_Ul_Haq",0.000213353048825334
"Moulvi_Agha_Muhammad",0.000213353048825333
"Mualana_Muhammad_Qasim",0.000213353048825333
"Mufti_Abdul_Shakoor",0.000213353048825332
"Mufti_Faizul_Haq",0.000213353048825331
"Mufti_Kifayat_Ullah",0.00021335304882533
"Mufti_Nazir_Ahmed_Umrani",0.000213353048825329
"Mufti_Taj_Ud_Din_Rabani",0.000213353048825328
"Muhammad_Abdullah",0.000213353048825327
"Muhammad_Akbar_Tabani",0.000213353048825325
"Muhammad_Arif_Wald_Meer_Azam_Khan",0.000213353048825324
"Muhammad_Ayaz_Chaudhary",0.000213353048825324
"Muhammad_Ayub",0.000213353048825323
"Muhammad_Hafeezur_Rahman",0.000213353048825322
"Muhammad_Nabi",0.000213353048825321
"Muhammad_Naseef_Awan",0.00021335304882532
"Muhammad_Rafique_Abid_Alwi",0.000213353048825318
"Muhammad_Riaz_Shaheen",0.000213353048825317
"Muhammad_Saeed_Jan",0.000213353048825316
"Muhammad_Safdar",0.000213353048825315
"Muhammad_Safi_Ullah",0.000213353048825314
"Muhammad_Saleh_Indhar",0.000213353048825313
"Muhammad_Sardar",0.000213353048825312
"Muhammad_Shah_Zaman",0.000213353048825311
"Muhammad_Sharif_Sadwani_Mazari",0.000213353048825311
"Muhammad_Sufyan_Muavia",0.000213353048825309
"Muhammad_Tahir_Siddique",0.000213353048825308
"Muhammad_Talha_Mahmood",0.000213353048825307
"Muhammad_Usman_Badini",0.000213353048825306
"Muhammad_Uzair_Jagirani",0.000213353048825305
"Muhammad_Zakriya",0.000213353048825303
"Muhammad_Zubair_Abbasi",0.000213353048825301
"Mulana_Ain_u_Din_Shaker",0.0002133530488253
"Mulana_Muhammad_Abdul_Majeed_Farooqe",0.000213353048825299
"Musammir_Shah",0.000213353048825298
"Mushtaq_Ahmad",0.000213353048825298
"Niyaz_Ali",0.000213353048825295
"Nizam_Din",0.000213353048825294
"Nizam_Ud_Din_Lehri",0.000213353048825293
"Nizamuddin",0.000213353048825292
"Noor_Muhammad_Shah",0.000213353048825289
"Obaid_Ullah",0.000213353048825288
"Obaid_Ur_Rehman",0.000213353048825287
"Pir_Muhammad_Aqal_Shah",0.000213353048825286
"Pir_Syed_Alamzeb_Shah",0.000213353048825285
"Qaiser_Khan",0.000213353048825284
"Qari_Abdul_Aziz",0.000213353048825283
"Qari_Attique_Ur_Rehman",0.000213353048825282
"Qari_Khalil_Ur_Rehman",0.000213353048825281
"Qari_Mohammad_Yousif",0.00021335304882528
"Qari_Muhammad_Safdar_Javed",0.000213353048825279
"Qari_Muhammad_Shair_Ali",0.000213353048825278
"Raheem_Ullah",0.000213353048825276
"Rashid_Ahmad_Khan",0.000213353048825275
"Rashid_Mahmood_Soomro",0.000213353048825274
"Rashid_Mehmood_Soomro",0.000213353048825273
"Saad_Sultan",0.000213353048825272
"Saeed_Ahmad_Awan",0.000213353048825272
"Safeer_Alam",0.000213353048825271
"Sahabzada_Hafiz_Aziz_Ur_Rehman_Darkhuwasti",0.00021335304882527
"Saida_Jan",0.000213353048825269
"Saif_Ullah_Saifi",0.000213353048825268
"Saif_Ur_Rehman_Rashidi",0.000213353048825267
"Saifullah_Khalid",0.000213353048825266
"Salah_Ud_Din",0.000213353048825264
"Salahuddin_",0.000213353048825263
"Saleem_Ullah",0.000213353048825262
"Sardar_Ibrar_Khan",0.000213353048825261
"Shafqat_Rehman",0.000213353048825259
"Shahzane_Khan",0.000213353048825258
"Shamsuddin",0.000213353048825257
"Shuja_Ul_Mulk",0.000213353048825256
"Siraj_Ud_Din",0.000213353048825255
"Sultan_Ahmad",0.000213353048825254
"Syed_Abdul_Wadood_Azad",0.000213353048825253
"Syed_Haroon_Sultan_Bukhari",0.000213353048825252
"Syed_Muhammad_Athar",0.000213353048825251
"Syed_Qasim_Shah",0.00021335304882525
"Syed_Sami_Ullah",0.000213353048825249
"Tanveer_Rasool_Qureshi",0.000213353048825248
"Tariq_Sultan",0.000213353048825247
"Tipu_Sultan",0.000213353048825246
"Umer_Ali",0.000213353048825245
"Zafarullah_Khan_Gichki",0.000213353048825244
"Zahid_Akram_Durrani",0.000213353048825243
"Zia_Ur_Rehman_Tamimi",0.000213353048825241
"Muhammad_Zahid",0.000208997934775848
"Abd_Ur_Rasheed",0.000208997934775836
"Abdul_Fatah_Pathan",0.000208997934775835
"Abdul_Hameed_Alias_Arfan",0.000208997934775834
"Abdul_Jamil_Khan",0.000208997934775833
"Abdul_Kabeer",0.000208997934775833
"Abdul_Razzaq_Khalil",0.000208997934775832
"Abdul_Waheed_Akhtar",0.000208997934775831
"Afifa_Athar",0.00020899793477583
"Afrasiab_Khattak",0.000208997934775829
"Ahktar_Hussain",0.000208997934775829
"Ahmad_Jamil_Rashid",0.000208997934775828
"Akbar_Ali_Khan",0.000208997934775826
"Akhtar_Hussain_Qureshi",0.000208997934775826
"Altaf_Ahmad_Khan",0.000208997934775825
"Ameer_Ul_Azeem",0.000208997934775824
"Amir_Mahmood_Cheema",0.000208997934775823
"Amir_Siddiqui",0.000208997934775822
"Anam_Hamza",0.000208997934775821
"Anwar_Ul_Haq",0.00020899793477582
"Asad_Ullah",0.000208997934775819
"Asim_Muneer",0.000208997934775819
"Aslam_Khan",0.000208997934775818
"Atif_Imran",0.000208997934775817
"Atta_Ullah_Hameed",0.000208997934775816
"Azhar_Ul_Haq",0.000208997934775815
"Babar_Rashid",0.000208997934775815
"Bakht_Jehan_Khan",0.000208997934775814
"Ch__Abid_Hussain",0.000208997934775813
"Chaudhary_Abdul_Sattar",0.000208997934775812
"Chaudhary_Asadullah",0.000208997934775811
"Chaudhry_Irfan_Aslam",0.000208997934775811
"Chaudry_Muhammad_Shoukat",0.00020899793477581
"Chaudry_Zulfiqar_Advocate",0.000208997934775809
"Dedar_Hussain_Behrani",0.000208997934775808
"Dr_Atta_Ur_Rehman",0.000208997934775807
"Engr_Muhammad_Sikandar_Asad",0.000208997934775807
"Faiz_Miran",0.000208997934775806
"Fazal_Ahmed",0.000208997934775805
"Fazal_Subhan",0.000208997934775804
"Fazal_Ur_Rehman_Niazi",0.000208997934775803
"Ghanzanfar_Ali_Bajwa",0.000208997934775803
"Ghazan_Iqbal",0.000208997934775802
"Hafiz_Aqib_Ismail",0.000208997934775801
"Hafiz_Muhammad_Arshad",0.0002089979347758
"Hafiz_Nasrullah_Aziz",0.000208997934775799
"Haji_Sami_Ullah",0.000208997934775799
"Hameed_Ud_Din_Awan",0.000208997934775798
"Hammad_Hasan_Lashari",0.000208997934775797
"Hashmat_Khan",0.000208997934775796
"Hizabullah_Jakhro",0.000208997934775795
"Iftikhar_Ahmad_Shaikh",0.000208997934775794
"Iftikhar_Nadeem",0.000208997934775793
"Imdad_Khan",0.000208997934775792
"Imran_Shafiq_Advocate",0.000208997934775791
"Imtiaz_Ahmed",0.00020899793477579
"Inayat_Ur_Rehman",0.000208997934775789
"Iqbal_Khan",0.000208997934775789
"Jahangir_Ahmad",0.000208997934775786
"Jamal_d_Din",0.000208997934775785
"Kamran_Aziz_Ghauri",0.000208997934775784
"Kamran_Malik",0.000208997934775784
"Kashif_Azam",0.000208997934775783
"Khalid_Khan_Yousafzai",0.000208997934775782
"Khalid_Mahmood_Mirza",0.000208997934775781
"Mahmood_Urf_Mahmood_Illahi",0.00020899793477578
"Mairaj_Ul_Huda_Siddiqui",0.000208997934775779
"Malik_Abdul_Aziz",0.000208997934775779
"Malik_Ghulam_Mohiuddin",0.000208997934775778
"Malik_Mateeullah",0.000208997934775777
"Malik_Muhammad_Naeem_Haider",0.000208997934775776
"Mamtaz_Hussain",0.000208997934775775
"Manzoor_Hussain",0.000208997934775774
"Maulana_Abdul_Akbar_Chitrali",0.000208997934775773
"Maulana_Mehboob_Janan",0.000208997934775773
"Maulana_Muhammad_Ismail",0.000208997934775772
"Mian_Mohammad_Aslam",0.000208997934775771
"Mian_Muslim_Pervaiz",0.00020899793477577
"Mir_Muhammad_Baldi",0.000208997934775769
"Miraj_Ul_Huda_Siddiqui",0.000208997934775768
"Mohtarma_Zaiba_Basharat",0.000208997934775767
"Mudassar_Ahmad_Shah",0.000208997934775767
"Mufti_Muhammad_Imtiaz_Marwat",0.000208997934775766
"Muhammad_Ahmad_Raza",0.000208997934775765
"Muhammad_Anwar_Khan",0.000208997934775764
"Muhammad_Arif_Gujjar",0.000208997934775763
"Muhammad_Arslan_Khan_Khakwani",0.000208997934775762
"Muhammad_Ashique",0.000208997934775761
"Muhammad_Asim_Khan",0.000208997934775761
"Muhammad_Azeem_Tahir_Randhawa",0.00020899793477576
"Muhammad_Babar_Khan",0.000208997934775759
"Muhammad_Ejaz_Malik",0.000208997934775757
"Muhammad_Faisal_Bin_Zair",0.000208997934775756
"Muhammad_Hanif_Khan",0.000208997934775755
"Muhammad_Ibrahim_Khan",0.000208997934775754
"Muhammad_Irfan_Ullah",0.000208997934775752
"Muhammad_Ishaq_Khan",0.000208997934775751
"Muhammad_Islam",0.00020899793477575
"Muhammad_Jabir",0.000208997934775749
"Muhammad_Javed_Kasori",0.000208997934775748
"Muhammad_Kashif_Chaudhry",0.000208997934775747
"Muhammad_Kashif_Gujjar",0.000208997934775746
"Muhammad_Musa",0.000208997934775746
"Muhammad_Nasir_Nadeem_Gujjar",0.000208997934775743
"Muhammad_Rehmat_Ullah_Watto",0.000208997934775741
"Muhammad_Safdar_Iqbal",0.000208997934775739
"Muhammad_Sami_Ul_Qazi",0.000208997934775738
"Muhammad_Shabir_Khanzada",0.000208997934775737
"Muhammad_Shahid_Abbas",0.000208997934775736
"Muhammad_Sufyan_Abbasi",0.000208997934775735
"Muhammad_Tahir_Malik",0.000208997934775734
"Muhammad_Tariq_Javed",0.000208997934775733
"Muhammad_Tauseef",0.000208997934775732
"Muhammad_Umar_Farooq",0.000208997934775731
"Muhammad_Usama_Razi_Khan",0.00020899793477573
"Muhammad_Waris",0.00020899793477573
"Muhammad_Yousaf_Khan",0.000208997934775729
"Muhmmad_Mudabbar_Siddique",0.000208997934775727
"Mumtaz_Hussain",0.000208997934775726
"Munam_Zafar_Khan",0.000208997934775725
"Munir_Ahmed_Anjum",0.000208997934775724
"Mussawair_Shah",0.000208997934775723
"Naeem_Ullah",0.000208997934775722
"Naeem_Ur_Rehman_Khan",0.000208997934775721
"Nageena",0.00020899793477572
"Naheem_Ur_Rehman_Khan",0.000208997934775719
"Naveed_Ali_Baig",0.000208997934775718
"Noor_Ali",0.000208997934775715
"Qamar_Zaman_Cheema",0.000208997934775714
"Qari_Saeed_Ahmad",0.000208997934775713
"Qasim_Mehmood",0.000208997934775712
"Raja_Sajid_Sharif",0.000208997934775711
"Rana_Abdul_Waheed",0.00020899793477571
"Rana_Muhammad_Afzal",0.000208997934775709
"Rana_Muhammad_Sikandar_Azam_Khan",0.000208997934775708
"Rasheed_Ahmad",0.000208997934775708
"Rashid_Farooq",0.000208997934775707
"Rustam_Ali_Saqi",0.000208997934775706
"Safia_Khanum",0.000208997934775705
"Sahibzada_Haroon_u_Rasheed",0.000208997934775704
"Saif_Ud_Din",0.000208997934775703
"Sakeena",0.000208997934775701
"Salman_Ahmed",0.000208997934775699
"Samina_Saeed",0.000208997934775698
"Sardar_Abdul_Razaq",0.000208997934775697
"Sardar_Karam_Khan",0.000208997934775696
"Shafiq_Ahmad_Rouf",0.000208997934775695
"Shakeela",0.000208997934775694
"Shamas_Ur_Rehman",0.000208997934775693
"Sharaf_Ud_Din",0.000208997934775692
"Sheikh_Muhammad_Afzaal_Shaheen",0.000208997934775691
"Shiekh_Usman_Farooq",0.00020899793477569
"Shiraz_Khan_Jadoon",0.000208997934775689
"Shoukat_Ali_Bhatti",0.000208997934775688
"Siraj_Ul_Haq",0.000208997934775688
"Sufi_Khalique_Ahmad_Butt",0.000208997934775687
"Sultan_Ahmed_Lashari",0.000208997934775686
"Syed_Abdul_Rasheed",0.000208997934775685
"Syed_Ahmad",0.000208997934775684
"Syed_Arif_Shirazi",0.000208997934775683
"Syed_Ghaffar",0.000208997934775682
"Syed_Ihsan_Ullah_Waqas",0.000208997934775681
"Syed_Tariq_Hussain_Shah_Sherazi",0.00020899793477568
"Syed_Umer_Farooq",0.000208997934775679
"Syed_Ziaullah_Shah_Bukhari",0.000208997934775678
"Tahir_Majeed",0.000208997934775677
"Tahir_Mehmood_Butt",0.000208997934775676
"Talib_Jan",0.000208997934775675
"Tariq_Mateen",0.000208997934775674
"Tasheen",0.000208997934775673
"Tasnim_Khurshid",0.000208997934775672
"Tofiq_Ul_Din_Siddiqui",0.000208997934775671
"Tohfa_Dastgir_Ahmad",0.00020899793477567
"Umar_Farooq_Kanju",0.000208997934775668
"Umar_Gul",0.000208997934775667
"Zabeeh_Ullah_Balgan",0.000208997934775665
"Zafar_Ali",0.000208997934775664
"Zafar_Hussain_Khan",0.000208997934775663
"Zaheer_Babar",0.000208997934775662
"Zaheer_Ud_Din_Jatoi",0.000208997934775661
"Zubair_Ahmed_Gondal",0.00020899793477566
"Zubair_Khadim",0.000208997934775659
"Zulifqar_Ali_Ahmad",0.000208997934775657
"Abdul_Rehman_Khan_Jamali",0.000203325293772564
"Abdur_Raj_Khan",0.000203325293772563
"Adeeba_Gul_Magsi",0.000203325293772562
"Alhaaj_Malak_Aurangzeb_Khan",0.000203325293772561
"Ali_Asjad_Malhi",0.000203325293772561
"Altaf_Hussain_Unar",0.00020332529377256
"Amanullah_Khan_Jadoon",0.000203325293772559
"Amanullah_Paracha",0.000203325293772558
"Ameer_Maqam",0.000203325293772558
"Anwar_Ul_Haq_Alias_Anno",0.000203325293772557
"Arbab_Zakaullah",0.000203325293772556
"Asif_Tauseef_",0.000203325293772555
"Aurangzaib_Khan_Khichi",0.000203325293772555
"Azeem_u_Deen_Zahid",0.000203325293772554
"Begum_Malik_Shoaib_Awan",0.000203325293772553
"Brgd_r__Zulfiqar_Ahmad_Dhillon",0.000203325293772551
"Ch__Abdul_Sattar",0.000203325293772551
"Ch__Anwar_Ali_Cheema",0.00020332529377255
"Ch__Bilal_Ijaz",0.000203325293772549
"Ch__Ghais_Ahmed_Mela",0.000203325293772548
"Ch__Imran_Ullah",0.000203325293772548
"Ch__Muhammad_Ashiq_Dyial",0.000203325293772547
"Ch__Nazir_Ahmed_Jatt",0.000203325293772546
"Ch__Pervaiz_Ellahi",0.000203325293772545
"Ch__Shahid_Akram_Bhinder",0.000203325293772544
"Ch__Shamshad_Ahmad_Khan",0.000203325293772544
"Ch__Shujaat_Hussain",0.000203325293772543
"Ch__Zaffar_Iqbal_Warraich",0.000203325293772542
"Ch_amir_Hussain_",0.000203325293772541
"Ch_Anwar_Ali_Cheema",0.000203325293772541
"Ch_Liaqat_Abbas_Bhatti",0.00020332529377254
"Ch_muhammad_Saeed_Virk",0.000203325293772539
"Ch_nauraiz_Shakoor_Khan",0.000203325293772538
"Ch_Parvez_Elahi",0.000203325293772537
"Ch_pervaiz_Elahi",0.000203325293772537
"Ch_pervaiz_Ellahi",0.000203325293772536
"Ch_Sajid_Hussain_Chatha",0.000203325293772535
"Ch_shahbaz_Hussain",0.000203325293772534
"Ch_Shoukat_Ali_Bhatti",0.000203325293772533
"Ch_shujat_Hussain",0.000203325293772533
"Ch_Wajahat_Hussain",0.000203325293772532
"Chaudhary_Shahbaz_Hussain",0.000203325293772531
"Chaudhary_Wajahat_Hussain",0.00020332529377253
"Chaudhry_Muhammad_Anwar_Bhinder",0.000203325293772529
"Choudhry_Adil_Saboor",0.000203325293772529
"Choudhry_Farrukh_Altaf",0.000203325293772528
"Choudhry_Tariq_Bashir_Cheema",0.000203325293772527
"Dewan_Syed_Ashiq_Hussain_Bukhari",0.000203325293772524
"Doctor_Nisar_Ahmad_Jat_",0.000203325293772524
"Dr__Ghulam_Hyder_Samejo",0.000203325293772523
"Dr_junaid_Mumtaz_Joya",0.000203325293772522
"Dr_sher_Afghan_Khan_Niazi",0.000203325293772521
"Engineer_Amir_Muqam",0.000203325293772519
"Fahad_Malik",0.000203325293772518
"Farhad_Ali_Khan",0.000203325293772517
"Farkhanda_Amjad_Warraich",0.000203325293772516
"Farooq_Ahmed_Khan_Leghari",0.000203325293772515
"Fawad_Ahmad",0.000203325293772515
"Fazal_Ahmad_Sheikh",0.000203325293772514
"Ghias_Ahmad_Mela",0.000203325293772513
"Ghulam_Sarwar_Siyal_Babu",0.00020332529377251
"Habibullah_Khan_Kundi",0.00020332529377251
"Haji_Bilal_Noor_Ansari_",0.000203325293772509
"Haji_Mohammad_Islam_Qureshi",0.000203325293772508
"Haleem_Adil_Shaikh",0.000203325293772507
"Hamayun_Saifullah_Khan",0.000203325293772506
"Hamid_Nasir_Chatha",0.000203325293772506
"Hamid_Yar_Hiraj",0.000203325293772505
"Haroon_Ehsan_Piracha",0.000203325293772504
"Humayun_Akhtar_Khan",0.000203325293772503
"Hussaini_Shahabuddin_Shah",0.000203325293772502
"Ihsan_Ali_Jatoi",0.000203325293772501
"Inam_Khan",0.0002033252937725
"Irshad_Alam",0.0002033252937725
"Ishaq_Khan_Khakwani",0.000203325293772499
"Jaffar_Khan_Mandokhel",0.000203325293772498
"Jam_Mir_Muhammad_Yousuf",0.000203325293772497
"Javed_Iqbal_Satti",0.000203325293772495
"Kh__Tahir_Zia",0.000203325293772495
"Khalid_Ahmad_Gurmani",0.000203325293772494
"Khan_Aftab_Ahmad_Khan_Khichi",0.000203325293772493
"Khan_Amanullah_Khan",0.000203325293772492
"Khan_Muhammad_Dhari",0.000203325293772491
"Khawja_Sheeraz_Mehmood",0.00020332529377249
"Khurram_Munawar_Manj",0.000203325293772489
"Khurram_Munawwar_Munj",0.000203325293772489
"Khurshid_Ali_Khan",0.000203325293772488
"Liaquat_Ali_Qureshi",0.000203325293772487
"Lietutant_Col__r_Ghulam_Rasul_Sahi_",0.000203325293772486
"Liquat_Ali_Khan_Jatoi",0.000203325293772485
"Maj__r__Habib_Ullah_Warraich",0.000203325293772484
"Makhdom_Zada_Syed_Basit_Ahmad_Sultan_Bukhari",0.000203325293772483
"Makhdoom_Khusru_Bakhtiar",0.000203325293772483
"Makhdoom_Syed_Ahmad_Alam_Anwar",0.000203325293772482
"Makhdoom_Syed_Ali_Akbar_Mehmood",0.000203325293772481
"Makhdoom_Syed_Faisal_Saleh_Hayat",0.00020332529377248
"Malik_Ghulam_Murtaza_Maitla",0.000203325293772479
"Malik_Ghulam_Qasim_Hinjra",0.000203325293772478
"Malik_Najab_Gul_Khalil_Adv_",0.000203325293772477
"Malik_Nauman_Ahmad_Langrial",0.000203325293772477
"Malik_Nauman_Ahmed_Langriyal",0.000203325293772476
"Malik_Niaz_Ahmad_Jakhar",0.000203325293772475
"Mian_Ahmad_Raza_Khan_Maneka",0.000203325293772474
"Mian_Khursheed_Mehmood_Kasuri",0.000203325293772473
"Mian_Mazhar_Ahmed_Qureshi",0.000203325293772472
"Mian_Muhammad_Azhar",0.000203325293772471
"Mian_Muhammad_Jehangir",0.00020332529377247
"Mian_Muhammad_Kashif_Ashfaq",0.00020332529377247
"Mian_Muhammad_Riaz_",0.000203325293772469
"Mian_Najeeb_Ud_Din_Awasi",0.000203325293772468
"Mian_Rajab_Ali_Khan_Baloch_",0.000203325293772467
"Mian_Shamim_Haidar",0.000203325293772465
"Mian_Yahya_Shah_Kaka_Khel",0.000203325293772464
"Mir_Ahmadan_Khan_Bugti",0.000203325293772463
"Mir_Ahmedan_Khan_Bugti",0.000203325293772462
"Mir_Asim_Kurd",0.000203325293772462
"Mir_Atta-Ur-Rehman_Mengal",0.000203325293772461
"Mir_Zeeshan_Ali_Panhwar",0.00020332529377246
"Mr__Ghulam_Sarwar_Siyal__Babu_",0.000203325293772459
"Muhammad_Afrooq_Anwar_Abbasi",0.000203325293772458
"Muhammad_Ajmal_Khan_Kanjoo",0.000203325293772457
"Muhammad_Asim_Nazir",0.000203325293772456
"Muhammad_Aslam_Khan_Kharral",0.000203325293772455
"Muhammad_Ayub_Khan_Khattak",0.000203325293772454
"Muhammad_Basharat_Raja",0.000203325293772454
"Muhammad_Idrees",0.000203325293772453
"Muhammad_Intikhab_Khan",0.000203325293772451
"Muhammad_Naseer_Khan",0.000203325293772449
"Muhammad_Nasir_Raja",0.000203325293772448
"Muhammad_Raza_Hayat_Hiraj",0.000203325293772446
"Muhammad_Saddique_Khan_Baluch",0.000203325293772445
"Muhammad_Safdar_Shakir_",0.000203325293772445
"Muhammad_Sarwar_Khan_Kakar",0.000203325293772444
"Muhammad_Shah_Khagga",0.000203325293772443
"Muhammad_Tahir_Shah",0.000203325293772442
"Muhammad_Urs_Khero",0.000203325293772441
"Muhtarma_Amna_Zulifqar_Dhillon",0.00020332529377244
"Mukhdoom_Syed_Sami-Ul-Hassan_Gilani",0.000203325293772439
"Mushtaq_Ali_Cheema_",0.000203325293772438
"Nasir_Iqbal_Busal",0.000203325293772435
"Nasrullah_Khan_Bijarani",0.000203325293772435
"Nawab_Zada_Iftikhar_Ahmad_Khan_Babar",0.000203325293772434
"Nawabzada_Sardar_Khan_Chandio",0.000203325293772433
"Niloufer_Qasim_Mahdi",0.000203325293772432
"Peer_Tariq_Ahmed_Shah",0.000203325293772431
"Pir_Aslam_Bodla",0.00020332529377243
"Pir_Muhammad_Shah_Khagga",0.000203325293772429
"Professor_Engineer_Rana_Saeed_Ahmed_Zafar",0.000203325293772427
"Qari_Mushtaque_Ahmed_Farooqui",0.000203325293772426
"Rai_Mansab_Ali",0.000203325293772425
"Rai_Muhammad_Aslam_Kharal",0.000203325293772424
"Rais_Munir_Ahmad",0.000203325293772423
"Raja_Qasim_Javaid_Ikhlas",0.000203325293772422
"Raja_Talia_Saeed_Khan",0.000203325293772422
"Rana_Asif_Touseef",0.000203325293772421
"Rana_Tariq_Javed",0.00020332529377242
"Rana_Zahid_Mahmood_",0.000203325293772419
"Rao_Sikandar_Iqbal",0.000203325293772417
"Rehman_Naseer",0.000203325293772416
"Rehman_Naseer_Ch_",0.000203325293772415
"Riaz_Fatiyana",0.000203325293772414
"Rifat_Javed_Kahloon",0.000203325293772413
"Rizwan_Sadiq_Khan",0.000203325293772412
"Ruquiya_Saeed_Hashmi",0.000203325293772411
"Sahibzada_Muhammad_Nazir_Sultan",0.00020332529377241
"Said_Badshah",0.000203325293772409
"Sajad_Hussain",0.000203325293772408
"Saranzaib_Khan",0.000203325293772407
"Sardar_Aqil_Omer",0.000203325293772406
"Sardar_Ashiq_Hussain_Gopan",0.000203325293772405
"Sardar_Bahadar_Ahmad_Khan_Seehar",0.000203325293772404
"Sardar_Fateh_Muhammad_Muhammad_Hassani",0.000203325293772403
"Sardar_Maqsood_Khan_Leghari",0.000203325293772402
"Sardar_Masood_Ali_Khan_Luni",0.000203325293772401
"Sardar_Muhammad_Asif_Nakai",0.0002033252937724
"Sardar_Muhammad_Israr_Tareen",0.000203325293772399
"Sardar_Muhammad_Jafar_Khan_Leghari",0.000203325293772398
"Sardar_Muhammad_Nawab_Khan",0.000203325293772397
"Sardar_Nasrullh_Khan_Dreshak_",0.000203325293772395
"Sardar_Shajehan_Yousaf",0.000203325293772394
"Sardar_Talib_Hassan_Nakai",0.000203325293772393
"Sardar_Tofail_Ahmed_Khan",0.000203325293772392
"Sardar_Yar_Muhammad_Rind",0.000203325293772391
"Sayed_Murad_Ali_Shah",0.00020332529377239
"Sh__Rasheed_Ahmed",0.000203325293772389
"Shad_Ali_Khan",0.000203325293772388
"Shahid_Manzoor_Gill",0.000203325293772387
"Shahid_Manzoor_Gill_",0.000203325293772386
"Shahida_Sattar_Laleka",0.000203325293772385
"Shahzada_Muhyuddin",0.000203325293772384
"Sheikh_Jafar_Khan_Mandokhail",0.000203325293772383
"Sheikh_Muhammad_Anwar",0.000203325293772382
"Sheikh_Muhammad_Tahir_Rasheed",0.000203325293772381
"Sheikh_Waqas_Akram",0.00020332529377238
"Shoukat_Ali_Khan",0.000203325293772379
"Shujaat_Ali_Khan",0.000203325293772378
"Sikandar_Hayat_Khan_Bossan",0.000203325293772377
"Suhrab_Ali",0.000203325293772376
"Sultan_Shahab_Jahangir",0.000203325293772375
"Sumaira_Malik",0.000203325293772374
"Syed_Ayaz_Ali_Shah_Sheerazi",0.000203325293772373
"Syed_Gulzar_Sabtain_Shah",0.000203325293772372
"Syed_Mujahid_Ali_Shah",0.000203325293772371
"Syed_Noor-Ul-Hassan_Shah",0.00020332529377237
"Syed_Obaidullah",0.000203325293772369
"Syed_Riaz_Hussain_Shah_Sheerazi",0.000203325293772367
"Tahir_Hussain_Shah_",0.000203325293772365
"Taj_Mohammad_Shaikh",0.000203325293772364
"Tariq_Bashir_Cheema",0.000203325293772363
"Umar_Ayub_Khan",0.000203325293772362
"Umar_Zeb_Khan",0.000203325293772361
"Waseem_Gulzar",0.00020332529377236
"Wazir_Mohammad_Safi",0.000203325293772359
"Zafarullah_Tarar",0.000203325293772358
"Zaheer_Ud_Din",0.000203325293772357
"Zahid_Nazir",0.000203325293772356
"Zardali_Khan",0.000203325293772355
"Zargul_Khan",0.000203325293772354
"Abdul_Malik",0.000202782906986724
"Abrar_Hussain",0.000196888445434261
"Abdul_Rehman_Shar",0.000196888445434254
"Abrar_Ahmad",0.000196888445434253
"Aftab_Ahmad_Joiya",0.000196888445434252
"Alaf_Khan",0.000196888445434251
"Allah_Bachaya",0.00019688844543425
"Allah_Bakhsh",0.000196888445434249
"Allah_Baksh",0.000196888445434248
"Ameen",0.000196888445434247
"Amjad_Naeem",0.000196888445434247
"Anbreen_aka_Hena",0.000196888445434246
"Asad_Jawad_Khan_Sherwani",0.000196888445434245
"Ashique_Hussain",0.000196888445434244
"Asif_Mahmood",0.000196888445434243
"Asim_Irshad_Khan",0.000196888445434242
"Atiq_Ur_Rehman",0.000196888445434241
"Azhar_Hussain",0.00019688844543424
"Azhar_Mehmood",0.000196888445434239
"Bilal_Liaqat",0.000196888445434238
"Chaudhary_Zulfiqar_Ali_Gujjar",0.000196888445434237
"Chaudhry_Abdul_Kraim",0.000196888445434236
"Chaudhry_Alhamza_Hussain_Cheema",0.000196888445434235
"Chuadhary_Muhammad_Riaz",0.000196888445434234
"Faisal_Bashir",0.000196888445434234
"Faisal_Hasan_Khan",0.000196888445434233
"Faqeer_Hussain_Dogar",0.000196888445434232
"Farzand_Nasim",0.000196888445434231
"Ghulam_Farid",0.00019688844543423
"Ghulam_Meeran_Shah_Gilani",0.000196888445434229
"Ghulam_Mohyu_Din",0.000196888445434228
"Ghulam_Murtaza",0.000196888445434227
"Ghulam_Rasool_Kalwar",0.000196888445434226
"Ghulam_Sarwar_Khatti",0.000196888445434225
"Ghulam_Yaseen",0.000196888445434224
"Habib_Ul_Maalik_Khan",0.000196888445434223
"Hafiz_Abid_Hussain",0.000196888445434222
"Hafiz_Farrukh_Saleem",0.000196888445434221
"Hafiz_Imran_Siddiq",0.00019688844543422
"Hafiz_Khawar_Ikhlas",0.000196888445434219
"Hafiz_Muhammad_Abubakar",0.000196888445434218
"Hafiz_Muhammad_Ahmad_Bukhari",0.000196888445434217
"Hafiz_Muhammad_Hamid",0.000196888445434216
"Hafiz_Muhammad_Hamid_Mehmood_Kagani",0.000196888445434215
"Hafiz_Muhammad_Saad_Rizvi",0.000196888445434214
"Hafiz_Muneeb_Ahmad",0.000196888445434214
"Hafiz_Sher_Muhammad_Sialvi",0.000196888445434213
"Hafiz_Shoukat_Ali_Jatoi",0.000196888445434212
"Haji_Allah_Dad",0.000196888445434211
"Hamid_Mehmood_Faizi",0.00019688844543421
"Ikram_Ullah",0.000196888445434209
"Imran_Haider",0.000196888445434208
"Imtiaz_Dogar",0.000196888445434207
"Irfan_Ali_Bhatti",0.000196888445434206
"Irshad_Ali_Babar",0.000196888445434205
"Israr_Ahmed",0.000196888445434204
"Javed_Akhtar_Abbasi",0.000196888445434203
"Kashif_Ullah",0.000196888445434202
"m_Habib",0.000196888445434201
"Majid_Hussain",0.0001968884454342
"Malik_Azhar_Ahmad_Sandila",0.000196888445434199
"Malik_Kamran_Rasheed",0.000196888445434198
"Manzoor_Elahi",0.000196888445434197
"Matloob_Ahmad",0.000196888445434196
"Mehtab_Ahmad",0.000196888445434195
"Mir_Muhammad_Aslam",0.000196888445434194
"Mohammad_Zaheer_u_Din_Pechuho",0.000196888445434193
"Mohsin_Raza",0.000196888445434192
"Mudassar_Ali",0.000196888445434191
"Muhamamd_Mazhar_Mahmood",0.00019688844543419
"Muhamamd_Waseem",0.000196888445434189
"Muhammad_Ahmad_Majeed",0.000196888445434188
"Muhammad_Ahsan",0.000196888445434187
"Muhammad_Akbar",0.000196888445434186
"Muhammad_Akhtar_Abbasi",0.000196888445434185
"Muhammad_Akram",0.000196888445434184
"Muhammad_Akram_Tahir",0.000196888445434183
"Muhammad_Ali",0.000196888445434182
"Muhammad_Ali_Langrial",0.000196888445434181
"Muhammad_Amad_Khan_Wajid",0.00019688844543418
"Muhammad_Amin_Uddin_Sialvi",0.000196888445434179
"Muhammad_Amjad_Ali",0.000196888445434178
"Muhammad_Amjad_Jameel",0.000196888445434177
"Muhammad_Arif",0.000196888445434176
"Muhammad_Asad_Iqbal",0.000196888445434175
"Muhammad_Athar_Amin",0.000196888445434174
"Muhammad_Farooq",0.000196888445434173
"Muhammad_Farooq_Ul_Hassan",0.000196888445434172
"Muhammad_Ghulam_Rasool",0.000196888445434171
"Muhammad_Hussain_Babar",0.00019688844543417
"Muhammad_Irfan_Qureshi",0.000196888445434169
"Muhammad_Ismail_Hussaini",0.000196888445434168
"Muhammad_Ismail_Shah",0.000196888445434166
"Muhammad_Jahangeer",0.000196888445434165
"Muhammad_Jawad_Saleem",0.000196888445434164
"Muhammad_Kamran_Aulakh",0.000196888445434163
"Muhammad_Khurram_Riaz",0.000196888445434162
"Muhammad_Luqman",0.000196888445434161
"Muhammad_Mehmood_Qadri",0.00019688844543416
"Muhammad_Munir",0.000196888445434159
"Muhammad_Mushtaq_Rehmani",0.000196888445434158
"Muhammad_Noman_Khalid",0.000196888445434157
"Muhammad_Qasim_Jakhro",0.000196888445434156
"Muhammad_Rashid_Shah",0.000196888445434155
"Muhammad_Raza_Khan",0.000196888445434154
"Muhammad_Sajid",0.000196888445434153
"Muhammad_Saleh",0.000196888445434152
"Muhammad_Sarfraz",0.000196888445434151
"Muhammad_Shafi_Khan",0.00019688844543415
"Muhammad_Shafiq",0.000196888445434149
"Muhammad_Shafiq_Ul_Hai",0.000196888445434148
"Muhammad_Shahid_Iqbal",0.000196888445434146
"Muhammad_Sharjil_Gopalani",0.000196888445434145
"Muhammad_Sohail_Manzoor",0.000196888445434144
"Muhammad_Taimoor_Khalid",0.000196888445434143
"Muhammad_Tayyab",0.000196888445434142
"Muhammad_Umer_Jan",0.000196888445434141
"Muhammad_Wakeel",0.00019688844543414
"Muhammad_Waseem",0.000196888445434139
"Muhammad_Yaqub",0.000196888445434138
"Muhammad_Yar_Mehboob_Khar",0.000196888445434137
"Muhammad_Younis",0.000196888445434136
"Muhammad_Zaheer_Mughal",0.000196888445434135
"Munawar_Ali",0.000196888445434134
"Nadeem_Zafar",0.000196888445434132
"Najeeb_Ullah_Durrani",0.000196888445434131
"Naseer_Ahmed",0.00019688844543413
"Nasir_Ali",0.000196888445434129
"Niamat_Ullah",0.000196888445434128
"Pie_Muhammad_Ali_Sarhandi",0.000196888445434127
"Qari_Ghulam_Akber",0.000196888445434126
"Qazi_Tahir_Mahmood",0.000196888445434125
"Raja_Saleem_Abid",0.000196888445434124
"Raja_Sohail_Akhtar_Satti",0.000196888445434123
"Rana_Muhammad_Rafique",0.000196888445434121
"Rao_Atif_Ali_Khan",0.00019688844543412
"Rao_Dilnawaz",0.000196888445434119
"Ray_Munsif_Shabbir_Ahmad",0.000196888445434118
"Rehmat_Ullah",0.000196888445434117
"Sadam_Hussain",0.000196888445434116
"Saeed_Ullah",0.000196888445434115
"Saif_Ur_Rahman",0.000196888445434114
"Sajjad_Akbar_Abbasi",0.000196888445434113
"Sajjad_Hussain_Shah",0.000196888445434111
"Saqib_Hussain",0.00019688844543411
"Shabana_Kouser",0.000196888445434109
"Shahbaz_Ahmed",0.000196888445434108
"Shahid_Ullah",0.000196888445434107
"Shahzada_Shahbaz",0.000196888445434106
"Shehzad_Ullah_Chatha",0.000196888445434105
"Shujaat_Ali",0.000196888445434104
"Sohail_Anwar",0.000196888445434102
"Syed_Asif_Ullah_Shah_Bukhari",0.000196888445434101
"Syed_Atta_Ullah_Shah_Bukhari",0.0001968884454341
"Syed_Iqbal_Hussain_Shah",0.000196888445434099
"Syed_Ishrat_Jahania_Bukhari",0.000196888445434098
"Syed_Jahanzaib_Bukhari",0.000196888445434097
"Syed_Kashif_Ali_Shah",0.000196888445434096
"Syed_Muhammad_Ali_Shah",0.000196888445434095
"Syed_Muhammad_Atta_Ul_Hasnain_Ali",0.000196888445434093
"Syed_Muhammad_Irfan_Shah",0.000196888445434092
"Syed_Muhammad_Sarwar_Shah",0.000196888445434091
"Syed_Munir_Hussain",0.00019688844543409
"Syed_Shahid_Zahoor_Gillani",0.000196888445434089
"Syed_Shamin_Raza",0.000196888445434088
"Syed_Zaheer_Ul_Hassan_Shah",0.000196888445434087
"Syed_Zaman_Ali_Jafri",0.000196888445434085
"Tahir_Riaz",0.000196888445434084
"Tahir_Uddin_Shah",0.000196888445434083
"Tariq_Maqsood",0.000196888445434082
"Ubedullah_Jamro",0.000196888445434081
"Wahid_Bakhsh",0.00019688844543408
"Waseem_Nisar",0.000196888445434078
"Waseem_Zafar",0.000196888445434077
"Wazir_Ahmed_Noorani",0.000196888445434076
"Zahid_Hameed_Gujjar",0.000196888445434075
"Zahir_Shah",0.000196888445434074
"Zameer_Hussain",0.000196888445434073
"Zamurd_Abbas_Khan",0.000196888445434071
"Abdul_Aziz_Baloch",0.000193954835990307
"Abdul_Aziz_Khan_Khilji_Advocate",0.000193954835990306
"Abdul_Moeen_Qureshi",0.000193954835990306
"Abdullah_Shaikh",0.000193954835990305
"Allama_Doctor_Muhammad_Anees_Rohani",0.000193954835990304
"Anwar_Ul_Habib",0.000193954835990303
"Aslam_Katchela",0.000193954835990302
"Attaullah_Khoso",0.000193954835990301
"Aziz_Ud_Din",0.0001939548359903
"Doctor_Muhammad_Khalid_Raza_Pir_Zakori_Sharif",0.000193954835990299
"Dr__Abdul_Rehman_Shakir",0.000193954835990299
"Dr__Abid_Rauf_Orakzai",0.000193954835990298
"Ehsan_Bari_Mian_Doctor_Sahib",0.000193954835990297
"Ghulam_Kibriya_Rizwan__G_k__Rizwan_Advocate_",0.000193954835990296
"Hafiz_Abdul_Razaq_Parhyar",0.000193954835990295
"Hafiz_Muhammad_Ejaz-Ul-Haq_Ch_",0.000193954835990294
"Hafiz_Muhammad_Hanif_Zafar__Advocate_",0.000193954835990293
"Hafiz_Muhammad_Ibrahim_Soomro",0.000193954835990292
"Hafiz_Muhammad_Idrees",0.000193954835990291
"Hafiz_Muhammad_Nadeem",0.00019395483599029
"Hafiz_Saeed_Ahmad",0.00019395483599029
"Hafiz_Sana_Ullah",0.000193954835990289
"Haji_Abdul_Jalil_Jan",0.000193954835990288
"Haji_Rozuddin",0.000193954835990287
"Hidayat-Ur-Rehman",0.000193954835990286
"Ibrahim_Rais_Advocate",0.000193954835990285
"Iftikhar_Ahmed_Haqani",0.000193954835990284
"Iftikhar_Ahmed_Haqqani",0.000193954835990283
"Imdad_Hussain_Pitafi",0.000193954835990282
"Kari_Abdul_Rasheed_Awan__Retired_",0.000193954835990281
"Khawja_Ghulam_Nizam_Ud_Din",0.00019395483599028
"Malik_Faiz_Muhammad_Adovocate",0.000193954835990279
"Manzoor_Ahmed_Soomro",0.000193954835990278
"Maulana_Atta-Ul-Haq",0.000193954835990277
"Maulana_Malik_Muhammad_Khan_Sherani",0.000193954835990276
"Maulana_Mohammad_Qasim",0.000193954835990276
"Maulana_Nisar_Khan",0.000193954835990275
"Maulana_Rehmat_Ullah",0.000193954835990274
"Maulana_Sadiq_Ahmad",0.000193954835990273
"Maulana_Zahoor_Ahmad_Ranjha",0.000193954835990272
"Mir_Wali",0.000193954835990271
"Mohammad_Hafizur_Rehman",0.00019395483599027
"Molana_Abdul_Ghafoor_Hyderi_",0.000193954835990269
"Molana_Abdul_Ghafoor_Qasimi",0.000193954835990268
"Molana_Abdul_Hai",0.000193954835990267
"Molana_Fazal_Azim",0.000193954835990266
"Molana_Shujah-Ul-Mulk",0.000193954835990265
"Molvi_Agha_Muhammad",0.000193954835990264
"Molvi_Attaullah",0.000193954835990263
"Molvi_Faizullah",0.000193954835990262
"Molvi_Fateh_Mohammad_Maheri",0.000193954835990261
"Molvi_Karimdad",0.00019395483599026
"Molvi_Muhammad_Idrees_Soomro",0.000193954835990259
"Molvi_Muhammad_Jehangir_Khan",0.000193954835990258
"Molvi_Qamar-Ud-Din",0.000193954835990257
"Moulana_Abdul_Karim_Abid",0.000193954835990256
"Moulana_Abdul_Razaque_Abid_Lakho_",0.000193954835990255
"Moulana_Abdul_Samad_Shahwani___r_",0.000193954835990254
"Moulana_Muhammad_Zahid_Anwar",0.000193954835990253
"Moulana_Siddique_Mughari",0.000193954835990252
"Moulanataj_Muhammad_Nahiyon",0.000193954835990251
"Mr__Mufti_Wali_Muhammad",0.00019395483599025
"Mufti_Abdul_Nabi_Langah",0.000193954835990249
"Mufti_Ahtisham-Ul-Haq_Asia_Abadi",0.000193954835990248
"Mufti_Ajmal_Khan",0.000193954835990247
"Mufti_Ali_Hassan_Buriro_",0.000193954835990246
"Mufti_Fazal-Ur-Rehman_Nasir_",0.000193954835990245
"Mufti_Hafiz_Muhammad_Usman",0.000193954835990243
"Mufti_Muhammad_Hanif_Khoso",0.000193954835990242
"Mufti_Muhammad_Sajjad",0.000193954835990241
"Mufti_Muhammad_Younas",0.00019395483599024
"Muhammad_Akram_Abbasi",0.000193954835990239
"Muhammad_Faiz-Ur-Rehman",0.000193954835990238
"Muhammad_Idrees_Haqani",0.000193954835990237
"Muhammad_Ilyas_Siddique_Advocate",0.000193954835990236
"Muhammad_Rab_Nawaz",0.000193954835990235
"Muhammad_Ramzan_Phulpoto",0.000193954835990234
"Muhammad_Riaz_Noori",0.000193954835990233
"Muhammad_Siddique_Rathor",0.000193954835990232
"Muhammad_Zubair_Kayani",0.000193954835990231
"Prof__Abdul_Rehman_Ludhanvi",0.00019395483599023
"Professor_Raja_Aurangzeb_Khan",0.000193954835990228
"Qari_Muhammad_Usman",0.000193954835990227
"Qari_Muhammad_Yousaf",0.000193954835990226
"Qari_Muhammad_Zawar_Bahadur",0.000193954835990225
"Qari_Muhammad_Zawar_Bahadur__Retired_",0.000193954835990224
"Qari_Syed_Abdul_Rahim_Shah",0.000193954835990223
"Qazi_Fazal_Ullah",0.000193954835990222
"Qazi_Hameed_Ullah_Khan",0.000193954835990221
"Raja_Ishtiaq_Ahmed",0.00019395483599022
"Rauy_Bashir_Ahmad",0.000193954835990219
"Rehmatullah_Tunsuwani",0.000193954835990217
"Sahibzada_Abul_Khair_Muhammad_Zubair",0.000193954835990216
"Sahibzada_Khalid_Jan",0.000193954835990215
"Said_Mukhtar_Ahmed",0.000193954835990214
"Saleemullah_Khan_Tarak",0.000193954835990213
"Saqib_Rehman_",0.000193954835990212
"Shabbir_Abu_Talib",0.000193954835990211
"Sibghatullah_Chuadhry",0.000193954835990209
"Syed_Abdul_Salam_Hassan_Raza_Naqvi",0.000193954835990208
"Syed_Muhammad_Ayoub_",0.000193954835990207
"Abdul_Matin_Khan",0.000193734531487724
"Abdul_Rasheed_Nasir",0.000193734531487723
"Abdul_Rehman_Khan_Yousufzai",0.000193734531487721
"Abdur_Rauf",0.000193734531487721
"Ahmad_Ali",0.00019373453148772
"Ahmad_Khan",0.000193734531487719
"Ahmadullah",0.000193734531487718
"Ahmed_Zaman",0.000193734531487718
"Aimal_Wali_Khan",0.000193734531487717
"Alhaj_Ghulam_Ahmad_Bilour",0.000193734531487716
"Aman_Masood",0.000193734531487715
"Ameer_Haider_Azam_Khan",0.000193734531487715
"Amir_Haider_Khan",0.000193734531487714
"Amir_Nawab",0.000193734531487713
"Anwar_Zaib",0.000193734531487712
"Arbab_Inam_Ullah_Khan",0.000193734531487712
"Arbab_Mohammad_Ayub_Jan",0.000193734531487711
"Arbab_Muhammad_Zahir_Khan",0.00019373453148771
"Arbab_Najeeb_Ullah_Khan",0.000193734531487709
"Arbab_Najeeb_Ullah_Khan_Khalil",0.000193734531487709
"Arshad_Mansoor_Shah",0.000193734531487708
"Arshad_Sohail",0.000193734531487707
"Asfandiyar_Wali_Khan",0.000193734531487706
"Asfandyar_Wali_Khan",0.000193734531487706
"Asghar_Khan",0.000193734531487705
"Ashraf_Ullah",0.000193734531487704
"Asif_Ali",0.000193734531487703
"Bahadar_Khan",0.000193734531487701
"Bashir_Khan_Umerzai",0.0001937345314877
"Bismillah_Jan",0.000193734531487699
"Bismillah_Jan_Luni",0.000193734531487699
"Ch__Ghulam_Mustafa",0.000193734531487698
"Dost_Muhammad",0.000193734531487697
"Doulat_Ali",0.000193734531487696
"Dr_Sherbaz_Khan",0.000193734531487696
"Engineer_Noor_Ahmed_Khan",0.000193734531487695
"Faisal_Imran_Khan_Niazi",0.000193734531487694
"Farid_Ullah_Dumar",0.000193734531487693
"Gul_Afzal",0.000193734531487692
"Habib_Ullah_Khan",0.000193734531487692
"Hafiz_Zardullah_Khan_Hassan_Zai_",0.000193734531487691
"Haji_Ghulam_Ahmad_Bilour",0.00019373453148769
"Haji_Naseem-Ur-Rehman",0.000193734531487689
"Haji_Nizamuddin_Kakar",0.000193734531487688
"Haji_Rehmanullah",0.000193734531487688
"Hameed_Ullah",0.000193734531487687
"Hamid_Khan_Toofan",0.000193734531487686
"Hamidullah_Khan",0.000193734531487685
"Inayat_Khan",0.000193734531487684
"Iqbal_Zaib_Khan",0.000193734531487683
"Irfan_Ali",0.000193734531487682
"Irshad_Khan",0.000193734531487681
"Jumma_Khan_Babar",0.00019373453148768
"Kabir_Ahmed_Sher",0.00019373453148768
"Khadija_Bibi",0.000193734531487679
"Khan_Parvez",0.000193734531487678
"Khan_Zeb",0.000193734531487677
"Khudai_Dad",0.000193734531487676
"Khursheed_Begum_Saeed",0.000193734531487676
"Khurshid",0.000193734531487675
"m_Shafi",0.000193734531487674
"Maj_r__Mahr_Muhammad_Ramzan",0.000193734531487673
"Malik_Dad_Muhammad_Tareen",0.000193734531487672
"Malik_Darya_Khan",0.000193734531487671
"Malik_Muhammad_Usman_Achakzai_",0.00019373453148767
"Mamoon_Khan_Kakar",0.00019373453148767
"Masood_Abbas",0.000193734531487669
"Masood_Abbas_Khattak",0.000193734531487668
"Mian_Babar_Shah_Kaka_Khel",0.000193734531487667
"Mohammad_Ayub_Khan_Advocate",0.000193734531487666
"Mohammad_Farooq_Khan",0.000193734531487665
"Muhammad_Ayaz_Khan",0.000193734531487665
"Muhammad_Ayub_Khan",0.000193734531487664
"Muhammad_Azam_Khan",0.000193734531487663
"Muhammad_Daud_Khan_Khattak",0.000193734531487662
"Muhammad_Farooq_Bangsh",0.000193734531487661
"Muhammad_Farooq_Khan",0.00019373453148766
"Muhammad_Fayaz_Khan",0.00019373453148766
"Muhammad_Hashim_Babar",0.000193734531487659
"Muhammad_Kamal",0.000193734531487656
"Muhammad_Khan_Afridi",0.000193734531487655
"Muhammad_Riaz_Khan",0.000193734531487654
"Muhammad_Sajid_Taheem_Advocate",0.000193734531487654
"Muhammad_Sharif_Khattak",0.000193734531487652
"Muhammad_Taimoor_Khan",0.000193734531487651
"Muhammad_Younus_Khan",0.00019373453148765
"Muhammad_Zahid_Khan",0.000193734531487649
"Muhibullah_Kakar",0.000193734531487648
"Munir_Shah",0.000193734531487647
"Muzafer_Ul_Mulk",0.000193734531487647
"Muzaffar-Ul-Mulk",0.000193734531487646
"Naik_Muhammad_Kakar",0.000193734531487645
"Naimat_Khalil",0.000193734531487644
"Nawabzada_Khawaja_Muhammad_Khan_Hoti_Alias_Toti_Khan",0.000193734531487642
"Nawabzada_Mohamamd_Amin_Khan_Jogezai",0.000193734531487641
"Nawaz_Ali_Burfat",0.00019373453148764
"Nisar_Ahmed",0.000193734531487639
"Noor_Ahmed",0.000193734531487639
"Noor_Aslam",0.000193734531487638
"Owais_Khan",0.000193734531487637
"Perviz_Khan_Advocate",0.000193734531487636
"Qalandar_Bux",0.000193734531487634
"Rahmat_Shah_Sael",0.000193734531487633
"Rana_Mushtaq_Ahmad",0.000193734531487632
"Sadeed_Ur_Rehman",0.000193734531487631
"Sadid_Ur_Rahman",0.00019373453148763
"Sajid_Mahmood",0.000193734531487629
"Saqib_Ullah_Khan",0.000193734531487628
"Sarfaraz_Khan_Jadoon",0.000193734531487627
"Shah_Hussain",0.000193734531487626
"Shah_Mohammad",0.000193734531487625
"Shahi_Khan",0.000193734531487624
"Shahi_Khan_Sherani",0.000193734531487623
"Shahnawaz_Khanzada",0.000193734531487622
"Shahzia_Batul",0.000193734531487621
"Shazia_Bibi",0.00019373453148762
"Sheheryar_Khan",0.000193734531487619
"Sher_Nawaz_Khattak",0.000193734531487618
"Sherullah_Khan",0.000193734531487617
"Sultan_Khan_Mandokhail",0.000193734531487616
"Sultan_Khan_Mandokhel",0.000193734531487615
"Syed_Abdul_Qayyum",0.000193734531487615
"Syed_Basharat_Hussain",0.000193734531487614
"Syed_Haider_Ali_Shah",0.000193734531487613
"Syed_Haroon_Shah",0.000193734531487612
"Syed_Karam_Darwesh",0.000193734531487611
"Syed_Masood_Shah",0.00019373453148761
"Syed_Muhammad_Afzal",0.000193734531487609
"Syed_Muhammad_Hanif",0.000193734531487608
"Syed_Muzafar_Ali_Shah_Jan",0.000193734531487607
"Tariq_Hameed_Khattak",0.000193734531487606
"Umar_Hayat",0.000193734531487605
"Umar_Khan",0.000193734531487604
"Waris_Khan",0.000193734531487603
"Zain_Umar_Arbab",0.000193734531487602
"Zarbali_Syed",0.000193734531487601
"Saleem_Abbas",0.000190349545441261
"Muhammad_Ashraf",0.000187765049464115
"Abdul_Rehman_Jameel",0.000186175499934315
"Ahmad_Deen_Malik",0.000186175499934314
"Arshad_Ali_Khan",0.000186175499934313
"Muhammad_Allah_Dad_Cheema",0.000186175499934312
"Muhammad_Anwar_Ulhaq",0.00018617549993431
"Aasim_Nisar",0.000185913592926104
"Abdul_Azeem",0.000185913592926103
"Abdul_Azeem_Khan",0.000185913592926102
"Abdul_Aziz_Aziz",0.000185913592926101
"Abdul_Mateen",0.000185913592926101
"Abdul_Nisar",0.0001859135929261
"Abdul_Raheem",0.000185913592926099
"Abdul_Rahim",0.000185913592926098
"Abdul_Rehman_Muslim",0.000185913592926097
"Abdul_Waheed_Abid",0.000185913592926096
"Abu_Zar",0.000185913592926093
"Adil_Hussain",0.000185913592926092
"Ahmad_Bakhsh",0.000185913592926091
"Ahmad_Sher",0.00018591359292609
"Aisha",0.00018591359292609
"Akhtari_Bibi",0.000185913592926089
"Amir_Zeb",0.000185913592926088
"Amjad_Islam_Amjad",0.000185913592926087
"Ansar_Javed_Tarar",0.000185913592926086
"Arshad_Nawab",0.000185913592926085
"Asad_Munawar",0.000185913592926084
"Asmat_Bibi",0.000185913592926083
"Azmat_Ali_Kiyani",0.000185913592926082
"Babar_Ijaz_Virk",0.000185913592926081
"Balquees_Begum",0.00018591359292608
"Basmeeda",0.000185913592926079
"Chaudhry_Zulfiqar_Ali_Aulakh",0.000185913592926078
"Choudhary_Muhammad_Yaqoob_Chahal",0.000185913592926077
"Danish_Anam",0.000185913592926076
"Faisal_Ahmad_Cheema",0.000185913592926075
"Faisal_Nadeem_Shaikh",0.000185913592926075
"Fazal_Rahim",0.000185913592926074
"Fiaz_Ahmad",0.000185913592926073
"Ghulam_Ali_Shakar_Toor",0.000185913592926072
"Hafeez_Ullah_Rehman",0.000185913592926071
"Hafiz_Ameer_Hamza",0.00018591359292607
"Hafiz_Muhammad_Masood",0.000185913592926069
"Hafiz_Muhammad_Rizwan",0.000185913592926068
"Hafiz_Safi_Ur_Rehman",0.000185913592926067
"Hafiz_Talha_Saeed",0.000185913592926066
"Haq_Nawaz",0.000185913592926065
"Imran_Liaquat",0.000185913592926064
"Jahanzaib_Zahid",0.000185913592926063
"Jamil_Badshah",0.000185913592926062
"Kashif_Altaf",0.000185913592926061
"Khalid_Mahmood_Cheema",0.00018591359292606
"Khalid_Masood_Sandhu",0.000185913592926059
"Mahar_Muhammad_Mujahid",0.000185913592926058
"Maqbool_Bibi",0.000185913592926057
"Mehak_Rafiq",0.000185913592926056
"Mehdi_Ishaq",0.000185913592926055
"Mir_Hazoor_Bakhsh",0.000185913592926054
"Mudassir_Yaqoob",0.000185913592926053
"Muhamamd_Ehsan",0.000185913592926052
"Muhamamd_Saif_Ullah_Saif",0.000185913592926051
"Muhamamd_Shahid_Siddique",0.00018591359292605
"Muhammad_Abid",0.000185913592926049
"Muhammad_Ajmal_Khan",0.000185913592926048
"Muhammad_Akmal_Javed",0.000185913592926047
"Muhammad_Ameen",0.000185913592926046
"Muhammad_Arshad_Bhatti",0.000185913592926045
"Muhammad_Ashfaq",0.000185913592926044
"Muhammad_Bilal_Haider",0.000185913592926043
"Muhammad_Ghalib",0.000185913592926042
"Muhammad_Haroon_Rafiq",0.00018591359292604
"Muhammad_Hussain_Amir",0.000185913592926039
"Muhammad_Ijaz_Malik",0.000185913592926038
"Muhammad_Irfan_Ashraf",0.000185913592926035
"Muhammad_Mansha",0.000185913592926034
"Muhammad_Munawar",0.000185913592926033
"Muhammad_Nadeem_Tabasum",0.000185913592926032
"Muhammad_Rizwan_Sarwar",0.00018591359292603
"Muhammad_Sajjad",0.000185913592926029
"Muhammad_Shafiq_Ur_Rahman",0.000185913592926028
"Muhammad_Shamshad",0.000185913592926027
"Muhammad_Shoaib",0.000185913592926026
"Muhammad_Shoaib_Ahmad",0.000185913592926025
"Muhammad_Siraj",0.000185913592926024
"Muhammad_Usaman",0.000185913592926023
"Muhammad_Zafar_Iqbal",0.000185913592926022
"Muzamil_Iqbal_Hashmi",0.000185913592926021
"Nabi_Ahmad_Virk",0.00018591359292602
"Nighat_Fardoos",0.000185913592926019
"Noreen_Kamran",0.000185913592926018
"Qaisar_Haroon_Toor",0.000185913592926017
"Qaisar_Mustafa_Jajja",0.000185913592926015
"Qaisar_Sardar",0.000185913592926014
"Qaiser_Mustafa_Jajja",0.000185913592926013
"Qasim_Ali_Khan",0.000185913592926012
"Rahila_Khanum",0.000185913592926011
"Rana_Abu_Khubaib_Rehman_Khan",0.00018591359292601
"Rana_Shahid_Iqbal_Chachar",0.000185913592926009
"Rana_Tariq_Jamal",0.000185913592926008
"Rashid_Mahmood",0.000185913592926007
"Raza_Ullah_Khan",0.000185913592926006
"Ruqia_Bibi",0.000185913592926005
"s_m_Yousuf_Ali_Bhatti",0.000185913592926003
"Saeed_Ahmed_Khalid",0.000185913592926002
"Saeeda_Zafar",0.000185913592926001
"Sajid_Bashir",0.000185913592926
"Sajid_Iqbal",0.000185913592925999
"Sajjad_Ahmed_Khan",0.000185913592925998
"Salma_Bibi",0.000185913592925997
"Sardar_Abdul_Sattar_Khan",0.000185913592925996
"Shaban_Akhtar",0.000185913592925994
"Shahbaz",0.000185913592925993
"Shahbaz_Hussain_Sidhu",0.000185913592925992
"Shakeela_Yasmeen",0.000185913592925991
"Sohail_Qaiser",0.00018591359292599
"Syed_Rabab_Haider",0.000185913592925989
"Tahir_Javed_Khan",0.000185913592925988
"Taj_Mehal",0.000185913592925986
"Taj_Mehmood",0.000185913592925985
"Tasneem_Gul",0.000185913592925984
"Waqar_Murtaza",0.000185913592925983
"Wasim_Shaukat",0.000185913592925982
"Yasira_Bibi",0.000185913592925981
"Yawar_Aftab",0.00018591359292598
"Zain_Ullah",0.000185913592925978
"Abdul_Hai_Sheikh_Qari_Sahab",0.000185167466271539
"Abdul_Hakam",0.000185167466271538
"Abdul_Hanan",0.000185167466271537
"Amanullah_Usmani",0.000185167466271536
"Anus_Bin_Malik",0.000185167466271536
"Asghar_Ali_Abbasi",0.000185167466271535
"Atta_Ullah",0.000185167466271534
"Bashir_Ahmad",0.000185167466271533
"Bilal_Ahmed",0.000185167466271532
"Chand_Faisal",0.000185167466271531
"Faridullah",0.00018516746627153
"Fiaz_Ur_Rehman_Siddiqui",0.00018516746627153
"Gul_Wazir_Shaheen",0.000185167466271528
"Habibullah_Mukhtiar",0.000185167466271527
"Hafeezullah_Chandio",0.000185167466271526
"Hafiz_Asim_Makdoom",0.000185167466271525
"Hafiz_Manzoor_Ahmed_Solangi",0.000185167466271524
"Hafiz_Mohammad_Akber",0.000185167466271524
"Hafiz_Muhammad_Hanif_Usmani",0.000185167466271523
"Hafiz_Muhammad_Safdar_Qasmi",0.000185167466271522
"Hafiz_Orangzaib",0.000185167466271521
"Hafiz_Qudratullah_Arif_Khan",0.00018516746627152
"Hafiz_Rana_Muhammad_Usman_Shakar",0.000185167466271519
"Hakeem_Jameel_Asghar_Khizri",0.000185167466271518
"Hakeem_Muhammad_Sadique",0.000185167466271517
"Ishtiaq_Ahmad",0.000185167466271516
"Khalifa_Abdul_Qayyum",0.000185167466271515
"Khwaja_Muhammad",0.000185167466271514
"Mahar_Ghulam_Shabir",0.000185167466271513
"Maulana_Rasheed_Ahmad",0.000185167466271512
"Maulana_Umar_Farooq_Saddiqui",0.000185167466271511
"Mohammad_Ramzan_Malik_Mdm",0.00018516746627151
"Mohammad_Tayyab",0.000185167466271509
"Molana_Abdul_Waheed",0.000185167466271508
"Molana_Hamid_Ul_Haq_Haqqani",0.000185167466271507
"Molana_Hidayat_Ullah_Khan_Chishti",0.000185167466271506
"Molana_Iftikhar_Ahmed",0.000185167466271505
"Molana_Muhammad_Ahmad_Ludhianvi",0.000185167466271505
"Molana_Muhammad_Bilal_Umer",0.000185167466271504
"Molana_Taj_Muhammad_Hanfi",0.000185167466271503
"Mollana_Abdul_Kabeer_Shahkir",0.000185167466271502
"Molvi_Abdul_Hai",0.000185167466271501
"Mr_ayoub_Chandio",0.0001851674662715
"Muhammad_Arfan_Siddiquei_Advocate",0.000185167466271499
"Muhammad_Ashiq_Khan",0.000185167466271498
"Muhammad_Aslam_Siddiqui",0.000185167466271497
"Muhammad_Basir_Sikhan_Advocate",0.000185167466271496
"Muhammad_Hayat_Muhammad_Hassani",0.000185167466271495
"Muhammad_Ibrahim_Qasmi",0.000185167466271494
"Muhammad_Iqbal_Jutt",0.000185167466271493
"Muhammad_Muhsan_Rahmani",0.000185167466271492
"Muhammad_Naseem_Khan",0.000185167466271491
"Muhammad_Sarwar",0.00018516746627149
"Mulana_Muhammad_Asif_Moavia_Sial",0.000185167466271489
"Qari_Abdul_Majeed",0.000185167466271488
"Qari_Abdul_Majeed_Pitafi",0.000185167466271487
"Qari_Asghar_Ali",0.000185167466271486
"Qari_Faqir_Mohammad_Hazarvi",0.000185167466271485
"Qari_Hussain_Ahmad_Shad",0.000185167466271484
"Qazi_Naeem_Akhtar",0.000185167466271483
"Qazi_Saif_Ullah_Khan",0.000185167466271482
"Qudratullah_Rajput",0.000185167466271481
"Raheem_Bukhsh",0.00018516746627148
"Rana_Hafiz_Abdul_Jabbar_Muavia",0.000185167466271479
"Rao_Habib_Ur_Rehman",0.000185167466271478
"Rao_Muhammad_Javaid_Iqbal",0.000185167466271477
"Rehan_Mehmood_Zia",0.000185167466271476
"Syed_Bahroon_Shah",0.000185167466271475
"Syed_Faisal_Hussain_Shah_Gillani",0.000185167466271474
"Syed_Muhammad_Subtain_Shah_Naqvi",0.000185167466271473
"Tahir_Aqeel",0.000185167466271471
"Zaheer_Uddin_Baber",0.000185167466271469
"Zar_Wali_Khan",0.000185167466271468
"Abdul_Qadir_Khan_Wadan",0.000184912242351529
"Abdul_Rahim_Mandokhail",0.000184912242351529
"Abdul_Razzaq_Achakzai",0.000184912242351528
"Ahmed_Jan_Khan",0.000184912242351527
"Akhtar_Shah_Kudezai",0.000184912242351526
"Burhan_Ul_Din",0.000184912242351525
"Dr__Abdullah_Khan",0.000184912242351524
"Haji_Muhammad_Barki",0.000184912242351524
"Ikram_Ul_Haq_Khan",0.000184912242351523
"Jan_Dad_Khan",0.000184912242351522
"Khurshid_Ali",0.00018491224235152
"Main_Asmatullah_Shah",0.000184912242351519
"Malik_Khaliq_Dad",0.000184912242351518
"Mohammad_Nawaz_Khan",0.000184912242351517
"Mohammad_Usman",0.000184912242351516
"Muhammad_Bakhsh_Mengal",0.000184912242351515
"Muhammad_Essa_Roshan",0.000184912242351514
"Muhammad_Mukhtiar",0.000184912242351513
"Murad_Ali",0.000184912242351512
"Noor_Ullah_Tareen",0.000184912242351511
"Rafi_Ullah",0.00018491224235151
"Raza_Mohammad_Raza",0.000184912242351509
"Saleem_Khan_Kakar",0.000184912242351508
"Syed_Muhammad_Yousuf_Agha",0.000184912242351507
"Zameen_Dad_Shah",0.000184912242351506
"Zia_Watan_Dost",0.000184912242351505
"Habib_Ur_Rehman",0.000183703600695913
"Abdul_Akbar_Chitrali",0.000182124802593298
"Abdul_Jameel_Khan",0.000182124802593295
"Abdul_Majeed_Pathan_Advocate",0.000182124802593295
"Abdul_Mateen_Akhondzada",0.000182124802593294
"Abdul_Mustaan",0.000182124802593293
"Akhtar_Mohammad",0.000182124802593291
"Anwar_Ul_Haq_Butt",0.00018212480259329
"Arshad_Mahmood_Baggu",0.000182124802593289
"Asadullah_Bhutto",0.000182124802593288
"Atta_Muhammad_Jafri",0.000182124802593287
"Atta_Ur_Rahman",0.000182124802593287
"Bakhtiar_Maani",0.000182124802593286
"Basheer_Ahmed_Mandai",0.000182124802593285
"Ch__Ansar_Mahmood",0.000182124802593284
"Ch_Manzoor_Hussain",0.000182124802593283
"Ch_Zahid_Imran_Korotana",0.000182124802593282
"Chaudhary_Bashir_Ahmed",0.000182124802593282
"Chaudhery_Asghar_Ali_Gujjar",0.000182124802593281
"Chaudhry_Ihsan_Ali",0.00018212480259328
"Chaudhry_Sajid_Ali_Chadhar",0.000182124802593279
"Choudhry_Abdul_Rehman_Ranga",0.000182124802593279
"Choudhry_Muhammad_Anwar",0.000182124802593278
"Doctor_Muhammad_Anwar_Shah",0.000182124802593277
"Dr__Abdul_Rehman_Ranjha",0.000182124802593276
"Dr_Mairaj_Ul_Huda_Siddiqui",0.000182124802593276
"Dr_Muhammad_Abdullah",0.000182124802593275
"Dr_Muhammad_Arshad_Shahid",0.000182124802593274
"Dr_muhammad_Ashraf",0.000182124802593273
"Dr_Muhammad_Ubaid_Ullah_Gohar",0.000182124802593273
"Engineer_Muhammad_Azeem_Randhawa",0.000182124802593272
"Farid_Ahmed_Piracha",0.000182124802593271
"Farooq_Ahmad_Chatha",0.00018212480259327
"Fazale_Subhan",0.00018212480259327
"Gul_Nawaz_Khan",0.000182124802593268
"Gulab_Baloch",0.000182124802593267
"Habib_Ullah_Cheema",0.000182124802593266
"Habib_Ur_Rehman_Abbasi",0.000182124802593266
"Hafiz_Khalid_Rauf",0.000182124802593265
"Hafiz_Muhammad_Tahir_Aslam",0.000182124802593264
"Hafiz_Nasrullah",0.000182124802593263
"Hafiz_Salman_Butt",0.000182124802593263
"Hafiz_Zubair_Ahmad",0.000182124802593262
"Haji_Abdul_Aziz",0.000182124802593261
"Haji_Muhammad_Irshad_Mund",0.00018212480259326
"Haji_Muhammad_Khalid",0.00018212480259326
"Haji_Muhammad_Ramzan",0.000182124802593259
"Hameed_u_Deen_Awan",0.000182124802593258
"Haroon_Ur_Rasheed_Nizami_Advocate",0.000182124802593257
"Hikmat_Khan",0.000182124802593256
"Hizbullah_Jhakro",0.000182124802593256
"Israr_Ahmed_Sheikh",0.000182124802593255
"Israr_Ullah",0.000182124802593254
"Jaffer_Ali_Nizamani",0.000182124802593253
"Khalid_Mahmood_Virk",0.000182124802593252
"Khalid_Mehmood_Mirza",0.000182124802593252
"Khawaja_Muhammad_Waqar_Khan",0.000182124802593251
"Khuda_Dino",0.00018212480259325
"Maehrullah_Khan",0.000182124802593248
"Major_r_Muhammad_Ghulam_Sarwar",0.000182124802593247
"Major_Retired_Haq_Daad_Ali_Khan",0.000182124802593246
"Maulana_Abdul_Malik",0.000182124802593245
"Mehrab_Ali",0.000182124802593245
"Mian_Asad_Ullah",0.000182124802593244
"Mian_Muhammad_Ibhrahim",0.000182124802593243
"Mian_Muhammad_Younis",0.000182124802593242
"Mian_Mukhtar_Ahmad",0.000182124802593241
"Mian_Saleem_Akbar",0.00018212480259324
"Mohammad_Awais_Ghumman",0.00018212480259324
"Mohammad_Laeeque_Khan",0.000182124802593239
"Mohammad_Tariq_Javed_Dar",0.000182124802593238
"Mr_Niamatullah_Khan",0.000182124802593237
"Muhammad_Arshad_Khan",0.000182124802593236
"Muhammad_Farooq_Sheikh",0.000182124802593235
"Muhammad_Hanif_Chaudhary",0.000182124802593235
"Muhammad_Haq_Nawaz_Khan_Durani",0.000182124802593234
"Muhammad_Husain_Mehenti",0.000182124802593233
"Muhammad_Ibraheem",0.000182124802593232
"Muhammad_Iqbal_Khalil",0.000182124802593231
"Muhammad_Irshad_Anwar",0.00018212480259323
"Muhammad_Mashal_Khan",0.000182124802593228
"Muhammad_Rafique_Nizami_Advocate",0.000182124802593226
"Muhammad_Rasool",0.000182124802593226
"Muhammad_Sadiq_Malik",0.000182124802593224
"Muhammad_Saeed_Khan",0.000182124802593223
"Muhammad_Tasleem_Iqbal",0.000182124802593221
"Muhammad_Younis_Khattak",0.00018212480259322
"Mumtaz_Hussain_Sahto",0.000182124802593219
"Naseer_Ahmad",0.000182124802593218
"Naveed_Zafar_Shah",0.000182124802593217
"Professor_Muhammad_Ibrahim_Khan",0.000182124802593215
"Qari_Muhammad_Asif_Gujjar",0.000182124802593214
"Rai_Muhammad_Akram_Khan",0.000182124802593213
"Raj_Muhammad",0.000182124802593212
"Raja_Muhammad_Jawwad",0.000182124802593211
"Raja_Muhammad_Nawaz_Kayani",0.00018212480259321
"Rana_Javed_Iqbal",0.000182124802593209
"Rana_Muhammad_Adnan_Khan",0.000182124802593208
"Rana_Zahid_Farooq",0.000182124802593208
"Rashid_Nasim",0.000182124802593207
"Raza_Ahmed_Shah",0.000182124802593206
"Riaz_Ahmad_Bhulla_Advocate",0.000182124802593205
"Riaz_Ali_Kazmi",0.000182124802593204
"Rizwan_Ahmed",0.000182124802593203
"Sabir_Hussain_Awan",0.000182124802593202
"Sahib_Zada_Haroon_Ur_Raheed",0.000182124802593201
"Sami_Ullah_Jan",0.0001821248025932
"Sardar_Riaz_Ahmad_Khan",0.000182124802593198
"Sardar_Zafar_Hussain_Khan",0.000182124802593197
"Sarfraz_Ahmad_Khan",0.000182124802593196
"Shahib_Zada_Muhammad_Yaqub",0.000182124802593194
"Sheikh_Muhammad_Mushtaq",0.000182124802593193
"Shoukat_Ali_Shaikh",0.000182124802593192
"Solat_Majeed_Satti_Advocate",0.000182124802593191
"Sultan_Muhammad",0.00018212480259319
"Syed_Attaullah_Shah",0.000182124802593189
"Syed_Mehr_Hassan_Gillani",0.000182124802593187
"Syed_Mohammad_Faheem",0.000182124802593186
"Syed_Muhammad_Bilal",0.000182124802593185
"Tahir_Siraj",0.000182124802593184
"Taj_Muhammad_Khan",0.000182124802593183
"Tariq_Javeed_Janjua",0.000182124802593183
"Tashkeel_Ahmed_Siddiqui",0.000182124802593182
"Taufeequddin_Siddiqui",0.000182124802593181
"Uzair_Latif",0.00018212480259318
"Waheed_Akhtar",0.000182124802593179
"Waleed_Nasir_Choudhary",0.000182124802593178
"Yahya_Bakhtiar",0.000182124802593177
"Zafar_Jamal_Khan_Advocate",0.000182124802593176
"Zahid_Mohibullah_Khan_Advocate",0.000182124802593175
"Zahid_Saeed",0.000182124802593174
"Zahoor_Ahmad_Watto",0.000182124802593173
"Zar_Noor_Afridi",0.000182124802593172
"Zubair_Ahmad_Gondal",0.000182124802593171
"Zubair_Farooq_Khan",0.00018212480259317
"Abdullah_Mangi",0.000180286263479923
"Aijaz_Ahmed_Sanjrani",0.000180286263479922
"Allama_Muhammad_Hasnain_Arif",0.000180286263479921
"Asghar_Ali_Mubarik",0.00018028626347992
"Darban_Ali_Jaffry",0.00018028626347992
"Ehsan_Ullah_Khan_Baluch",0.000180286263479919
"Ghulam_Hussain",0.000180286263479918
"Hakeem_Muhammad_Tufail",0.000180286263479917
"Hakeem_Syed_Jaffar_Hussain_Bukhari",0.000180286263479916
"Khair_Mohammad",0.000180286263479914
"Khuwaja_Aftab_Ali_Jaafri",0.000180286263479913
"Maqsood_Ali_Domki",0.000180286263479912
"Molana_Moula_Bux_Murtazai",0.000180286263479912
"Muhammad_Askari_Ul_Hidayat",0.000180286263479911
"Muhammad_Hussain_Karimi",0.00018028626347991
"Muhammad_Ismail_Jaffery",0.000180286263479909
"Muhammad_Sarwer",0.000180286263479908
"Mukhtar_Ahmed_Chandio",0.000180286263479907
"Rasool_Bux_Shah",0.000180286263479905
"Shumaila_Bibi",0.000180286263479904
"Syed_Asghar_Abbas_Zaidi",0.000180286263479903
"Syed_Basheer_Ahmed_Shah_Naqvi",0.000180286263479902
"Syed_Muhammad_Hassan_Zaidi",0.000180286263479901
"Zaheer_Abass_Hajano",0.0001802862634799
"Naqeeb_Ullah",0.000180012038902048
"Akhtar_Nawaz_Faisal_Daryana",0.000179025032682286
"Amoon_Pasha",0.000179025032682285
"Arshad_Ali",0.000179025032682285
"Asghar_Abbas",0.000179025032682284
"Ashar_Jahangir",0.000179025032682283
"Ch__Muhamamd_Ilyas",0.000179025032682282
"Ch_Ghulam_Dastageer",0.000179025032682281
"Chaudhary_Tanveer_Ahmed_Advocate",0.00017902503268228
"Choudhry_Gulzar_Hussain_Gohar_Advocate",0.000179025032682279
"Dilshad_Rind",0.000179025032682279
"Farid_Ullah_Bazai",0.000179025032682278
"Ghulam_Qadir_Bajwa",0.000179025032682277
"Haji_Rashid_Ahmed_Khan_Rana",0.000179025032682276
"Iftikhar_Ud_Din",0.000179025032682274
"Israr_Ahmad_Chishti_Advocate",0.000179025032682273
"Jawaid_Ahmed_Khan",0.000179025032682273
"Khalid_Ibrar",0.000179025032682272
"Makhdeem_Syed_Zahid_Hussain",0.000179025032682271
"Makhodzada_Syed_Hasan_Raza_Gillini",0.00017902503268227
"Malik_Azhar_Mehmood",0.00017902503268227
"Malik_Fakhar_Iqbal_Wattoo",0.000179025032682269
"Malik_Hamid_Mehmood",0.000179025032682268
"Malik_Muhammad_Iqbal_Jora",0.000179025032682267
"Malik_Muhammad_Siddique_Advocate",0.000179025032682267
"Malik_Nisar_Ahmad_Thind",0.000179025032682266
"Malik_Shamriz_Awan",0.000179025032682265
"Malik_Zia_Ul_Haque_Tiwana",0.000179025032682264
"Mashood_Ahsan_Gill",0.000179025032682263
"Mian_Nadeem_Ahmed_Saleemi",0.000179025032682263
"Mirza_Bilal_Baig",0.000179025032682262
"Mohammad_Sharif_Rind",0.000179025032682261
"Muhammad_Asim_Ishtiaq",0.000179025032682259
"Muhammad_Ghufran_Rajput",0.000179025032682259
"Muhammad_Khaliq_Siddique",0.000179025032682258
"Muhammad_Naseer",0.000179025032682257
"Muhammad_Nisar_Butt",0.000179025032682256
"Muhammad_Sharif_Noori",0.000179025032682255
"Muhammad_Zeb",0.000179025032682254
"Mushtaq_Ahmed_Khan_Mughal",0.000179025032682253
"Nadir_Khan",0.000179025032682253
"Nasar_Ullah_Khan_Jarral",0.000179025032682252
"Paras_Shah",0.000179025032682251
"Qaiser_Nawaz_Khan_Babar",0.00017902503268225
"Qasim_Ali",0.000179025032682249
"Raja_Amir_Rasheed",0.000179025032682248
"Rana_Arshad_Saeed_Khan",0.000179025032682248
"Riaz_Ahmad",0.000179025032682247
"Riaz_Hussain_Sewag",0.000179025032682246
"Sahibzada_Ahmed_Raza_Khan_Qasoori",0.000179025032682245
"Saira_Goga_Daughter_of_Goga_Pehalwan",0.000179025032682244
"Saqlain_Abbas_Bangash",0.000179025032682243
"Saradar_Sikandar_Hayat_Khan_Goopang",0.000179025032682242
"Sardar_Ghulam_Mustafa",0.000179025032682241
"Sarmir_Khan",0.000179025032682239
"Shafiur_Rahman",0.000179025032682238
"Shaheen_Munawer",0.000179025032682237
"Shoaib_Khaskhali",0.000179025032682236
"Syed_Adnan_Haider_Jafri",0.000179025032682235
"Syed_Ali_Abbas_Kazmi",0.000179025032682234
"Syed_Imran_Sultan",0.000179025032682233
"Syed_Marghoob_Hussain_Abdi",0.000179025032682232
"Syed_Naveed_Ali_Shah",0.000179025032682231
"Syed_Sajjad_Hussain_Shah_Kazmi",0.000179025032682231
"Syed_Zakir_Shah",0.00017902503268223
"Tayyaba_Zameer",0.000179025032682229
"Waheed_Depal",0.000179025032682228
"Waseem_Akhter_Raja",0.000179025032682227
"Yar_Badshah",0.000179025032682226
"Admiral_r_Javaid_Iqbal",0.000175906466756272
"Admiral_r_Javed_Iqbal",0.000175906466756271
"Ameer_Ahmad_Awan",0.00017590646675627
"Asghar_Ali_Javed",0.000175906466756269
"Choudhary_Muhammad_Rafi",0.000175906466756268
"Hafiz_Muhammad_Abid_Khan_Saeedi",0.000175906466756267
"Khalid_Jamal_Siddiqui",0.000175906466756266
"Muhammad_Salman_Ansari",0.000175906466756265
"Nasir_Raheem",0.000175906466756264
"Nazar_Ali_Mazari",0.000175906466756263
"Rahmaan_Alli",0.000175906466756262
"Syed_Ahmed_Ali",0.000175906466756261
"Syed_Iqbal_Shah",0.00017590646675626
"Syed_Rashid_Ali_Gerdazi",0.000175906466756259
"Tariq_Yaseen",0.000175906466756258
"Aamir_Rasheed",0.000169394754580138
"Afzal_Ahmad_Gondal",0.000169394754580137
"Ali_Akbar_Kalhoro",0.000169394754580136
"Ali_Nawaz_Qasmi",0.000169394754580135
"Allama_Mujhahid_Abdul_Rasool_Khan",0.000169394754580134
"Allama_Shabbir_Ahmed_Chasti_Nazimi_Off_Sakka",0.000169394754580133
"Arshad_Mehmood",0.000169394754580132
"Awal_Jan_Mazari",0.000169394754580132
"Basharat_Ali_Gujjar",0.000169394754580131
"Hafiz_Gul_Sher",0.00016939475458013
"Hafiz_Malik_Muhammad_Bashir",0.000169394754580129
"Hafiz_Raja_Muhammad_Sana_Ul_Haq",0.000169394754580128
"Imtiaz",0.000169394754580127
"Jahangir_Qadri",0.000169394754580126
"Jhangir_Qadri",0.000169394754580125
"Mahboob_Ali_Sahto",0.000169394754580124
"Malik_Muhammad_Iqbal_Khokhar",0.000169394754580123
"Matloob_Awan",0.000169394754580122
"Mian_Ghulam_Shabir_Qadri",0.000169394754580122
"Mohammad_Kashif",0.000169394754580121
"Mohammad_Younis_Ansari",0.00016939475458012
"Mollana_Mohammad_Illyas_Gabool",0.000169394754580119
"Muhammad_Afzal_Qadri",0.000169394754580118
"Muhammad_Ajmal_Umar",0.000169394754580117
"Muhammad_Arif_Mansoori",0.000169394754580116
"Muhammad_Imran_Javaid",0.000169394754580115
"Muhammad_Jamal_Barket",0.000169394754580114
"Muhammad_Kaleem",0.000169394754580113
"Muhammad_Murtaza_Rizvi_Wattoo",0.000169394754580112
"Muhammad_Tahir_Qadri",0.000169394754580111
"Peer_Sayed_Munir_Hussain_Shah_Noori",0.00016939475458011
"Pir_Syed_Mubashar_Hussain_Shah_Shakreelvy",0.000169394754580109
"Professor_Farooq_Ahmed_Tajra",0.000169394754580108
"Rana_Muhammad_Riaz_Qadri",0.000169394754580106
"Raza_e_Mustafa",0.000169394754580105
"Rizwan_Ali",0.000169394754580104
"Rizwan_Qureshi",0.000169394754580103
"Sajid_Mehmood_Qadri",0.000169394754580102
"Sajjad_Haider",0.000169394754580101
"Shoukat_Ali_Lehri",0.0001693947545801
"Syed_Ahmad_Shah",0.000169394754580099
"Syed_Tawaqal_Hussain_Shah_Bukhari",0.000169394754580098
"Agha_Hassan_Baloch_Advocate",0.000166270174703584
"Gaman_Khan",0.000166270174703583
"Ghulam_Hadiar",0.000166270174703583
"Haji_Noor_Muhammad_Shahwani",0.000166270174703582
"Haq_Nawaz_Buzdar",0.000166270174703581
"Jahanzaib_Baloch",0.00016627017470358
"Khuda_Bukhsh",0.000166270174703579
"Malik_Naveed_Dehwar",0.000166270174703578
"Maqbool_Ahmed_Lehri",0.000166270174703577
"Mir_Abdul_Ghafoor_Mengal",0.000166270174703577
"Mir_Abdul_Rauf_Mengal",0.000166270174703576
"Mohammad_Qasim_Roonjho",0.000166270174703575
"Muhamamd_Akhtar_Mengal",0.000166270174703574
"Muhammad_Akhtar_Mengal",0.000166270174703573
"Muhammad_Akhter_Mengal",0.000166270174703572
"Muhammad_Hashim",0.000166270174703571
"Naib_Faqeer_Muhammad_Zahri",0.00016627017470357
"Nawabzada_Aurangzeb_Jogezai",0.000166270174703569
"Sayed_Essa_Nori",0.000166270174703568
"Shair_Afgan",0.000166270174703567
"Syed_Ahsan_Shah",0.000166270174703566
"Wadera_Gulzar_Khan",0.000166270174703565
"Zahid_Hussain",0.000166270174703564
"Abdul_Ghaffar_Khan_Mohmand",0.000163934363882822
"Ahmad_Raza",0.000163934363882822
"Akbar_Khan",0.000163934363882821
"Dr_Siraj_Ud_Din",0.00016393436388282
"Farooq_Ahmad",0.000163934363882819
"Haji_Muhammad_Umar",0.000163934363882818
"Irshad_Alam_Khan",0.000163934363882818
"Khalil_Saeed",0.000163934363882817
"Masood_Ahmed_Saeed",0.000163934363882816
"Muhamamd_Ibrar",0.000163934363882815
"Nasir_Mahmood_Chaudhry",0.000163934363882814
"Sami_Ullah_Luni",0.000163934363882813
"Asadullah_Khan",0.00016216727514997
"Khushal_Khan_Kakar",0.000162167275149969
"Malik_Zada",0.000162167275149969
"Mehar_Ullah",0.000162167275149968
"Muhammad_Essa_Achakzai",0.000162167275149967
"Muhammad_Mukhtar",0.000162167275149966
"Nasrullah_Khan_Barech",0.000162167275149965
"Noor_Gul_Khan",0.000162167275149964
"Parveen_Usman",0.000162167275149963
"Abdul_Ali",0.000161705201798344
"Abdul_Qayyum_Bajwa",0.000161705201798344
"Adeel_Ahmad",0.000161705201798343
"Aman_Ullah_Khan",0.000161705201798342
"Amir_Hamza_Dogar_Advocate",0.000161705201798341
"Amir_Muhammad",0.00016170520179834
"Amjid_Pervaiz",0.000161705201798339
"Aqeel_Shahzad",0.000161705201798339
"Asif_Iqbal",0.000161705201798338
"Ch_Tanveer_Ahmad_Kambo",0.000161705201798337
"Doctor_Abdul_Rashid",0.000161705201798336
"Doctor_Nasir_Razzaq",0.000161705201798335
"Dr__Rafique_Ahmed_Ghuncha",0.000161705201798334
"Ghulam_Abbass",0.000161705201798333
"Iftikhar_Ali",0.000161705201798332
"Kamal_Azfar",0.000161705201798331
"Khizar_Hayat",0.000161705201798331
"Maki_Muhammad",0.00016170520179833
"Malik_Gul_Zali_Khan_Zakheli",0.000161705201798329
"Malik_Nazar_Fareed_Khokhar",0.000161705201798328
"Malik_Zafar_Iqbal_Rajput_Panwar",0.000161705201798327
"Mian_Abdul_Waheed",0.000161705201798326
"Moin_Ud_Din",0.000161705201798325
"Mr_mumtaz_Ali",0.000161705201798324
"Muhammad_Abu_Bakar_Watto",0.000161705201798323
"Muhammad_Ahmad_Chaudhary",0.000161705201798322
"Muhammad_Arshad_Taqi",0.000161705201798321
"Muhammad_Irfan_Ud_Din",0.00016170520179832
"Muhammad_Muzzammil",0.000161705201798319
"Muhammad_Nawaz_Cheema",0.000161705201798318
"Muhammad_Rafique_Advocate",0.000161705201798317
"Muhammad_Sharif",0.000161705201798316
"Naseer_Ahmed_Chandio",0.000161705201798315
"Nek_Daraz_Khan",0.000161705201798314
"Peer_Abdul_Shakoor_Naqsh_Bandi",0.000161705201798313
"Qazi_Aslam_Khan",0.000161705201798312
"Rahimullah_Khan",0.000161705201798311
"Raja_Izat_Ali",0.00016170520179831
"Rana_Muhammad_Saeed_Khan",0.000161705201798309
"Rana_Muhammad_Sharif",0.000161705201798308
"Rao_Muhammad_Akbar_Khan_Mayyo",0.000161705201798307
"Rao_Wajid_Ali_Khan",0.000161705201798306
"Saghir_Hussain",0.000161705201798305
"Sahahbaz_Yasir_Ali",0.000161705201798304
"Shamim_Khan",0.000161705201798303
"Waheed_Ahmad_Khan",0.000161705201798302
"Zaheer_Ahmad_Zia_Warraich",0.000161705201798301
"Zahid_Sadique_Ansari",0.0001617052017983
"Zaib_Ali",0.000161705201798299
"Adil_Farooq_Khan",0.000157429548774307
"Asif_Mamon",0.000157429548774306
"Chaudhary_Muhammad_Younas_Hanjra",0.000157429548774305
"Choudhary_Amjad_Mehmood",0.000157429548774305
"Fozia_Ashraf",0.000157429548774304
"Ijaz_Ahmed_Cheena",0.000157429548774303
"Imran_Ahmad_Khan",0.000157429548774302
"Mozaffer_Ali",0.000157429548774301
"Muhammad_Ahmad_Chatha",0.0001574295487743
"Muhammad_Fiaz_Qadri",0.000157429548774299
"Muhammad_Mutahar_Ramzan",0.000157429548774298
"Syed_Ghulam_Abbas_Shah",0.000157429548774297
"Syed_Safdar_Ali",0.000157429548774296
"Abu_Khair_Muhammad_Zubair",0.000155903702408144
"Abul_Khair_Mohammad_Zubair",0.000155903702408143
"Akhtar_Hussain_Gil",0.000155903702408142
"Allama_Muhammad_Yaqoob",0.000155903702408141
"Badshah_Muain",0.000155903702408141
"Chaudhary_Tariq_Maqsood_Sahi",0.00015590370240814
"Doctor_Muhammad_Aslam_Javaid_Awan",0.000155903702408139
"Ghulam_Hussain_Farooqi",0.000155903702408138
"Hafiz_Ahmed_Ali_Abbasi",0.000155903702408138
"Hafiz_Munawar_Hussain",0.000155903702408137
"Hafiz_Saeed_Ahmed",0.000155903702408136
"Jan_Muhammad_Jat",0.000155903702408135
"Khalid_Mahmood_Akhtar_Jajja",0.000155903702408135
"Malik_Bashir_Ahmad_Nizami",0.000155903702408134
"Mehmood_Ahmad",0.000155903702408133
"Mir_Maqbool_Ahmed_Khosa",0.000155903702408132
"Mirza_Mukhtar_Ali_Khan",0.000155903702408131
"Mohammad_Jaffar",0.000155903702408131
"Molana_Miraj_Ud_Din_Sirkani",0.00015590370240813
"Molvi_Muhammad_Qasim",0.000155903702408129
"Mufti_Abdul_Shakoor_Rizvi",0.000155903702408128
"Muhammad_Awais_Siddiqi",0.000155903702408127
"Muhammad_Fayaz",0.000155903702408126
"Muhammad_Sajjad_Ali_Hamdi",0.000155903702408124
"Muhammad_Siddiq_Rathore",0.000155903702408123
"Muhammad_Tassaduq_Hussain",0.000155903702408122
"Muhammad_Younus",0.000155903702408122
"Niaz_Muhammad_Chandio",0.000155903702408121
"Pir_Muhammad_Saeed_Ahmad_Nuqshbandi",0.00015590370240812
"Pir_Syed",0.000155903702408119
"Qari_Hafiz_Muhammad_Zawar_Bahadar",0.000155903702408118
"Qazi_Shehzada_Sultan_Ul_Haq",0.000155903702408117
"Rajab_Ali",0.000155903702408116
"Rao_Azmat_Ullah_Khan",0.000155903702408115
"Rashid_Imran_Khan",0.000155903702408114
"Seikh_Muhammad_Akram",0.000155903702408113
"Shad_Mohammad_Khan",0.000155903702408112
"Shah_Muhammad_Owais_Noorani",0.000155903702408111
"Tauqeer_Ahmed_Bajwa",0.00015590370240811
"Wahid_Ali_Naqshband",0.000155903702408109
"Aziz_Ullah",0.000154293637842454
"Ch_Ijaz_Hussain_Gujjar_Advocate",0.000154230468668904
"Ch_Muhammad_Majeed_Gill_Advocate",0.000154230468668903
"Chudhary_Ghulam_Rasool_Mehr",0.000154230468668902
"Malik_Mansaf_Awan_Advocate",0.000154230468668902
"Malik_Noor_Muhammad_Sarfraz_Awan_Advocate",0.000154230468668901
"Mian_Ghulam_Rasool_Advocate",0.0001542304686689
"Muhammad_Arshad_Faqir",0.000154230468668899
"Muhammad_Naeem_Kashif_Adv",0.000154230468668898
"Muhammad_Shakeel_Tahir",0.000154230468668897
"Qari_Nadeem_Ahmad_Owaisi",0.000154230468668896
"Rai_Muhammad_Nawaz_Kharal_Advocate",0.000154230468668895
"Zafar_Iqbal_Rajput_Khokhar",0.000154230468668895
"Faqir_Jamshid_Ahmad",0.000151088400068364
"Farah_Noreen",0.000151088400068363
"Rasheed_Ahmad_Khan_Langha",0.000151088400068362
"Khalil_Ur_Rehman",0.000144055363063736
"Fanoos_Gujar",0.000142770721063964
"Ahmad_Ikhwan",0.000142433033659746
"Ali_Hassan",0.000142433033659746
"Aman_Ullah",0.000142433033659745
"Amjad_Arbab_Abbasi",0.000142433033659744
"Asjad_Hussain",0.000142433033659743
"Fayyaz_Ahmed_Tabassum",0.000142433033659742
"Haji_Fateh_Din",0.000142433033659741
"Latif_Ahmed_Hussain",0.00014243303365974
"Mian_Muhammad_Raza",0.000142433033659739
"Mian_Noor_Ahmad",0.000142433033659739
"Mubashir_Hussain",0.000142433033659738
"Mudassar_Hussain_Shah",0.000142433033659737
"Muhammad_Amir_Awan",0.000142433033659736
"Muhammad_Anwar_Abbasi",0.000142433033659735
"Muhammad_Asif_Sulehria",0.000142433033659734
"Muhammad_Ayoub_Butt",0.000142433033659733
"Muhammad_Aziz",0.000142433033659732
"Muhammad_Ijaz_Arshad",0.000142433033659731
"Muhammad_Khalil",0.00014243303365973
"Muhammad_Nadeem",0.000142433033659729
"Muhammad_Naveed_Akhtar",0.000142433033659728
"Muhammad_Rafi",0.000142433033659727
"Muhammad_Shahzad",0.000142433033659726
"Muhammad_Usman",0.000142433033659725
"Mujahid_Mahmood",0.000142433033659724
"Naseer_Khan",0.000142433033659723
"Naveed_Akram",0.000142433033659722
"Pervaiz_Iqbal_Virk",0.000142433033659721
"Salwat_Shahzad_Khan",0.00014243303365972
"Sardar_Muhammad_Mansoor_Khan",0.000142433033659719
"Shafique_Ahmad",0.000142433033659718
"Sohail_Babar",0.000142433033659717
"Arbab_Ghulam_Rahim",0.000141840031556071
"Aurangzaib_Khan",0.000141840031556071
"Dilawar_Gulzar",0.000141840031556068
"Ghullam_Murtaza_Khan_Jatoi",0.000141840031556067
"Kausar_Fatima_Zaidi",0.000141840031556067
"Liaquat_Ali_Jatoi",0.000141840031556066
"m_Khan_Junejo",0.000141840031556065
"Mir_Hussain_Bakhash_Talpur",0.000141840031556063
"Muhammad_Faisal",0.000141840031556062
"Muhammad_Hassam_Mirza",0.000141840031556062
"Muhammad_Mushtaq_Ahmed",0.000141840031556061
"Pir_Sadar_Uddin_Shah",0.00014184003155606
"Rahila_Magsi",0.000141840031556059
"Safdar_Ali_Abbasi",0.000141840031556058
"Saira_Bano",0.000141840031556057
"Shaheen_Khan",0.000141840031556056
"Shaheena",0.000141840031556055
"Shaista_Ameer",0.000141840031556054
"Shumaila",0.000141840031556053
"Syed_Munir_Hyder_Shah",0.000141840031556052
"Syed_Mushtaq_Hussain",0.000141840031556051
"Syed_Zainulabdin",0.00014184003155605
"Umair_Naeem",0.000141840031556049
"Abdul_Khaliq_Shamas",0.000137724014323812
"Abdul_Razaque",0.000137724014323811
"Begum_Shahmeem_Arshad_Minhas",0.00013772401432381
"Ch_Dilbar_Hussain_Ghaffari",0.000137724014323809
"Chaudhary_Muhammad_Iqbal_Gujjar",0.000137724014323808
"Gulana_Bibi",0.000137724014323807
"Kanwar_Aamir_Sami",0.000137724014323807
"Mahboob_Aftab_Khan",0.000137724014323806
"Muhammad_Nasrullah_Arain",0.000137724014323805
"Muhammad_Rashid",0.000137724014323804
"Muhammad_Usama_Nawaz",0.000137724014323803
"Nawab_Imran_Khan_Khilji",0.000137724014323802
"Sheikh_Rashid_Ahmed",0.000137724014323801
"Syed_Mustafsir_Hussain_Bukhari",0.0001377240143238
"Syed_Rehan_Ali",0.000137724014323799
"Zafar_Ahmed_Ghori",0.000137724014323798
"Bahi_Khan",0.000134513556933364
"Jasim",0.000134513556933363
"Khalid_Hussain_Magsi",0.000134513556933362
"Mir_Shah_Jahan_Khan_Khetran",0.000134513556933362
"Prince_Ahmed_Omar_Ahmedzai",0.000134513556933361
"Qadha_Babar",0.00013451355693336
"Rubina_Irfan",0.000134513556933359
"Syed_Abdul_Karim",0.000134513556933358
"Fakhar_Ul_Din",0.000133382410218535
"Fathe_Muhammad",0.000133382410218534
"Ghazanfar_Aziz",0.000133382410218534
"Hussain_Ahmed_Madni",0.000133382410218533
"Muhammad_Tasadduq",0.000133382410218532
"Noor_Alam",0.000133382410218531
"Saddam_Ul_Haq",0.00013338241021853
"Zia_Ur_Rehman_Amazai",0.00013338241021853
"Abdul_Nazeer",0.000133208604035714
"Aurang_Sher",0.000133208604035714
"Bakhtiar_Ahmed_Maitlo",0.000133208604035713
"Dr_Babur_Zaheer_Uddin",0.000133208604035712
"Muhammad_Farooq_Ali",0.000133208604035711
"Muhammad_Sarwar_Bin_Pakistan",0.000133208604035711
"Muhammad_Yousuf_Nawaz",0.00013320860403571
"Sarfraz_Ahmed_Chandio",0.000133208604035709
"Ali_Akber_Nizamani",0.000133184261416683
"Ali_Asghar_Halepoto",0.000133184261416682
"Amjad_Hussain",0.000133184261416681
"Chakar_Khan_Shahani",0.00013318426141668
"Fakir_Ghulam_Nabi_Mangrio",0.00013318426141668
"Ghulam_Dastgir_Rajar",0.000133184261416679
"Imamuddin_Shaookeen",0.000133184261416678
"Inayatullah",0.000133184261416677
"Jam_Mashooque_Ali",0.000133184261416676
"Khuda_Bux_Dars",0.000133184261416675
"Main_Sajjad_Ahmad_Sajid",0.000133184261416674
"Maj___Rtd__Syed_Tanveer_Hussain_Satara_Juraat",0.000133184261416673
"Makhdoom_Syed_Ahmad_Mahmood",0.000133184261416672
"Makhdum_Syed_Ahmad_Mahmud",0.000133184261416671
"Malik_Ghulam_Mustafa_Khar",0.00013318426141667
"Mehtab_Akbar_Rashidi",0.000133184261416669
"Mian_Abdul_Malik",0.000133184261416669
"Mir_Hassan_Khoso",0.000133184261416668
"Mir_Naseer_Khan_Khoso_",0.000133184261416667
"Muhammad_Jadam_Mangrio",0.000133184261416666
"Musharraf_Ali_Khan_Khoso",0.000133184261416665
"Nadeem_Qadir_Bhutto",0.000133184261416664
"Pir_Bux_Junejo",0.000133184261416663
"Pir_Noor_Mohammad_Shah_Jeelani",0.000133184261416662
"Pir_Sadruddin_Shah",0.000133184261416661
"Pir_Syed_Saddaruddin_Shah_Rashdi",0.00013318426141666
"Sardar_Mir_Hakim_Ali_Khan_Sundrani",0.000133184261416659
"Sarfaraz_Ali_Bughio",0.000133184261416658
"Shabir_Ahmed_Qaim_Khani",0.000133184261416657
"Shehzad_Mughal",0.000133184261416655
"Syed_Ghulam_Abbas",0.000133184261416654
"Syed_Kazim_Ali_Shah_Lakyari",0.000133184261416652
"Syed_Mehr_Mohi_Ud_Din_Hashmi",0.000133184261416651
"Syed_Qazim_Ali_Shah",0.00013318426141665
"Syed_Safdar_Ali_Shah",0.000133184261416649
"Syed_Zahid_Hussain_Shah",0.000133184261416648
"Abdul_Ahad",0.000130239107829518
"Abdul_Khaliq_s_o_Haji_Fazal_m",0.000130239107829517
"Abdul_u_Haq_Malik",0.000130239107829517
"Ali_Nawaz",0.000130239107829516
"Asgher_Ali",0.000130239107829515
"Ata_Muhammad",0.000130239107829514
"Eid_Nazar",0.000130239107829513
"Ghulam_Shabbir",0.000130239107829512
"Gul_Faraz",0.000130239107829511
"Hafiz_Aurangzaib_Farooqui",0.00013023910782951
"Hamza_Tariq",0.000130239107829509
"Iftikhar_Ahmed_Farooqi",0.000130239107829508
"Kamran_Khalid_Butt",0.000130239107829507
"Khuda_Nazar",0.000130239107829506
"Muhammad_Abu_Bakar_Saddique",0.000130239107829505
"Muhammad_Ahmad_Khan",0.000130239107829504
"Muhammad_Ishaque",0.000130239107829503
"Muhammad_Ishfaq",0.000130239107829502
"Muhammad_Safder_Hashmi",0.000130239107829501
"Muhammad_Sikandar",0.0001302391078295
"Naimatullah",0.000130239107829499
"Saeed_Khan",0.000130239107829498
"Shakil_Ahmed",0.000130239107829497
"Syed_Abdul_Rafay",0.000130239107829496
"Syed_Kaleem_Ullah",0.000130239107829495
"Tariq_Aziz",0.000130239107829494
"Ubaid_Ullah_Khan",0.000130239107829493
"Waqas_Ahmed",0.000130239107829492
"Abdul_Rauf_Rind",0.000127064923579225
"Ghulam_Farooq",0.000127064923579225
"Gulam_Farooq",0.000127064923579224
"Haji_Muhamad_Azeem",0.000127064923579223
"Mir_Ali_Akbar",0.000127064923579222
"Mir_Muhammad_Khan_Chandio",0.000127064923579222
"Mir_Muhammad_Shoaib_Baloch",0.000127064923579221
"Mir_Mujeeb_Rahman_Shahwani",0.00012706492357922
"Muhammad_Arif_Badini",0.000127064923579219
"Muhammad_Hanif_Baloch",0.000127064923579218
"Muhammad_Qayyum_Baluch",0.000127064923579218
"Noor_Ahmed_Adil",0.000127064923579217
"Noor_Ahmed_Umrani",0.000127064923579216
"Sayed_Akber_Shah",0.000127064923579213
"Yaqoob_Bizenjo_",0.000127064923579212
"Aftab_Khurram",0.00012537542653271
"Malik_Abdul_Rasheed",0.000125375426532709
"Malik_Jahanzaib_Waran",0.000125375426532709
"Mirza_Asif_Baig",0.000125375426532708
"Muhammad_Jan_Mohmand",0.000125375426532707
"Muhammad_Sohail_Akhter",0.000125375426532706
"Syed_Muhammad_Shakeel_Ali_Shah",0.000125375426532705
"Abdul_Nabi",0.000124834158970049
"Abdul_Nasir",0.000124834158970048
"Abdul_Qadir_Luni",0.000124834158970047
"Abdul_Sadiq",0.000124834158970046
"Abdul_Wahid",0.000124834158970046
"Abul_Khair_Muhammad_Zubair",0.000124834158970045
"Ameer_Ullah",0.000124834158970044
"Arman_Ahmed",0.000124834158970043
"Azizullah_Satakzai",0.000124834158970041
"Faaiz_Mehmood",0.00012483415897004
"Faiz_Ul_Hassan",0.000124834158970039
"Fazal_Muhammad_Kakar",0.000124834158970038
"Ghous_Baksh_Fareed",0.000124834158970037
"Gul_Naseeb_Khan",0.000124834158970037
"Hafiz_Ahmed_Ali",0.000124834158970036
"Hafiz_Muhammad_Muzaffar",0.000124834158970035
"Haji_Naseem_Shah",0.000124834158970034
"Ishfaq_Ahmad",0.000124834158970033
"Islam_Noor",0.000124834158970032
"Khalil_Ahmad",0.000124834158970031
"m_Ajmal_Qadri",0.00012483415897003
"m_Esa",0.000124834158970029
"m_Iqbal",0.000124834158970028
"Mahmood_Ahmed_Qadri",0.000124834158970027
"Malik_Amjad_Kakar",0.000124834158970026
"Mher_Ullah",0.000124834158970025
"Mohammad_Ismail_Buledi",0.000124834158970024
"Moheb_Ullah",0.000124834158970023
"Mufti_Syed_Zain_Ul_Abidin",0.000124834158970022
"Muhammad_Bashir_Yousaf",0.000124834158970018
"Muhammad_Dawood",0.000124834158970017
"Muhammad_Ishtiaq_Khan_Jadoon",0.000124834158970016
"Muhammad_Jan",0.000124834158970014
"Muhammad_Khalid_Shakir",0.000124834158970013
"Muhammad_Maroof",0.000124834158970012
"Muhammad_Rizwan_Sheikh",0.000124834158970011
"Muhammad_Sadiq_Serani",0.00012483415897001
"Noor_Ahmad_Sial",0.000124834158970007
"Rao_Azmat_Ullah",0.000124834158970006
"Shafi_Ud_Din",0.000124834158970004
"Shafi_Ullah",0.000124834158970004
"Shaheen_Iqbal",0.000124834158970003
"Shuja_Al_Malik",0.000124834158970002
"Zubair_Ahmad",0.000124834158970001
"Arbab_Liaquat_Ali",0.000124581470172428
"Jaffar_Ali",0.000124581470172427
"Mohsin_Sajjad_Utraa",0.000124581470172427
"Muntazir_Mehdi",0.000124581470172426
"Ruqia_Sultana",0.000124581470172425
"Syed_Arif_Raza_Zaidi",0.000124581470172424
"Syeda_Zainab_Kazmi",0.000124581470172423
"Abdul_Mujeeb_Pirzada",0.000123158668773864
"Ghulam_Murtaza_Khan_Jatoi",0.000123158668773864
"Ghulam_Rasool_Khan_Jatoi",0.000123158668773863
"Muhammad_Ibrahim_Jatoi",0.000123158668773862
"Rais_Ghulam_Murtaza_Jatoi",0.000123158668773861
"Aiman_Javed",0.000121452366088823
"Bukhtiyar_Ali",0.000121452366088822
"Firdous_Ashiq_Awan",0.000121452366088822
"Ghulam_Sarwar",0.000121452366088821
"Jairam_Das",0.000121452366088818
"Jalil_Ahmad_Khan",0.000121452366088818
"Mahmood_Baqi_Molvi",0.000121452366088817
"Malik_Muhammad_Ahmad_Langrial",0.000121452366088816
"Mir_Faiz_Ahmad",0.000121452366088815
"Muhammad_Anwar_Azeem_Khan",0.000121452366088814
"Muhammad_Aon_Saqlain",0.000121452366088814
"Muhammad_Ayaz_Khan_Niazi",0.000121452366088813
"Muhammad_Hashim_Dogar",0.000121452366088811
"Nargis_Jabeen",0.000121452366088809
"Noureen_Iqbal",0.000121452366088808
"Rana_Nazeer_Ahmad_Khan",0.000121452366088808
"Rasheed_Ahmed",0.000121452366088807
"Sharjeel_Mir",0.000121452366088806
"Tariq_Mehmood_Qadri",0.000121452366088804
"Zunaira_Rehman",0.000121452366088803
"Aneela_Iftikhar",0.000117680634960624
"Arshad_Ahmad_Qamar",0.000117680634960624
"Chaudhry_Salik_Hussain",0.000117680634960623
"Chaudhry_Tariq_Bashir_Cheema",0.000117680634960622
"Hussain_Ellahi",0.000117680634960621
"Muhammad_Jameel_Ahmed_Khan",0.00011768063496062
"Muhammad_Tariq_Hassan",0.000117680634960619
"Musa_Elahi",0.000117680634960618
"Riaz_Ahmed_Jan",0.000117680634960617
"Shakeel_Ahmed_Roshan",0.000117680634960616
"Syed_Faizan_Anis",0.000117680634960615
"Allah_Rakha_Waseem",0.000115001728300972
"Basharat_Ali_Khan_Advocate",0.000115001728300971
"Haji_Rana_Sharafat_Ali_Qadri",0.00011500172830097
"Hameed_Ghazi_Dogar",0.000115001728300969
"Malik_Muhammad_Siddique_Khokhar",0.000115001728300968
"Mofti_Mohammad_Hayat_Qadri",0.000115001728300967
"Muhammad_Anwar_Ali",0.000115001728300966
"Muhammad_Haseeb",0.000115001728300964
"Muhammad_Sarfraz_Akbar",0.000115001728300963
"Qari_Fateh_Khan",0.000115001728300962
"Rana_Muhammad_Irfan",0.000115001728300961
"Saeed_Ahmed_Zafar",0.00011500172830096
"Sardar_Mulana_Muhammad_Wazeer_Ul_Qadri",0.000115001728300958
"Tariq_Mehboob",0.000115001728300957
"Amjad_Ali",0.000108272816661164
"Bakhtiar_Ali",0.000108272816661163
"Fida_Mohammad",0.000108272816661162
"Malik_Haider_Khan",0.000108272816661161
"Mian_Abdul_Latif",0.00010827281666116
"Najeebullah_Durrani",0.000108272816661159
"Sher_Wali",0.000108272816661158
"Sikandar_Hayat_Khan",0.000108272816661157
"Ahmad_Jaan",0.000106925714387662
"Aimal_Nasir_Khan",0.000106925714387661
"Mohsin_Javed",0.00010692571438766
"Muhammad_Asghar_Khan",0.000106925714387659
"Syed_Nadeem_Shah",0.000106925714387658
"Abdul_Khalique",0.000106831780591622
"Faiza_Rafique",0.000106831780591621
"Ijaz_Hussain",0.00010683178059162
"m_Naeem",0.00010683178059162
"Mir_Kabeer_Ahmed",0.000106831780591619
"Muhammad_Hussain_Wattoo",0.000106831780591618
"Phaleen",0.000106831780591617
"Sabira_Asad",0.000106831780591616
"Yar_Muhammad",0.000106831780591615
"Yasar_Altaf_Rana",0.000106831780591614
"Yasmeen_Bibi_Lehri",0.000106831780591613
"Commander__r__Ayoub_Malik",0.000106397052531726
"Ghulam_Qadir_Alias_Papu",0.000106397052531724
"Khan_Zada",0.000106397052531723
"Mian_Abdul_Qayum",0.000106397052531722
"Mian_Ashiq_Hussain_Kamyana_Advocate",0.000106397052531721
"Muhammad_Aslam_Miraj",0.00010639705253172
"Muhammad_Athar_Khan_Advocate",0.000106397052531719
"Gul_Muhammad",0.000106251267153723
"Muhammad_Farooq_Rajput",0.000106251267153722
"Nawabzada_Shazain_Bugti",0.000106251267153722
"Nawabzada_Talal_Akbar_Bughti",0.000106251267153721
"Nawabzada_Talal_Akbar_Bugti",0.00010625126715372
"Rana_Umar_Nazir_Ahmad_Khan",0.000106251267153719
"Sardar_Zia_Ul_Haq",0.000106251267153718
"Shah_Wali",0.000106251267153717
"Talal_Akbar_Bugti",0.000106251267153716
"Essa_Khan",0.000100439607943234
"Gul_Meer_Khan",0.000100439607943233
"Gulab_Khan",0.000100439607943232
"Gull_Meer_Khan",0.000100439607943232
"Hakeem_Khan",0.000100439607943231
"Doctor_Muhammad_Rashid_Qammar",9.96687478233088e-05
"Muhammad_Arshad_Hussain_Chishti",9.96687478233081e-05
"Sardar_Naseer_Ahmed",9.96687478233073e-05
"Sufi_Muhammad_Ali_Naqshbandi",9.96687478233065e-05
"Bakht_Zar",9.83275832270359e-05
"Muhammad_Asad_Thaniwi_",9.83275832270352e-05
"Rana_Zia_Ahmed_Farooqi_Advocate",9.83275832270345e-05
"Zaheer_Ud_Din_Bader",9.83275832270337e-05
"Arslan_Khan_Manj",9.56838845569021e-05
"Mirza_Tariq_Mehmood",9.56838845569009e-05
"Muhammad_Ali_Khan_Yousafzai",9.56838845569003e-05
"Muhammad_Amin_Watoo",9.56838845568996e-05
"Abul_Salam",9.49084886200025e-05
"Eid_Muhammad",9.49084886200018e-05
"Zia_Ul_Haq",9.4908488620001e-05
"Abdul_Kareem_Khetran",9.39017608680488e-05
"Abdul_Khaliq_Baloch",9.3901760868048e-05
"Dr_Abdul_Hayee_Baloch",9.39017608680471e-05
"Haji_Musa_Jan_Khilji",9.39017608680462e-05
"Mir_Muhammad_Ayoub_Jattak",9.39017608680453e-05
"Mmad_Yasin_Baloch",9.39017608680444e-05
"Sardar_Kamal_Khan_Bangulzai",9.39017608680434e-05
"Sardar_Sanaullah_Zehri_",9.39017608680425e-05
"Yar_Muhammad_Bangulzai",9.39017608680414e-05
"Jawad_Aziz",9.30877776501758e-05
"M_iqbal_Haider",9.30877776501751e-05
"Molvi_Iqbal_Haider_Advocate",9.30877776501743e-05
"Moulvi_Iqbal_Haider",9.30877776501735e-05
"Khuwaja_Tariq_Sarfaraz",9.28140631736421e-05
"Riaz_Shahid_Khan_Punian_Advocate",9.28140631736413e-05
"Shahid_Naeem_Advocate",9.28140631736405e-05
"Syed_Muhammad_Abbas",9.28140631736396e-05
"Abdul_Rab",8.79319630220912e-05
"Jamal_Khan",8.79319630220903e-05
"Muhammad_Akram_Tareen",8.79319630220887e-05
"Muhammad_Rahim",8.79319630220869e-05
"Nawab_Muhammad_Ayaz_Khan_Jogezai",8.7931963022086e-05
"Palwasha_Ramzan",8.7931963022085e-05
"Riaz_Mahammad_Yousafzai",8.7931963022084e-05
"Badshah_Rawan",7.96490529942492e-05
"Mohsin_Faraz",7.96490529942483e-05
"Muhammad_Ebrahim_Ali",7.96490529942475e-05
"Sohail_Wahab",7.96490529942465e-05
"Ali_Muhammad",7.94734993010789e-05
"Masood_Ahmed",7.94734993010781e-05
"Zaeem_Ud_Din_Abid",7.94734993010774e-05
"Mr_zulfiquar_Ali_Khoso__Retired_",7.87954706701423e-05
"Muhammad_Lateef_Lajpal_Sial",7.87954706701417e-05
"Munir_Ahmad_Zafar",7.8795470670141e-05
"Allama_Haider_Alvi",7.87067901394596e-05
"Hamid_Idrees",7.87067901394587e-05
"Mian_Muhammad_Asif_Raza_",7.87067901394578e-05
"Moulana_Nalay_Mitho_Shaikh",7.87067901394568e-05
"Muhammad_Javed_Qadri",7.87067901394558e-05
"Sikandar_Khan",7.87067901394548e-05
"Sohail_Baig_Noori",7.87067901394538e-05
"Asia_Chudhary",7.72937700447866e-05
"Mirza_Zaheer_Ahmed_Babar",7.72937700447859e-05
"Raja_Muhammad_Aftab_Satti",7.72937700447851e-05
"Muhammad_Mumtaz",7.72647047398204e-05
"Zaffar_Iqbal_Gurmani",7.72647047398197e-05
"Khalil_Ahmed",6.6164089900467e-05
"Mian_Abu_Bakar_Hamza",6.04583292394456e-05
"Atif_Atta",5.99931643638438e-05
"Aziz_Ul_Islam",5.9993164363843e-05
"Javed_Sharif",5.99931643638422e-05
"Amir_Shehzad",5.92730727487907e-05
"Muhammad_Zia_Khan",5.92730727487901e-05
"Muhammad_Jahangir_Malik",5.86044643012755e-05
"Shah_Zia_Udin_Khan",5.86044643012748e-05
"Waleed_Ahmad",5.83432456914727e-05
"Zahid_Iqbal",5.8343245691472e-05
"Azmat_Ali",4.86791405573128e-05
"Syed_Mazhar_Ali",4.86791405573119e-05
"Faiza_Bibi_Rasheed",4.7432403020336e-05
"Naseeb_Zaman",4.74324030203351e-05
"Raziq_Dad",4.52477285950481e-05
"Mirza_Hussain",3.50696739041051e-05
"Alhaaj_Choudhry_Zulfiqar_Ali",3.49324776495659e-05
"Sheikh_Rashid_Shafiq",3.39173172474448e-05
"Himmat_Ali",3.35671560560048e-05
"Bahri_Room",3.35530442820823e-05
"Mirza_Zulfiqar_Ahmed",3.3112217304612e-05
"Ehsaamuddin",3.3112217304612e-05
"Syed_Muhammad_Hussain",3.3112217304612e-05
"Rana_Muhammad_Ali",3.3112217304612e-05
"Mian_Saghir_Ahmed_Malvi",3.3112217304612e-05
"Muhammad_Naseem_Sadiq",3.3112217304612e-05
"Shoaib_Amjad_Pervaiz",3.3112217304612e-05
"Makhdoom_Muhammad_Ehsan",3.3112217304612e-05
"Engineer_Usman_Khan_Tarrakai",3.3112217304612e-05
"Bashir_Hussain_Shah",3.3112217304612e-05
"Chaudhary_Muhammad_Adnan_Mushtaq_Chanjotra",3.3112217304612e-05
"Asad_Javed_Khan",3.3112217304612e-05
"Hussain_Baloch",3.3112217304612e-05
"Hidayat_Ur_Rehman_Baloch",3.3112217304612e-05
"Raja_Zafar_Iqbal",3.3112217304612e-05
"Syed_Nadeem_Anjum",3.3112217304612e-05
"Syed_Muhammad_Mafooz_Mushadi",3.3112217304612e-05
"Meer_Rab_Nawaz_Khan",3.3112217304612e-05
"Imam_Ali_Brohi",3.3112217304612e-05
"Muhammad_Ali_Sheikh",3.3112217304612e-05
"Ilhaaj_Muhammad_Hassan_Chaudhry",3.3112217304612e-05
"Muhammad_Yousuf_Kureshy",3.3112217304612e-05
"Arslan_Ul_Mulk_Dhariwal",3.3112217304612e-05
"Meharban_Saeen_Rana_Abdul_Ghafoor_Mian",3.3112217304612e-05
"Inzar_Gul",3.3112217304612e-05
"Safdar_Zaman",3.3112217304612e-05
"Mir_Zarak_Khan_Zehri",3.3112217304612e-05
"Naveed_Akhtar_Khan",3.3112217304612e-05
"Khurram_Muhammad_Qamar",3.3112217304612e-05
"Khaqan_Waheed_Khuwaja",3.3112217304612e-05
"Muhammad_Syed",3.3112217304612e-05
"Chaudhry_Zahid_Iqram",3.3112217304612e-05
"Qadeer_Hussain",3.3112217304612e-05
"Muzaffar_Ahmed",3.3112217304612e-05
"Syed_Faqir_Hussain_Shah_Bukhari",3.3112217304612e-05
"Zahid_Parvez",3.3112217304612e-05
"Hafiz_Abdul_Rauf",3.3112217304612e-05
"Waseem_Ahmad",3.3112217304612e-05
"Muhammad_Majeed",3.3112217304612e-05
"Abdul_Razaq_Shahid",3.3112217304612e-05
"Muhammad_Hanif_Mughal",3.3112217304612e-05
"Muhammad_Yaqub_Alvi",3.3112217304612e-05
"Hajiani",3.3112217304612e-05
"Muhammad_Sardar_Bahadur_Khan",3.3112217304612e-05
"Muhammad_Asim",3.3112217304612e-05
"Manzoor_Ali_Bhatti",3.3112217304612e-05
"Farrukh_Bashir",3.3112217304612e-05
